sample_pick_order,ID,基础信息文本,教育信息文本,婚姻信息文本,情绪信息文本,健康信息文本,活动信息文本,上网信息文本,子女信息文本,工作信息文本,画像事实文本
1,57457126001,基础信息：性别：男；年龄：67岁；城乡类型：农村,教育信息：教育程度：未受教育,婚姻信息：婚姻状况：已婚暂分居；过去一年与配偶同住月数：2个月；上半年独自居住天数：160天；上半年仅与配偶同住天数：20天；上半年因不与别人同住而受影响程度：60,情绪信息：生活满意度：很满意；对子女满意度：很满意；因小事烦恼（过去一周）：大多数时候（5–7天）；对未来抱有希望（过去一周）：有时/中等（3–4天）；感到孤独（过去一周）：几乎没有（<1天）；感到高兴（过去一周）：大多数时候（5–7天）；睡眠不安（过去一周）：有时/中等（3–4天）,健康信息：自评健康状况：差；医生诊断慢性病：血脂异常、慢性肺部疾病、肝脏疾病、胃部或其他消化系统疾病、记忆相关疾病；身体疼痛程度：相当；上月平均每天实际睡眠小时数：5小时；是否因健康/残疾不能工作：没问题；是否因健康/残疾不能做家事：没问题；多久接受他人帮助：从不,活动信息：高强度体力活动：是；高强度体力活动目的：娱乐；中等强度体力活动：是；中等强度体力活动目的：娱乐；轻度体力活动：是；轻度体力活动目的：娱乐；上月活动：以上都没有,上网信息：是否使用互联网：否,子女信息：子女总数：2个；健在子女数：2个；第1子女：是否工作/上学：工作；婚姻状况：已婚暂分居；过去一年同住月数：2个月；见面频率：每年；电话/短信/微信联系频率：每周2–3次；第2子女：是否工作/上学：工作；婚姻状况：已婚暂分居；过去一年同住月数：1个月；见面频率：每年；电话/短信/微信联系频率：每月,工作信息：是否从事农业/家庭农活：有；是否已办理退休：否；是否在工作：是；过去一年总工作天数：300天,"基础信息：性别：男；年龄：67岁；城乡类型：农村
教育信息：教育程度：未受教育
婚姻信息：婚姻状况：已婚暂分居；过去一年与配偶同住月数：2个月；上半年独自居住天数：160天；上半年仅与配偶同住天数：20天；上半年因不与别人同住而受影响程度：60
情绪信息：生活满意度：很满意；对子女满意度：很满意；因小事烦恼（过去一周）：大多数时候（5–7天）；对未来抱有希望（过去一周）：有时/中等（3–4天）；感到孤独（过去一周）：几乎没有（<1天）；感到高兴（过去一周）：大多数时候（5–7天）；睡眠不安（过去一周）：有时/中等（3–4天）
健康信息：自评健康状况：差；医生诊断慢性病：血脂异常、慢性肺部疾病、肝脏疾病、胃部或其他消化系统疾病、记忆相关疾病；身体疼痛程度：相当；上月平均每天实际睡眠小时数：5小时；是否因健康/残疾不能工作：没问题；是否因健康/残疾不能做家事：没问题；多久接受他人帮助：从不
活动信息：高强度体力活动：是；高强度体力活动目的：娱乐；中等强度体力活动：是；中等强度体力活动目的：娱乐；轻度体力活动：是；轻度体力活动目的：娱乐；上月活动：以上都没有
上网信息：是否使用互联网：否
子女信息：子女总数：2个；健在子女数：2个；第1子女：是否工作/上学：工作；婚姻状况：已婚暂分居；过去一年同住月数：2个月；见面频率：每年；电话/短信/微信联系频率：每周2–3次；第2子女：是否工作/上学：工作；婚姻状况：已婚暂分居；过去一年同住月数：1个月；见面频率：每年；电话/短信/微信联系频率：每月
工作信息：是否从事农业/家庭农活：有；是否已办理退休：否；是否在工作：是；过去一年总工作天数：300天"
2,75376243001,基础信息：性别：男；年龄：49岁；城乡类型：城乡结合部/镇乡,教育信息：教育程度：小学,婚姻信息：婚姻状况：已婚且配偶同住；过去一年与配偶同住月数：12个月；上半年独自居住天数：0天；上半年仅与配偶同住天数：0天,情绪信息：生活满意度：有点满意；对子女满意度：很满意；因小事烦恼（过去一周）：几乎没有（<1天）；感到抑郁（过去一周）：几乎没有（<1天）；对未来抱有希望（过去一周）：有时/中等（3–4天）；感到孤独（过去一周）：几乎没有（<1天）；感到高兴（过去一周）：几乎没有（<1天）；睡眠不安（过去一周）：几乎没有（<1天）,健康信息：自评健康状况：一般；医生诊断慢性病：未报告上述疾病；身体疼痛程度：一点；上月平均每天实际睡眠小时数：5小时；是否因健康/残疾不能工作：没问题；是否因健康/残疾不能做家事：没问题；多久接受他人帮助：从不,活动信息：高强度体力活动：是；高强度体力活动目的：工作需要；中等强度体力活动：是；中等强度体力活动目的：工作需要；轻度体力活动：是；轻度体力活动目的：锻炼；上月活动：以上都没有,上网信息：是否使用互联网：是；上网设备：手机；上网用途：看新闻、看视频、其他；是否用手机支付：是；是否使用微信：是；是否使用微信朋友圈：否,子女信息：子女总数：2个；健在子女数：2个；第1子女：最高学历：大专；是否工作/上学：工作；婚姻状况：未婚；过去一年同住月数：12个月；第2子女：最高学历：未受教育；是否工作/上学：都不；过去一年同住月数：12个月,工作信息：是否从事农业/家庭农活：有；是否已办理退休：否；是否在工作：是；过去一年总工作天数：85天,"基础信息：性别：男；年龄：49岁；城乡类型：城乡结合部/镇乡
教育信息：教育程度：小学
婚姻信息：婚姻状况：已婚且配偶同住；过去一年与配偶同住月数：12个月；上半年独自居住天数：0天；上半年仅与配偶同住天数：0天
情绪信息：生活满意度：有点满意；对子女满意度：很满意；因小事烦恼（过去一周）：几乎没有（<1天）；感到抑郁（过去一周）：几乎没有（<1天）；对未来抱有希望（过去一周）：有时/中等（3–4天）；感到孤独（过去一周）：几乎没有（<1天）；感到高兴（过去一周）：几乎没有（<1天）；睡眠不安（过去一周）：几乎没有（<1天）
健康信息：自评健康状况：一般；医生诊断慢性病：未报告上述疾病；身体疼痛程度：一点；上月平均每天实际睡眠小时数：5小时；是否因健康/残疾不能工作：没问题；是否因健康/残疾不能做家事：没问题；多久接受他人帮助：从不
活动信息：高强度体力活动：是；高强度体力活动目的：工作需要；中等强度体力活动：是；中等强度体力活动目的：工作需要；轻度体力活动：是；轻度体力活动目的：锻炼；上月活动：以上都没有
上网信息：是否使用互联网：是；上网设备：手机；上网用途：看新闻、看视频、其他；是否用手机支付：是；是否使用微信：是；是否使用微信朋友圈：否
子女信息：子女总数：2个；健在子女数：2个；第1子女：最高学历：大专；是否工作/上学：工作；婚姻状况：未婚；过去一年同住月数：12个月；第2子女：最高学历：未受教育；是否工作/上学：都不；过去一年同住月数：12个月
工作信息：是否从事农业/家庭农活：有；是否已办理退休：否；是否在工作：是；过去一年总工作天数：85天"
3,324078110002,基础信息：性别：女；年龄：72岁；城乡类型：农村,教育信息：教育程度：未受教育,婚姻信息：婚姻状况：已婚且配偶同住；过去一年与配偶同住月数：12个月；上半年独自居住天数：0天；上半年仅与配偶同住天数：120天；上半年因不与别人同住而受影响程度：0,情绪信息：生活满意度：有点满意；对子女满意度：很满意；因小事烦恼（过去一周）：几乎没有（<1天）；感到抑郁（过去一周）：大多数时候（5–7天）；对未来抱有希望（过去一周）：大多数时候（5–7天）；感到孤独（过去一周）：几乎没有（<1天）；感到高兴（过去一周）：几乎没有（<1天）；睡眠不安（过去一周）：大多数时候（5–7天）,健康信息：自评健康状况：一般；医生诊断慢性病：未报告上述疾病；身体疼痛程度：一点；上月平均每天实际睡眠小时数：6小时；是否因健康/残疾不能工作：不能长时间工作；是否因健康/残疾不能做家事：不能长时间；多久接受他人帮助：偶尔,活动信息：高强度体力活动：否；中等强度体力活动：是；中等强度体力活动目的：其他；轻度体力活动：否；上月活动：与朋友交往（不规律）,上网信息：是否使用互联网：否,子女信息：子女总数：3个；健在子女数：3个；第1子女：是否工作/上学：工作；婚姻状况：已婚且配偶同住；过去一年同住月数：0个月；见面频率：每年；电话/短信/微信联系频率：每周1次；第2子女：是否工作/上学：工作；婚姻状况：已婚且配偶同住；过去一年同住月数：0个月；见面频率：每两周；电话/短信/微信联系频率：每周1次,工作信息：是否从事农业/家庭农活：无；是否已办理退休：否；是否在工作：否；过去一年总工作天数：0天；上月是否在找工作：否,"基础信息：性别：女；年龄：72岁；城乡类型：农村
教育信息：教育程度：未受教育
婚姻信息：婚姻状况：已婚且配偶同住；过去一年与配偶同住月数：12个月；上半年独自居住天数：0天；上半年仅与配偶同住天数：120天；上半年因不与别人同住而受影响程度：0
情绪信息：生活满意度：有点满意；对子女满意度：很满意；因小事烦恼（过去一周）：几乎没有（<1天）；感到抑郁（过去一周）：大多数时候（5–7天）；对未来抱有希望（过去一周）：大多数时候（5–7天）；感到孤独（过去一周）：几乎没有（<1天）；感到高兴（过去一周）：几乎没有（<1天）；睡眠不安（过去一周）：大多数时候（5–7天）
健康信息：自评健康状况：一般；医生诊断慢性病：未报告上述疾病；身体疼痛程度：一点；上月平均每天实际睡眠小时数：6小时；是否因健康/残疾不能工作：不能长时间工作；是否因健康/残疾不能做家事：不能长时间；多久接受他人帮助：偶尔
活动信息：高强度体力活动：否；中等强度体力活动：是；中等强度体力活动目的：其他；轻度体力活动：否；上月活动：与朋友交往（不规律）
上网信息：是否使用互联网：否
子女信息：子女总数：3个；健在子女数：3个；第1子女：是否工作/上学：工作；婚姻状况：已婚且配偶同住；过去一年同住月数：0个月；见面频率：每年；电话/短信/微信联系频率：每周1次；第2子女：是否工作/上学：工作；婚姻状况：已婚且配偶同住；过去一年同住月数：0个月；见面频率：每两周；电话/短信/微信联系频率：每周1次
工作信息：是否从事农业/家庭农活：无；是否已办理退休：否；是否在工作：否；过去一年总工作天数：0天；上月是否在找工作：否"
4,175531118001,基础信息：性别：女；年龄：76岁；城乡类型：农村,教育信息：教育程度：小学,婚姻信息：婚姻状况：丧偶；是否有人以配偶身份同住：否；上半年独自居住天数：0天,情绪信息：生活满意度：很满意；对子女满意度：很满意；因小事烦恼（过去一周）：大多数时候（5–7天）；感到抑郁（过去一周）：少量（1–2天）；对未来抱有希望（过去一周）：大多数时候（5–7天）；感到孤独（过去一周）：少量（1–2天）；感到高兴（过去一周）：少量（1–2天）；睡眠不安（过去一周）：少量（1–2天）,健康信息：自评健康状况：差；医生诊断慢性病：血脂异常、中风；身体疼痛程度：无；上月平均每天实际睡眠小时数：4小时；是否因健康/残疾不能工作：完全不能工作；多久接受他人帮助：从不,活动信息：高强度体力活动：否；中等强度体力活动：否；轻度体力活动：是；轻度体力活动目的：锻炼；上月活动：以上都没有,上网信息：是否使用互联网：否,子女信息：子女总数：2个；健在子女数：2个；第1子女：是否工作/上学：工作；婚姻状况：已婚且配偶同住；过去一年同住月数：12个月；第2子女：是否工作/上学：工作；婚姻状况：已婚暂分居；过去一年同住月数：0个月；见面频率：每两周；电话/短信/微信联系频率：每周1次,工作信息：是否从事农业/家庭农活：无；是否在工作：否；过去一年总工作天数：0天；上月是否在找工作：否,"基础信息：性别：女；年龄：76岁；城乡类型：农村
教育信息：教育程度：小学
婚姻信息：婚姻状况：丧偶；是否有人以配偶身份同住：否；上半年独自居住天数：0天
情绪信息：生活满意度：很满意；对子女满意度：很满意；因小事烦恼（过去一周）：大多数时候（5–7天）；感到抑郁（过去一周）：少量（1–2天）；对未来抱有希望（过去一周）：大多数时候（5–7天）；感到孤独（过去一周）：少量（1–2天）；感到高兴（过去一周）：少量（1–2天）；睡眠不安（过去一周）：少量（1–2天）
健康信息：自评健康状况：差；医生诊断慢性病：血脂异常、中风；身体疼痛程度：无；上月平均每天实际睡眠小时数：4小时；是否因健康/残疾不能工作：完全不能工作；多久接受他人帮助：从不
活动信息：高强度体力活动：否；中等强度体力活动：否；轻度体力活动：是；轻度体力活动目的：锻炼；上月活动：以上都没有
上网信息：是否使用互联网：否
子女信息：子女总数：2个；健在子女数：2个；第1子女：是否工作/上学：工作；婚姻状况：已婚且配偶同住；过去一年同住月数：12个月；第2子女：是否工作/上学：工作；婚姻状况：已婚暂分居；过去一年同住月数：0个月；见面频率：每两周；电话/短信/微信联系频率：每周1次
工作信息：是否从事农业/家庭农活：无；是否在工作：否；过去一年总工作天数：0天；上月是否在找工作：否"
5,14643113001,基础信息：性别：女；年龄：78岁；城乡类型：农村,教育信息：教育程度：未受教育,婚姻信息：婚姻状况：丧偶；是否有人以配偶身份同住：否；上半年独自居住天数：0天；上半年因不与别人同住而受影响程度：0,情绪信息：生活满意度：有点满意；对子女满意度：有点满意；因小事烦恼（过去一周）：几乎没有（<1天）；感到抑郁（过去一周）：几乎没有（<1天）；对未来抱有希望（过去一周）：大多数时候（5–7天）；感到孤独（过去一周）：大多数时候（5–7天）；感到高兴（过去一周）：大多数时候（5–7天）；睡眠不安（过去一周）：几乎没有（<1天）,健康信息：自评健康状况：好；医生诊断慢性病：未报告上述疾病；身体疼痛程度：无；上月平均每天实际睡眠小时数：-1小时；是否因健康/残疾不能工作：不能长时间工作；是否因健康/残疾不能做家事：不能长时间；多久接受他人帮助：偶尔,活动信息：高强度体力活动：否；中等强度体力活动：是；中等强度体力活动目的：其他；轻度体力活动：是；轻度体力活动目的：锻炼；上月活动：以上都没有,上网信息：是否使用互联网：否,子女信息：子女总数：3个；健在子女数：3个；第1子女：是否工作/上学：工作；婚姻状况：已婚且配偶同住；过去一年同住月数：12个月；第2子女：是否工作/上学：工作；婚姻状况：已婚且配偶同住；过去一年同住月数：0个月；见面频率：几乎每天,工作信息：是否从事农业/家庭农活：无；是否已办理退休：否；是否在工作：否；过去一年总工作天数：5天；上月是否在找工作：否,"基础信息：性别：女；年龄：78岁；城乡类型：农村
教育信息：教育程度：未受教育
婚姻信息：婚姻状况：丧偶；是否有人以配偶身份同住：否；上半年独自居住天数：0天；上半年因不与别人同住而受影响程度：0
情绪信息：生活满意度：有点满意；对子女满意度：有点满意；因小事烦恼（过去一周）：几乎没有（<1天）；感到抑郁（过去一周）：几乎没有（<1天）；对未来抱有希望（过去一周）：大多数时候（5–7天）；感到孤独（过去一周）：大多数时候（5–7天）；感到高兴（过去一周）：大多数时候（5–7天）；睡眠不安（过去一周）：几乎没有（<1天）
健康信息：自评健康状况：好；医生诊断慢性病：未报告上述疾病；身体疼痛程度：无；上月平均每天实际睡眠小时数：-1小时；是否因健康/残疾不能工作：不能长时间工作；是否因健康/残疾不能做家事：不能长时间；多久接受他人帮助：偶尔
活动信息：高强度体力活动：否；中等强度体力活动：是；中等强度体力活动目的：其他；轻度体力活动：是；轻度体力活动目的：锻炼；上月活动：以上都没有
上网信息：是否使用互联网：否
子女信息：子女总数：3个；健在子女数：3个；第1子女：是否工作/上学：工作；婚姻状况：已婚且配偶同住；过去一年同住月数：12个月；第2子女：是否工作/上学：工作；婚姻状况：已婚且配偶同住；过去一年同住月数：0个月；见面频率：几乎每天
工作信息：是否从事农业/家庭农活：无；是否已办理退休：否；是否在工作：否；过去一年总工作天数：5天；上月是否在找工作：否"
6,111154127001,基础信息：性别：女；年龄：48岁；城乡类型：城/镇中心,教育信息：教育程度：初中,婚姻信息：婚姻状况：已婚暂分居；过去一年与配偶同住月数：2个月；上半年独自居住天数：0天；上半年仅与配偶同住天数：0天；上半年因不与别人同住而受影响程度：0,情绪信息：生活满意度：有点满意；对子女满意度：有点满意；因小事烦恼（过去一周）：有时/中等（3–4天）；感到抑郁（过去一周）：有时/中等（3–4天）；对未来抱有希望（过去一周）：大多数时候（5–7天）；感到孤独（过去一周）：几乎没有（<1天）；感到高兴（过去一周）：大多数时候（5–7天）；睡眠不安（过去一周）：几乎没有（<1天）,健康信息：自评健康状况：很差；医生诊断慢性病：血脂异常、癌症等恶性肿瘤、慢性肺部疾病；身体疼痛程度：非常；上月平均每天实际睡眠小时数：8小时；是否因健康/残疾不能工作：不能长时间工作；是否因健康/残疾不能做家事：不能长时间；多久接受他人帮助：从不,活动信息：高强度体力活动：否；中等强度体力活动：否；轻度体力活动：是；轻度体力活动目的：锻炼；上月活动：帮助不住一起的家人朋友邻居（不规律）,上网信息：是否使用互联网：是；上网设备：手机；上网用途：聊天、看新闻、看视频；是否用手机支付：是；是否使用微信：是；是否使用微信朋友圈：是,子女信息：子女总数：2个；健在子女数：2个；第1子女：是否工作/上学：都不；婚姻状况：已婚且配偶同住；过去一年同住月数：0个月；见面频率：几乎每天；第2子女：是否工作/上学：上学；婚姻状况：未婚；过去一年同住月数：12个月,工作信息：是否从事农业/家庭农活：无；是否已办理退休：是；退休时间：2020年3月；是否在工作：否；过去一年总工作天数：0天；上月是否在找工作：否,"基础信息：性别：女；年龄：48岁；城乡类型：城/镇中心
教育信息：教育程度：初中
婚姻信息：婚姻状况：已婚暂分居；过去一年与配偶同住月数：2个月；上半年独自居住天数：0天；上半年仅与配偶同住天数：0天；上半年因不与别人同住而受影响程度：0
情绪信息：生活满意度：有点满意；对子女满意度：有点满意；因小事烦恼（过去一周）：有时/中等（3–4天）；感到抑郁（过去一周）：有时/中等（3–4天）；对未来抱有希望（过去一周）：大多数时候（5–7天）；感到孤独（过去一周）：几乎没有（<1天）；感到高兴（过去一周）：大多数时候（5–7天）；睡眠不安（过去一周）：几乎没有（<1天）
健康信息：自评健康状况：很差；医生诊断慢性病：血脂异常、癌症等恶性肿瘤、慢性肺部疾病；身体疼痛程度：非常；上月平均每天实际睡眠小时数：8小时；是否因健康/残疾不能工作：不能长时间工作；是否因健康/残疾不能做家事：不能长时间；多久接受他人帮助：从不
活动信息：高强度体力活动：否；中等强度体力活动：否；轻度体力活动：是；轻度体力活动目的：锻炼；上月活动：帮助不住一起的家人朋友邻居（不规律）
上网信息：是否使用互联网：是；上网设备：手机；上网用途：聊天、看新闻、看视频；是否用手机支付：是；是否使用微信：是；是否使用微信朋友圈：是
子女信息：子女总数：2个；健在子女数：2个；第1子女：是否工作/上学：都不；婚姻状况：已婚且配偶同住；过去一年同住月数：0个月；见面频率：几乎每天；第2子女：是否工作/上学：上学；婚姻状况：未婚；过去一年同住月数：12个月
工作信息：是否从事农业/家庭农活：无；是否已办理退休：是；退休时间：2020年3月；是否在工作：否；过去一年总工作天数：0天；上月是否在找工作：否"
7,338231328001,基础信息：性别：男；年龄：47岁；城乡类型：农村,教育信息：教育程度：小学,婚姻信息：婚姻状况：已婚且配偶同住；过去一年与配偶同住月数：12个月；上半年独自居住天数：0天；上半年仅与配偶同住天数：0天,情绪信息：生活满意度：很满意；对子女满意度：很满意；因小事烦恼（过去一周）：几乎没有（<1天）；感到抑郁（过去一周）：几乎没有（<1天）；对未来抱有希望（过去一周）：大多数时候（5–7天）；感到孤独（过去一周）：几乎没有（<1天）；感到高兴（过去一周）：大多数时候（5–7天）；睡眠不安（过去一周）：有时/中等（3–4天）,健康信息：自评健康状况：一般；医生诊断慢性病：未报告上述疾病；身体疼痛程度：一点；上月平均每天实际睡眠小时数：8小时；是否因健康/残疾不能工作：没问题；是否因健康/残疾不能做家事：没问题；多久接受他人帮助：从不,活动信息：高强度体力活动：否；中等强度体力活动：否；轻度体力活动：是；轻度体力活动目的：娱乐；上月活动：打麻将/下棋/打牌/去社区活动室（几乎每周）、帮助不住一起的家人朋友邻居（不规律）、做志愿/慈善或照顾不住一起的病弱者（不规律）、参加教育/培训课程（不规律）,上网信息：是否使用互联网：是；上网设备：手机；上网用途：聊天、看新闻、看视频；是否用手机支付：是；是否使用微信：是；是否使用微信朋友圈：是,子女信息：子女总数：1个；健在子女数：1个；第1子女：最高学历：本科；是否工作/上学：工作；婚姻状况：未婚；过去一年同住月数：6个月；见面频率：每周1次,工作信息：是否从事农业/家庭农活：有；是否已办理退休：否；是否在工作：是；过去一年总工作天数：300天,"基础信息：性别：男；年龄：47岁；城乡类型：农村
教育信息：教育程度：小学
婚姻信息：婚姻状况：已婚且配偶同住；过去一年与配偶同住月数：12个月；上半年独自居住天数：0天；上半年仅与配偶同住天数：0天
情绪信息：生活满意度：很满意；对子女满意度：很满意；因小事烦恼（过去一周）：几乎没有（<1天）；感到抑郁（过去一周）：几乎没有（<1天）；对未来抱有希望（过去一周）：大多数时候（5–7天）；感到孤独（过去一周）：几乎没有（<1天）；感到高兴（过去一周）：大多数时候（5–7天）；睡眠不安（过去一周）：有时/中等（3–4天）
健康信息：自评健康状况：一般；医生诊断慢性病：未报告上述疾病；身体疼痛程度：一点；上月平均每天实际睡眠小时数：8小时；是否因健康/残疾不能工作：没问题；是否因健康/残疾不能做家事：没问题；多久接受他人帮助：从不
活动信息：高强度体力活动：否；中等强度体力活动：否；轻度体力活动：是；轻度体力活动目的：娱乐；上月活动：打麻将/下棋/打牌/去社区活动室（几乎每周）、帮助不住一起的家人朋友邻居（不规律）、做志愿/慈善或照顾不住一起的病弱者（不规律）、参加教育/培训课程（不规律）
上网信息：是否使用互联网：是；上网设备：手机；上网用途：聊天、看新闻、看视频；是否用手机支付：是；是否使用微信：是；是否使用微信朋友圈：是
子女信息：子女总数：1个；健在子女数：1个；第1子女：最高学历：本科；是否工作/上学：工作；婚姻状况：未婚；过去一年同住月数：6个月；见面频率：每周1次
工作信息：是否从事农业/家庭农活：有；是否已办理退休：否；是否在工作：是；过去一年总工作天数：300天"
8,51606117001,基础信息：性别：女；年龄：74岁；城乡类型：农村,教育信息：教育程度：未受教育,婚姻信息：婚姻状况：已婚且配偶同住；过去一年与配偶同住月数：12个月；上半年独自居住天数：0天；上半年仅与配偶同住天数：180天；上半年因不与别人同住而受影响程度：0,情绪信息：生活满意度：有点满意；对子女满意度：很满意；因小事烦恼（过去一周）：有时/中等（3–4天）；感到抑郁（过去一周）：几乎没有（<1天）；对未来抱有希望（过去一周）：有时/中等（3–4天）；感到孤独（过去一周）：有时/中等（3–4天）；感到高兴（过去一周）：有时/中等（3–4天）；睡眠不安（过去一周）：大多数时候（5–7天）,健康信息：自评健康状况：一般；医生诊断慢性病：高血压；身体疼痛程度：无；上月平均每天实际睡眠小时数：4小时；是否因健康/残疾不能工作：没问题；是否因健康/残疾不能做家事：没问题；多久接受他人帮助：从不,活动信息：高强度体力活动：否；中等强度体力活动：是；中等强度体力活动目的：娱乐；轻度体力活动：是；轻度体力活动目的：娱乐；上月活动：以上都没有,上网信息：是否使用互联网：否,子女信息：子女总数：2个；健在子女数：2个；第1子女：是否工作/上学：都不；婚姻状况：已婚且配偶同住；过去一年同住月数：0个月；见面频率：每月；电话/短信/微信联系频率：每周1次；第2子女：是否工作/上学：都不；婚姻状况：已婚且配偶同住；过去一年同住月数：0个月；见面频率：每周2–3次,工作信息：是否从事农业/家庭农活：有；是否已办理退休：否；是否在工作：是；过去一年总工作天数：200天,"基础信息：性别：女；年龄：74岁；城乡类型：农村
教育信息：教育程度：未受教育
婚姻信息：婚姻状况：已婚且配偶同住；过去一年与配偶同住月数：12个月；上半年独自居住天数：0天；上半年仅与配偶同住天数：180天；上半年因不与别人同住而受影响程度：0
情绪信息：生活满意度：有点满意；对子女满意度：很满意；因小事烦恼（过去一周）：有时/中等（3–4天）；感到抑郁（过去一周）：几乎没有（<1天）；对未来抱有希望（过去一周）：有时/中等（3–4天）；感到孤独（过去一周）：有时/中等（3–4天）；感到高兴（过去一周）：有时/中等（3–4天）；睡眠不安（过去一周）：大多数时候（5–7天）
健康信息：自评健康状况：一般；医生诊断慢性病：高血压；身体疼痛程度：无；上月平均每天实际睡眠小时数：4小时；是否因健康/残疾不能工作：没问题；是否因健康/残疾不能做家事：没问题；多久接受他人帮助：从不
活动信息：高强度体力活动：否；中等强度体力活动：是；中等强度体力活动目的：娱乐；轻度体力活动：是；轻度体力活动目的：娱乐；上月活动：以上都没有
上网信息：是否使用互联网：否
子女信息：子女总数：2个；健在子女数：2个；第1子女：是否工作/上学：都不；婚姻状况：已婚且配偶同住；过去一年同住月数：0个月；见面频率：每月；电话/短信/微信联系频率：每周1次；第2子女：是否工作/上学：都不；婚姻状况：已婚且配偶同住；过去一年同住月数：0个月；见面频率：每周2–3次
工作信息：是否从事农业/家庭农活：有；是否已办理退休：否；是否在工作：是；过去一年总工作天数：200天"
9,324045114001,基础信息：性别：女；年龄：67岁；城乡类型：农村,教育信息：教育程度：未受教育,婚姻信息：婚姻状况：已婚且配偶同住；过去一年与配偶同住月数：12个月；上半年独自居住天数：0天；上半年仅与配偶同住天数：182天；上半年因不与别人同住而受影响程度：0,情绪信息：生活满意度：很满意；对子女满意度：很满意；因小事烦恼（过去一周）：有时/中等（3–4天）；感到抑郁（过去一周）：有时/中等（3–4天）；对未来抱有希望（过去一周）：大多数时候（5–7天）；感到孤独（过去一周）：大多数时候（5–7天）；感到高兴（过去一周）：有时/中等（3–4天）；睡眠不安（过去一周）：大多数时候（5–7天）,健康信息：自评健康状况：一般；医生诊断慢性病：未报告上述疾病；身体疼痛程度：一点；上月平均每天实际睡眠小时数：3小时；是否因健康/残疾不能工作：没问题；是否因健康/残疾不能做家事：没问题；多久接受他人帮助：从不,活动信息：高强度体力活动：否；中等强度体力活动：否；轻度体力活动：是；轻度体力活动目的：锻炼；上月活动：以上都没有,上网信息：是否使用互联网：否,子女信息：子女总数：4个；健在子女数：4个；第1子女：是否工作/上学：工作；婚姻状况：已婚且配偶同住；过去一年同住月数：2个月；见面频率：每月；电话/短信/微信联系频率：每周1次；第2子女：是否工作/上学：工作；婚姻状况：已婚且配偶同住；过去一年同住月数：0个月；见面频率：每月；电话/短信/微信联系频率：每两周,工作信息：是否从事农业/家庭农活：无；是否已办理退休：否；是否在工作：否；过去一年总工作天数：0天；上月是否在找工作：否,"基础信息：性别：女；年龄：67岁；城乡类型：农村
教育信息：教育程度：未受教育
婚姻信息：婚姻状况：已婚且配偶同住；过去一年与配偶同住月数：12个月；上半年独自居住天数：0天；上半年仅与配偶同住天数：182天；上半年因不与别人同住而受影响程度：0
情绪信息：生活满意度：很满意；对子女满意度：很满意；因小事烦恼（过去一周）：有时/中等（3–4天）；感到抑郁（过去一周）：有时/中等（3–4天）；对未来抱有希望（过去一周）：大多数时候（5–7天）；感到孤独（过去一周）：大多数时候（5–7天）；感到高兴（过去一周）：有时/中等（3–4天）；睡眠不安（过去一周）：大多数时候（5–7天）
健康信息：自评健康状况：一般；医生诊断慢性病：未报告上述疾病；身体疼痛程度：一点；上月平均每天实际睡眠小时数：3小时；是否因健康/残疾不能工作：没问题；是否因健康/残疾不能做家事：没问题；多久接受他人帮助：从不
活动信息：高强度体力活动：否；中等强度体力活动：否；轻度体力活动：是；轻度体力活动目的：锻炼；上月活动：以上都没有
上网信息：是否使用互联网：否
子女信息：子女总数：4个；健在子女数：4个；第1子女：是否工作/上学：工作；婚姻状况：已婚且配偶同住；过去一年同住月数：2个月；见面频率：每月；电话/短信/微信联系频率：每周1次；第2子女：是否工作/上学：工作；婚姻状况：已婚且配偶同住；过去一年同住月数：0个月；见面频率：每月；电话/短信/微信联系频率：每两周
工作信息：是否从事农业/家庭农活：无；是否已办理退休：否；是否在工作：否；过去一年总工作天数：0天；上月是否在找工作：否"
10,18206219002,基础信息：性别：女；年龄：62岁；城乡类型：农村,教育信息：教育程度：未读完小学,婚姻信息：婚姻状况：已婚且配偶同住；过去一年与配偶同住月数：12个月；上半年独自居住天数：0天；上半年仅与配偶同住天数：180天；上半年因不与别人同住而受影响程度：0,情绪信息：生活满意度：有点满意；对子女满意度：很满意；因小事烦恼（过去一周）：有时/中等（3–4天）；感到抑郁（过去一周）：有时/中等（3–4天）；对未来抱有希望（过去一周）：大多数时候（5–7天）；感到孤独（过去一周）：几乎没有（<1天）；感到高兴（过去一周）：有时/中等（3–4天）；睡眠不安（过去一周）：少量（1–2天）,健康信息：自评健康状况：一般；医生诊断慢性病：未报告上述疾病；身体疼痛程度：一点；上月平均每天实际睡眠小时数：9小时；是否因健康/残疾不能工作：没问题；是否因健康/残疾不能做家事：没问题；多久接受他人帮助：从不,活动信息：高强度体力活动：否；中等强度体力活动：是；中等强度体力活动目的：其他；轻度体力活动：是；轻度体力活动目的：锻炼；上月活动：以上都没有,上网信息：是否使用互联网：否,子女信息：子女总数：2个；健在子女数：2个；第1子女：是否工作/上学：工作；婚姻状况：已婚且配偶同住；过去一年同住月数：0个月；见面频率：每三月；电话/短信/微信联系频率：每两周；第2子女：是否工作/上学：都不；婚姻状况：未婚；过去一年同住月数：0个月；见面频率：每年；电话/短信/微信联系频率：每月,工作信息：是否从事农业/家庭农活：有；是否已办理退休：否；是否在工作：是；过去一年总工作天数：60天,"基础信息：性别：女；年龄：62岁；城乡类型：农村
教育信息：教育程度：未读完小学
婚姻信息：婚姻状况：已婚且配偶同住；过去一年与配偶同住月数：12个月；上半年独自居住天数：0天；上半年仅与配偶同住天数：180天；上半年因不与别人同住而受影响程度：0
情绪信息：生活满意度：有点满意；对子女满意度：很满意；因小事烦恼（过去一周）：有时/中等（3–4天）；感到抑郁（过去一周）：有时/中等（3–4天）；对未来抱有希望（过去一周）：大多数时候（5–7天）；感到孤独（过去一周）：几乎没有（<1天）；感到高兴（过去一周）：有时/中等（3–4天）；睡眠不安（过去一周）：少量（1–2天）
健康信息：自评健康状况：一般；医生诊断慢性病：未报告上述疾病；身体疼痛程度：一点；上月平均每天实际睡眠小时数：9小时；是否因健康/残疾不能工作：没问题；是否因健康/残疾不能做家事：没问题；多久接受他人帮助：从不
活动信息：高强度体力活动：否；中等强度体力活动：是；中等强度体力活动目的：其他；轻度体力活动：是；轻度体力活动目的：锻炼；上月活动：以上都没有
上网信息：是否使用互联网：否
子女信息：子女总数：2个；健在子女数：2个；第1子女：是否工作/上学：工作；婚姻状况：已婚且配偶同住；过去一年同住月数：0个月；见面频率：每三月；电话/短信/微信联系频率：每两周；第2子女：是否工作/上学：都不；婚姻状况：未婚；过去一年同住月数：0个月；见面频率：每年；电话/短信/微信联系频率：每月
工作信息：是否从事农业/家庭农活：有；是否已办理退休：否；是否在工作：是；过去一年总工作天数：60天"
11,64604125002,基础信息：性别：女；年龄：63岁；城乡类型：城乡结合部/镇乡,教育信息：教育程度：初中,婚姻信息：婚姻状况：已婚且配偶同住；过去一年与配偶同住月数：12个月；上半年独自居住天数：0天；上半年仅与配偶同住天数：180天；上半年因不与别人同住而受影响程度：0,情绪信息：生活满意度：很满意；对子女满意度：很满意；因小事烦恼（过去一周）：几乎没有（<1天）；感到抑郁（过去一周）：几乎没有（<1天）；对未来抱有希望（过去一周）：有时/中等（3–4天）；感到孤独（过去一周）：几乎没有（<1天）；感到高兴（过去一周）：有时/中等（3–4天）；睡眠不安（过去一周）：大多数时候（5–7天）,健康信息：自评健康状况：一般；医生诊断慢性病：未报告上述疾病；身体疼痛程度：无；上月平均每天实际睡眠小时数：4小时；是否因健康/残疾不能工作：没问题；是否因健康/残疾不能做家事：没问题；多久接受他人帮助：从不,活动信息：高强度体力活动：否；中等强度体力活动：否；轻度体力活动：是；轻度体力活动目的：锻炼；上月活动：打麻将/下棋/打牌/去社区活动室（不规律）,上网信息：是否使用互联网：否,子女信息：子女总数：1个；健在子女数：1个；第1子女：是否工作/上学：工作；婚姻状况：已婚且配偶同住；过去一年同住月数：0个月；见面频率：每周1次,工作信息：是否从事农业/家庭农活：无；是否在工作：否；过去一年总工作天数：0天；上月是否在找工作：否,"基础信息：性别：女；年龄：63岁；城乡类型：城乡结合部/镇乡
教育信息：教育程度：初中
婚姻信息：婚姻状况：已婚且配偶同住；过去一年与配偶同住月数：12个月；上半年独自居住天数：0天；上半年仅与配偶同住天数：180天；上半年因不与别人同住而受影响程度：0
情绪信息：生活满意度：很满意；对子女满意度：很满意；因小事烦恼（过去一周）：几乎没有（<1天）；感到抑郁（过去一周）：几乎没有（<1天）；对未来抱有希望（过去一周）：有时/中等（3–4天）；感到孤独（过去一周）：几乎没有（<1天）；感到高兴（过去一周）：有时/中等（3–4天）；睡眠不安（过去一周）：大多数时候（5–7天）
健康信息：自评健康状况：一般；医生诊断慢性病：未报告上述疾病；身体疼痛程度：无；上月平均每天实际睡眠小时数：4小时；是否因健康/残疾不能工作：没问题；是否因健康/残疾不能做家事：没问题；多久接受他人帮助：从不
活动信息：高强度体力活动：否；中等强度体力活动：否；轻度体力活动：是；轻度体力活动目的：锻炼；上月活动：打麻将/下棋/打牌/去社区活动室（不规律）
上网信息：是否使用互联网：否
子女信息：子女总数：1个；健在子女数：1个；第1子女：是否工作/上学：工作；婚姻状况：已婚且配偶同住；过去一年同住月数：0个月；见面频率：每周1次
工作信息：是否从事农业/家庭农活：无；是否在工作：否；过去一年总工作天数：0天；上月是否在找工作：否"
12,161159310001,基础信息：性别：女；年龄：55岁；城乡类型：城/镇中心,教育信息：教育程度：初中,婚姻信息：婚姻状况：已婚且配偶同住；过去一年与配偶同住月数：6个月；上半年独自居住天数：0天；上半年仅与配偶同住天数：0天,情绪信息：生活满意度：很满意；对子女满意度：很满意；因小事烦恼（过去一周）：少量（1–2天）；感到抑郁（过去一周）：几乎没有（<1天）；对未来抱有希望（过去一周）：几乎没有（<1天）；感到孤独（过去一周）：几乎没有（<1天）；感到高兴（过去一周）：大多数时候（5–7天）；睡眠不安（过去一周）：有时/中等（3–4天）,健康信息：自评健康状况：一般；医生诊断慢性病：血脂异常；身体疼痛程度：一点；上月平均每天实际睡眠小时数：7小时；是否因健康/残疾不能工作：没问题；是否因健康/残疾不能做家事：没问题；多久接受他人帮助：从不,活动信息：高强度体力活动：否；中等强度体力活动：否；轻度体力活动：是；轻度体力活动目的：工作需要；上月活动：以上都没有,上网信息：是否使用互联网：是；上网设备：手机；上网用途：聊天；是否用手机支付：是；是否使用微信：是；是否使用微信朋友圈：是,子女信息：子女总数：2个；健在子女数：2个；第1子女：是否工作/上学：上学；婚姻状况：未婚；过去一年同住月数：9个月；见面频率：每半年；电话/短信/微信联系频率：每周1次；第2子女：是否工作/上学：工作；婚姻状况：已婚且配偶同住；过去一年同住月数：0个月；见面频率：每两周；电话/短信/微信联系频率：每月,工作信息：是否从事农业/家庭农活：有；是否已办理退休：否；是否在工作：是；过去一年总工作天数：302天,"基础信息：性别：女；年龄：55岁；城乡类型：城/镇中心
教育信息：教育程度：初中
婚姻信息：婚姻状况：已婚且配偶同住；过去一年与配偶同住月数：6个月；上半年独自居住天数：0天；上半年仅与配偶同住天数：0天
情绪信息：生活满意度：很满意；对子女满意度：很满意；因小事烦恼（过去一周）：少量（1–2天）；感到抑郁（过去一周）：几乎没有（<1天）；对未来抱有希望（过去一周）：几乎没有（<1天）；感到孤独（过去一周）：几乎没有（<1天）；感到高兴（过去一周）：大多数时候（5–7天）；睡眠不安（过去一周）：有时/中等（3–4天）
健康信息：自评健康状况：一般；医生诊断慢性病：血脂异常；身体疼痛程度：一点；上月平均每天实际睡眠小时数：7小时；是否因健康/残疾不能工作：没问题；是否因健康/残疾不能做家事：没问题；多久接受他人帮助：从不
活动信息：高强度体力活动：否；中等强度体力活动：否；轻度体力活动：是；轻度体力活动目的：工作需要；上月活动：以上都没有
上网信息：是否使用互联网：是；上网设备：手机；上网用途：聊天；是否用手机支付：是；是否使用微信：是；是否使用微信朋友圈：是
子女信息：子女总数：2个；健在子女数：2个；第1子女：是否工作/上学：上学；婚姻状况：未婚；过去一年同住月数：9个月；见面频率：每半年；电话/短信/微信联系频率：每周1次；第2子女：是否工作/上学：工作；婚姻状况：已婚且配偶同住；过去一年同住月数：0个月；见面频率：每两周；电话/短信/微信联系频率：每月
工作信息：是否从事农业/家庭农活：有；是否已办理退休：否；是否在工作：是；过去一年总工作天数：302天"
13,281104130001,基础信息：性别：女；年龄：66岁；城乡类型：城/镇中心,教育信息：教育程度：小学,婚姻信息：婚姻状况：已婚且配偶同住；过去一年与配偶同住月数：12个月；上半年独自居住天数：0天；上半年仅与配偶同住天数：180天；上半年因不与别人同住而受影响程度：0,情绪信息：生活满意度：很满意；对子女满意度：非常满意；因小事烦恼（过去一周）：几乎没有（<1天）；感到抑郁（过去一周）：几乎没有（<1天）；对未来抱有希望（过去一周）：大多数时候（5–7天）；感到孤独（过去一周）：几乎没有（<1天）；感到高兴（过去一周）：大多数时候（5–7天）；睡眠不安（过去一周）：几乎没有（<1天）,健康信息：自评健康状况：一般；医生诊断慢性病：高血压；身体疼痛程度：有些；上月平均每天实际睡眠小时数：7小时；是否因健康/残疾不能工作：没问题；是否因健康/残疾不能做家事：没问题；多久接受他人帮助：从不,活动信息：高强度体力活动：否；中等强度体力活动：否；轻度体力活动：是；轻度体力活动目的：锻炼；上月活动：以上都没有,上网信息：是否使用互联网：是；上网设备：手机；上网用途：聊天、看新闻、看视频；是否用手机支付：否；是否使用微信：是；是否使用微信朋友圈：否,子女信息：子女总数：1个；健在子女数：1个；第1子女：是否工作/上学：工作；婚姻状况：离婚；过去一年同住月数：0个月；见面频率：几乎每天,工作信息：是否从事农业/家庭农活：无；是否在工作：否；过去一年总工作天数：0天；上月是否在找工作：否,"基础信息：性别：女；年龄：66岁；城乡类型：城/镇中心
教育信息：教育程度：小学
婚姻信息：婚姻状况：已婚且配偶同住；过去一年与配偶同住月数：12个月；上半年独自居住天数：0天；上半年仅与配偶同住天数：180天；上半年因不与别人同住而受影响程度：0
情绪信息：生活满意度：很满意；对子女满意度：非常满意；因小事烦恼（过去一周）：几乎没有（<1天）；感到抑郁（过去一周）：几乎没有（<1天）；对未来抱有希望（过去一周）：大多数时候（5–7天）；感到孤独（过去一周）：几乎没有（<1天）；感到高兴（过去一周）：大多数时候（5–7天）；睡眠不安（过去一周）：几乎没有（<1天）
健康信息：自评健康状况：一般；医生诊断慢性病：高血压；身体疼痛程度：有些；上月平均每天实际睡眠小时数：7小时；是否因健康/残疾不能工作：没问题；是否因健康/残疾不能做家事：没问题；多久接受他人帮助：从不
活动信息：高强度体力活动：否；中等强度体力活动：否；轻度体力活动：是；轻度体力活动目的：锻炼；上月活动：以上都没有
上网信息：是否使用互联网：是；上网设备：手机；上网用途：聊天、看新闻、看视频；是否用手机支付：否；是否使用微信：是；是否使用微信朋友圈：否
子女信息：子女总数：1个；健在子女数：1个；第1子女：是否工作/上学：工作；婚姻状况：离婚；过去一年同住月数：0个月；见面频率：几乎每天
工作信息：是否从事农业/家庭农活：无；是否在工作：否；过去一年总工作天数：0天；上月是否在找工作：否"
14,134902123001,基础信息：性别：女；年龄：51岁；城乡类型：农村,教育信息：教育程度：小学,婚姻信息：婚姻状况：已婚且配偶同住；过去一年与配偶同住月数：12个月；上半年独自居住天数：8天；上半年仅与配偶同住天数：0天；上半年因不与别人同住而受影响程度：0,情绪信息：生活满意度：有点满意；对子女满意度：很满意；因小事烦恼（过去一周）：几乎没有（<1天）；感到抑郁（过去一周）：几乎没有（<1天）；对未来抱有希望（过去一周）：大多数时候（5–7天）；感到孤独（过去一周）：大多数时候（5–7天）；感到高兴（过去一周）：有时/中等（3–4天）；睡眠不安（过去一周）：几乎没有（<1天）,健康信息：自评健康状况：一般；医生诊断慢性病：记忆相关疾病；身体疼痛程度：一点；上月平均每天实际睡眠小时数：8小时；是否因健康/残疾不能工作：没问题；是否因健康/残疾不能做家事：没问题；多久接受他人帮助：从不,活动信息：高强度体力活动：是；高强度体力活动目的：工作需要；中等强度体力活动：是；中等强度体力活动目的：工作需要；轻度体力活动：是；轻度体力活动目的：锻炼；上月活动：帮助不住一起的家人朋友邻居（不规律）,上网信息：是否使用互联网：是；上网设备：手机；上网用途：看新闻；是否用手机支付：是；是否使用微信：是；是否使用微信朋友圈：否,子女信息：子女总数：3个；健在子女数：3个；第1子女：是否工作/上学：工作；婚姻状况：已婚且配偶同住；过去一年同住月数：0个月；见面频率：每半年；电话/短信/微信联系频率：每周2–3次；第2子女：是否工作/上学：工作；婚姻状况：已婚且配偶同住；过去一年同住月数：0个月；见面频率：每年；电话/短信/微信联系频率：每周2–3次,工作信息：是否从事农业/家庭农活：有；是否已办理退休：否；是否在工作：是；过去一年总工作天数：240天,"基础信息：性别：女；年龄：51岁；城乡类型：农村
教育信息：教育程度：小学
婚姻信息：婚姻状况：已婚且配偶同住；过去一年与配偶同住月数：12个月；上半年独自居住天数：8天；上半年仅与配偶同住天数：0天；上半年因不与别人同住而受影响程度：0
情绪信息：生活满意度：有点满意；对子女满意度：很满意；因小事烦恼（过去一周）：几乎没有（<1天）；感到抑郁（过去一周）：几乎没有（<1天）；对未来抱有希望（过去一周）：大多数时候（5–7天）；感到孤独（过去一周）：大多数时候（5–7天）；感到高兴（过去一周）：有时/中等（3–4天）；睡眠不安（过去一周）：几乎没有（<1天）
健康信息：自评健康状况：一般；医生诊断慢性病：记忆相关疾病；身体疼痛程度：一点；上月平均每天实际睡眠小时数：8小时；是否因健康/残疾不能工作：没问题；是否因健康/残疾不能做家事：没问题；多久接受他人帮助：从不
活动信息：高强度体力活动：是；高强度体力活动目的：工作需要；中等强度体力活动：是；中等强度体力活动目的：工作需要；轻度体力活动：是；轻度体力活动目的：锻炼；上月活动：帮助不住一起的家人朋友邻居（不规律）
上网信息：是否使用互联网：是；上网设备：手机；上网用途：看新闻；是否用手机支付：是；是否使用微信：是；是否使用微信朋友圈：否
子女信息：子女总数：3个；健在子女数：3个；第1子女：是否工作/上学：工作；婚姻状况：已婚且配偶同住；过去一年同住月数：0个月；见面频率：每半年；电话/短信/微信联系频率：每周2–3次；第2子女：是否工作/上学：工作；婚姻状况：已婚且配偶同住；过去一年同住月数：0个月；见面频率：每年；电话/短信/微信联系频率：每周2–3次
工作信息：是否从事农业/家庭农活：有；是否已办理退休：否；是否在工作：是；过去一年总工作天数：240天"
15,122490220001,基础信息：性别：女；年龄：46岁；城乡类型：农村,教育信息：教育程度：小学,婚姻信息：婚姻状况：已婚暂分居；过去一年与配偶同住月数：12个月；上半年独自居住天数：0天；上半年仅与配偶同住天数：0天,情绪信息：生活满意度：有点满意；对子女满意度：有点满意；因小事烦恼（过去一周）：几乎没有（<1天）；感到抑郁（过去一周）：有时/中等（3–4天）；对未来抱有希望（过去一周）：大多数时候（5–7天）；感到孤独（过去一周）：几乎没有（<1天）；感到高兴（过去一周）：大多数时候（5–7天）；睡眠不安（过去一周）：几乎没有（<1天）,健康信息：自评健康状况：好；医生诊断慢性病：未报告上述疾病；身体疼痛程度：一点；上月平均每天实际睡眠小时数：7小时；是否因健康/残疾不能工作：不能长时间工作；是否因健康/残疾不能做家事：没问题；多久接受他人帮助：从不,活动信息：高强度体力活动：是；高强度体力活动目的：工作需要；中等强度体力活动：是；中等强度体力活动目的：锻炼；轻度体力活动：是；轻度体力活动目的：娱乐；上月活动：与朋友交往（几乎每周）、帮助不住一起的家人朋友邻居（不规律）,上网信息：是否使用互联网：否,子女信息：子女总数：1个；健在子女数：1个；第1子女：是否工作/上学：都不；婚姻状况：已婚且配偶同住；过去一年同住月数：4个月；见面频率：每周1次,工作信息：是否从事农业/家庭农活：有；是否已办理退休：否；是否在工作：是；过去一年总工作天数：100天,"基础信息：性别：女；年龄：46岁；城乡类型：农村
教育信息：教育程度：小学
婚姻信息：婚姻状况：已婚暂分居；过去一年与配偶同住月数：12个月；上半年独自居住天数：0天；上半年仅与配偶同住天数：0天
情绪信息：生活满意度：有点满意；对子女满意度：有点满意；因小事烦恼（过去一周）：几乎没有（<1天）；感到抑郁（过去一周）：有时/中等（3–4天）；对未来抱有希望（过去一周）：大多数时候（5–7天）；感到孤独（过去一周）：几乎没有（<1天）；感到高兴（过去一周）：大多数时候（5–7天）；睡眠不安（过去一周）：几乎没有（<1天）
健康信息：自评健康状况：好；医生诊断慢性病：未报告上述疾病；身体疼痛程度：一点；上月平均每天实际睡眠小时数：7小时；是否因健康/残疾不能工作：不能长时间工作；是否因健康/残疾不能做家事：没问题；多久接受他人帮助：从不
活动信息：高强度体力活动：是；高强度体力活动目的：工作需要；中等强度体力活动：是；中等强度体力活动目的：锻炼；轻度体力活动：是；轻度体力活动目的：娱乐；上月活动：与朋友交往（几乎每周）、帮助不住一起的家人朋友邻居（不规律）
上网信息：是否使用互联网：否
子女信息：子女总数：1个；健在子女数：1个；第1子女：是否工作/上学：都不；婚姻状况：已婚且配偶同住；过去一年同住月数：4个月；见面频率：每周1次
工作信息：是否从事农业/家庭农活：有；是否已办理退休：否；是否在工作：是；过去一年总工作天数：100天"
16,56302330002,基础信息：性别：女；年龄：51岁；城乡类型：农村,教育信息：教育程度：小学,婚姻信息：婚姻状况：已婚且配偶同住；过去一年与配偶同住月数：12个月；上半年独自居住天数：0天；上半年仅与配偶同住天数：180天；上半年因不与别人同住而受影响程度：0,情绪信息：生活满意度：不太满意；对子女满意度：非常满意；因小事烦恼（过去一周）：几乎没有（<1天）；感到抑郁（过去一周）：少量（1–2天）；对未来抱有希望（过去一周）：几乎没有（<1天）；感到孤独（过去一周）：几乎没有（<1天）；感到高兴（过去一周）：少量（1–2天）；睡眠不安（过去一周）：几乎没有（<1天）,健康信息：自评健康状况：一般；医生诊断慢性病：血脂异常、糖尿病或高血糖；身体疼痛程度：一点；上月平均每天实际睡眠小时数：8小时；是否因健康/残疾不能工作：没问题；是否因健康/残疾不能做家事：没问题；多久接受他人帮助：从不,活动信息：高强度体力活动：是；高强度体力活动目的：工作需要；中等强度体力活动：是；中等强度体力活动目的：工作需要；轻度体力活动：是；轻度体力活动目的：工作需要；上月活动：打麻将/下棋/打牌/去社区活动室（几乎每周）,上网信息：是否使用互联网：是；上网设备：手机；上网用途：聊天、看新闻、看视频；是否用手机支付：是；是否使用微信：是；是否使用微信朋友圈：否,子女信息：子女总数：3个；健在子女数：3个；第2子女：是否工作/上学：工作；婚姻状况：已婚且配偶同住；过去一年同住月数：0个月；见面频率：每月；电话/短信/微信联系频率：每周2–3次,工作信息：是否从事农业/家庭农活：有；是否已办理退休：否；是否在工作：是；过去一年总工作天数：50天,"基础信息：性别：女；年龄：51岁；城乡类型：农村
教育信息：教育程度：小学
婚姻信息：婚姻状况：已婚且配偶同住；过去一年与配偶同住月数：12个月；上半年独自居住天数：0天；上半年仅与配偶同住天数：180天；上半年因不与别人同住而受影响程度：0
情绪信息：生活满意度：不太满意；对子女满意度：非常满意；因小事烦恼（过去一周）：几乎没有（<1天）；感到抑郁（过去一周）：少量（1–2天）；对未来抱有希望（过去一周）：几乎没有（<1天）；感到孤独（过去一周）：几乎没有（<1天）；感到高兴（过去一周）：少量（1–2天）；睡眠不安（过去一周）：几乎没有（<1天）
健康信息：自评健康状况：一般；医生诊断慢性病：血脂异常、糖尿病或高血糖；身体疼痛程度：一点；上月平均每天实际睡眠小时数：8小时；是否因健康/残疾不能工作：没问题；是否因健康/残疾不能做家事：没问题；多久接受他人帮助：从不
活动信息：高强度体力活动：是；高强度体力活动目的：工作需要；中等强度体力活动：是；中等强度体力活动目的：工作需要；轻度体力活动：是；轻度体力活动目的：工作需要；上月活动：打麻将/下棋/打牌/去社区活动室（几乎每周）
上网信息：是否使用互联网：是；上网设备：手机；上网用途：聊天、看新闻、看视频；是否用手机支付：是；是否使用微信：是；是否使用微信朋友圈：否
子女信息：子女总数：3个；健在子女数：3个；第2子女：是否工作/上学：工作；婚姻状况：已婚且配偶同住；过去一年同住月数：0个月；见面频率：每月；电话/短信/微信联系频率：每周2–3次
工作信息：是否从事农业/家庭农活：有；是否已办理退休：否；是否在工作：是；过去一年总工作天数：50天"
17,291676308001,基础信息：性别：女；年龄：82岁；城乡类型：农村,教育信息：教育程度：小学,婚姻信息：婚姻状况：丧偶；是否有人以配偶身份同住：否；上半年独自居住天数：0天；上半年因不与别人同住而受影响程度：0,情绪信息：生活满意度：很满意；对子女满意度：很满意；因小事烦恼（过去一周）：几乎没有（<1天）；感到抑郁（过去一周）：少量（1–2天）；对未来抱有希望（过去一周）：有时/中等（3–4天）；感到孤独（过去一周）：大多数时候（5–7天）；感到高兴（过去一周）：有时/中等（3–4天）；睡眠不安（过去一周）：几乎没有（<1天）,健康信息：自评健康状况：一般；医生诊断慢性病：未报告上述疾病；身体疼痛程度：有些；上月平均每天实际睡眠小时数：5小时；是否因健康/残疾不能工作：完全不能工作；多久接受他人帮助：偶尔,活动信息：高强度体力活动：否；中等强度体力活动：否；轻度体力活动：是；轻度体力活动目的：锻炼；上月活动：与朋友交往（几乎每周）,上网信息：是否使用互联网：否,子女信息：子女总数：3个；健在子女数：3个；第1子女：是否工作/上学：都不；婚姻状况：已婚且配偶同住；过去一年同住月数：12个月；第2子女：是否工作/上学：工作；婚姻状况：已婚且配偶同住；过去一年同住月数：0个月；见面频率：每半年；电话/短信/微信联系频率：每三月,工作信息：是否从事农业/家庭农活：无；是否已办理退休：否；是否在工作：是；过去一年总工作天数：30天,"基础信息：性别：女；年龄：82岁；城乡类型：农村
教育信息：教育程度：小学
婚姻信息：婚姻状况：丧偶；是否有人以配偶身份同住：否；上半年独自居住天数：0天；上半年因不与别人同住而受影响程度：0
情绪信息：生活满意度：很满意；对子女满意度：很满意；因小事烦恼（过去一周）：几乎没有（<1天）；感到抑郁（过去一周）：少量（1–2天）；对未来抱有希望（过去一周）：有时/中等（3–4天）；感到孤独（过去一周）：大多数时候（5–7天）；感到高兴（过去一周）：有时/中等（3–4天）；睡眠不安（过去一周）：几乎没有（<1天）
健康信息：自评健康状况：一般；医生诊断慢性病：未报告上述疾病；身体疼痛程度：有些；上月平均每天实际睡眠小时数：5小时；是否因健康/残疾不能工作：完全不能工作；多久接受他人帮助：偶尔
活动信息：高强度体力活动：否；中等强度体力活动：否；轻度体力活动：是；轻度体力活动目的：锻炼；上月活动：与朋友交往（几乎每周）
上网信息：是否使用互联网：否
子女信息：子女总数：3个；健在子女数：3个；第1子女：是否工作/上学：都不；婚姻状况：已婚且配偶同住；过去一年同住月数：12个月；第2子女：是否工作/上学：工作；婚姻状况：已婚且配偶同住；过去一年同住月数：0个月；见面频率：每半年；电话/短信/微信联系频率：每三月
工作信息：是否从事农业/家庭农活：无；是否已办理退休：否；是否在工作：是；过去一年总工作天数：30天"
18,75504213002,基础信息：性别：男；年龄：65岁；城乡类型：城/镇中心,教育信息：教育程度：初中,婚姻信息：婚姻状况：已婚且配偶同住；过去一年与配偶同住月数：12个月；上半年独自居住天数：0天；上半年仅与配偶同住天数：0天,情绪信息：生活满意度：有点满意；对子女满意度：有点满意；因小事烦恼（过去一周）：有时/中等（3–4天）；感到抑郁（过去一周）：几乎没有（<1天）；对未来抱有希望（过去一周）：几乎没有（<1天）；感到孤独（过去一周）：几乎没有（<1天）；感到高兴（过去一周）：大多数时候（5–7天）；睡眠不安（过去一周）：几乎没有（<1天）,健康信息：自评健康状况：一般；医生诊断慢性病：未报告上述疾病；身体疼痛程度：无；上月平均每天实际睡眠小时数：6小时；是否因健康/残疾不能工作：不能长时间工作；是否因健康/残疾不能做家事：没问题；多久接受他人帮助：从不,活动信息：高强度体力活动：否；中等强度体力活动：否；轻度体力活动：是；轻度体力活动目的：锻炼；上月活动：以上都没有,上网信息：是否使用互联网：否,子女信息：子女总数：1个；健在子女数：1个；第1子女：是否工作/上学：上学；婚姻状况：未婚；过去一年同住月数：7个月；见面频率：每半年；电话/短信/微信联系频率：每周1次,工作信息：是否从事农业/家庭农活：无；是否在工作：否；过去一年总工作天数：0天；上月是否在找工作：否,"基础信息：性别：男；年龄：65岁；城乡类型：城/镇中心
教育信息：教育程度：初中
婚姻信息：婚姻状况：已婚且配偶同住；过去一年与配偶同住月数：12个月；上半年独自居住天数：0天；上半年仅与配偶同住天数：0天
情绪信息：生活满意度：有点满意；对子女满意度：有点满意；因小事烦恼（过去一周）：有时/中等（3–4天）；感到抑郁（过去一周）：几乎没有（<1天）；对未来抱有希望（过去一周）：几乎没有（<1天）；感到孤独（过去一周）：几乎没有（<1天）；感到高兴（过去一周）：大多数时候（5–7天）；睡眠不安（过去一周）：几乎没有（<1天）
健康信息：自评健康状况：一般；医生诊断慢性病：未报告上述疾病；身体疼痛程度：无；上月平均每天实际睡眠小时数：6小时；是否因健康/残疾不能工作：不能长时间工作；是否因健康/残疾不能做家事：没问题；多久接受他人帮助：从不
活动信息：高强度体力活动：否；中等强度体力活动：否；轻度体力活动：是；轻度体力活动目的：锻炼；上月活动：以上都没有
上网信息：是否使用互联网：否
子女信息：子女总数：1个；健在子女数：1个；第1子女：是否工作/上学：上学；婚姻状况：未婚；过去一年同住月数：7个月；见面频率：每半年；电话/短信/微信联系频率：每周1次
工作信息：是否从事农业/家庭农活：无；是否在工作：否；过去一年总工作天数：0天；上月是否在找工作：否"
19,184037213001,基础信息：性别：女；年龄：62岁；城乡类型：城乡结合部/镇乡,教育信息：教育程度：初中,婚姻信息：婚姻状况：已婚且配偶同住；过去一年与配偶同住月数：12个月；上半年独自居住天数：0天；上半年仅与配偶同住天数：0天,情绪信息：生活满意度：有点满意；对子女满意度：有点满意；因小事烦恼（过去一周）：有时/中等（3–4天）；感到抑郁（过去一周）：少量（1–2天）；对未来抱有希望（过去一周）：大多数时候（5–7天）；感到孤独（过去一周）：几乎没有（<1天）；感到高兴（过去一周）：大多数时候（5–7天）；睡眠不安（过去一周）：几乎没有（<1天）,健康信息：自评健康状况：一般；医生诊断慢性病：未报告上述疾病；身体疼痛程度：一点；上月平均每天实际睡眠小时数：5小时；是否因健康/残疾不能工作：没问题；是否因健康/残疾不能做家事：没问题；多久接受他人帮助：从不,活动信息：高强度体力活动：否；中等强度体力活动：是；中等强度体力活动目的：其他；轻度体力活动：是；轻度体力活动目的：锻炼；上月活动：与朋友交往（不规律）,上网信息：是否使用互联网：是；上网设备：手机；上网用途：聊天、看新闻；是否用手机支付：否；是否使用微信：是；是否使用微信朋友圈：是,子女信息：子女总数：1个；健在子女数：1个；第1子女：是否工作/上学：工作；婚姻状况：离婚；过去一年同住月数：12个月,工作信息：是否从事农业/家庭农活：无；是否在工作：否；过去一年总工作天数：0天；上月是否在找工作：否,"基础信息：性别：女；年龄：62岁；城乡类型：城乡结合部/镇乡
教育信息：教育程度：初中
婚姻信息：婚姻状况：已婚且配偶同住；过去一年与配偶同住月数：12个月；上半年独自居住天数：0天；上半年仅与配偶同住天数：0天
情绪信息：生活满意度：有点满意；对子女满意度：有点满意；因小事烦恼（过去一周）：有时/中等（3–4天）；感到抑郁（过去一周）：少量（1–2天）；对未来抱有希望（过去一周）：大多数时候（5–7天）；感到孤独（过去一周）：几乎没有（<1天）；感到高兴（过去一周）：大多数时候（5–7天）；睡眠不安（过去一周）：几乎没有（<1天）
健康信息：自评健康状况：一般；医生诊断慢性病：未报告上述疾病；身体疼痛程度：一点；上月平均每天实际睡眠小时数：5小时；是否因健康/残疾不能工作：没问题；是否因健康/残疾不能做家事：没问题；多久接受他人帮助：从不
活动信息：高强度体力活动：否；中等强度体力活动：是；中等强度体力活动目的：其他；轻度体力活动：是；轻度体力活动目的：锻炼；上月活动：与朋友交往（不规律）
上网信息：是否使用互联网：是；上网设备：手机；上网用途：聊天、看新闻；是否用手机支付：否；是否使用微信：是；是否使用微信朋友圈：是
子女信息：子女总数：1个；健在子女数：1个；第1子女：是否工作/上学：工作；婚姻状况：离婚；过去一年同住月数：12个月
工作信息：是否从事农业/家庭农活：无；是否在工作：否；过去一年总工作天数：0天；上月是否在找工作：否"
20,154058307002,基础信息：性别：男；年龄：60岁；城乡类型：城/镇中心,教育信息：教育程度：高中,婚姻信息：婚姻状况：已婚且配偶同住；过去一年与配偶同住月数：12个月；上半年独自居住天数：0天；上半年仅与配偶同住天数：180天；上半年因不与别人同住而受影响程度：0,情绪信息：生活满意度：有点满意；对子女满意度：有点满意；因小事烦恼（过去一周）：几乎没有（<1天）；感到抑郁（过去一周）：几乎没有（<1天）；对未来抱有希望（过去一周）：几乎没有（<1天）；感到孤独（过去一周）：少量（1–2天）；感到高兴（过去一周）：有时/中等（3–4天）；睡眠不安（过去一周）：大多数时候（5–7天）,健康信息：自评健康状况：一般；医生诊断慢性病：未报告上述疾病；身体疼痛程度：无；上月平均每天实际睡眠小时数：8小时；是否因健康/残疾不能工作：没问题；是否因健康/残疾不能做家事：没问题；多久接受他人帮助：从不,活动信息：高强度体力活动：否；中等强度体力活动：否；轻度体力活动：是；轻度体力活动目的：锻炼；上月活动：以上都没有,上网信息：是否使用互联网：否,子女信息：子女总数：3个；健在子女数：3个；第1子女：是否工作/上学：工作；婚姻状况：未婚；过去一年同住月数：0个月；见面频率：每周1次；第2子女：是否工作/上学：工作；婚姻状况：已婚且配偶同住；过去一年同住月数：0个月；见面频率：每周1次,工作信息：是否从事农业/家庭农活：无；是否已办理退休：否；是否在工作：否；过去一年总工作天数：0天；上月是否在找工作：否,"基础信息：性别：男；年龄：60岁；城乡类型：城/镇中心
教育信息：教育程度：高中
婚姻信息：婚姻状况：已婚且配偶同住；过去一年与配偶同住月数：12个月；上半年独自居住天数：0天；上半年仅与配偶同住天数：180天；上半年因不与别人同住而受影响程度：0
情绪信息：生活满意度：有点满意；对子女满意度：有点满意；因小事烦恼（过去一周）：几乎没有（<1天）；感到抑郁（过去一周）：几乎没有（<1天）；对未来抱有希望（过去一周）：几乎没有（<1天）；感到孤独（过去一周）：少量（1–2天）；感到高兴（过去一周）：有时/中等（3–4天）；睡眠不安（过去一周）：大多数时候（5–7天）
健康信息：自评健康状况：一般；医生诊断慢性病：未报告上述疾病；身体疼痛程度：无；上月平均每天实际睡眠小时数：8小时；是否因健康/残疾不能工作：没问题；是否因健康/残疾不能做家事：没问题；多久接受他人帮助：从不
活动信息：高强度体力活动：否；中等强度体力活动：否；轻度体力活动：是；轻度体力活动目的：锻炼；上月活动：以上都没有
上网信息：是否使用互联网：否
子女信息：子女总数：3个；健在子女数：3个；第1子女：是否工作/上学：工作；婚姻状况：未婚；过去一年同住月数：0个月；见面频率：每周1次；第2子女：是否工作/上学：工作；婚姻状况：已婚且配偶同住；过去一年同住月数：0个月；见面频率：每周1次
工作信息：是否从事农业/家庭农活：无；是否已办理退休：否；是否在工作：否；过去一年总工作天数：0天；上月是否在找工作：否"
21,207406312001,基础信息：性别：男；年龄：58岁；现居住地地址类型：家庭住房；城乡类型：城/镇中心,教育信息：教育程度：高中,婚姻信息：婚姻状况：已婚且配偶同住；过去一年与配偶同住月数：10个月；上半年独自居住天数：60天；上半年仅与配偶同住天数：120天；上半年因不与别人同住而受影响程度：100,情绪信息：生活满意度：不太满意；对子女满意度：有点满意；因小事烦恼（过去一周）：有时/中等（3–4天）；感到抑郁（过去一周）：有时/中等（3–4天）；对未来抱有希望（过去一周）：大多数时候（5–7天）；感到孤独（过去一周）：有时/中等（3–4天）；感到高兴（过去一周）：少量（1–2天）；睡眠不安（过去一周）：几乎没有（<1天）,健康信息：自评健康状况：好；医生诊断慢性病：未报告上述疾病；身体疼痛程度：相当；上月平均每天实际睡眠小时数：6小时；是否因健康/残疾不能工作：没问题；是否因健康/残疾不能做家事：没问题；多久接受他人帮助：从不,活动信息：高强度体力活动：是；高强度体力活动目的：工作需要；中等强度体力活动：是；中等强度体力活动目的：工作需要；轻度体力活动：是；轻度体力活动目的：锻炼；上月活动：与朋友交往（不规律）、帮助不住一起的家人朋友邻居（不规律）,上网信息：是否使用互联网：是；上网设备：平板、手机；上网用途：聊天、看新闻、看视频、玩游戏、理财、其他；是否用手机支付：是；是否使用微信：是；是否使用微信朋友圈：是,子女信息：子女总数：1个；健在子女数：1个；第1子女：是否工作/上学：工作；婚姻状况：已婚且配偶同住；过去一年同住月数：12个月,工作信息：是否从事农业/家庭农活：无；是否在工作：是；过去一年总工作天数：360天,"基础信息：性别：男；年龄：58岁；现居住地地址类型：家庭住房；城乡类型：城/镇中心
教育信息：教育程度：高中
婚姻信息：婚姻状况：已婚且配偶同住；过去一年与配偶同住月数：10个月；上半年独自居住天数：60天；上半年仅与配偶同住天数：120天；上半年因不与别人同住而受影响程度：100
情绪信息：生活满意度：不太满意；对子女满意度：有点满意；因小事烦恼（过去一周）：有时/中等（3–4天）；感到抑郁（过去一周）：有时/中等（3–4天）；对未来抱有希望（过去一周）：大多数时候（5–7天）；感到孤独（过去一周）：有时/中等（3–4天）；感到高兴（过去一周）：少量（1–2天）；睡眠不安（过去一周）：几乎没有（<1天）
健康信息：自评健康状况：好；医生诊断慢性病：未报告上述疾病；身体疼痛程度：相当；上月平均每天实际睡眠小时数：6小时；是否因健康/残疾不能工作：没问题；是否因健康/残疾不能做家事：没问题；多久接受他人帮助：从不
活动信息：高强度体力活动：是；高强度体力活动目的：工作需要；中等强度体力活动：是；中等强度体力活动目的：工作需要；轻度体力活动：是；轻度体力活动目的：锻炼；上月活动：与朋友交往（不规律）、帮助不住一起的家人朋友邻居（不规律）
上网信息：是否使用互联网：是；上网设备：平板、手机；上网用途：聊天、看新闻、看视频、玩游戏、理财、其他；是否用手机支付：是；是否使用微信：是；是否使用微信朋友圈：是
子女信息：子女总数：1个；健在子女数：1个；第1子女：是否工作/上学：工作；婚姻状况：已婚且配偶同住；过去一年同住月数：12个月
工作信息：是否从事农业/家庭农活：无；是否在工作：是；过去一年总工作天数：360天"
22,154044202001,基础信息：性别：女；年龄：53岁；城乡类型：农村,教育信息：教育程度：小学,婚姻信息：婚姻状况：已婚且配偶同住；过去一年与配偶同住月数：12个月；上半年独自居住天数：0天；上半年仅与配偶同住天数：180天；上半年因不与别人同住而受影响程度：0,情绪信息：生活满意度：有点满意；对子女满意度：有点满意；因小事烦恼（过去一周）：几乎没有（<1天）；感到抑郁（过去一周）：几乎没有（<1天）；对未来抱有希望（过去一周）：少量（1–2天）；感到孤独（过去一周）：几乎没有（<1天）；感到高兴（过去一周）：有时/中等（3–4天）；睡眠不安（过去一周）：几乎没有（<1天）,健康信息：自评健康状况：好；医生诊断慢性病：未报告上述疾病；身体疼痛程度：无；上月平均每天实际睡眠小时数：5小时；是否因健康/残疾不能工作：没问题；是否因健康/残疾不能做家事：没问题；多久接受他人帮助：从不,活动信息：高强度体力活动：是；高强度体力活动目的：工作需要；中等强度体力活动：是；中等强度体力活动目的：其他；轻度体力活动：否；上月活动：以上都没有,上网信息：是否使用互联网：是；上网设备：手机；上网用途：聊天；是否用手机支付：否；是否使用微信：是；是否使用微信朋友圈：否,子女信息：子女总数：3个；健在子女数：3个；第1子女：是否工作/上学：工作；婚姻状况：未婚；过去一年同住月数：2个月；见面频率：其他；电话/短信/微信联系频率：每周1次；第2子女：是否工作/上学：工作；婚姻状况：未婚；过去一年同住月数：12个月,工作信息：是否从事农业/家庭农活：有；是否已办理退休：否；是否在工作：是；过去一年总工作天数：336天,"基础信息：性别：女；年龄：53岁；城乡类型：农村
教育信息：教育程度：小学
婚姻信息：婚姻状况：已婚且配偶同住；过去一年与配偶同住月数：12个月；上半年独自居住天数：0天；上半年仅与配偶同住天数：180天；上半年因不与别人同住而受影响程度：0
情绪信息：生活满意度：有点满意；对子女满意度：有点满意；因小事烦恼（过去一周）：几乎没有（<1天）；感到抑郁（过去一周）：几乎没有（<1天）；对未来抱有希望（过去一周）：少量（1–2天）；感到孤独（过去一周）：几乎没有（<1天）；感到高兴（过去一周）：有时/中等（3–4天）；睡眠不安（过去一周）：几乎没有（<1天）
健康信息：自评健康状况：好；医生诊断慢性病：未报告上述疾病；身体疼痛程度：无；上月平均每天实际睡眠小时数：5小时；是否因健康/残疾不能工作：没问题；是否因健康/残疾不能做家事：没问题；多久接受他人帮助：从不
活动信息：高强度体力活动：是；高强度体力活动目的：工作需要；中等强度体力活动：是；中等强度体力活动目的：其他；轻度体力活动：否；上月活动：以上都没有
上网信息：是否使用互联网：是；上网设备：手机；上网用途：聊天；是否用手机支付：否；是否使用微信：是；是否使用微信朋友圈：否
子女信息：子女总数：3个；健在子女数：3个；第1子女：是否工作/上学：工作；婚姻状况：未婚；过去一年同住月数：2个月；见面频率：其他；电话/短信/微信联系频率：每周1次；第2子女：是否工作/上学：工作；婚姻状况：未婚；过去一年同住月数：12个月
工作信息：是否从事农业/家庭农活：有；是否已办理退休：否；是否在工作：是；过去一年总工作天数：336天"
23,266059222001,基础信息：性别：男；年龄：60岁；城乡类型：农村,教育信息：教育程度：未读完小学,婚姻信息：婚姻状况：已婚且配偶同住；过去一年与配偶同住月数：12个月；上半年独自居住天数：0天；上半年仅与配偶同住天数：0天,情绪信息：生活满意度：很满意；对子女满意度：很满意；因小事烦恼（过去一周）：几乎没有（<1天）；感到抑郁（过去一周）：少量（1–2天）；对未来抱有希望（过去一周）：少量（1–2天）；感到孤独（过去一周）：几乎没有（<1天）；感到高兴（过去一周）：大多数时候（5–7天）；睡眠不安（过去一周）：几乎没有（<1天）,健康信息：自评健康状况：差；医生诊断慢性病：未报告上述疾病；身体疼痛程度：无；上月平均每天实际睡眠小时数：5小时；是否因健康/残疾不能工作：不能长时间工作；是否因健康/残疾不能做家事：没问题；多久接受他人帮助：从不,活动信息：高强度体力活动：是；高强度体力活动目的：工作需要；中等强度体力活动：是；中等强度体力活动目的：工作需要；轻度体力活动：是；轻度体力活动目的：工作需要；上月活动：以上都没有,上网信息：是否使用互联网：否,子女信息：子女总数：4个；健在子女数：4个；第1子女：是否工作/上学：工作；婚姻状况：已婚暂分居；过去一年同住月数：0个月；见面频率：每三月；电话/短信/微信联系频率：每周2–3次；第2子女：是否工作/上学：工作；婚姻状况：已婚暂分居；过去一年同住月数：0个月；见面频率：每年；电话/短信/微信联系频率：每周2–3次,工作信息：是否从事农业/家庭农活：有；是否已办理退休：否；是否在工作：是；过去一年总工作天数：300天,"基础信息：性别：男；年龄：60岁；城乡类型：农村
教育信息：教育程度：未读完小学
婚姻信息：婚姻状况：已婚且配偶同住；过去一年与配偶同住月数：12个月；上半年独自居住天数：0天；上半年仅与配偶同住天数：0天
情绪信息：生活满意度：很满意；对子女满意度：很满意；因小事烦恼（过去一周）：几乎没有（<1天）；感到抑郁（过去一周）：少量（1–2天）；对未来抱有希望（过去一周）：少量（1–2天）；感到孤独（过去一周）：几乎没有（<1天）；感到高兴（过去一周）：大多数时候（5–7天）；睡眠不安（过去一周）：几乎没有（<1天）
健康信息：自评健康状况：差；医生诊断慢性病：未报告上述疾病；身体疼痛程度：无；上月平均每天实际睡眠小时数：5小时；是否因健康/残疾不能工作：不能长时间工作；是否因健康/残疾不能做家事：没问题；多久接受他人帮助：从不
活动信息：高强度体力活动：是；高强度体力活动目的：工作需要；中等强度体力活动：是；中等强度体力活动目的：工作需要；轻度体力活动：是；轻度体力活动目的：工作需要；上月活动：以上都没有
上网信息：是否使用互联网：否
子女信息：子女总数：4个；健在子女数：4个；第1子女：是否工作/上学：工作；婚姻状况：已婚暂分居；过去一年同住月数：0个月；见面频率：每三月；电话/短信/微信联系频率：每周2–3次；第2子女：是否工作/上学：工作；婚姻状况：已婚暂分居；过去一年同住月数：0个月；见面频率：每年；电话/短信/微信联系频率：每周2–3次
工作信息：是否从事农业/家庭农活：有；是否已办理退休：否；是否在工作：是；过去一年总工作天数：300天"
24,30476124001,基础信息：性别：女；年龄：86岁；城乡类型：农村,教育信息：教育程度：未受教育,婚姻信息：婚姻状况：丧偶；是否有人以配偶身份同住：否；上半年独自居住天数：0天,情绪信息：生活满意度：有点满意；对子女满意度：有点满意；因小事烦恼（过去一周）：有时/中等（3–4天）；感到抑郁（过去一周）：有时/中等（3–4天）；感到孤独（过去一周）：大多数时候（5–7天）；睡眠不安（过去一周）：有时/中等（3–4天）,健康信息：自评健康状况：很差；医生诊断慢性病：心脏病、白内障或其他视力问题；身体疼痛程度：非常；上月平均每天实际睡眠小时数：3小时；是否因健康/残疾不能工作：完全不能工作；多久接受他人帮助：从不,活动信息：高强度体力活动：否；中等强度体力活动：否；轻度体力活动：否；上月活动：以上都没有,上网信息：是否使用互联网：否,子女信息：子女总数：7个；健在子女数：7个；第1子女：是否工作/上学：都不；婚姻状况：已婚且配偶同住；过去一年同住月数：0个月；见面频率：每周1次；第2子女：是否工作/上学：都不；婚姻状况：已婚且配偶同住；过去一年同住月数：0个月；见面频率：每周1次,工作信息：是否从事农业/家庭农活：无；是否已办理退休：否；是否在工作：否；过去一年总工作天数：0天；上月是否在找工作：否,"基础信息：性别：女；年龄：86岁；城乡类型：农村
教育信息：教育程度：未受教育
婚姻信息：婚姻状况：丧偶；是否有人以配偶身份同住：否；上半年独自居住天数：0天
情绪信息：生活满意度：有点满意；对子女满意度：有点满意；因小事烦恼（过去一周）：有时/中等（3–4天）；感到抑郁（过去一周）：有时/中等（3–4天）；感到孤独（过去一周）：大多数时候（5–7天）；睡眠不安（过去一周）：有时/中等（3–4天）
健康信息：自评健康状况：很差；医生诊断慢性病：心脏病、白内障或其他视力问题；身体疼痛程度：非常；上月平均每天实际睡眠小时数：3小时；是否因健康/残疾不能工作：完全不能工作；多久接受他人帮助：从不
活动信息：高强度体力活动：否；中等强度体力活动：否；轻度体力活动：否；上月活动：以上都没有
上网信息：是否使用互联网：否
子女信息：子女总数：7个；健在子女数：7个；第1子女：是否工作/上学：都不；婚姻状况：已婚且配偶同住；过去一年同住月数：0个月；见面频率：每周1次；第2子女：是否工作/上学：都不；婚姻状况：已婚且配偶同住；过去一年同住月数：0个月；见面频率：每周1次
工作信息：是否从事农业/家庭农活：无；是否已办理退休：否；是否在工作：否；过去一年总工作天数：0天；上月是否在找工作：否"
25,135559225002,基础信息：性别：女；年龄：48岁；现居住地地址类型：其他；城乡类型：城/镇中心,教育信息：教育程度：小学,婚姻信息：婚姻状况：已婚暂分居；过去一年与配偶同住月数：2个月；上半年独自居住天数：122天；上半年仅与配偶同住天数：60天；上半年因不与别人同住而受影响程度：0,情绪信息：生活满意度：非常满意；对子女满意度：有点满意；因小事烦恼（过去一周）：少量（1–2天）；感到抑郁（过去一周）：大多数时候（5–7天）；对未来抱有希望（过去一周）：有时/中等（3–4天）；感到孤独（过去一周）：几乎没有（<1天）；感到高兴（过去一周）：有时/中等（3–4天）；睡眠不安（过去一周）：大多数时候（5–7天）,健康信息：自评健康状况：一般；医生诊断慢性病：未报告上述疾病；身体疼痛程度：无；上月平均每天实际睡眠小时数：6小时；是否因健康/残疾不能工作：没问题；是否因健康/残疾不能做家事：没问题；多久接受他人帮助：从不,活动信息：高强度体力活动：否；中等强度体力活动：否；轻度体力活动：否；上月活动：以上都没有,上网信息：是否使用互联网：否,子女信息：子女总数：2个；健在子女数：2个；第1子女：是否工作/上学：工作；婚姻状况：未婚；过去一年同住月数：0个月；见面频率：每三月；电话/短信/微信联系频率：每周2–3次；第2子女：是否工作/上学：工作；婚姻状况：已婚且配偶同住；过去一年同住月数：1个月；见面频率：每周1次,工作信息：是否从事农业/家庭农活：有；是否已办理退休：否；是否在工作：是；过去一年总工作天数：341天,"基础信息：性别：女；年龄：48岁；现居住地地址类型：其他；城乡类型：城/镇中心
教育信息：教育程度：小学
婚姻信息：婚姻状况：已婚暂分居；过去一年与配偶同住月数：2个月；上半年独自居住天数：122天；上半年仅与配偶同住天数：60天；上半年因不与别人同住而受影响程度：0
情绪信息：生活满意度：非常满意；对子女满意度：有点满意；因小事烦恼（过去一周）：少量（1–2天）；感到抑郁（过去一周）：大多数时候（5–7天）；对未来抱有希望（过去一周）：有时/中等（3–4天）；感到孤独（过去一周）：几乎没有（<1天）；感到高兴（过去一周）：有时/中等（3–4天）；睡眠不安（过去一周）：大多数时候（5–7天）
健康信息：自评健康状况：一般；医生诊断慢性病：未报告上述疾病；身体疼痛程度：无；上月平均每天实际睡眠小时数：6小时；是否因健康/残疾不能工作：没问题；是否因健康/残疾不能做家事：没问题；多久接受他人帮助：从不
活动信息：高强度体力活动：否；中等强度体力活动：否；轻度体力活动：否；上月活动：以上都没有
上网信息：是否使用互联网：否
子女信息：子女总数：2个；健在子女数：2个；第1子女：是否工作/上学：工作；婚姻状况：未婚；过去一年同住月数：0个月；见面频率：每三月；电话/短信/微信联系频率：每周2–3次；第2子女：是否工作/上学：工作；婚姻状况：已婚且配偶同住；过去一年同住月数：1个月；见面频率：每周1次
工作信息：是否从事农业/家庭农活：有；是否已办理退休：否；是否在工作：是；过去一年总工作天数：341天"
26,211176334001,基础信息：性别：女；年龄：49岁；城乡类型：农村,教育信息：教育程度：初中,婚姻信息：婚姻状况：已婚且配偶同住；过去一年与配偶同住月数：1个月；上半年独自居住天数：0天；上半年仅与配偶同住天数：182天；上半年因不与别人同住而受影响程度：100,情绪信息：生活满意度：有点满意；对子女满意度：非常满意；因小事烦恼（过去一周）：大多数时候（5–7天）；感到抑郁（过去一周）：大多数时候（5–7天）；对未来抱有希望（过去一周）：几乎没有（<1天）；感到孤独（过去一周）：几乎没有（<1天）；感到高兴（过去一周）：大多数时候（5–7天）；睡眠不安（过去一周）：少量（1–2天）,健康信息：自评健康状况：一般；医生诊断慢性病：白内障或其他视力问题；身体疼痛程度：无；上月平均每天实际睡眠小时数：8小时；是否因健康/残疾不能工作：不能长时间工作；是否因健康/残疾不能做家事：不能长时间；多久接受他人帮助：从不,活动信息：高强度体力活动：是；高强度体力活动目的：工作需要；中等强度体力活动：是；中等强度体力活动目的：工作需要；轻度体力活动：是；轻度体力活动目的：工作需要；上月活动：以上都没有,上网信息：是否使用互联网：是；上网设备：手机；上网用途：看新闻、看视频；是否用手机支付：是；是否使用微信：是；是否使用微信朋友圈：否,子女信息：子女总数：2个；健在子女数：2个；第1子女：是否工作/上学：工作；婚姻状况：未婚；过去一年同住月数：0个月；见面频率：每三月；电话/短信/微信联系频率：每周1次；第2子女：最高学历：初中；是否工作/上学：工作；婚姻状况：未婚；过去一年同住月数：1个月；见面频率：每三月；电话/短信/微信联系频率：每周1次,工作信息：是否从事农业/家庭农活：有；是否已办理退休：否；是否在工作：是；过去一年总工作天数：60天,"基础信息：性别：女；年龄：49岁；城乡类型：农村
教育信息：教育程度：初中
婚姻信息：婚姻状况：已婚且配偶同住；过去一年与配偶同住月数：1个月；上半年独自居住天数：0天；上半年仅与配偶同住天数：182天；上半年因不与别人同住而受影响程度：100
情绪信息：生活满意度：有点满意；对子女满意度：非常满意；因小事烦恼（过去一周）：大多数时候（5–7天）；感到抑郁（过去一周）：大多数时候（5–7天）；对未来抱有希望（过去一周）：几乎没有（<1天）；感到孤独（过去一周）：几乎没有（<1天）；感到高兴（过去一周）：大多数时候（5–7天）；睡眠不安（过去一周）：少量（1–2天）
健康信息：自评健康状况：一般；医生诊断慢性病：白内障或其他视力问题；身体疼痛程度：无；上月平均每天实际睡眠小时数：8小时；是否因健康/残疾不能工作：不能长时间工作；是否因健康/残疾不能做家事：不能长时间；多久接受他人帮助：从不
活动信息：高强度体力活动：是；高强度体力活动目的：工作需要；中等强度体力活动：是；中等强度体力活动目的：工作需要；轻度体力活动：是；轻度体力活动目的：工作需要；上月活动：以上都没有
上网信息：是否使用互联网：是；上网设备：手机；上网用途：看新闻、看视频；是否用手机支付：是；是否使用微信：是；是否使用微信朋友圈：否
子女信息：子女总数：2个；健在子女数：2个；第1子女：是否工作/上学：工作；婚姻状况：未婚；过去一年同住月数：0个月；见面频率：每三月；电话/短信/微信联系频率：每周1次；第2子女：最高学历：初中；是否工作/上学：工作；婚姻状况：未婚；过去一年同住月数：1个月；见面频率：每三月；电话/短信/微信联系频率：每周1次
工作信息：是否从事农业/家庭农活：有；是否已办理退休：否；是否在工作：是；过去一年总工作天数：60天"
27,14031307002,基础信息：性别：男；年龄：70岁；现居住地地址类型：家庭住房；城乡类型：城/镇中心,教育信息：教育程度：未受教育,婚姻信息：婚姻状况：已婚且配偶同住；过去一年与配偶同住月数：12个月；上半年独自居住天数：0天；上半年仅与配偶同住天数：180天；上半年因不与别人同住而受影响程度：0,情绪信息：生活满意度：很满意；对子女满意度：很满意；因小事烦恼（过去一周）：几乎没有（<1天）；感到抑郁（过去一周）：几乎没有（<1天）；对未来抱有希望（过去一周）：几乎没有（<1天）；感到孤独（过去一周）：几乎没有（<1天）；感到高兴（过去一周）：大多数时候（5–7天）；睡眠不安（过去一周）：几乎没有（<1天）,健康信息：自评健康状况：很差；医生诊断慢性病：未报告上述疾病；身体疼痛程度：无；上月平均每天实际睡眠小时数：2小时；是否因健康/残疾不能工作：没问题；是否因健康/残疾不能做家事：没问题；多久接受他人帮助：从不,活动信息：高强度体力活动：是；高强度体力活动目的：锻炼；中等强度体力活动：否；轻度体力活动：否；上月活动：与朋友交往（不规律）、打麻将/下棋/打牌/去社区活动室（几乎每天）,上网信息：是否使用互联网：否,子女信息：子女总数：1个；健在子女数：1个；第2子女：是否工作/上学：工作；婚姻状况：已婚且配偶同住；过去一年同住月数：0个月；见面频率：每周1次,工作信息：是否从事农业/家庭农活：有；是否已办理退休：否；是否在工作：是；过去一年总工作天数：270天,"基础信息：性别：男；年龄：70岁；现居住地地址类型：家庭住房；城乡类型：城/镇中心
教育信息：教育程度：未受教育
婚姻信息：婚姻状况：已婚且配偶同住；过去一年与配偶同住月数：12个月；上半年独自居住天数：0天；上半年仅与配偶同住天数：180天；上半年因不与别人同住而受影响程度：0
情绪信息：生活满意度：很满意；对子女满意度：很满意；因小事烦恼（过去一周）：几乎没有（<1天）；感到抑郁（过去一周）：几乎没有（<1天）；对未来抱有希望（过去一周）：几乎没有（<1天）；感到孤独（过去一周）：几乎没有（<1天）；感到高兴（过去一周）：大多数时候（5–7天）；睡眠不安（过去一周）：几乎没有（<1天）
健康信息：自评健康状况：很差；医生诊断慢性病：未报告上述疾病；身体疼痛程度：无；上月平均每天实际睡眠小时数：2小时；是否因健康/残疾不能工作：没问题；是否因健康/残疾不能做家事：没问题；多久接受他人帮助：从不
活动信息：高强度体力活动：是；高强度体力活动目的：锻炼；中等强度体力活动：否；轻度体力活动：否；上月活动：与朋友交往（不规律）、打麻将/下棋/打牌/去社区活动室（几乎每天）
上网信息：是否使用互联网：否
子女信息：子女总数：1个；健在子女数：1个；第2子女：是否工作/上学：工作；婚姻状况：已婚且配偶同住；过去一年同住月数：0个月；见面频率：每周1次
工作信息：是否从事农业/家庭农活：有；是否已办理退休：否；是否在工作：是；过去一年总工作天数：270天"
28,280154309002,基础信息：性别：女；年龄：54岁；城乡类型：农村,教育信息：教育程度：小学,婚姻信息：婚姻状况：已婚且配偶同住；过去一年与配偶同住月数：12个月；上半年独自居住天数：0天；上半年仅与配偶同住天数：0天,情绪信息：生活满意度：有点满意；对子女满意度：很满意；因小事烦恼（过去一周）：有时/中等（3–4天）；感到抑郁（过去一周）：有时/中等（3–4天）；对未来抱有希望（过去一周）：几乎没有（<1天）；感到孤独（过去一周）：几乎没有（<1天）；感到高兴（过去一周）：有时/中等（3–4天）；睡眠不安（过去一周）：大多数时候（5–7天）,健康信息：自评健康状况：好；医生诊断慢性病：未报告上述疾病；身体疼痛程度：无；上月平均每天实际睡眠小时数：6小时；是否因健康/残疾不能工作：没问题；是否因健康/残疾不能做家事：没问题；多久接受他人帮助：从不,活动信息：高强度体力活动：否；中等强度体力活动：否；轻度体力活动：是；轻度体力活动目的：其他；上月活动：以上都没有,上网信息：是否使用互联网：是；上网设备：手机；上网用途：看视频、其他；是否用手机支付：是；是否使用微信：是；是否使用微信朋友圈：否,子女信息：子女总数：2个；健在子女数：2个；第1子女：是否工作/上学：工作；婚姻状况：已婚且配偶同住；过去一年同住月数：0个月；见面频率：几乎每天；第2子女：是否工作/上学：都不；婚姻状况：已婚且配偶同住；过去一年同住月数：12个月,工作信息：是否从事农业/家庭农活：无；是否已办理退休：否；是否在工作：否；过去一年总工作天数：0天；上月是否在找工作：否,"基础信息：性别：女；年龄：54岁；城乡类型：农村
教育信息：教育程度：小学
婚姻信息：婚姻状况：已婚且配偶同住；过去一年与配偶同住月数：12个月；上半年独自居住天数：0天；上半年仅与配偶同住天数：0天
情绪信息：生活满意度：有点满意；对子女满意度：很满意；因小事烦恼（过去一周）：有时/中等（3–4天）；感到抑郁（过去一周）：有时/中等（3–4天）；对未来抱有希望（过去一周）：几乎没有（<1天）；感到孤独（过去一周）：几乎没有（<1天）；感到高兴（过去一周）：有时/中等（3–4天）；睡眠不安（过去一周）：大多数时候（5–7天）
健康信息：自评健康状况：好；医生诊断慢性病：未报告上述疾病；身体疼痛程度：无；上月平均每天实际睡眠小时数：6小时；是否因健康/残疾不能工作：没问题；是否因健康/残疾不能做家事：没问题；多久接受他人帮助：从不
活动信息：高强度体力活动：否；中等强度体力活动：否；轻度体力活动：是；轻度体力活动目的：其他；上月活动：以上都没有
上网信息：是否使用互联网：是；上网设备：手机；上网用途：看视频、其他；是否用手机支付：是；是否使用微信：是；是否使用微信朋友圈：否
子女信息：子女总数：2个；健在子女数：2个；第1子女：是否工作/上学：工作；婚姻状况：已婚且配偶同住；过去一年同住月数：0个月；见面频率：几乎每天；第2子女：是否工作/上学：都不；婚姻状况：已婚且配偶同住；过去一年同住月数：12个月
工作信息：是否从事农业/家庭农活：无；是否已办理退休：否；是否在工作：否；过去一年总工作天数：0天；上月是否在找工作：否"
29,200104317001,基础信息：性别：男；年龄：56岁；现居住地地址类型：家庭住房；城乡类型：农村,教育信息：教育程度：初中,婚姻信息：婚姻状况：已婚且配偶同住；过去一年与配偶同住月数：12个月；上半年独自居住天数：0天；上半年仅与配偶同住天数：0天,情绪信息：生活满意度：有点满意；对子女满意度：有点满意；因小事烦恼（过去一周）：少量（1–2天）；感到抑郁（过去一周）：少量（1–2天）；对未来抱有希望（过去一周）：大多数时候（5–7天）；感到孤独（过去一周）：少量（1–2天）；感到高兴（过去一周）：大多数时候（5–7天）；睡眠不安（过去一周）：少量（1–2天）,健康信息：自评健康状况：好；医生诊断慢性病：未报告上述疾病；身体疼痛程度：一点；上月平均每天实际睡眠小时数：6小时；是否因健康/残疾不能工作：没问题；是否因健康/残疾不能做家事：没问题；多久接受他人帮助：偶尔,活动信息：高强度体力活动：是；高强度体力活动目的：工作需要；中等强度体力活动：是；中等强度体力活动目的：工作需要；轻度体力活动：是；轻度体力活动目的：工作需要；上月活动：以上都没有,上网信息：是否使用互联网：是；上网设备：台式电脑、手机；上网用途：看新闻、看视频；是否用手机支付：否；是否使用微信：是；是否使用微信朋友圈：是,子女信息：子女总数：1个；健在子女数：1个；第1子女：是否工作/上学：工作；婚姻状况：已婚且配偶同住；过去一年同住月数：0个月；见面频率：每周2–3次,工作信息：是否从事农业/家庭农活：无；是否已办理退休：否；是否在工作：是；过去一年总工作天数：300天,"基础信息：性别：男；年龄：56岁；现居住地地址类型：家庭住房；城乡类型：农村
教育信息：教育程度：初中
婚姻信息：婚姻状况：已婚且配偶同住；过去一年与配偶同住月数：12个月；上半年独自居住天数：0天；上半年仅与配偶同住天数：0天
情绪信息：生活满意度：有点满意；对子女满意度：有点满意；因小事烦恼（过去一周）：少量（1–2天）；感到抑郁（过去一周）：少量（1–2天）；对未来抱有希望（过去一周）：大多数时候（5–7天）；感到孤独（过去一周）：少量（1–2天）；感到高兴（过去一周）：大多数时候（5–7天）；睡眠不安（过去一周）：少量（1–2天）
健康信息：自评健康状况：好；医生诊断慢性病：未报告上述疾病；身体疼痛程度：一点；上月平均每天实际睡眠小时数：6小时；是否因健康/残疾不能工作：没问题；是否因健康/残疾不能做家事：没问题；多久接受他人帮助：偶尔
活动信息：高强度体力活动：是；高强度体力活动目的：工作需要；中等强度体力活动：是；中等强度体力活动目的：工作需要；轻度体力活动：是；轻度体力活动目的：工作需要；上月活动：以上都没有
上网信息：是否使用互联网：是；上网设备：台式电脑、手机；上网用途：看新闻、看视频；是否用手机支付：否；是否使用微信：是；是否使用微信朋友圈：是
子女信息：子女总数：1个；健在子女数：1个；第1子女：是否工作/上学：工作；婚姻状况：已婚且配偶同住；过去一年同住月数：0个月；见面频率：每周2–3次
工作信息：是否从事农业/家庭农活：无；是否已办理退休：否；是否在工作：是；过去一年总工作天数：300天"
30,34043224002,基础信息：性别：女；年龄：47岁；现居住地地址类型：家庭住房；城乡类型：农村,教育信息：教育程度：小学,婚姻信息：婚姻状况：已婚且配偶同住；过去一年与配偶同住月数：9个月；上半年独自居住天数：0天；上半年仅与配偶同住天数：0天；上半年因不与别人同住而受影响程度：100,情绪信息：生活满意度：有点满意；对子女满意度：有点满意；因小事烦恼（过去一周）：几乎没有（<1天）；感到抑郁（过去一周）：几乎没有（<1天）；对未来抱有希望（过去一周）：几乎没有（<1天）；感到孤独（过去一周）：几乎没有（<1天）；感到高兴（过去一周）：有时/中等（3–4天）；睡眠不安（过去一周）：大多数时候（5–7天）,健康信息：自评健康状况：一般；医生诊断慢性病：未报告上述疾病；身体疼痛程度：无；上月平均每天实际睡眠小时数：-1小时；是否因健康/残疾不能工作：没问题；是否因健康/残疾不能做家事：没问题；多久接受他人帮助：从不,活动信息：高强度体力活动：是；高强度体力活动目的：其他；中等强度体力活动：是；中等强度体力活动目的：工作需要；轻度体力活动：是；轻度体力活动目的：娱乐；上月活动：与朋友交往（几乎每天）、参加运动/社交等俱乐部（几乎每天）,上网信息：是否使用互联网：是；上网设备：手机；上网用途：聊天；是否用手机支付：是；是否使用微信：是；是否使用微信朋友圈：是,子女信息：子女总数：2个；健在子女数：2个；第1子女：是否工作/上学：工作；婚姻状况：未婚；过去一年同住月数：1.5个月；见面频率：每半年；电话/短信/微信联系频率：每周2–3次；第2子女：是否工作/上学：上学；婚姻状况：未婚；过去一年同住月数：6.5个月；见面频率：几乎不见/不联系；电话/短信/微信联系频率：每周1次,工作信息：是否从事农业/家庭农活：有；是否已办理退休：否；是否在工作：是；过去一年总工作天数：320天,"基础信息：性别：女；年龄：47岁；现居住地地址类型：家庭住房；城乡类型：农村
教育信息：教育程度：小学
婚姻信息：婚姻状况：已婚且配偶同住；过去一年与配偶同住月数：9个月；上半年独自居住天数：0天；上半年仅与配偶同住天数：0天；上半年因不与别人同住而受影响程度：100
情绪信息：生活满意度：有点满意；对子女满意度：有点满意；因小事烦恼（过去一周）：几乎没有（<1天）；感到抑郁（过去一周）：几乎没有（<1天）；对未来抱有希望（过去一周）：几乎没有（<1天）；感到孤独（过去一周）：几乎没有（<1天）；感到高兴（过去一周）：有时/中等（3–4天）；睡眠不安（过去一周）：大多数时候（5–7天）
健康信息：自评健康状况：一般；医生诊断慢性病：未报告上述疾病；身体疼痛程度：无；上月平均每天实际睡眠小时数：-1小时；是否因健康/残疾不能工作：没问题；是否因健康/残疾不能做家事：没问题；多久接受他人帮助：从不
活动信息：高强度体力活动：是；高强度体力活动目的：其他；中等强度体力活动：是；中等强度体力活动目的：工作需要；轻度体力活动：是；轻度体力活动目的：娱乐；上月活动：与朋友交往（几乎每天）、参加运动/社交等俱乐部（几乎每天）
上网信息：是否使用互联网：是；上网设备：手机；上网用途：聊天；是否用手机支付：是；是否使用微信：是；是否使用微信朋友圈：是
子女信息：子女总数：2个；健在子女数：2个；第1子女：是否工作/上学：工作；婚姻状况：未婚；过去一年同住月数：1.5个月；见面频率：每半年；电话/短信/微信联系频率：每周2–3次；第2子女：是否工作/上学：上学；婚姻状况：未婚；过去一年同住月数：6.5个月；见面频率：几乎不见/不联系；电话/短信/微信联系频率：每周1次
工作信息：是否从事农业/家庭农活：有；是否已办理退休：否；是否在工作：是；过去一年总工作天数：320天"
31,105102322002,基础信息：性别：女；年龄：67岁；城乡类型：城/镇中心,教育信息：教育程度：小学,婚姻信息：婚姻状况：已婚且配偶同住；过去一年与配偶同住月数：12个月；上半年独自居住天数：0天；上半年仅与配偶同住天数：180天；上半年因不与别人同住而受影响程度：0,情绪信息：生活满意度：有点满意；对子女满意度：有点满意；因小事烦恼（过去一周）：少量（1–2天）；感到抑郁（过去一周）：几乎没有（<1天）；对未来抱有希望（过去一周）：大多数时候（5–7天）；感到孤独（过去一周）：几乎没有（<1天）；感到高兴（过去一周）：有时/中等（3–4天）；睡眠不安（过去一周）：大多数时候（5–7天）,健康信息：自评健康状况：差；医生诊断慢性病：情绪/神经/精神类问题、关节炎或风湿病；身体疼痛程度：非常；上月平均每天实际睡眠小时数：3小时；是否因健康/残疾不能工作：没问题；是否因健康/残疾不能做家事：没问题；多久接受他人帮助：从不,活动信息：高强度体力活动：否；中等强度体力活动：是；中等强度体力活动目的：工作需要；轻度体力活动：是；轻度体力活动目的：锻炼；上月活动：以上都没有,上网信息：是否使用互联网：否,子女信息：子女总数：3个；健在子女数：3个；第1子女：是否工作/上学：工作；婚姻状况：已婚且配偶同住；过去一年同住月数：12个月；第2子女：是否工作/上学：工作；婚姻状况：已婚且配偶同住；过去一年同住月数：0个月；见面频率：每两周；电话/短信/微信联系频率：每月,工作信息：是否从事农业/家庭农活：无；是否在工作：否；过去一年总工作天数：0天；上月是否在找工作：否,"基础信息：性别：女；年龄：67岁；城乡类型：城/镇中心
教育信息：教育程度：小学
婚姻信息：婚姻状况：已婚且配偶同住；过去一年与配偶同住月数：12个月；上半年独自居住天数：0天；上半年仅与配偶同住天数：180天；上半年因不与别人同住而受影响程度：0
情绪信息：生活满意度：有点满意；对子女满意度：有点满意；因小事烦恼（过去一周）：少量（1–2天）；感到抑郁（过去一周）：几乎没有（<1天）；对未来抱有希望（过去一周）：大多数时候（5–7天）；感到孤独（过去一周）：几乎没有（<1天）；感到高兴（过去一周）：有时/中等（3–4天）；睡眠不安（过去一周）：大多数时候（5–7天）
健康信息：自评健康状况：差；医生诊断慢性病：情绪/神经/精神类问题、关节炎或风湿病；身体疼痛程度：非常；上月平均每天实际睡眠小时数：3小时；是否因健康/残疾不能工作：没问题；是否因健康/残疾不能做家事：没问题；多久接受他人帮助：从不
活动信息：高强度体力活动：否；中等强度体力活动：是；中等强度体力活动目的：工作需要；轻度体力活动：是；轻度体力活动目的：锻炼；上月活动：以上都没有
上网信息：是否使用互联网：否
子女信息：子女总数：3个；健在子女数：3个；第1子女：是否工作/上学：工作；婚姻状况：已婚且配偶同住；过去一年同住月数：12个月；第2子女：是否工作/上学：工作；婚姻状况：已婚且配偶同住；过去一年同住月数：0个月；见面频率：每两周；电话/短信/微信联系频率：每月
工作信息：是否从事农业/家庭农活：无；是否在工作：否；过去一年总工作天数：0天；上月是否在找工作：否"
32,105102306002,基础信息：性别：女；年龄：75岁；城乡类型：城/镇中心,教育信息：教育程度：未读完小学,婚姻信息：婚姻状况：已婚且配偶同住；过去一年与配偶同住月数：12个月；上半年独自居住天数：0天；上半年仅与配偶同住天数：180天；上半年因不与别人同住而受影响程度：0,情绪信息：生活满意度：有点满意；对子女满意度：很满意；因小事烦恼（过去一周）：几乎没有（<1天）；感到抑郁（过去一周）：少量（1–2天）；对未来抱有希望（过去一周）：几乎没有（<1天）；感到孤独（过去一周）：几乎没有（<1天）；感到高兴（过去一周）：大多数时候（5–7天）；睡眠不安（过去一周）：几乎没有（<1天）,健康信息：自评健康状况：很好；医生诊断慢性病：未报告上述疾病；身体疼痛程度：无；上月平均每天实际睡眠小时数：6小时；是否因健康/残疾不能工作：没问题；是否因健康/残疾不能做家事：没问题；多久接受他人帮助：从不,活动信息：高强度体力活动：否；中等强度体力活动：是；中等强度体力活动目的：工作需要；轻度体力活动：是；轻度体力活动目的：工作需要；上月活动：与朋友交往（几乎每天）、打麻将/下棋/打牌/去社区活动室（几乎每周）,上网信息：是否使用互联网：是；上网设备：手机；上网用途：看新闻、看视频；是否用手机支付：是；是否使用微信：是；是否使用微信朋友圈：否,子女信息：子女总数：6个；健在子女数：6个；第1子女：是否工作/上学：工作；婚姻状况：已婚且配偶同住；过去一年同住月数：0个月；见面频率：每周2–3次；第2子女：是否工作/上学：工作；婚姻状况：已婚且配偶同住；过去一年同住月数：0个月；见面频率：每三月；电话/短信/微信联系频率：每周2–3次,工作信息：是否从事农业/家庭农活：无；是否已办理退休：否；是否在工作：否；过去一年总工作天数：0天；上月是否在找工作：否,"基础信息：性别：女；年龄：75岁；城乡类型：城/镇中心
教育信息：教育程度：未读完小学
婚姻信息：婚姻状况：已婚且配偶同住；过去一年与配偶同住月数：12个月；上半年独自居住天数：0天；上半年仅与配偶同住天数：180天；上半年因不与别人同住而受影响程度：0
情绪信息：生活满意度：有点满意；对子女满意度：很满意；因小事烦恼（过去一周）：几乎没有（<1天）；感到抑郁（过去一周）：少量（1–2天）；对未来抱有希望（过去一周）：几乎没有（<1天）；感到孤独（过去一周）：几乎没有（<1天）；感到高兴（过去一周）：大多数时候（5–7天）；睡眠不安（过去一周）：几乎没有（<1天）
健康信息：自评健康状况：很好；医生诊断慢性病：未报告上述疾病；身体疼痛程度：无；上月平均每天实际睡眠小时数：6小时；是否因健康/残疾不能工作：没问题；是否因健康/残疾不能做家事：没问题；多久接受他人帮助：从不
活动信息：高强度体力活动：否；中等强度体力活动：是；中等强度体力活动目的：工作需要；轻度体力活动：是；轻度体力活动目的：工作需要；上月活动：与朋友交往（几乎每天）、打麻将/下棋/打牌/去社区活动室（几乎每周）
上网信息：是否使用互联网：是；上网设备：手机；上网用途：看新闻、看视频；是否用手机支付：是；是否使用微信：是；是否使用微信朋友圈：否
子女信息：子女总数：6个；健在子女数：6个；第1子女：是否工作/上学：工作；婚姻状况：已婚且配偶同住；过去一年同住月数：0个月；见面频率：每周2–3次；第2子女：是否工作/上学：工作；婚姻状况：已婚且配偶同住；过去一年同住月数：0个月；见面频率：每三月；电话/短信/微信联系频率：每周2–3次
工作信息：是否从事农业/家庭农活：无；是否已办理退休：否；是否在工作：否；过去一年总工作天数：0天；上月是否在找工作：否"
33,134902216001,基础信息：性别：女；年龄：55岁；城乡类型：农村,教育信息：教育程度：初中,婚姻信息：婚姻状况：已婚且配偶同住；过去一年与配偶同住月数：12个月；上半年独自居住天数：0天；上半年仅与配偶同住天数：180天；上半年因不与别人同住而受影响程度：0,情绪信息：生活满意度：有点满意；对子女满意度：非常满意；因小事烦恼（过去一周）：几乎没有（<1天）；感到抑郁（过去一周）：有时/中等（3–4天）；对未来抱有希望（过去一周）：几乎没有（<1天）；感到孤独（过去一周）：几乎没有（<1天）；感到高兴（过去一周）：大多数时候（5–7天）；睡眠不安（过去一周）：有时/中等（3–4天）,健康信息：自评健康状况：一般；医生诊断慢性病：慢性肺部疾病；身体疼痛程度：一点；上月平均每天实际睡眠小时数：5小时；是否因健康/残疾不能工作：没问题；是否因健康/残疾不能做家事：没问题；多久接受他人帮助：从不,活动信息：高强度体力活动：是；高强度体力活动目的：工作需要；中等强度体力活动：是；中等强度体力活动目的：工作需要；轻度体力活动：是；轻度体力活动目的：工作需要；上月活动：参加运动/社交等俱乐部（不规律）,上网信息：是否使用互联网：是；上网设备：手机；上网用途：聊天、看新闻、看视频；是否用手机支付：是；是否使用微信：是；是否使用微信朋友圈：是,子女信息：子女总数：2个；健在子女数：2个；第1子女：是否工作/上学：工作；婚姻状况：已婚且配偶同住；过去一年同住月数：0个月；见面频率：每三月；电话/短信/微信联系频率：几乎每天；第2子女：是否工作/上学：工作；婚姻状况：已婚且配偶同住；过去一年同住月数：0个月；见面频率：每两周；电话/短信/微信联系频率：几乎每天,工作信息：是否从事农业/家庭农活：有；是否已办理退休：否；是否在工作：是；过去一年总工作天数：160天,"基础信息：性别：女；年龄：55岁；城乡类型：农村
教育信息：教育程度：初中
婚姻信息：婚姻状况：已婚且配偶同住；过去一年与配偶同住月数：12个月；上半年独自居住天数：0天；上半年仅与配偶同住天数：180天；上半年因不与别人同住而受影响程度：0
情绪信息：生活满意度：有点满意；对子女满意度：非常满意；因小事烦恼（过去一周）：几乎没有（<1天）；感到抑郁（过去一周）：有时/中等（3–4天）；对未来抱有希望（过去一周）：几乎没有（<1天）；感到孤独（过去一周）：几乎没有（<1天）；感到高兴（过去一周）：大多数时候（5–7天）；睡眠不安（过去一周）：有时/中等（3–4天）
健康信息：自评健康状况：一般；医生诊断慢性病：慢性肺部疾病；身体疼痛程度：一点；上月平均每天实际睡眠小时数：5小时；是否因健康/残疾不能工作：没问题；是否因健康/残疾不能做家事：没问题；多久接受他人帮助：从不
活动信息：高强度体力活动：是；高强度体力活动目的：工作需要；中等强度体力活动：是；中等强度体力活动目的：工作需要；轻度体力活动：是；轻度体力活动目的：工作需要；上月活动：参加运动/社交等俱乐部（不规律）
上网信息：是否使用互联网：是；上网设备：手机；上网用途：聊天、看新闻、看视频；是否用手机支付：是；是否使用微信：是；是否使用微信朋友圈：是
子女信息：子女总数：2个；健在子女数：2个；第1子女：是否工作/上学：工作；婚姻状况：已婚且配偶同住；过去一年同住月数：0个月；见面频率：每三月；电话/短信/微信联系频率：几乎每天；第2子女：是否工作/上学：工作；婚姻状况：已婚且配偶同住；过去一年同住月数：0个月；见面频率：每两周；电话/短信/微信联系频率：几乎每天
工作信息：是否从事农业/家庭农活：有；是否已办理退休：否；是否在工作：是；过去一年总工作天数：160天"
34,211176105002,基础信息：性别：女；年龄：77岁；城乡类型：农村,教育信息：教育程度：未受教育,婚姻信息：婚姻状况：离婚；是否有人以配偶身份同住：否；上半年独自居住天数：180天；上半年因不与别人同住而受影响程度：0,情绪信息：生活满意度：完全不满意；对子女满意度：不太满意；因小事烦恼（过去一周）：几乎没有（<1天）；感到抑郁（过去一周）：几乎没有（<1天）；对未来抱有希望（过去一周）：少量（1–2天）；感到孤独（过去一周）：少量（1–2天）；感到高兴（过去一周）：少量（1–2天）；睡眠不安（过去一周）：少量（1–2天）,健康信息：自评健康状况：一般；医生诊断慢性病：未报告上述疾病；身体疼痛程度：一点；上月平均每天实际睡眠小时数：3小时；是否因健康/残疾不能工作：完全不能工作；多久接受他人帮助：从不,活动信息：高强度体力活动：否；中等强度体力活动：否；轻度体力活动：是；轻度体力活动目的：锻炼；上月活动：与朋友交往（不规律）、帮助不住一起的家人朋友邻居（不规律）,上网信息：是否使用互联网：否,子女信息：子女总数：5个；健在子女数：5个；第1子女：是否工作/上学：工作；婚姻状况：已婚且配偶同住；过去一年同住月数：0个月；见面频率：几乎每天；第2子女：是否工作/上学：工作；婚姻状况：已婚且配偶同住；过去一年同住月数：0个月；见面频率：每年；电话/短信/微信联系频率：几乎不见/不联系,工作信息：是否从事农业/家庭农活：无；是否已办理退休：否；是否在工作：否；过去一年总工作天数：0天；上月是否在找工作：否,"基础信息：性别：女；年龄：77岁；城乡类型：农村
教育信息：教育程度：未受教育
婚姻信息：婚姻状况：离婚；是否有人以配偶身份同住：否；上半年独自居住天数：180天；上半年因不与别人同住而受影响程度：0
情绪信息：生活满意度：完全不满意；对子女满意度：不太满意；因小事烦恼（过去一周）：几乎没有（<1天）；感到抑郁（过去一周）：几乎没有（<1天）；对未来抱有希望（过去一周）：少量（1–2天）；感到孤独（过去一周）：少量（1–2天）；感到高兴（过去一周）：少量（1–2天）；睡眠不安（过去一周）：少量（1–2天）
健康信息：自评健康状况：一般；医生诊断慢性病：未报告上述疾病；身体疼痛程度：一点；上月平均每天实际睡眠小时数：3小时；是否因健康/残疾不能工作：完全不能工作；多久接受他人帮助：从不
活动信息：高强度体力活动：否；中等强度体力活动：否；轻度体力活动：是；轻度体力活动目的：锻炼；上月活动：与朋友交往（不规律）、帮助不住一起的家人朋友邻居（不规律）
上网信息：是否使用互联网：否
子女信息：子女总数：5个；健在子女数：5个；第1子女：是否工作/上学：工作；婚姻状况：已婚且配偶同住；过去一年同住月数：0个月；见面频率：几乎每天；第2子女：是否工作/上学：工作；婚姻状况：已婚且配偶同住；过去一年同住月数：0个月；见面频率：每年；电话/短信/微信联系频率：几乎不见/不联系
工作信息：是否从事农业/家庭农活：无；是否已办理退休：否；是否在工作：否；过去一年总工作天数：0天；上月是否在找工作：否"
35,241116202002,基础信息：性别：女；年龄：76岁；城乡类型：城/镇中心,教育信息：教育程度：初中,婚姻信息：婚姻状况：已婚且配偶同住；过去一年与配偶同住月数：12个月；上半年独自居住天数：0天；上半年仅与配偶同住天数：0天,情绪信息：生活满意度：有点满意；对子女满意度：有点满意；因小事烦恼（过去一周）：有时/中等（3–4天）；感到抑郁（过去一周）：几乎没有（<1天）；对未来抱有希望（过去一周）：大多数时候（5–7天）；感到孤独（过去一周）：几乎没有（<1天）；感到高兴（过去一周）：大多数时候（5–7天）；睡眠不安（过去一周）：大多数时候（5–7天）,健康信息：自评健康状况：差；医生诊断慢性病：心脏病、关节炎或风湿病；身体疼痛程度：相当；上月平均每天实际睡眠小时数：4小时；是否因健康/残疾不能工作：完全不能工作；多久接受他人帮助：从不,活动信息：高强度体力活动：否；中等强度体力活动：否；轻度体力活动：是；轻度体力活动目的：锻炼；上月活动：与朋友交往（几乎每周）、打麻将/下棋/打牌/去社区活动室（几乎每周）、帮助不住一起的家人朋友邻居（不规律）、参加社区相关组织（不规律）、做志愿/慈善或照顾不住一起的病弱者（不规律）,上网信息：是否使用互联网：是；上网设备：手机；上网用途：聊天、看新闻、看视频；是否用手机支付：是；是否使用微信：是；是否使用微信朋友圈：是,子女信息：子女总数：2个；健在子女数：2个；第1子女：是否工作/上学：工作；婚姻状况：已婚且配偶同住；过去一年同住月数：0个月；见面频率：每周2–3次；第2子女：是否工作/上学：工作；婚姻状况：已婚且配偶同住；过去一年同住月数：0个月；见面频率：每周1次,工作信息：是否从事农业/家庭农活：无；是否在工作：否；过去一年总工作天数：0天；上月是否在找工作：否,"基础信息：性别：女；年龄：76岁；城乡类型：城/镇中心
教育信息：教育程度：初中
婚姻信息：婚姻状况：已婚且配偶同住；过去一年与配偶同住月数：12个月；上半年独自居住天数：0天；上半年仅与配偶同住天数：0天
情绪信息：生活满意度：有点满意；对子女满意度：有点满意；因小事烦恼（过去一周）：有时/中等（3–4天）；感到抑郁（过去一周）：几乎没有（<1天）；对未来抱有希望（过去一周）：大多数时候（5–7天）；感到孤独（过去一周）：几乎没有（<1天）；感到高兴（过去一周）：大多数时候（5–7天）；睡眠不安（过去一周）：大多数时候（5–7天）
健康信息：自评健康状况：差；医生诊断慢性病：心脏病、关节炎或风湿病；身体疼痛程度：相当；上月平均每天实际睡眠小时数：4小时；是否因健康/残疾不能工作：完全不能工作；多久接受他人帮助：从不
活动信息：高强度体力活动：否；中等强度体力活动：否；轻度体力活动：是；轻度体力活动目的：锻炼；上月活动：与朋友交往（几乎每周）、打麻将/下棋/打牌/去社区活动室（几乎每周）、帮助不住一起的家人朋友邻居（不规律）、参加社区相关组织（不规律）、做志愿/慈善或照顾不住一起的病弱者（不规律）
上网信息：是否使用互联网：是；上网设备：手机；上网用途：聊天、看新闻、看视频；是否用手机支付：是；是否使用微信：是；是否使用微信朋友圈：是
子女信息：子女总数：2个；健在子女数：2个；第1子女：是否工作/上学：工作；婚姻状况：已婚且配偶同住；过去一年同住月数：0个月；见面频率：每周2–3次；第2子女：是否工作/上学：工作；婚姻状况：已婚且配偶同住；过去一年同住月数：0个月；见面频率：每周1次
工作信息：是否从事农业/家庭农活：无；是否在工作：否；过去一年总工作天数：0天；上月是否在找工作：否"
36,64028317002,基础信息：性别：女；年龄：45岁；城乡类型：城/镇中心,教育信息：教育程度：硕士,婚姻信息：婚姻状况：离婚；是否有人以配偶身份同住：否；上半年独自居住天数：0天,情绪信息：生活满意度：有点满意；对子女满意度：有点满意；因小事烦恼（过去一周）：有时/中等（3–4天）；感到抑郁（过去一周）：少量（1–2天）；对未来抱有希望（过去一周）：有时/中等（3–4天）；感到孤独（过去一周）：少量（1–2天）；感到高兴（过去一周）：少量（1–2天）；睡眠不安（过去一周）：少量（1–2天）,健康信息：自评健康状况：一般；医生诊断慢性病：未报告上述疾病；身体疼痛程度：一点；上月平均每天实际睡眠小时数：7小时；是否因健康/残疾不能工作：没问题；是否因健康/残疾不能做家事：没问题；多久接受他人帮助：从不,活动信息：高强度体力活动：否；中等强度体力活动：否；轻度体力活动：是；轻度体力活动目的：锻炼；上月活动：与朋友交往（几乎每周）、帮助不住一起的家人朋友邻居（几乎每周）、做志愿/慈善或照顾不住一起的病弱者（几乎每周）、参加教育/培训课程（不规律）,上网信息：是否使用互联网：是；上网设备：手机；上网用途：看新闻；是否用手机支付：是；是否使用微信：是；是否使用微信朋友圈：是,子女信息：子女总数：1个；健在子女数：1个；第1子女：是否工作/上学：上学；过去一年同住月数：12个月,工作信息：是否从事农业/家庭农活：无；是否已办理退休：否；是否在工作：是；过去一年总工作天数：260天,"基础信息：性别：女；年龄：45岁；城乡类型：城/镇中心
教育信息：教育程度：硕士
婚姻信息：婚姻状况：离婚；是否有人以配偶身份同住：否；上半年独自居住天数：0天
情绪信息：生活满意度：有点满意；对子女满意度：有点满意；因小事烦恼（过去一周）：有时/中等（3–4天）；感到抑郁（过去一周）：少量（1–2天）；对未来抱有希望（过去一周）：有时/中等（3–4天）；感到孤独（过去一周）：少量（1–2天）；感到高兴（过去一周）：少量（1–2天）；睡眠不安（过去一周）：少量（1–2天）
健康信息：自评健康状况：一般；医生诊断慢性病：未报告上述疾病；身体疼痛程度：一点；上月平均每天实际睡眠小时数：7小时；是否因健康/残疾不能工作：没问题；是否因健康/残疾不能做家事：没问题；多久接受他人帮助：从不
活动信息：高强度体力活动：否；中等强度体力活动：否；轻度体力活动：是；轻度体力活动目的：锻炼；上月活动：与朋友交往（几乎每周）、帮助不住一起的家人朋友邻居（几乎每周）、做志愿/慈善或照顾不住一起的病弱者（几乎每周）、参加教育/培训课程（不规律）
上网信息：是否使用互联网：是；上网设备：手机；上网用途：看新闻；是否用手机支付：是；是否使用微信：是；是否使用微信朋友圈：是
子女信息：子女总数：1个；健在子女数：1个；第1子女：是否工作/上学：上学；过去一年同住月数：12个月
工作信息：是否从事农业/家庭农活：无；是否已办理退休：否；是否在工作：是；过去一年总工作天数：260天"
37,64028314002,基础信息：性别：女；年龄：74岁；城乡类型：城/镇中心,教育信息：教育程度：高中,婚姻信息：婚姻状况：已婚且配偶同住；过去一年与配偶同住月数：12个月；上半年独自居住天数：0天；上半年仅与配偶同住天数：0天,情绪信息：生活满意度：有点满意；对子女满意度：有点满意；因小事烦恼（过去一周）：少量（1–2天）；感到抑郁（过去一周）：少量（1–2天）；对未来抱有希望（过去一周）：大多数时候（5–7天）；感到孤独（过去一周）：几乎没有（<1天）；感到高兴（过去一周）：大多数时候（5–7天）；睡眠不安（过去一周）：有时/中等（3–4天）,健康信息：自评健康状况：一般；医生诊断慢性病：未报告上述疾病；身体疼痛程度：无；上月平均每天实际睡眠小时数：6小时；是否因健康/残疾不能工作：没问题；是否因健康/残疾不能做家事：不能长时间；多久接受他人帮助：从不,活动信息：高强度体力活动：否；中等强度体力活动：是；中等强度体力活动目的：工作需要；轻度体力活动：是；轻度体力活动目的：锻炼；上月活动：以上都没有,上网信息：是否使用互联网：否,子女信息：子女总数：3个；健在子女数：3个；第1子女：是否工作/上学：都不；婚姻状况：未婚；过去一年同住月数：0个月；见面频率：每月；电话/短信/微信联系频率：几乎不见/不联系；第2子女：是否工作/上学：工作；婚姻状况：已婚且配偶同住；过去一年同住月数：0个月；见面频率：每周1次,工作信息：是否从事农业/家庭农活：无；是否在工作：否；过去一年总工作天数：0天；上月是否在找工作：否,"基础信息：性别：女；年龄：74岁；城乡类型：城/镇中心
教育信息：教育程度：高中
婚姻信息：婚姻状况：已婚且配偶同住；过去一年与配偶同住月数：12个月；上半年独自居住天数：0天；上半年仅与配偶同住天数：0天
情绪信息：生活满意度：有点满意；对子女满意度：有点满意；因小事烦恼（过去一周）：少量（1–2天）；感到抑郁（过去一周）：少量（1–2天）；对未来抱有希望（过去一周）：大多数时候（5–7天）；感到孤独（过去一周）：几乎没有（<1天）；感到高兴（过去一周）：大多数时候（5–7天）；睡眠不安（过去一周）：有时/中等（3–4天）
健康信息：自评健康状况：一般；医生诊断慢性病：未报告上述疾病；身体疼痛程度：无；上月平均每天实际睡眠小时数：6小时；是否因健康/残疾不能工作：没问题；是否因健康/残疾不能做家事：不能长时间；多久接受他人帮助：从不
活动信息：高强度体力活动：否；中等强度体力活动：是；中等强度体力活动目的：工作需要；轻度体力活动：是；轻度体力活动目的：锻炼；上月活动：以上都没有
上网信息：是否使用互联网：否
子女信息：子女总数：3个；健在子女数：3个；第1子女：是否工作/上学：都不；婚姻状况：未婚；过去一年同住月数：0个月；见面频率：每月；电话/短信/微信联系频率：几乎不见/不联系；第2子女：是否工作/上学：工作；婚姻状况：已婚且配偶同住；过去一年同住月数：0个月；见面频率：每周1次
工作信息：是否从事农业/家庭农活：无；是否在工作：否；过去一年总工作天数：0天；上月是否在找工作：否"
38,266306205002,基础信息：性别：女；年龄：83岁；城乡类型：农村,教育信息：教育程度：未受教育,婚姻信息：婚姻状况：已婚且配偶同住；过去一年与配偶同住月数：12个月；上半年独自居住天数：0天；上半年仅与配偶同住天数：180天；上半年因不与别人同住而受影响程度：0,情绪信息：生活满意度：有点满意；对子女满意度：有点满意；因小事烦恼（过去一周）：几乎没有（<1天）；感到抑郁（过去一周）：几乎没有（<1天）；对未来抱有希望（过去一周）：几乎没有（<1天）；感到孤独（过去一周）：几乎没有（<1天）；感到高兴（过去一周）：几乎没有（<1天）；睡眠不安（过去一周）：几乎没有（<1天）,健康信息：自评健康状况：一般；医生诊断慢性病：未报告上述疾病；身体疼痛程度：非常；上月平均每天实际睡眠小时数：-1小时；是否因健康/残疾不能工作：不能长时间工作；是否因健康/残疾不能做家事：不能长时间；多久接受他人帮助：从不,活动信息：高强度体力活动：否；中等强度体力活动：否；轻度体力活动：否；上月活动：以上都没有,上网信息：是否使用互联网：否,子女信息：子女总数：7个；健在子女数：7个；第1子女：是否工作/上学：都不；婚姻状况：已婚暂分居；过去一年同住月数：0个月；见面频率：每月；电话/短信/微信联系频率：其他,工作信息：是否从事农业/家庭农活：有；是否已办理退休：否；是否在工作：是,"基础信息：性别：女；年龄：83岁；城乡类型：农村
教育信息：教育程度：未受教育
婚姻信息：婚姻状况：已婚且配偶同住；过去一年与配偶同住月数：12个月；上半年独自居住天数：0天；上半年仅与配偶同住天数：180天；上半年因不与别人同住而受影响程度：0
情绪信息：生活满意度：有点满意；对子女满意度：有点满意；因小事烦恼（过去一周）：几乎没有（<1天）；感到抑郁（过去一周）：几乎没有（<1天）；对未来抱有希望（过去一周）：几乎没有（<1天）；感到孤独（过去一周）：几乎没有（<1天）；感到高兴（过去一周）：几乎没有（<1天）；睡眠不安（过去一周）：几乎没有（<1天）
健康信息：自评健康状况：一般；医生诊断慢性病：未报告上述疾病；身体疼痛程度：非常；上月平均每天实际睡眠小时数：-1小时；是否因健康/残疾不能工作：不能长时间工作；是否因健康/残疾不能做家事：不能长时间；多久接受他人帮助：从不
活动信息：高强度体力活动：否；中等强度体力活动：否；轻度体力活动：否；上月活动：以上都没有
上网信息：是否使用互联网：否
子女信息：子女总数：7个；健在子女数：7个；第1子女：是否工作/上学：都不；婚姻状况：已婚暂分居；过去一年同住月数：0个月；见面频率：每月；电话/短信/微信联系频率：其他
工作信息：是否从事农业/家庭农活：有；是否已办理退休：否；是否在工作：是"
39,57633243002,基础信息：性别：女；年龄：51岁；城乡类型：农村,教育信息：教育程度：未受教育,婚姻信息：婚姻状况：丧偶；是否有人以配偶身份同住：否；上半年独自居住天数：170天；上半年因不与别人同住而受影响程度：0,情绪信息：生活满意度：有点满意；对子女满意度：有点满意；因小事烦恼（过去一周）：几乎没有（<1天）；感到抑郁（过去一周）：有时/中等（3–4天）；对未来抱有希望（过去一周）：少量（1–2天）；感到孤独（过去一周）：有时/中等（3–4天）；感到高兴（过去一周）：有时/中等（3–4天）；睡眠不安（过去一周）：少量（1–2天）,健康信息：自评健康状况：一般；医生诊断慢性病：未报告上述疾病；身体疼痛程度：非常；上月平均每天实际睡眠小时数：3小时；是否因健康/残疾不能工作：没问题；是否因健康/残疾不能做家事：不能长时间；多久接受他人帮助：从不,活动信息：高强度体力活动：否；中等强度体力活动：否；轻度体力活动：否；上月活动：以上都没有,上网信息：是否使用互联网：否,子女信息：子女总数：2个；健在子女数：2个；第1子女：是否工作/上学：工作；婚姻状况：已婚且配偶同住；过去一年同住月数：0个月；见面频率：每年；电话/短信/微信联系频率：几乎不见/不联系；第2子女：是否工作/上学：工作；婚姻状况：未婚；过去一年同住月数：12个月,工作信息：是否从事农业/家庭农活：有；是否已办理退休：否；是否在工作：是,"基础信息：性别：女；年龄：51岁；城乡类型：农村
教育信息：教育程度：未受教育
婚姻信息：婚姻状况：丧偶；是否有人以配偶身份同住：否；上半年独自居住天数：170天；上半年因不与别人同住而受影响程度：0
情绪信息：生活满意度：有点满意；对子女满意度：有点满意；因小事烦恼（过去一周）：几乎没有（<1天）；感到抑郁（过去一周）：有时/中等（3–4天）；对未来抱有希望（过去一周）：少量（1–2天）；感到孤独（过去一周）：有时/中等（3–4天）；感到高兴（过去一周）：有时/中等（3–4天）；睡眠不安（过去一周）：少量（1–2天）
健康信息：自评健康状况：一般；医生诊断慢性病：未报告上述疾病；身体疼痛程度：非常；上月平均每天实际睡眠小时数：3小时；是否因健康/残疾不能工作：没问题；是否因健康/残疾不能做家事：不能长时间；多久接受他人帮助：从不
活动信息：高强度体力活动：否；中等强度体力活动：否；轻度体力活动：否；上月活动：以上都没有
上网信息：是否使用互联网：否
子女信息：子女总数：2个；健在子女数：2个；第1子女：是否工作/上学：工作；婚姻状况：已婚且配偶同住；过去一年同住月数：0个月；见面频率：每年；电话/短信/微信联系频率：几乎不见/不联系；第2子女：是否工作/上学：工作；婚姻状况：未婚；过去一年同住月数：12个月
工作信息：是否从事农业/家庭农活：有；是否已办理退休：否；是否在工作：是"
40,202454131002,基础信息：性别：男；年龄：54岁；现居住地地址类型：家庭住房；城乡类型：农村,教育信息：教育程度：初中,婚姻信息：婚姻状况：已婚且配偶同住；过去一年与配偶同住月数：12个月；上半年独自居住天数：150天；上半年仅与配偶同住天数：30天；上半年因不与别人同住而受影响程度：0,情绪信息：生活满意度：不太满意；对子女满意度：不太满意；因小事烦恼（过去一周）：几乎没有（<1天）；感到抑郁（过去一周）：几乎没有（<1天）；对未来抱有希望（过去一周）：有时/中等（3–4天）；感到孤独（过去一周）：几乎没有（<1天）；感到高兴（过去一周）：大多数时候（5–7天）；睡眠不安（过去一周）：几乎没有（<1天）,健康信息：自评健康状况：一般；医生诊断慢性病：高血压；身体疼痛程度：无；上月平均每天实际睡眠小时数：9小时；是否因健康/残疾不能工作：没问题；是否因健康/残疾不能做家事：没问题；多久接受他人帮助：从不,活动信息：高强度体力活动：否；中等强度体力活动：是；中等强度体力活动目的：工作需要；轻度体力活动：是；轻度体力活动目的：工作需要；上月活动：以上都没有,上网信息：是否使用互联网：是；上网设备：台式电脑、手机；上网用途：聊天、看新闻、看视频；是否用手机支付：是；是否使用微信：是；是否使用微信朋友圈：否,子女信息：子女总数：1个；健在子女数：1个；第1子女：是否工作/上学：工作；婚姻状况：未婚；过去一年同住月数：3个月；见面频率：每月；电话/短信/微信联系频率：每周1次,工作信息：是否从事农业/家庭农活：无；是否已办理退休：否；是否在工作：是；过去一年总工作天数：270天,"基础信息：性别：男；年龄：54岁；现居住地地址类型：家庭住房；城乡类型：农村
教育信息：教育程度：初中
婚姻信息：婚姻状况：已婚且配偶同住；过去一年与配偶同住月数：12个月；上半年独自居住天数：150天；上半年仅与配偶同住天数：30天；上半年因不与别人同住而受影响程度：0
情绪信息：生活满意度：不太满意；对子女满意度：不太满意；因小事烦恼（过去一周）：几乎没有（<1天）；感到抑郁（过去一周）：几乎没有（<1天）；对未来抱有希望（过去一周）：有时/中等（3–4天）；感到孤独（过去一周）：几乎没有（<1天）；感到高兴（过去一周）：大多数时候（5–7天）；睡眠不安（过去一周）：几乎没有（<1天）
健康信息：自评健康状况：一般；医生诊断慢性病：高血压；身体疼痛程度：无；上月平均每天实际睡眠小时数：9小时；是否因健康/残疾不能工作：没问题；是否因健康/残疾不能做家事：没问题；多久接受他人帮助：从不
活动信息：高强度体力活动：否；中等强度体力活动：是；中等强度体力活动目的：工作需要；轻度体力活动：是；轻度体力活动目的：工作需要；上月活动：以上都没有
上网信息：是否使用互联网：是；上网设备：台式电脑、手机；上网用途：聊天、看新闻、看视频；是否用手机支付：是；是否使用微信：是；是否使用微信朋友圈：否
子女信息：子女总数：1个；健在子女数：1个；第1子女：是否工作/上学：工作；婚姻状况：未婚；过去一年同住月数：3个月；见面频率：每月；电话/短信/微信联系频率：每周1次
工作信息：是否从事农业/家庭农活：无；是否已办理退休：否；是否在工作：是；过去一年总工作天数：270天"
41,153859115002,基础信息：性别：女；年龄：60岁；城乡类型：农村,教育信息：教育程度：未受教育,婚姻信息：婚姻状况：已婚且配偶同住；过去一年与配偶同住月数：12个月；上半年独自居住天数：0天；上半年仅与配偶同住天数：0天,情绪信息：生活满意度：有点满意；对子女满意度：有点满意；因小事烦恼（过去一周）：几乎没有（<1天）；感到抑郁（过去一周）：几乎没有（<1天）；对未来抱有希望（过去一周）：几乎没有（<1天）；感到孤独（过去一周）：几乎没有（<1天）；感到高兴（过去一周）：几乎没有（<1天）；睡眠不安（过去一周）：有时/中等（3–4天）,健康信息：自评健康状况：一般；医生诊断慢性病：未报告上述疾病；身体疼痛程度：一点；上月平均每天实际睡眠小时数：7小时；是否因健康/残疾不能工作：没问题；是否因健康/残疾不能做家事：没问题；多久接受他人帮助：从不,活动信息：高强度体力活动：否；中等强度体力活动：是；中等强度体力活动目的：其他；轻度体力活动：是；轻度体力活动目的：其他；上月活动：与朋友交往（几乎每周）、帮助不住一起的家人朋友邻居（几乎每周）,上网信息：是否使用互联网：否,子女信息：子女总数：4个；健在子女数：4个；第1子女：是否工作/上学：工作；婚姻状况：未婚；过去一年同住月数：12个月；第2子女：是否工作/上学：工作；婚姻状况：已婚且配偶同住；过去一年同住月数：0个月；见面频率：每两周；电话/短信/微信联系频率：每两周,工作信息：是否从事农业/家庭农活：无；是否已办理退休：否；是否在工作：是；过去一年总工作天数：104天,"基础信息：性别：女；年龄：60岁；城乡类型：农村
教育信息：教育程度：未受教育
婚姻信息：婚姻状况：已婚且配偶同住；过去一年与配偶同住月数：12个月；上半年独自居住天数：0天；上半年仅与配偶同住天数：0天
情绪信息：生活满意度：有点满意；对子女满意度：有点满意；因小事烦恼（过去一周）：几乎没有（<1天）；感到抑郁（过去一周）：几乎没有（<1天）；对未来抱有希望（过去一周）：几乎没有（<1天）；感到孤独（过去一周）：几乎没有（<1天）；感到高兴（过去一周）：几乎没有（<1天）；睡眠不安（过去一周）：有时/中等（3–4天）
健康信息：自评健康状况：一般；医生诊断慢性病：未报告上述疾病；身体疼痛程度：一点；上月平均每天实际睡眠小时数：7小时；是否因健康/残疾不能工作：没问题；是否因健康/残疾不能做家事：没问题；多久接受他人帮助：从不
活动信息：高强度体力活动：否；中等强度体力活动：是；中等强度体力活动目的：其他；轻度体力活动：是；轻度体力活动目的：其他；上月活动：与朋友交往（几乎每周）、帮助不住一起的家人朋友邻居（几乎每周）
上网信息：是否使用互联网：否
子女信息：子女总数：4个；健在子女数：4个；第1子女：是否工作/上学：工作；婚姻状况：未婚；过去一年同住月数：12个月；第2子女：是否工作/上学：工作；婚姻状况：已婚且配偶同住；过去一年同住月数：0个月；见面频率：每两周；电话/短信/微信联系频率：每两周
工作信息：是否从事农业/家庭农活：无；是否已办理退休：否；是否在工作：是；过去一年总工作天数：104天"
42,64028310001,基础信息：性别：男；年龄：84岁；城乡类型：城/镇中心,教育信息：教育程度：未受教育,婚姻信息：婚姻状况：丧偶；是否有人以配偶身份同住：否；上半年独自居住天数：180天；上半年因不与别人同住而受影响程度：0,情绪信息：生活满意度：很满意；对子女满意度：很满意；因小事烦恼（过去一周）：几乎没有（<1天）；感到抑郁（过去一周）：几乎没有（<1天）；感到孤独（过去一周）：几乎没有（<1天）；感到高兴（过去一周）：大多数时候（5–7天）；睡眠不安（过去一周）：大多数时候（5–7天）,健康信息：自评健康状况：一般；医生诊断慢性病：未报告上述疾病；身体疼痛程度：无；上月平均每天实际睡眠小时数：3小时；是否因健康/残疾不能工作：不能长时间工作；是否因健康/残疾不能做家事：没问题；多久接受他人帮助：从不,活动信息：高强度体力活动：否；中等强度体力活动：否；轻度体力活动：否；上月活动：以上都没有,上网信息：是否使用互联网：否,子女信息：子女总数：5个；健在子女数：5个；第1子女：是否工作/上学：都不；婚姻状况：已婚且配偶同住；过去一年同住月数：0个月；见面频率：每周1次；第2子女：是否工作/上学：都不；婚姻状况：已婚且配偶同住；过去一年同住月数：0个月；见面频率：几乎不见/不联系；电话/短信/微信联系频率：几乎不见/不联系,工作信息：是否从事农业/家庭农活：无；是否在工作：否；过去一年总工作天数：0天；上月是否在找工作：否,"基础信息：性别：男；年龄：84岁；城乡类型：城/镇中心
教育信息：教育程度：未受教育
婚姻信息：婚姻状况：丧偶；是否有人以配偶身份同住：否；上半年独自居住天数：180天；上半年因不与别人同住而受影响程度：0
情绪信息：生活满意度：很满意；对子女满意度：很满意；因小事烦恼（过去一周）：几乎没有（<1天）；感到抑郁（过去一周）：几乎没有（<1天）；感到孤独（过去一周）：几乎没有（<1天）；感到高兴（过去一周）：大多数时候（5–7天）；睡眠不安（过去一周）：大多数时候（5–7天）
健康信息：自评健康状况：一般；医生诊断慢性病：未报告上述疾病；身体疼痛程度：无；上月平均每天实际睡眠小时数：3小时；是否因健康/残疾不能工作：不能长时间工作；是否因健康/残疾不能做家事：没问题；多久接受他人帮助：从不
活动信息：高强度体力活动：否；中等强度体力活动：否；轻度体力活动：否；上月活动：以上都没有
上网信息：是否使用互联网：否
子女信息：子女总数：5个；健在子女数：5个；第1子女：是否工作/上学：都不；婚姻状况：已婚且配偶同住；过去一年同住月数：0个月；见面频率：每周1次；第2子女：是否工作/上学：都不；婚姻状况：已婚且配偶同住；过去一年同住月数：0个月；见面频率：几乎不见/不联系；电话/短信/微信联系频率：几乎不见/不联系
工作信息：是否从事农业/家庭农活：无；是否在工作：否；过去一年总工作天数：0天；上月是否在找工作：否"
43,158278201002,基础信息：性别：女；年龄：55岁；城乡类型：农村,教育信息：教育程度：未读完小学,婚姻信息：婚姻状况：已婚且配偶同住；过去一年与配偶同住月数：11个月；上半年独自居住天数：0天；上半年仅与配偶同住天数：0天；上半年因不与别人同住而受影响程度：0,情绪信息：生活满意度：有点满意；对子女满意度：有点满意；因小事烦恼（过去一周）：几乎没有（<1天）；感到抑郁（过去一周）：几乎没有（<1天）；对未来抱有希望（过去一周）：有时/中等（3–4天）；感到孤独（过去一周）：几乎没有（<1天）；感到高兴（过去一周）：大多数时候（5–7天）；睡眠不安（过去一周）：大多数时候（5–7天）,健康信息：自评健康状况：一般；医生诊断慢性病：未报告上述疾病；身体疼痛程度：一点；上月平均每天实际睡眠小时数：3小时；是否因健康/残疾不能工作：没问题；是否因健康/残疾不能做家事：没问题；多久接受他人帮助：从不,活动信息：高强度体力活动：否；中等强度体力活动：是；中等强度体力活动目的：其他；轻度体力活动：否；上月活动：帮助不住一起的家人朋友邻居（几乎每天）,上网信息：是否使用互联网：是；上网设备：手机；上网用途：聊天、看新闻、看视频、玩游戏；是否用手机支付：否；是否使用微信：是；是否使用微信朋友圈：否,子女信息：子女总数：3个；健在子女数：3个；第1子女：是否工作/上学：工作；婚姻状况：未婚；过去一年同住月数：12个月；第2子女：是否工作/上学：工作；婚姻状况：已婚且配偶同住；过去一年同住月数：12个月,工作信息：是否从事农业/家庭农活：无；是否已办理退休：否；是否在工作：否；过去一年总工作天数：10天；上月是否在找工作：否,"基础信息：性别：女；年龄：55岁；城乡类型：农村
教育信息：教育程度：未读完小学
婚姻信息：婚姻状况：已婚且配偶同住；过去一年与配偶同住月数：11个月；上半年独自居住天数：0天；上半年仅与配偶同住天数：0天；上半年因不与别人同住而受影响程度：0
情绪信息：生活满意度：有点满意；对子女满意度：有点满意；因小事烦恼（过去一周）：几乎没有（<1天）；感到抑郁（过去一周）：几乎没有（<1天）；对未来抱有希望（过去一周）：有时/中等（3–4天）；感到孤独（过去一周）：几乎没有（<1天）；感到高兴（过去一周）：大多数时候（5–7天）；睡眠不安（过去一周）：大多数时候（5–7天）
健康信息：自评健康状况：一般；医生诊断慢性病：未报告上述疾病；身体疼痛程度：一点；上月平均每天实际睡眠小时数：3小时；是否因健康/残疾不能工作：没问题；是否因健康/残疾不能做家事：没问题；多久接受他人帮助：从不
活动信息：高强度体力活动：否；中等强度体力活动：是；中等强度体力活动目的：其他；轻度体力活动：否；上月活动：帮助不住一起的家人朋友邻居（几乎每天）
上网信息：是否使用互联网：是；上网设备：手机；上网用途：聊天、看新闻、看视频、玩游戏；是否用手机支付：否；是否使用微信：是；是否使用微信朋友圈：否
子女信息：子女总数：3个；健在子女数：3个；第1子女：是否工作/上学：工作；婚姻状况：未婚；过去一年同住月数：12个月；第2子女：是否工作/上学：工作；婚姻状况：已婚且配偶同住；过去一年同住月数：12个月
工作信息：是否从事农业/家庭农活：无；是否已办理退休：否；是否在工作：否；过去一年总工作天数：10天；上月是否在找工作：否"
44,150478205001,基础信息：性别：女；年龄：72岁；城乡类型：城乡结合部/镇乡,教育信息：教育程度：未受教育,婚姻信息：婚姻状况：丧偶；是否有人以配偶身份同住：否；上半年独自居住天数：0天,情绪信息：生活满意度：很满意；对子女满意度：很满意；因小事烦恼（过去一周）：有时/中等（3–4天）；感到抑郁（过去一周）：有时/中等（3–4天）；对未来抱有希望（过去一周）：大多数时候（5–7天）；感到孤独（过去一周）：几乎没有（<1天）；感到高兴（过去一周）：几乎没有（<1天）；睡眠不安（过去一周）：几乎没有（<1天）,健康信息：自评健康状况：一般；医生诊断慢性病：记忆相关疾病；身体疼痛程度：一点；上月平均每天实际睡眠小时数：8小时；是否因健康/残疾不能工作：不能长时间工作；是否因健康/残疾不能做家事：没问题；多久接受他人帮助：从不,活动信息：高强度体力活动：否；中等强度体力活动：是；中等强度体力活动目的：锻炼；轻度体力活动：是；轻度体力活动目的：锻炼；上月活动：以上都没有,上网信息：是否使用互联网：否,子女信息：子女总数：3个；健在子女数：3个；第1子女：是否工作/上学：工作；婚姻状况：已婚且配偶同住；过去一年同住月数：12个月；第2子女：是否工作/上学：工作；婚姻状况：已婚且配偶同住；过去一年同住月数：0个月；见面频率：每两周；电话/短信/微信联系频率：几乎不见/不联系,工作信息：是否从事农业/家庭农活：无；是否已办理退休：否；是否在工作：否；过去一年总工作天数：0天；上月是否在找工作：否,"基础信息：性别：女；年龄：72岁；城乡类型：城乡结合部/镇乡
教育信息：教育程度：未受教育
婚姻信息：婚姻状况：丧偶；是否有人以配偶身份同住：否；上半年独自居住天数：0天
情绪信息：生活满意度：很满意；对子女满意度：很满意；因小事烦恼（过去一周）：有时/中等（3–4天）；感到抑郁（过去一周）：有时/中等（3–4天）；对未来抱有希望（过去一周）：大多数时候（5–7天）；感到孤独（过去一周）：几乎没有（<1天）；感到高兴（过去一周）：几乎没有（<1天）；睡眠不安（过去一周）：几乎没有（<1天）
健康信息：自评健康状况：一般；医生诊断慢性病：记忆相关疾病；身体疼痛程度：一点；上月平均每天实际睡眠小时数：8小时；是否因健康/残疾不能工作：不能长时间工作；是否因健康/残疾不能做家事：没问题；多久接受他人帮助：从不
活动信息：高强度体力活动：否；中等强度体力活动：是；中等强度体力活动目的：锻炼；轻度体力活动：是；轻度体力活动目的：锻炼；上月活动：以上都没有
上网信息：是否使用互联网：否
子女信息：子女总数：3个；健在子女数：3个；第1子女：是否工作/上学：工作；婚姻状况：已婚且配偶同住；过去一年同住月数：12个月；第2子女：是否工作/上学：工作；婚姻状况：已婚且配偶同住；过去一年同住月数：0个月；见面频率：每两周；电话/短信/微信联系频率：几乎不见/不联系
工作信息：是否从事农业/家庭农活：无；是否已办理退休：否；是否在工作：否；过去一年总工作天数：0天；上月是否在找工作：否"
45,281104122003,基础信息：性别：女；年龄：55岁；城乡类型：城/镇中心,教育信息：教育程度：高中,婚姻信息：婚姻状况：已婚且配偶同住；过去一年与配偶同住月数：2个月；上半年独自居住天数：160天；上半年仅与配偶同住天数：10天；上半年因不与别人同住而受影响程度：0,情绪信息：生活满意度：有点满意；对子女满意度：有点满意；因小事烦恼（过去一周）：有时/中等（3–4天）；感到抑郁（过去一周）：少量（1–2天）；对未来抱有希望（过去一周）：少量（1–2天）；感到孤独（过去一周）：几乎没有（<1天）；感到高兴（过去一周）：有时/中等（3–4天）；睡眠不安（过去一周）：有时/中等（3–4天）,健康信息：自评健康状况：一般；医生诊断慢性病：血脂异常、胃部或其他消化系统疾病；身体疼痛程度：一点；上月平均每天实际睡眠小时数：5小时；是否因健康/残疾不能工作：没问题；是否因健康/残疾不能做家事：没问题；多久接受他人帮助：从不,活动信息：高强度体力活动：否；中等强度体力活动：是；中等强度体力活动目的：锻炼；轻度体力活动：是；轻度体力活动目的：工作需要；上月活动：与朋友交往（不规律）、参加运动/社交等俱乐部（几乎每周）、参加社区相关组织（不规律）、其他活动（不规律）,上网信息：是否使用互联网：是；上网设备：台式电脑、笔记本、手机；上网用途：其他；是否用手机支付：是；是否使用微信：是；是否使用微信朋友圈：是,子女信息：子女总数：1个；健在子女数：1个；第1子女：是否工作/上学：工作；婚姻状况：未婚；过去一年同住月数：0个月；见面频率：每三月；电话/短信/微信联系频率：每周1次,工作信息：是否从事农业/家庭农活：无；是否在工作：是；过去一年总工作天数：260天,"基础信息：性别：女；年龄：55岁；城乡类型：城/镇中心
教育信息：教育程度：高中
婚姻信息：婚姻状况：已婚且配偶同住；过去一年与配偶同住月数：2个月；上半年独自居住天数：160天；上半年仅与配偶同住天数：10天；上半年因不与别人同住而受影响程度：0
情绪信息：生活满意度：有点满意；对子女满意度：有点满意；因小事烦恼（过去一周）：有时/中等（3–4天）；感到抑郁（过去一周）：少量（1–2天）；对未来抱有希望（过去一周）：少量（1–2天）；感到孤独（过去一周）：几乎没有（<1天）；感到高兴（过去一周）：有时/中等（3–4天）；睡眠不安（过去一周）：有时/中等（3–4天）
健康信息：自评健康状况：一般；医生诊断慢性病：血脂异常、胃部或其他消化系统疾病；身体疼痛程度：一点；上月平均每天实际睡眠小时数：5小时；是否因健康/残疾不能工作：没问题；是否因健康/残疾不能做家事：没问题；多久接受他人帮助：从不
活动信息：高强度体力活动：否；中等强度体力活动：是；中等强度体力活动目的：锻炼；轻度体力活动：是；轻度体力活动目的：工作需要；上月活动：与朋友交往（不规律）、参加运动/社交等俱乐部（几乎每周）、参加社区相关组织（不规律）、其他活动（不规律）
上网信息：是否使用互联网：是；上网设备：台式电脑、笔记本、手机；上网用途：其他；是否用手机支付：是；是否使用微信：是；是否使用微信朋友圈：是
子女信息：子女总数：1个；健在子女数：1个；第1子女：是否工作/上学：工作；婚姻状况：未婚；过去一年同住月数：0个月；见面频率：每三月；电话/短信/微信联系频率：每周1次
工作信息：是否从事农业/家庭农活：无；是否在工作：是；过去一年总工作天数：260天"
46,110131321002,基础信息：性别：女；年龄：61岁；城乡类型：农村,教育信息：教育程度：未受教育,婚姻信息：婚姻状况：已婚且配偶同住；过去一年与配偶同住月数：12个月；上半年独自居住天数：0天；上半年仅与配偶同住天数：180天；上半年因不与别人同住而受影响程度：0,情绪信息：生活满意度：有点满意；对子女满意度：有点满意；因小事烦恼（过去一周）：几乎没有（<1天）；感到抑郁（过去一周）：少量（1–2天）；对未来抱有希望（过去一周）：几乎没有（<1天）；感到孤独（过去一周）：几乎没有（<1天）；感到高兴（过去一周）：几乎没有（<1天）；睡眠不安（过去一周）：几乎没有（<1天）,健康信息：自评健康状况：一般；医生诊断慢性病：未报告上述疾病；身体疼痛程度：无；上月平均每天实际睡眠小时数：8小时；是否因健康/残疾不能工作：没问题；是否因健康/残疾不能做家事：没问题；多久接受他人帮助：从不,活动信息：高强度体力活动：是；高强度体力活动目的：其他；中等强度体力活动：否；轻度体力活动：是；轻度体力活动目的：工作需要；上月活动：打麻将/下棋/打牌/去社区活动室（不规律）,上网信息：是否使用互联网：是；上网设备：手机；上网用途：聊天；是否用手机支付：否；是否使用微信：是；是否使用微信朋友圈：否,子女信息：子女总数：1个；健在子女数：1个；第1子女：是否工作/上学：工作；婚姻状况：已婚且配偶同住；过去一年同住月数：0个月；见面频率：每周2–3次,工作信息：是否从事农业/家庭农活：有；是否在工作：是；过去一年总工作天数：365天,"基础信息：性别：女；年龄：61岁；城乡类型：农村
教育信息：教育程度：未受教育
婚姻信息：婚姻状况：已婚且配偶同住；过去一年与配偶同住月数：12个月；上半年独自居住天数：0天；上半年仅与配偶同住天数：180天；上半年因不与别人同住而受影响程度：0
情绪信息：生活满意度：有点满意；对子女满意度：有点满意；因小事烦恼（过去一周）：几乎没有（<1天）；感到抑郁（过去一周）：少量（1–2天）；对未来抱有希望（过去一周）：几乎没有（<1天）；感到孤独（过去一周）：几乎没有（<1天）；感到高兴（过去一周）：几乎没有（<1天）；睡眠不安（过去一周）：几乎没有（<1天）
健康信息：自评健康状况：一般；医生诊断慢性病：未报告上述疾病；身体疼痛程度：无；上月平均每天实际睡眠小时数：8小时；是否因健康/残疾不能工作：没问题；是否因健康/残疾不能做家事：没问题；多久接受他人帮助：从不
活动信息：高强度体力活动：是；高强度体力活动目的：其他；中等强度体力活动：否；轻度体力活动：是；轻度体力活动目的：工作需要；上月活动：打麻将/下棋/打牌/去社区活动室（不规律）
上网信息：是否使用互联网：是；上网设备：手机；上网用途：聊天；是否用手机支付：否；是否使用微信：是；是否使用微信朋友圈：否
子女信息：子女总数：1个；健在子女数：1个；第1子女：是否工作/上学：工作；婚姻状况：已婚且配偶同住；过去一年同住月数：0个月；见面频率：每周2–3次
工作信息：是否从事农业/家庭农活：有；是否在工作：是；过去一年总工作天数：365天"
47,298245106002,基础信息：性别：女；年龄：67岁；城乡类型：城乡结合部/镇乡,教育信息：教育程度：未读完小学,婚姻信息：婚姻状况：已婚且配偶同住；过去一年与配偶同住月数：12个月；上半年独自居住天数：0天；上半年仅与配偶同住天数：180天；上半年因不与别人同住而受影响程度：0,情绪信息：生活满意度：有点满意；对子女满意度：不太满意；因小事烦恼（过去一周）：大多数时候（5–7天）；感到抑郁（过去一周）：大多数时候（5–7天）；对未来抱有希望（过去一周）：几乎没有（<1天）；感到孤独（过去一周）：大多数时候（5–7天）；感到高兴（过去一周）：几乎没有（<1天）；睡眠不安（过去一周）：几乎没有（<1天）,健康信息：自评健康状况：差；医生诊断慢性病：高血压、慢性肺部疾病；身体疼痛程度：一点；上月平均每天实际睡眠小时数：8小时；是否因健康/残疾不能工作：不能长时间工作；是否因健康/残疾不能做家事：不能长时间；多久接受他人帮助：从不,活动信息：高强度体力活动：否；中等强度体力活动：否；轻度体力活动：否；上月活动：与朋友交往（几乎每周）,上网信息：是否使用互联网：否,子女信息：子女总数：3个；健在子女数：3个；第1子女：是否工作/上学：工作；婚姻状况：已婚且配偶同住；过去一年同住月数：0个月；见面频率：每周1次；第2子女：是否工作/上学：工作；婚姻状况：已婚且配偶同住；过去一年同住月数：0个月；见面频率：每月；电话/短信/微信联系频率：每两周,工作信息：是否从事农业/家庭农活：有；是否已办理退休：否；是否在工作：是；过去一年总工作天数：15天,"基础信息：性别：女；年龄：67岁；城乡类型：城乡结合部/镇乡
教育信息：教育程度：未读完小学
婚姻信息：婚姻状况：已婚且配偶同住；过去一年与配偶同住月数：12个月；上半年独自居住天数：0天；上半年仅与配偶同住天数：180天；上半年因不与别人同住而受影响程度：0
情绪信息：生活满意度：有点满意；对子女满意度：不太满意；因小事烦恼（过去一周）：大多数时候（5–7天）；感到抑郁（过去一周）：大多数时候（5–7天）；对未来抱有希望（过去一周）：几乎没有（<1天）；感到孤独（过去一周）：大多数时候（5–7天）；感到高兴（过去一周）：几乎没有（<1天）；睡眠不安（过去一周）：几乎没有（<1天）
健康信息：自评健康状况：差；医生诊断慢性病：高血压、慢性肺部疾病；身体疼痛程度：一点；上月平均每天实际睡眠小时数：8小时；是否因健康/残疾不能工作：不能长时间工作；是否因健康/残疾不能做家事：不能长时间；多久接受他人帮助：从不
活动信息：高强度体力活动：否；中等强度体力活动：否；轻度体力活动：否；上月活动：与朋友交往（几乎每周）
上网信息：是否使用互联网：否
子女信息：子女总数：3个；健在子女数：3个；第1子女：是否工作/上学：工作；婚姻状况：已婚且配偶同住；过去一年同住月数：0个月；见面频率：每周1次；第2子女：是否工作/上学：工作；婚姻状况：已婚且配偶同住；过去一年同住月数：0个月；见面频率：每月；电话/短信/微信联系频率：每两周
工作信息：是否从事农业/家庭农活：有；是否已办理退休：否；是否在工作：是；过去一年总工作天数：15天"
48,266059305001,基础信息：性别：男；年龄：62岁；城乡类型：农村,教育信息：教育程度：小学,婚姻信息：婚姻状况：已婚且配偶同住；过去一年与配偶同住月数：12个月；上半年独自居住天数：0天；上半年仅与配偶同住天数：180天；上半年因不与别人同住而受影响程度：100,情绪信息：生活满意度：很满意；对子女满意度：有点满意；因小事烦恼（过去一周）：有时/中等（3–4天）；感到抑郁（过去一周）：有时/中等（3–4天）；对未来抱有希望（过去一周）：有时/中等（3–4天）；感到孤独（过去一周）：少量（1–2天）；感到高兴（过去一周）：有时/中等（3–4天）；睡眠不安（过去一周）：几乎没有（<1天）,健康信息：自评健康状况：一般；医生诊断慢性病：血脂异常；身体疼痛程度：无；上月平均每天实际睡眠小时数：7小时；是否因健康/残疾不能工作：没问题；是否因健康/残疾不能做家事：没问题；多久接受他人帮助：从不,活动信息：高强度体力活动：是；高强度体力活动目的：工作需要；中等强度体力活动：是；中等强度体力活动目的：工作需要；轻度体力活动：是；轻度体力活动目的：锻炼；上月活动：以上都没有,上网信息：是否使用互联网：是；上网设备：手机；上网用途：看新闻、看视频；是否用手机支付：否；是否使用微信：否,子女信息：子女总数：3个；健在子女数：3个；第1子女：是否工作/上学：工作；婚姻状况：已婚暂分居；过去一年同住月数：0个月；见面频率：每半年；电话/短信/微信联系频率：每两周；第2子女：是否工作/上学：工作；婚姻状况：已婚暂分居；过去一年同住月数：0个月；见面频率：每月；电话/短信/微信联系频率：每周1次,工作信息：是否从事农业/家庭农活：有；是否已办理退休：否；是否在工作：是；过去一年总工作天数：300天,"基础信息：性别：男；年龄：62岁；城乡类型：农村
教育信息：教育程度：小学
婚姻信息：婚姻状况：已婚且配偶同住；过去一年与配偶同住月数：12个月；上半年独自居住天数：0天；上半年仅与配偶同住天数：180天；上半年因不与别人同住而受影响程度：100
情绪信息：生活满意度：很满意；对子女满意度：有点满意；因小事烦恼（过去一周）：有时/中等（3–4天）；感到抑郁（过去一周）：有时/中等（3–4天）；对未来抱有希望（过去一周）：有时/中等（3–4天）；感到孤独（过去一周）：少量（1–2天）；感到高兴（过去一周）：有时/中等（3–4天）；睡眠不安（过去一周）：几乎没有（<1天）
健康信息：自评健康状况：一般；医生诊断慢性病：血脂异常；身体疼痛程度：无；上月平均每天实际睡眠小时数：7小时；是否因健康/残疾不能工作：没问题；是否因健康/残疾不能做家事：没问题；多久接受他人帮助：从不
活动信息：高强度体力活动：是；高强度体力活动目的：工作需要；中等强度体力活动：是；中等强度体力活动目的：工作需要；轻度体力活动：是；轻度体力活动目的：锻炼；上月活动：以上都没有
上网信息：是否使用互联网：是；上网设备：手机；上网用途：看新闻、看视频；是否用手机支付：否；是否使用微信：否
子女信息：子女总数：3个；健在子女数：3个；第1子女：是否工作/上学：工作；婚姻状况：已婚暂分居；过去一年同住月数：0个月；见面频率：每半年；电话/短信/微信联系频率：每两周；第2子女：是否工作/上学：工作；婚姻状况：已婚暂分居；过去一年同住月数：0个月；见面频率：每月；电话/短信/微信联系频率：每周1次
工作信息：是否从事农业/家庭农活：有；是否已办理退休：否；是否在工作：是；过去一年总工作天数：300天"
49,54054110001,基础信息：性别：女；年龄：67岁；城乡类型：农村,教育信息：教育程度：小学,婚姻信息：婚姻状况：已婚且配偶同住；过去一年与配偶同住月数：12个月；上半年独自居住天数：0天；上半年仅与配偶同住天数：0天,情绪信息：生活满意度：很满意；对子女满意度：很满意；因小事烦恼（过去一周）：几乎没有（<1天）；感到抑郁（过去一周）：几乎没有（<1天）；对未来抱有希望（过去一周）：大多数时候（5–7天）；感到孤独（过去一周）：几乎没有（<1天）；感到高兴（过去一周）：大多数时候（5–7天）；睡眠不安（过去一周）：几乎没有（<1天）,健康信息：自评健康状况：好；医生诊断慢性病：未报告上述疾病；身体疼痛程度：无；上月平均每天实际睡眠小时数：8小时；是否因健康/残疾不能工作：没问题；是否因健康/残疾不能做家事：没问题；多久接受他人帮助：从不,活动信息：高强度体力活动：否；中等强度体力活动：是；中等强度体力活动目的：工作需要；轻度体力活动：是；轻度体力活动目的：工作需要；上月活动：以上都没有,上网信息：是否使用互联网：否,子女信息：子女总数：1个；健在子女数：1个；第1子女：是否工作/上学：工作；婚姻状况：已婚且配偶同住；过去一年同住月数：12个月,工作信息：是否从事农业/家庭农活：有；是否已办理退休：否；是否在工作：是；过去一年总工作天数：150天,"基础信息：性别：女；年龄：67岁；城乡类型：农村
教育信息：教育程度：小学
婚姻信息：婚姻状况：已婚且配偶同住；过去一年与配偶同住月数：12个月；上半年独自居住天数：0天；上半年仅与配偶同住天数：0天
情绪信息：生活满意度：很满意；对子女满意度：很满意；因小事烦恼（过去一周）：几乎没有（<1天）；感到抑郁（过去一周）：几乎没有（<1天）；对未来抱有希望（过去一周）：大多数时候（5–7天）；感到孤独（过去一周）：几乎没有（<1天）；感到高兴（过去一周）：大多数时候（5–7天）；睡眠不安（过去一周）：几乎没有（<1天）
健康信息：自评健康状况：好；医生诊断慢性病：未报告上述疾病；身体疼痛程度：无；上月平均每天实际睡眠小时数：8小时；是否因健康/残疾不能工作：没问题；是否因健康/残疾不能做家事：没问题；多久接受他人帮助：从不
活动信息：高强度体力活动：否；中等强度体力活动：是；中等强度体力活动目的：工作需要；轻度体力活动：是；轻度体力活动目的：工作需要；上月活动：以上都没有
上网信息：是否使用互联网：否
子女信息：子女总数：1个；健在子女数：1个；第1子女：是否工作/上学：工作；婚姻状况：已婚且配偶同住；过去一年同住月数：12个月
工作信息：是否从事农业/家庭农活：有；是否已办理退休：否；是否在工作：是；过去一年总工作天数：150天"
50,338231202001,基础信息：性别：男；年龄：64岁；城乡类型：城/镇中心,教育信息：教育程度：小学,婚姻信息：婚姻状况：离婚；是否有人以配偶身份同住：否；上半年独自居住天数：180天；上半年因不与别人同住而受影响程度：0,情绪信息：生活满意度：有点满意；因小事烦恼（过去一周）：几乎没有（<1天）；感到抑郁（过去一周）：少量（1–2天）；对未来抱有希望（过去一周）：有时/中等（3–4天）；感到孤独（过去一周）：几乎没有（<1天）；感到高兴（过去一周）：有时/中等（3–4天）；睡眠不安（过去一周）：几乎没有（<1天）,健康信息：自评健康状况：好；医生诊断慢性病：未报告上述疾病；身体疼痛程度：无；上月平均每天实际睡眠小时数：6小时；是否因健康/残疾不能工作：没问题；是否因健康/残疾不能做家事：没问题；多久接受他人帮助：偶尔,活动信息：高强度体力活动：否；中等强度体力活动：否；轻度体力活动：是；轻度体力活动目的：锻炼；上月活动：以上都没有,上网信息：是否使用互联网：否,子女信息：子女总数：0个；健在子女数：0个,工作信息：是否从事农业/家庭农活：无；是否在工作：否；过去一年总工作天数：0天；上月是否在找工作：否,"基础信息：性别：男；年龄：64岁；城乡类型：城/镇中心
教育信息：教育程度：小学
婚姻信息：婚姻状况：离婚；是否有人以配偶身份同住：否；上半年独自居住天数：180天；上半年因不与别人同住而受影响程度：0
情绪信息：生活满意度：有点满意；因小事烦恼（过去一周）：几乎没有（<1天）；感到抑郁（过去一周）：少量（1–2天）；对未来抱有希望（过去一周）：有时/中等（3–4天）；感到孤独（过去一周）：几乎没有（<1天）；感到高兴（过去一周）：有时/中等（3–4天）；睡眠不安（过去一周）：几乎没有（<1天）
健康信息：自评健康状况：好；医生诊断慢性病：未报告上述疾病；身体疼痛程度：无；上月平均每天实际睡眠小时数：6小时；是否因健康/残疾不能工作：没问题；是否因健康/残疾不能做家事：没问题；多久接受他人帮助：偶尔
活动信息：高强度体力活动：否；中等强度体力活动：否；轻度体力活动：是；轻度体力活动目的：锻炼；上月活动：以上都没有
上网信息：是否使用互联网：否
子女信息：子女总数：0个；健在子女数：0个
工作信息：是否从事农业/家庭农活：无；是否在工作：否；过去一年总工作天数：0天；上月是否在找工作：否"
51,10206118001,基础信息：性别：女；年龄：46岁；城乡类型：农村,教育信息：教育程度：小学,婚姻信息：婚姻状况：已婚且配偶同住；过去一年与配偶同住月数：3.2个月；上半年独自居住天数：22天；上半年仅与配偶同住天数：8天；上半年因不与别人同住而受影响程度：67,情绪信息：生活满意度：有点满意；对子女满意度：有点满意；因小事烦恼（过去一周）：几乎没有（<1天）；感到抑郁（过去一周）：几乎没有（<1天）；对未来抱有希望（过去一周）：大多数时候（5–7天）；感到孤独（过去一周）：几乎没有（<1天）；感到高兴（过去一周）：大多数时候（5–7天）；睡眠不安（过去一周）：大多数时候（5–7天）,健康信息：自评健康状况：很差；医生诊断慢性病：未报告上述疾病；身体疼痛程度：有些；上月平均每天实际睡眠小时数：3小时；是否因健康/残疾不能工作：没问题；是否因健康/残疾不能做家事：没问题；多久接受他人帮助：从不,活动信息：高强度体力活动：是；高强度体力活动目的：工作需要；中等强度体力活动：是；中等强度体力活动目的：工作需要；轻度体力活动：是；轻度体力活动目的：工作需要；上月活动：与朋友交往（不规律）、打麻将/下棋/打牌/去社区活动室（不规律）,上网信息：是否使用互联网：是；上网设备：手机；上网用途：聊天、看视频、玩游戏；是否用手机支付：是；是否使用微信：是；是否使用微信朋友圈：是,子女信息：子女总数：2个；健在子女数：2个；第1子女：是否工作/上学：上学；婚姻状况：未婚；过去一年同住月数：5个月；见面频率：每年；电话/短信/微信联系频率：每周1次；第2子女：是否工作/上学：上学；婚姻状况：未婚；过去一年同住月数：4个月；见面频率：每半年；电话/短信/微信联系频率：每周1次,工作信息：是否从事农业/家庭农活：有；是否已办理退休：否；是否在工作：是；过去一年总工作天数：336天,"基础信息：性别：女；年龄：46岁；城乡类型：农村
教育信息：教育程度：小学
婚姻信息：婚姻状况：已婚且配偶同住；过去一年与配偶同住月数：3.2个月；上半年独自居住天数：22天；上半年仅与配偶同住天数：8天；上半年因不与别人同住而受影响程度：67
情绪信息：生活满意度：有点满意；对子女满意度：有点满意；因小事烦恼（过去一周）：几乎没有（<1天）；感到抑郁（过去一周）：几乎没有（<1天）；对未来抱有希望（过去一周）：大多数时候（5–7天）；感到孤独（过去一周）：几乎没有（<1天）；感到高兴（过去一周）：大多数时候（5–7天）；睡眠不安（过去一周）：大多数时候（5–7天）
健康信息：自评健康状况：很差；医生诊断慢性病：未报告上述疾病；身体疼痛程度：有些；上月平均每天实际睡眠小时数：3小时；是否因健康/残疾不能工作：没问题；是否因健康/残疾不能做家事：没问题；多久接受他人帮助：从不
活动信息：高强度体力活动：是；高强度体力活动目的：工作需要；中等强度体力活动：是；中等强度体力活动目的：工作需要；轻度体力活动：是；轻度体力活动目的：工作需要；上月活动：与朋友交往（不规律）、打麻将/下棋/打牌/去社区活动室（不规律）
上网信息：是否使用互联网：是；上网设备：手机；上网用途：聊天、看视频、玩游戏；是否用手机支付：是；是否使用微信：是；是否使用微信朋友圈：是
子女信息：子女总数：2个；健在子女数：2个；第1子女：是否工作/上学：上学；婚姻状况：未婚；过去一年同住月数：5个月；见面频率：每年；电话/短信/微信联系频率：每周1次；第2子女：是否工作/上学：上学；婚姻状况：未婚；过去一年同住月数：4个月；见面频率：每半年；电话/短信/微信联系频率：每周1次
工作信息：是否从事农业/家庭农活：有；是否已办理退休：否；是否在工作：是；过去一年总工作天数：336天"
52,244676309001,基础信息：性别：男；年龄：82岁；城乡类型：农村,教育信息：教育程度：初中,婚姻信息：婚姻状况：丧偶；是否有人以配偶身份同住：否；上半年独自居住天数：180天；上半年因不与别人同住而受影响程度：0,情绪信息：生活满意度：有点满意；对子女满意度：很满意；因小事烦恼（过去一周）：大多数时候（5–7天）；感到抑郁（过去一周）：有时/中等（3–4天）；对未来抱有希望（过去一周）：少量（1–2天）；感到孤独（过去一周）：几乎没有（<1天）；感到高兴（过去一周）：有时/中等（3–4天）；睡眠不安（过去一周）：几乎没有（<1天）,健康信息：自评健康状况：一般；医生诊断慢性病：心脏病、胃部或其他消化系统疾病、关节炎或风湿病、记忆相关疾病；身体疼痛程度：有些；上月平均每天实际睡眠小时数：5小时；是否因健康/残疾不能工作：不能长时间工作；是否因健康/残疾不能做家事：没问题；多久接受他人帮助：偶尔,活动信息：高强度体力活动：是；高强度体力活动目的：锻炼；中等强度体力活动：是；中等强度体力活动目的：工作需要；轻度体力活动：是；轻度体力活动目的：娱乐；上月活动：与朋友交往（不规律）,上网信息：是否使用互联网：否,子女信息：子女总数：6个；健在子女数：6个；第1子女：最高学历：小学；是否工作/上学：工作；婚姻状况：已婚且配偶同住；过去一年同住月数：12个月；第2子女：是否工作/上学：工作；婚姻状况：已婚且配偶同住；过去一年同住月数：0个月；见面频率：每周1次,工作信息：是否从事农业/家庭农活：无；是否已办理退休：否；是否在工作：否；过去一年总工作天数：2天；上月是否在找工作：否,"基础信息：性别：男；年龄：82岁；城乡类型：农村
教育信息：教育程度：初中
婚姻信息：婚姻状况：丧偶；是否有人以配偶身份同住：否；上半年独自居住天数：180天；上半年因不与别人同住而受影响程度：0
情绪信息：生活满意度：有点满意；对子女满意度：很满意；因小事烦恼（过去一周）：大多数时候（5–7天）；感到抑郁（过去一周）：有时/中等（3–4天）；对未来抱有希望（过去一周）：少量（1–2天）；感到孤独（过去一周）：几乎没有（<1天）；感到高兴（过去一周）：有时/中等（3–4天）；睡眠不安（过去一周）：几乎没有（<1天）
健康信息：自评健康状况：一般；医生诊断慢性病：心脏病、胃部或其他消化系统疾病、关节炎或风湿病、记忆相关疾病；身体疼痛程度：有些；上月平均每天实际睡眠小时数：5小时；是否因健康/残疾不能工作：不能长时间工作；是否因健康/残疾不能做家事：没问题；多久接受他人帮助：偶尔
活动信息：高强度体力活动：是；高强度体力活动目的：锻炼；中等强度体力活动：是；中等强度体力活动目的：工作需要；轻度体力活动：是；轻度体力活动目的：娱乐；上月活动：与朋友交往（不规律）
上网信息：是否使用互联网：否
子女信息：子女总数：6个；健在子女数：6个；第1子女：最高学历：小学；是否工作/上学：工作；婚姻状况：已婚且配偶同住；过去一年同住月数：12个月；第2子女：是否工作/上学：工作；婚姻状况：已婚且配偶同住；过去一年同住月数：0个月；见面频率：每周1次
工作信息：是否从事农业/家庭农活：无；是否已办理退休：否；是否在工作：否；过去一年总工作天数：2天；上月是否在找工作：否"
53,10233105002,基础信息：性别：女；年龄：46岁；城乡类型：农村,教育信息：教育程度：小学,婚姻信息：婚姻状况：已婚且配偶同住；过去一年与配偶同住月数：12个月；上半年独自居住天数：0天；上半年仅与配偶同住天数：120天；上半年因不与别人同住而受影响程度：0,情绪信息：生活满意度：有点满意；对子女满意度：有点满意；因小事烦恼（过去一周）：有时/中等（3–4天）；感到抑郁（过去一周）：有时/中等（3–4天）；对未来抱有希望（过去一周）：大多数时候（5–7天）；感到孤独（过去一周）：几乎没有（<1天）；感到高兴（过去一周）：有时/中等（3–4天）；睡眠不安（过去一周）：有时/中等（3–4天）,健康信息：自评健康状况：一般；医生诊断慢性病：未报告上述疾病；身体疼痛程度：相当；上月平均每天实际睡眠小时数：7小时；是否因健康/残疾不能工作：不能长时间工作；是否因健康/残疾不能做家事：没问题；多久接受他人帮助：从不,活动信息：高强度体力活动：是；高强度体力活动目的：工作需要；中等强度体力活动：是；中等强度体力活动目的：工作需要；轻度体力活动：是；轻度体力活动目的：工作需要；上月活动：以上都没有,上网信息：是否使用互联网：否,子女信息：子女总数：2个；健在子女数：2个；第1子女：最高学历：职高；是否工作/上学：工作；婚姻状况：未婚；过去一年同住月数：0个月；见面频率：每两周；电话/短信/微信联系频率：每两周；第2子女：是否工作/上学：上学；婚姻状况：未婚；过去一年同住月数：4个月；见面频率：每三月；电话/短信/微信联系频率：每月,工作信息：是否从事农业/家庭农活：有；是否已办理退休：否；是否在工作：是；过去一年总工作天数：180天,"基础信息：性别：女；年龄：46岁；城乡类型：农村
教育信息：教育程度：小学
婚姻信息：婚姻状况：已婚且配偶同住；过去一年与配偶同住月数：12个月；上半年独自居住天数：0天；上半年仅与配偶同住天数：120天；上半年因不与别人同住而受影响程度：0
情绪信息：生活满意度：有点满意；对子女满意度：有点满意；因小事烦恼（过去一周）：有时/中等（3–4天）；感到抑郁（过去一周）：有时/中等（3–4天）；对未来抱有希望（过去一周）：大多数时候（5–7天）；感到孤独（过去一周）：几乎没有（<1天）；感到高兴（过去一周）：有时/中等（3–4天）；睡眠不安（过去一周）：有时/中等（3–4天）
健康信息：自评健康状况：一般；医生诊断慢性病：未报告上述疾病；身体疼痛程度：相当；上月平均每天实际睡眠小时数：7小时；是否因健康/残疾不能工作：不能长时间工作；是否因健康/残疾不能做家事：没问题；多久接受他人帮助：从不
活动信息：高强度体力活动：是；高强度体力活动目的：工作需要；中等强度体力活动：是；中等强度体力活动目的：工作需要；轻度体力活动：是；轻度体力活动目的：工作需要；上月活动：以上都没有
上网信息：是否使用互联网：否
子女信息：子女总数：2个；健在子女数：2个；第1子女：最高学历：职高；是否工作/上学：工作；婚姻状况：未婚；过去一年同住月数：0个月；见面频率：每两周；电话/短信/微信联系频率：每两周；第2子女：是否工作/上学：上学；婚姻状况：未婚；过去一年同住月数：4个月；见面频率：每三月；电话/短信/微信联系频率：每月
工作信息：是否从事农业/家庭农活：有；是否已办理退休：否；是否在工作：是；过去一年总工作天数：180天"
54,320146222002,基础信息：性别：女；年龄：65岁；城乡类型：农村,教育信息：教育程度：未受教育,婚姻信息：婚姻状况：已婚且配偶同住；过去一年与配偶同住月数：12个月；上半年独自居住天数：0天；上半年仅与配偶同住天数：0天,情绪信息：生活满意度：很满意；对子女满意度：有点满意；因小事烦恼（过去一周）：有时/中等（3–4天）；感到抑郁（过去一周）：几乎没有（<1天）；对未来抱有希望（过去一周）：少量（1–2天）；感到孤独（过去一周）：几乎没有（<1天）；感到高兴（过去一周）：有时/中等（3–4天）；睡眠不安（过去一周）：几乎没有（<1天）,健康信息：自评健康状况：一般；医生诊断慢性病：糖尿病或高血糖；身体疼痛程度：一点；上月平均每天实际睡眠小时数：8小时；是否因健康/残疾不能工作：没问题；是否因健康/残疾不能做家事：没问题；多久接受他人帮助：偶尔,活动信息：高强度体力活动：否；中等强度体力活动：是；中等强度体力活动目的：工作需要；轻度体力活动：是；轻度体力活动目的：工作需要；上月活动：与朋友交往（不规律）,上网信息：是否使用互联网：否,子女信息：子女总数：5个；健在子女数：5个；第2子女：是否工作/上学：工作；婚姻状况：已婚且配偶同住；过去一年同住月数：0个月；见面频率：每半年；电话/短信/微信联系频率：每月,工作信息：是否从事农业/家庭农活：有；是否已办理退休：否；是否在工作：是；过去一年总工作天数：140天,"基础信息：性别：女；年龄：65岁；城乡类型：农村
教育信息：教育程度：未受教育
婚姻信息：婚姻状况：已婚且配偶同住；过去一年与配偶同住月数：12个月；上半年独自居住天数：0天；上半年仅与配偶同住天数：0天
情绪信息：生活满意度：很满意；对子女满意度：有点满意；因小事烦恼（过去一周）：有时/中等（3–4天）；感到抑郁（过去一周）：几乎没有（<1天）；对未来抱有希望（过去一周）：少量（1–2天）；感到孤独（过去一周）：几乎没有（<1天）；感到高兴（过去一周）：有时/中等（3–4天）；睡眠不安（过去一周）：几乎没有（<1天）
健康信息：自评健康状况：一般；医生诊断慢性病：糖尿病或高血糖；身体疼痛程度：一点；上月平均每天实际睡眠小时数：8小时；是否因健康/残疾不能工作：没问题；是否因健康/残疾不能做家事：没问题；多久接受他人帮助：偶尔
活动信息：高强度体力活动：否；中等强度体力活动：是；中等强度体力活动目的：工作需要；轻度体力活动：是；轻度体力活动目的：工作需要；上月活动：与朋友交往（不规律）
上网信息：是否使用互联网：否
子女信息：子女总数：5个；健在子女数：5个；第2子女：是否工作/上学：工作；婚姻状况：已婚且配偶同住；过去一年同住月数：0个月；见面频率：每半年；电话/短信/微信联系频率：每月
工作信息：是否从事农业/家庭农活：有；是否已办理退休：否；是否在工作：是；过去一年总工作天数：140天"
55,280154108002,基础信息：性别：男；年龄：76岁；城乡类型：农村,教育信息：教育程度：小学,婚姻信息：婚姻状况：已婚且配偶同住；过去一年与配偶同住月数：12个月；上半年独自居住天数：0天；上半年仅与配偶同住天数：0天,情绪信息：生活满意度：有点满意；对子女满意度：很满意；因小事烦恼（过去一周）：几乎没有（<1天）；感到抑郁（过去一周）：几乎没有（<1天）；对未来抱有希望（过去一周）：有时/中等（3–4天）；感到孤独（过去一周）：几乎没有（<1天）；感到高兴（过去一周）：有时/中等（3–4天）；睡眠不安（过去一周）：几乎没有（<1天）,健康信息：自评健康状况：很好；医生诊断慢性病：未报告上述疾病；身体疼痛程度：无；上月平均每天实际睡眠小时数：7小时；是否因健康/残疾不能工作：没问题；是否因健康/残疾不能做家事：没问题；多久接受他人帮助：从不,活动信息：高强度体力活动：是；高强度体力活动目的：工作需要；中等强度体力活动：是；中等强度体力活动目的：工作需要；轻度体力活动：否；上月活动：以上都没有,上网信息：是否使用互联网：否,子女信息：子女总数：4个；健在子女数：4个；第1子女：是否工作/上学：工作；婚姻状况：已婚暂分居；过去一年同住月数：1个月；见面频率：几乎不见/不联系；电话/短信/微信联系频率：几乎不见/不联系；第2子女：是否工作/上学：工作；婚姻状况：已婚且配偶同住；过去一年同住月数：3个月；见面频率：每年；电话/短信/微信联系频率：每三月,工作信息：是否从事农业/家庭农活：有；是否已办理退休：否；是否在工作：是；过去一年总工作天数：75天,"基础信息：性别：男；年龄：76岁；城乡类型：农村
教育信息：教育程度：小学
婚姻信息：婚姻状况：已婚且配偶同住；过去一年与配偶同住月数：12个月；上半年独自居住天数：0天；上半年仅与配偶同住天数：0天
情绪信息：生活满意度：有点满意；对子女满意度：很满意；因小事烦恼（过去一周）：几乎没有（<1天）；感到抑郁（过去一周）：几乎没有（<1天）；对未来抱有希望（过去一周）：有时/中等（3–4天）；感到孤独（过去一周）：几乎没有（<1天）；感到高兴（过去一周）：有时/中等（3–4天）；睡眠不安（过去一周）：几乎没有（<1天）
健康信息：自评健康状况：很好；医生诊断慢性病：未报告上述疾病；身体疼痛程度：无；上月平均每天实际睡眠小时数：7小时；是否因健康/残疾不能工作：没问题；是否因健康/残疾不能做家事：没问题；多久接受他人帮助：从不
活动信息：高强度体力活动：是；高强度体力活动目的：工作需要；中等强度体力活动：是；中等强度体力活动目的：工作需要；轻度体力活动：否；上月活动：以上都没有
上网信息：是否使用互联网：否
子女信息：子女总数：4个；健在子女数：4个；第1子女：是否工作/上学：工作；婚姻状况：已婚暂分居；过去一年同住月数：1个月；见面频率：几乎不见/不联系；电话/短信/微信联系频率：几乎不见/不联系；第2子女：是否工作/上学：工作；婚姻状况：已婚且配偶同住；过去一年同住月数：3个月；见面频率：每年；电话/短信/微信联系频率：每三月
工作信息：是否从事农业/家庭农活：有；是否已办理退休：否；是否在工作：是；过去一年总工作天数：75天"
56,294099132002,基础信息：性别：男；年龄：58岁；城乡类型：农村,教育信息：教育程度：初中,婚姻信息：婚姻状况：已婚且配偶同住；过去一年与配偶同住月数：12个月；上半年独自居住天数：0天；上半年仅与配偶同住天数：182天；上半年因不与别人同住而受影响程度：0,情绪信息：生活满意度：有点满意；对子女满意度：有点满意；因小事烦恼（过去一周）：几乎没有（<1天）；感到抑郁（过去一周）：几乎没有（<1天）；对未来抱有希望（过去一周）：有时/中等（3–4天）；感到孤独（过去一周）：几乎没有（<1天）；感到高兴（过去一周）：有时/中等（3–4天）；睡眠不安（过去一周）：几乎没有（<1天）,健康信息：自评健康状况：一般；医生诊断慢性病：未报告上述疾病；身体疼痛程度：一点；上月平均每天实际睡眠小时数：6小时；是否因健康/残疾不能工作：没问题；是否因健康/残疾不能做家事：没问题；多久接受他人帮助：从不,活动信息：高强度体力活动：否；中等强度体力活动：否；轻度体力活动：否；上月活动：以上都没有,上网信息：是否使用互联网：否,子女信息：子女总数：1个；健在子女数：1个；第1子女：是否工作/上学：工作；婚姻状况：已婚且配偶同住；过去一年同住月数：12个月,工作信息：是否从事农业/家庭农活：无；是否已办理退休：否；是否在工作：是；过去一年总工作天数：280天,"基础信息：性别：男；年龄：58岁；城乡类型：农村
教育信息：教育程度：初中
婚姻信息：婚姻状况：已婚且配偶同住；过去一年与配偶同住月数：12个月；上半年独自居住天数：0天；上半年仅与配偶同住天数：182天；上半年因不与别人同住而受影响程度：0
情绪信息：生活满意度：有点满意；对子女满意度：有点满意；因小事烦恼（过去一周）：几乎没有（<1天）；感到抑郁（过去一周）：几乎没有（<1天）；对未来抱有希望（过去一周）：有时/中等（3–4天）；感到孤独（过去一周）：几乎没有（<1天）；感到高兴（过去一周）：有时/中等（3–4天）；睡眠不安（过去一周）：几乎没有（<1天）
健康信息：自评健康状况：一般；医生诊断慢性病：未报告上述疾病；身体疼痛程度：一点；上月平均每天实际睡眠小时数：6小时；是否因健康/残疾不能工作：没问题；是否因健康/残疾不能做家事：没问题；多久接受他人帮助：从不
活动信息：高强度体力活动：否；中等强度体力活动：否；轻度体力活动：否；上月活动：以上都没有
上网信息：是否使用互联网：否
子女信息：子女总数：1个；健在子女数：1个；第1子女：是否工作/上学：工作；婚姻状况：已婚且配偶同住；过去一年同住月数：12个月
工作信息：是否从事农业/家庭农活：无；是否已办理退休：否；是否在工作：是；过去一年总工作天数：280天"
57,151156320002,基础信息：性别：男；年龄：67岁；城乡类型：城/镇中心,教育信息：教育程度：未读完小学,婚姻信息：婚姻状况：已婚且配偶同住；过去一年与配偶同住月数：12个月；上半年独自居住天数：0天；上半年仅与配偶同住天数：182天；上半年因不与别人同住而受影响程度：0,情绪信息：生活满意度：有点满意；对子女满意度：有点满意；因小事烦恼（过去一周）：几乎没有（<1天）；感到抑郁（过去一周）：几乎没有（<1天）；对未来抱有希望（过去一周）：有时/中等（3–4天）；感到孤独（过去一周）：几乎没有（<1天）；感到高兴（过去一周）：大多数时候（5–7天）；睡眠不安（过去一周）：几乎没有（<1天）,健康信息：自评健康状况：一般；医生诊断慢性病：心脏病、肾脏疾病、记忆相关疾病；身体疼痛程度：非常；上月平均每天实际睡眠小时数：9小时；是否因健康/残疾不能工作：没问题；是否因健康/残疾不能做家事：没问题；多久接受他人帮助：偶尔,活动信息：高强度体力活动：否；中等强度体力活动：否；轻度体力活动：是；轻度体力活动目的：工作需要；上月活动：以上都没有,上网信息：是否使用互联网：否,子女信息：子女总数：1个；健在子女数：1个；第2子女：是否工作/上学：工作；婚姻状况：已婚且配偶同住；过去一年同住月数：0个月；见面频率：每两周；电话/短信/微信联系频率：每两周,工作信息：是否从事农业/家庭农活：无；是否已办理退休：否；是否在工作：否；过去一年总工作天数：0天；上月是否在找工作：否,"基础信息：性别：男；年龄：67岁；城乡类型：城/镇中心
教育信息：教育程度：未读完小学
婚姻信息：婚姻状况：已婚且配偶同住；过去一年与配偶同住月数：12个月；上半年独自居住天数：0天；上半年仅与配偶同住天数：182天；上半年因不与别人同住而受影响程度：0
情绪信息：生活满意度：有点满意；对子女满意度：有点满意；因小事烦恼（过去一周）：几乎没有（<1天）；感到抑郁（过去一周）：几乎没有（<1天）；对未来抱有希望（过去一周）：有时/中等（3–4天）；感到孤独（过去一周）：几乎没有（<1天）；感到高兴（过去一周）：大多数时候（5–7天）；睡眠不安（过去一周）：几乎没有（<1天）
健康信息：自评健康状况：一般；医生诊断慢性病：心脏病、肾脏疾病、记忆相关疾病；身体疼痛程度：非常；上月平均每天实际睡眠小时数：9小时；是否因健康/残疾不能工作：没问题；是否因健康/残疾不能做家事：没问题；多久接受他人帮助：偶尔
活动信息：高强度体力活动：否；中等强度体力活动：否；轻度体力活动：是；轻度体力活动目的：工作需要；上月活动：以上都没有
上网信息：是否使用互联网：否
子女信息：子女总数：1个；健在子女数：1个；第2子女：是否工作/上学：工作；婚姻状况：已婚且配偶同住；过去一年同住月数：0个月；见面频率：每两周；电话/短信/微信联系频率：每两周
工作信息：是否从事农业/家庭农活：无；是否已办理退休：否；是否在工作：否；过去一年总工作天数：0天；上月是否在找工作：否"
58,296081302001,基础信息：性别：女；年龄：56岁；城乡类型：农村,教育信息：教育程度：未受教育,婚姻信息：婚姻状况：已婚暂分居；过去一年与配偶同住月数：2个月；上半年独自居住天数：90天；上半年仅与配偶同住天数：60天；上半年因不与别人同住而受影响程度：0,情绪信息：生活满意度：非常满意；对子女满意度：很满意；因小事烦恼（过去一周）：大多数时候（5–7天）；感到抑郁（过去一周）：大多数时候（5–7天）；对未来抱有希望（过去一周）：有时/中等（3–4天）；感到孤独（过去一周）：几乎没有（<1天）；感到高兴（过去一周）：少量（1–2天）；睡眠不安（过去一周）：有时/中等（3–4天）,健康信息：自评健康状况：差；医生诊断慢性病：未报告上述疾病；身体疼痛程度：一点；上月平均每天实际睡眠小时数：6小时；是否因健康/残疾不能工作：不能长时间工作；是否因健康/残疾不能做家事：没问题；多久接受他人帮助：从不,活动信息：高强度体力活动：否；中等强度体力活动：否；轻度体力活动：是；轻度体力活动目的：娱乐；上月活动：与朋友交往（几乎每天）、帮助不住一起的家人朋友邻居（几乎每周）,上网信息：是否使用互联网：否,子女信息：子女总数：2个；健在子女数：2个；第1子女：是否工作/上学：工作；婚姻状况：已婚且配偶同住；过去一年同住月数：0个月；见面频率：每两周；电话/短信/微信联系频率：每周1次；第2子女：是否工作/上学：工作；婚姻状况：已婚且配偶同住；过去一年同住月数：0个月；见面频率：每半年；电话/短信/微信联系频率：每周1次,工作信息：是否从事农业/家庭农活：有；是否已办理退休：否；是否在工作：是；过去一年总工作天数：55天,"基础信息：性别：女；年龄：56岁；城乡类型：农村
教育信息：教育程度：未受教育
婚姻信息：婚姻状况：已婚暂分居；过去一年与配偶同住月数：2个月；上半年独自居住天数：90天；上半年仅与配偶同住天数：60天；上半年因不与别人同住而受影响程度：0
情绪信息：生活满意度：非常满意；对子女满意度：很满意；因小事烦恼（过去一周）：大多数时候（5–7天）；感到抑郁（过去一周）：大多数时候（5–7天）；对未来抱有希望（过去一周）：有时/中等（3–4天）；感到孤独（过去一周）：几乎没有（<1天）；感到高兴（过去一周）：少量（1–2天）；睡眠不安（过去一周）：有时/中等（3–4天）
健康信息：自评健康状况：差；医生诊断慢性病：未报告上述疾病；身体疼痛程度：一点；上月平均每天实际睡眠小时数：6小时；是否因健康/残疾不能工作：不能长时间工作；是否因健康/残疾不能做家事：没问题；多久接受他人帮助：从不
活动信息：高强度体力活动：否；中等强度体力活动：否；轻度体力活动：是；轻度体力活动目的：娱乐；上月活动：与朋友交往（几乎每天）、帮助不住一起的家人朋友邻居（几乎每周）
上网信息：是否使用互联网：否
子女信息：子女总数：2个；健在子女数：2个；第1子女：是否工作/上学：工作；婚姻状况：已婚且配偶同住；过去一年同住月数：0个月；见面频率：每两周；电话/短信/微信联系频率：每周1次；第2子女：是否工作/上学：工作；婚姻状况：已婚且配偶同住；过去一年同住月数：0个月；见面频率：每半年；电话/短信/微信联系频率：每周1次
工作信息：是否从事农业/家庭农活：有；是否已办理退休：否；是否在工作：是；过去一年总工作天数：55天"
59,65546103002,基础信息：性别：男；年龄：68岁；现居住地地址类型：家庭住房；城乡类型：农村,教育信息：教育程度：初中,婚姻信息：婚姻状况：已婚且配偶同住；过去一年与配偶同住月数：12个月；上半年独自居住天数：0天；上半年仅与配偶同住天数：180天；上半年因不与别人同住而受影响程度：0,情绪信息：生活满意度：有点满意；对子女满意度：很满意；因小事烦恼（过去一周）：几乎没有（<1天）；感到抑郁（过去一周）：少量（1–2天）；对未来抱有希望（过去一周）：大多数时候（5–7天）；感到孤独（过去一周）：几乎没有（<1天）；感到高兴（过去一周）：大多数时候（5–7天）；睡眠不安（过去一周）：几乎没有（<1天）,健康信息：自评健康状况：一般；医生诊断慢性病：高血压；身体疼痛程度：无；上月平均每天实际睡眠小时数：5小时；是否因健康/残疾不能工作：没问题；是否因健康/残疾不能做家事：没问题；多久接受他人帮助：从不,活动信息：高强度体力活动：否；中等强度体力活动：否；轻度体力活动：是；轻度体力活动目的：锻炼；上月活动：与朋友交往（不规律）,上网信息：是否使用互联网：否,子女信息：子女总数：3个；健在子女数：3个；第1子女：是否工作/上学：工作；婚姻状况：已婚且配偶同住；过去一年同住月数：12个月；第2子女：是否工作/上学：工作；婚姻状况：已婚且配偶同住；过去一年同住月数：0个月；见面频率：每两周；电话/短信/微信联系频率：几乎每天,工作信息：是否从事农业/家庭农活：有；是否已办理退休：否；是否在工作：是；过去一年总工作天数：364天,"基础信息：性别：男；年龄：68岁；现居住地地址类型：家庭住房；城乡类型：农村
教育信息：教育程度：初中
婚姻信息：婚姻状况：已婚且配偶同住；过去一年与配偶同住月数：12个月；上半年独自居住天数：0天；上半年仅与配偶同住天数：180天；上半年因不与别人同住而受影响程度：0
情绪信息：生活满意度：有点满意；对子女满意度：很满意；因小事烦恼（过去一周）：几乎没有（<1天）；感到抑郁（过去一周）：少量（1–2天）；对未来抱有希望（过去一周）：大多数时候（5–7天）；感到孤独（过去一周）：几乎没有（<1天）；感到高兴（过去一周）：大多数时候（5–7天）；睡眠不安（过去一周）：几乎没有（<1天）
健康信息：自评健康状况：一般；医生诊断慢性病：高血压；身体疼痛程度：无；上月平均每天实际睡眠小时数：5小时；是否因健康/残疾不能工作：没问题；是否因健康/残疾不能做家事：没问题；多久接受他人帮助：从不
活动信息：高强度体力活动：否；中等强度体力活动：否；轻度体力活动：是；轻度体力活动目的：锻炼；上月活动：与朋友交往（不规律）
上网信息：是否使用互联网：否
子女信息：子女总数：3个；健在子女数：3个；第1子女：是否工作/上学：工作；婚姻状况：已婚且配偶同住；过去一年同住月数：12个月；第2子女：是否工作/上学：工作；婚姻状况：已婚且配偶同住；过去一年同住月数：0个月；见面频率：每两周；电话/短信/微信联系频率：几乎每天
工作信息：是否从事农业/家庭农活：有；是否已办理退休：否；是否在工作：是；过去一年总工作天数：364天"
60,154058321002,基础信息：性别：男；年龄：51岁；城乡类型：城/镇中心,教育信息：教育程度：高中,婚姻信息：婚姻状况：已婚且配偶同住；过去一年与配偶同住月数：12个月；上半年独自居住天数：0天；上半年仅与配偶同住天数：0天,情绪信息：生活满意度：有点满意；对子女满意度：有点满意；因小事烦恼（过去一周）：有时/中等（3–4天）；感到抑郁（过去一周）：少量（1–2天）；对未来抱有希望（过去一周）：有时/中等（3–4天）；感到孤独（过去一周）：几乎没有（<1天）；感到高兴（过去一周）：几乎没有（<1天）；睡眠不安（过去一周）：有时/中等（3–4天）,健康信息：自评健康状况：一般；医生诊断慢性病：未报告上述疾病；身体疼痛程度：一点；上月平均每天实际睡眠小时数：6小时；是否因健康/残疾不能工作：没问题；是否因健康/残疾不能做家事：没问题；多久接受他人帮助：从不,活动信息：高强度体力活动：否；中等强度体力活动：是；中等强度体力活动目的：工作需要；轻度体力活动：否；上月活动：以上都没有,上网信息：是否使用互联网：是；上网设备：手机；上网用途：聊天、看新闻、看视频、理财；是否用手机支付：是；是否使用微信：是；是否使用微信朋友圈：是,子女信息：子女总数：2个；健在子女数：2个；第1子女：是否工作/上学：工作；婚姻状况：已婚且配偶同住；过去一年同住月数：12个月；第2子女：是否工作/上学：上学；婚姻状况：未婚；过去一年同住月数：0个月；见面频率：每半年；电话/短信/微信联系频率：每周1次,工作信息：是否从事农业/家庭农活：无；是否已办理退休：否；是否在工作：是；过去一年总工作天数：365天,"基础信息：性别：男；年龄：51岁；城乡类型：城/镇中心
教育信息：教育程度：高中
婚姻信息：婚姻状况：已婚且配偶同住；过去一年与配偶同住月数：12个月；上半年独自居住天数：0天；上半年仅与配偶同住天数：0天
情绪信息：生活满意度：有点满意；对子女满意度：有点满意；因小事烦恼（过去一周）：有时/中等（3–4天）；感到抑郁（过去一周）：少量（1–2天）；对未来抱有希望（过去一周）：有时/中等（3–4天）；感到孤独（过去一周）：几乎没有（<1天）；感到高兴（过去一周）：几乎没有（<1天）；睡眠不安（过去一周）：有时/中等（3–4天）
健康信息：自评健康状况：一般；医生诊断慢性病：未报告上述疾病；身体疼痛程度：一点；上月平均每天实际睡眠小时数：6小时；是否因健康/残疾不能工作：没问题；是否因健康/残疾不能做家事：没问题；多久接受他人帮助：从不
活动信息：高强度体力活动：否；中等强度体力活动：是；中等强度体力活动目的：工作需要；轻度体力活动：否；上月活动：以上都没有
上网信息：是否使用互联网：是；上网设备：手机；上网用途：聊天、看新闻、看视频、理财；是否用手机支付：是；是否使用微信：是；是否使用微信朋友圈：是
子女信息：子女总数：2个；健在子女数：2个；第1子女：是否工作/上学：工作；婚姻状况：已婚且配偶同住；过去一年同住月数：12个月；第2子女：是否工作/上学：上学；婚姻状况：未婚；过去一年同住月数：0个月；见面频率：每半年；电话/短信/微信联系频率：每周1次
工作信息：是否从事农业/家庭农活：无；是否已办理退休：否；是否在工作：是；过去一年总工作天数：365天"
61,14051113002,基础信息：性别：男；年龄：58岁；城乡类型：城乡结合部/镇乡,教育信息：教育程度：未受教育,婚姻信息：婚姻状况：已婚且配偶同住；过去一年与配偶同住月数：12个月；上半年独自居住天数：0天；上半年仅与配偶同住天数：0天,情绪信息：生活满意度：有点满意；对子女满意度：完全不满意；因小事烦恼（过去一周）：几乎没有（<1天）；感到抑郁（过去一周）：有时/中等（3–4天）；对未来抱有希望（过去一周）：几乎没有（<1天）；感到孤独（过去一周）：有时/中等（3–4天）；感到高兴（过去一周）：几乎没有（<1天）；睡眠不安（过去一周）：大多数时候（5–7天）,健康信息：自评健康状况：一般；医生诊断慢性病：心脏病；身体疼痛程度：一点；上月平均每天实际睡眠小时数：4小时；是否因健康/残疾不能工作：不能长时间工作；是否因健康/残疾不能做家事：不能长时间；多久接受他人帮助：从不,活动信息：高强度体力活动：是；高强度体力活动目的：工作需要；中等强度体力活动：否；轻度体力活动：否；上月活动：以上都没有,上网信息：是否使用互联网：否,子女信息：子女总数：2个；健在子女数：2个；第1子女：是否工作/上学：工作；婚姻状况：已婚且配偶同住；过去一年同住月数：0个月；见面频率：几乎每天；第2子女：是否工作/上学：工作；婚姻状况：离婚；过去一年同住月数：6个月；见面频率：每月；电话/短信/微信联系频率：每三月,工作信息：是否从事农业/家庭农活：无；是否已办理退休：否；是否在工作：是；过去一年总工作天数：112天,"基础信息：性别：男；年龄：58岁；城乡类型：城乡结合部/镇乡
教育信息：教育程度：未受教育
婚姻信息：婚姻状况：已婚且配偶同住；过去一年与配偶同住月数：12个月；上半年独自居住天数：0天；上半年仅与配偶同住天数：0天
情绪信息：生活满意度：有点满意；对子女满意度：完全不满意；因小事烦恼（过去一周）：几乎没有（<1天）；感到抑郁（过去一周）：有时/中等（3–4天）；对未来抱有希望（过去一周）：几乎没有（<1天）；感到孤独（过去一周）：有时/中等（3–4天）；感到高兴（过去一周）：几乎没有（<1天）；睡眠不安（过去一周）：大多数时候（5–7天）
健康信息：自评健康状况：一般；医生诊断慢性病：心脏病；身体疼痛程度：一点；上月平均每天实际睡眠小时数：4小时；是否因健康/残疾不能工作：不能长时间工作；是否因健康/残疾不能做家事：不能长时间；多久接受他人帮助：从不
活动信息：高强度体力活动：是；高强度体力活动目的：工作需要；中等强度体力活动：否；轻度体力活动：否；上月活动：以上都没有
上网信息：是否使用互联网：否
子女信息：子女总数：2个；健在子女数：2个；第1子女：是否工作/上学：工作；婚姻状况：已婚且配偶同住；过去一年同住月数：0个月；见面频率：几乎每天；第2子女：是否工作/上学：工作；婚姻状况：离婚；过去一年同住月数：6个月；见面频率：每月；电话/短信/微信联系频率：每三月
工作信息：是否从事农业/家庭农活：无；是否已办理退休：否；是否在工作：是；过去一年总工作天数：112天"
62,75504205002,基础信息：性别：女；年龄：61岁；现居住地地址类型：家庭住房；城乡类型：城/镇中心,教育信息：教育程度：高中,婚姻信息：婚姻状况：已婚且配偶同住；过去一年与配偶同住月数：12个月；上半年独自居住天数：0天；上半年仅与配偶同住天数：0天,情绪信息：生活满意度：有点满意；对子女满意度：有点满意；因小事烦恼（过去一周）：有时/中等（3–4天）；感到抑郁（过去一周）：有时/中等（3–4天）；对未来抱有希望（过去一周）：有时/中等（3–4天）；感到孤独（过去一周）：几乎没有（<1天）；感到高兴（过去一周）：有时/中等（3–4天）；睡眠不安（过去一周）：有时/中等（3–4天）,健康信息：自评健康状况：一般；医生诊断慢性病：未报告上述疾病；身体疼痛程度：一点；上月平均每天实际睡眠小时数：4小时；是否因健康/残疾不能工作：没问题；是否因健康/残疾不能做家事：没问题；多久接受他人帮助：从不,活动信息：高强度体力活动：否；中等强度体力活动：是；中等强度体力活动目的：锻炼；轻度体力活动：否；上月活动：以上都没有,上网信息：是否使用互联网：否,子女信息：子女总数：1个；健在子女数：1个；第1子女：是否工作/上学：工作；婚姻状况：已婚且配偶同住；过去一年同住月数：12个月,工作信息：是否从事农业/家庭农活：无；是否在工作：否；过去一年总工作天数：0天；上月是否在找工作：否,"基础信息：性别：女；年龄：61岁；现居住地地址类型：家庭住房；城乡类型：城/镇中心
教育信息：教育程度：高中
婚姻信息：婚姻状况：已婚且配偶同住；过去一年与配偶同住月数：12个月；上半年独自居住天数：0天；上半年仅与配偶同住天数：0天
情绪信息：生活满意度：有点满意；对子女满意度：有点满意；因小事烦恼（过去一周）：有时/中等（3–4天）；感到抑郁（过去一周）：有时/中等（3–4天）；对未来抱有希望（过去一周）：有时/中等（3–4天）；感到孤独（过去一周）：几乎没有（<1天）；感到高兴（过去一周）：有时/中等（3–4天）；睡眠不安（过去一周）：有时/中等（3–4天）
健康信息：自评健康状况：一般；医生诊断慢性病：未报告上述疾病；身体疼痛程度：一点；上月平均每天实际睡眠小时数：4小时；是否因健康/残疾不能工作：没问题；是否因健康/残疾不能做家事：没问题；多久接受他人帮助：从不
活动信息：高强度体力活动：否；中等强度体力活动：是；中等强度体力活动目的：锻炼；轻度体力活动：否；上月活动：以上都没有
上网信息：是否使用互联网：否
子女信息：子女总数：1个；健在子女数：1个；第1子女：是否工作/上学：工作；婚姻状况：已婚且配偶同住；过去一年同住月数：12个月
工作信息：是否从事农业/家庭农活：无；是否在工作：否；过去一年总工作天数：0天；上月是否在找工作：否"
63,154628117001,基础信息：性别：女；年龄：51岁；城乡类型：农村,教育信息：教育程度：未读完小学,婚姻信息：婚姻状况：已婚且配偶同住；过去一年与配偶同住月数：12个月；上半年独自居住天数：0天；上半年仅与配偶同住天数：0天；上半年因不与别人同住而受影响程度：0,情绪信息：生活满意度：很满意；对子女满意度：非常满意；因小事烦恼（过去一周）：几乎没有（<1天）；感到抑郁（过去一周）：几乎没有（<1天）；对未来抱有希望（过去一周）：几乎没有（<1天）；感到孤独（过去一周）：少量（1–2天）；感到高兴（过去一周）：几乎没有（<1天）；睡眠不安（过去一周）：几乎没有（<1天）,健康信息：自评健康状况：很好；医生诊断慢性病：未报告上述疾病；身体疼痛程度：一点；上月平均每天实际睡眠小时数：5小时；是否因健康/残疾不能工作：没问题；是否因健康/残疾不能做家事：没问题；多久接受他人帮助：从不,活动信息：高强度体力活动：否；中等强度体力活动：否；轻度体力活动：否；上月活动：与朋友交往（几乎每天）、帮助不住一起的家人朋友邻居（不规律）,上网信息：是否使用互联网：否,子女信息：子女总数：2个；健在子女数：2个；第1子女：是否工作/上学：都不；婚姻状况：已婚且配偶同住；过去一年同住月数：0个月；见面频率：每周2–3次；第2子女：是否工作/上学：工作；婚姻状况：未婚；过去一年同住月数：12个月,工作信息：是否从事农业/家庭农活：有；是否已办理退休：否；是否在工作：是；过去一年总工作天数：365天,"基础信息：性别：女；年龄：51岁；城乡类型：农村
教育信息：教育程度：未读完小学
婚姻信息：婚姻状况：已婚且配偶同住；过去一年与配偶同住月数：12个月；上半年独自居住天数：0天；上半年仅与配偶同住天数：0天；上半年因不与别人同住而受影响程度：0
情绪信息：生活满意度：很满意；对子女满意度：非常满意；因小事烦恼（过去一周）：几乎没有（<1天）；感到抑郁（过去一周）：几乎没有（<1天）；对未来抱有希望（过去一周）：几乎没有（<1天）；感到孤独（过去一周）：少量（1–2天）；感到高兴（过去一周）：几乎没有（<1天）；睡眠不安（过去一周）：几乎没有（<1天）
健康信息：自评健康状况：很好；医生诊断慢性病：未报告上述疾病；身体疼痛程度：一点；上月平均每天实际睡眠小时数：5小时；是否因健康/残疾不能工作：没问题；是否因健康/残疾不能做家事：没问题；多久接受他人帮助：从不
活动信息：高强度体力活动：否；中等强度体力活动：否；轻度体力活动：否；上月活动：与朋友交往（几乎每天）、帮助不住一起的家人朋友邻居（不规律）
上网信息：是否使用互联网：否
子女信息：子女总数：2个；健在子女数：2个；第1子女：是否工作/上学：都不；婚姻状况：已婚且配偶同住；过去一年同住月数：0个月；见面频率：每周2–3次；第2子女：是否工作/上学：工作；婚姻状况：未婚；过去一年同住月数：12个月
工作信息：是否从事农业/家庭农活：有；是否已办理退休：否；是否在工作：是；过去一年总工作天数：365天"
64,162431111003,基础信息：性别：女；年龄：63岁；现居住地地址类型：家庭住房；城乡类型：城/镇中心,教育信息：教育程度：高中,婚姻信息：婚姻状况：已婚且配偶同住；过去一年与配偶同住月数：12个月；上半年独自居住天数：2天；上半年仅与配偶同住天数：180天；上半年因不与别人同住而受影响程度：0,情绪信息：生活满意度：有点满意；对子女满意度：有点满意；因小事烦恼（过去一周）：几乎没有（<1天）；感到抑郁（过去一周）：几乎没有（<1天）；对未来抱有希望（过去一周）：大多数时候（5–7天）；感到孤独（过去一周）：几乎没有（<1天）；感到高兴（过去一周）：大多数时候（5–7天）；睡眠不安（过去一周）：几乎没有（<1天）,健康信息：自评健康状况：一般；医生诊断慢性病：胃部或其他消化系统疾病；身体疼痛程度：有些；上月平均每天实际睡眠小时数：6小时；是否因健康/残疾不能工作：没问题；是否因健康/残疾不能做家事：没问题；多久接受他人帮助：从不,活动信息：高强度体力活动：否；中等强度体力活动：是；中等强度体力活动目的：锻炼；轻度体力活动：是；轻度体力活动目的：锻炼；上月活动：打麻将/下棋/打牌/去社区活动室（几乎每天）、帮助不住一起的家人朋友邻居（几乎每天）,上网信息：是否使用互联网：是；上网设备：台式电脑、平板、手机；上网用途：看视频、玩游戏；是否用手机支付：是；是否使用微信：是；是否使用微信朋友圈：是,子女信息：子女总数：1个；健在子女数：1个；第1子女：是否工作/上学：工作；婚姻状况：已婚且配偶同住；过去一年同住月数：0个月；见面频率：每月；电话/短信/微信联系频率：几乎不见/不联系,工作信息：是否从事农业/家庭农活：无；是否在工作：否；过去一年总工作天数：0天；上月是否在找工作：否,"基础信息：性别：女；年龄：63岁；现居住地地址类型：家庭住房；城乡类型：城/镇中心
教育信息：教育程度：高中
婚姻信息：婚姻状况：已婚且配偶同住；过去一年与配偶同住月数：12个月；上半年独自居住天数：2天；上半年仅与配偶同住天数：180天；上半年因不与别人同住而受影响程度：0
情绪信息：生活满意度：有点满意；对子女满意度：有点满意；因小事烦恼（过去一周）：几乎没有（<1天）；感到抑郁（过去一周）：几乎没有（<1天）；对未来抱有希望（过去一周）：大多数时候（5–7天）；感到孤独（过去一周）：几乎没有（<1天）；感到高兴（过去一周）：大多数时候（5–7天）；睡眠不安（过去一周）：几乎没有（<1天）
健康信息：自评健康状况：一般；医生诊断慢性病：胃部或其他消化系统疾病；身体疼痛程度：有些；上月平均每天实际睡眠小时数：6小时；是否因健康/残疾不能工作：没问题；是否因健康/残疾不能做家事：没问题；多久接受他人帮助：从不
活动信息：高强度体力活动：否；中等强度体力活动：是；中等强度体力活动目的：锻炼；轻度体力活动：是；轻度体力活动目的：锻炼；上月活动：打麻将/下棋/打牌/去社区活动室（几乎每天）、帮助不住一起的家人朋友邻居（几乎每天）
上网信息：是否使用互联网：是；上网设备：台式电脑、平板、手机；上网用途：看视频、玩游戏；是否用手机支付：是；是否使用微信：是；是否使用微信朋友圈：是
子女信息：子女总数：1个；健在子女数：1个；第1子女：是否工作/上学：工作；婚姻状况：已婚且配偶同住；过去一年同住月数：0个月；见面频率：每月；电话/短信/微信联系频率：几乎不见/不联系
工作信息：是否从事农业/家庭农活：无；是否在工作：否；过去一年总工作天数：0天；上月是否在找工作：否"
65,320146132002,基础信息：性别：男；年龄：48岁；城乡类型：农村,教育信息：教育程度：初中,婚姻信息：婚姻状况：已婚且配偶同住；过去一年与配偶同住月数：8个月；上半年独自居住天数：120天；上半年仅与配偶同住天数：60天；上半年因不与别人同住而受影响程度：0,情绪信息：生活满意度：很满意；对子女满意度：很满意；因小事烦恼（过去一周）：少量（1–2天）；感到抑郁（过去一周）：少量（1–2天）；对未来抱有希望（过去一周）：大多数时候（5–7天）；感到孤独（过去一周）：少量（1–2天）；感到高兴（过去一周）：少量（1–2天）；睡眠不安（过去一周）：少量（1–2天）,健康信息：自评健康状况：很好；医生诊断慢性病：未报告上述疾病；身体疼痛程度：无；上月平均每天实际睡眠小时数：8小时；是否因健康/残疾不能工作：没问题；是否因健康/残疾不能做家事：没问题；多久接受他人帮助：从不,活动信息：高强度体力活动：否；中等强度体力活动：是；中等强度体力活动目的：工作需要；轻度体力活动：是；轻度体力活动目的：锻炼；上月活动：与朋友交往（不规律）、参加运动/社交等俱乐部（不规律）,上网信息：是否使用互联网：是；上网设备：手机；上网用途：聊天；是否用手机支付：是；是否使用微信：是；是否使用微信朋友圈：是,子女信息：子女总数：2个；健在子女数：2个；第1子女：是否工作/上学：工作；婚姻状况：未婚；过去一年同住月数：4个月；见面频率：每半年；电话/短信/微信联系频率：每半年；第2子女：是否工作/上学：上学；婚姻状况：未婚；过去一年同住月数：5个月；见面频率：每两周；电话/短信/微信联系频率：每月,工作信息：是否从事农业/家庭农活：有；是否已办理退休：否；是否在工作：是；过去一年总工作天数：300天,"基础信息：性别：男；年龄：48岁；城乡类型：农村
教育信息：教育程度：初中
婚姻信息：婚姻状况：已婚且配偶同住；过去一年与配偶同住月数：8个月；上半年独自居住天数：120天；上半年仅与配偶同住天数：60天；上半年因不与别人同住而受影响程度：0
情绪信息：生活满意度：很满意；对子女满意度：很满意；因小事烦恼（过去一周）：少量（1–2天）；感到抑郁（过去一周）：少量（1–2天）；对未来抱有希望（过去一周）：大多数时候（5–7天）；感到孤独（过去一周）：少量（1–2天）；感到高兴（过去一周）：少量（1–2天）；睡眠不安（过去一周）：少量（1–2天）
健康信息：自评健康状况：很好；医生诊断慢性病：未报告上述疾病；身体疼痛程度：无；上月平均每天实际睡眠小时数：8小时；是否因健康/残疾不能工作：没问题；是否因健康/残疾不能做家事：没问题；多久接受他人帮助：从不
活动信息：高强度体力活动：否；中等强度体力活动：是；中等强度体力活动目的：工作需要；轻度体力活动：是；轻度体力活动目的：锻炼；上月活动：与朋友交往（不规律）、参加运动/社交等俱乐部（不规律）
上网信息：是否使用互联网：是；上网设备：手机；上网用途：聊天；是否用手机支付：是；是否使用微信：是；是否使用微信朋友圈：是
子女信息：子女总数：2个；健在子女数：2个；第1子女：是否工作/上学：工作；婚姻状况：未婚；过去一年同住月数：4个月；见面频率：每半年；电话/短信/微信联系频率：每半年；第2子女：是否工作/上学：上学；婚姻状况：未婚；过去一年同住月数：5个月；见面频率：每两周；电话/短信/微信联系频率：每月
工作信息：是否从事农业/家庭农活：有；是否已办理退休：否；是否在工作：是；过去一年总工作天数：300天"
66,104004221001,基础信息：性别：女；年龄：76岁；城乡类型：城/镇中心,教育信息：教育程度：高中,婚姻信息：婚姻状况：已婚且配偶同住；过去一年与配偶同住月数：12个月；上半年独自居住天数：0天；上半年仅与配偶同住天数：179天；上半年因不与别人同住而受影响程度：2,情绪信息：生活满意度：有点满意；对子女满意度：有点满意；因小事烦恼（过去一周）：几乎没有（<1天）；感到抑郁（过去一周）：有时/中等（3–4天）；对未来抱有希望（过去一周）：几乎没有（<1天）；感到孤独（过去一周）：几乎没有（<1天）；感到高兴（过去一周）：有时/中等（3–4天）；睡眠不安（过去一周）：大多数时候（5–7天）,健康信息：自评健康状况：一般；医生诊断慢性病：未报告上述疾病；身体疼痛程度：相当；上月平均每天实际睡眠小时数：5小时；是否因健康/残疾不能工作：不能长时间工作；是否因健康/残疾不能做家事：不能长时间；多久接受他人帮助：从不,活动信息：高强度体力活动：否；中等强度体力活动：是；中等强度体力活动目的：其他；轻度体力活动：是；轻度体力活动目的：其他；上月活动：与朋友交往（不规律）,上网信息：是否使用互联网：是；上网设备：台式电脑、手机；上网用途：聊天、看新闻、看视频、玩游戏；是否用手机支付：是；是否使用微信：是；是否使用微信朋友圈：是,子女信息：子女总数：2个；健在子女数：2个；第1子女：是否工作/上学：工作；婚姻状况：已婚且配偶同住；过去一年同住月数：0个月；见面频率：每周1次；第2子女：是否工作/上学：工作；婚姻状况：已婚且配偶同住；过去一年同住月数：0个月；见面频率：每年；电话/短信/微信联系频率：每周2–3次,工作信息：是否从事农业/家庭农活：无；是否在工作：否；过去一年总工作天数：0天；上月是否在找工作：否,"基础信息：性别：女；年龄：76岁；城乡类型：城/镇中心
教育信息：教育程度：高中
婚姻信息：婚姻状况：已婚且配偶同住；过去一年与配偶同住月数：12个月；上半年独自居住天数：0天；上半年仅与配偶同住天数：179天；上半年因不与别人同住而受影响程度：2
情绪信息：生活满意度：有点满意；对子女满意度：有点满意；因小事烦恼（过去一周）：几乎没有（<1天）；感到抑郁（过去一周）：有时/中等（3–4天）；对未来抱有希望（过去一周）：几乎没有（<1天）；感到孤独（过去一周）：几乎没有（<1天）；感到高兴（过去一周）：有时/中等（3–4天）；睡眠不安（过去一周）：大多数时候（5–7天）
健康信息：自评健康状况：一般；医生诊断慢性病：未报告上述疾病；身体疼痛程度：相当；上月平均每天实际睡眠小时数：5小时；是否因健康/残疾不能工作：不能长时间工作；是否因健康/残疾不能做家事：不能长时间；多久接受他人帮助：从不
活动信息：高强度体力活动：否；中等强度体力活动：是；中等强度体力活动目的：其他；轻度体力活动：是；轻度体力活动目的：其他；上月活动：与朋友交往（不规律）
上网信息：是否使用互联网：是；上网设备：台式电脑、手机；上网用途：聊天、看新闻、看视频、玩游戏；是否用手机支付：是；是否使用微信：是；是否使用微信朋友圈：是
子女信息：子女总数：2个；健在子女数：2个；第1子女：是否工作/上学：工作；婚姻状况：已婚且配偶同住；过去一年同住月数：0个月；见面频率：每周1次；第2子女：是否工作/上学：工作；婚姻状况：已婚且配偶同住；过去一年同住月数：0个月；见面频率：每年；电话/短信/微信联系频率：每周2–3次
工作信息：是否从事农业/家庭农活：无；是否在工作：否；过去一年总工作天数：0天；上月是否在找工作：否"
67,205304214001,基础信息：性别：女；年龄：68岁；城乡类型：城乡结合部/镇乡,教育信息：教育程度：未受教育,婚姻信息：婚姻状况：已婚且配偶同住；过去一年与配偶同住月数：12个月；上半年独自居住天数：0天；上半年仅与配偶同住天数：180天；上半年因不与别人同住而受影响程度：0,情绪信息：生活满意度：很满意；对子女满意度：很满意；因小事烦恼（过去一周）：几乎没有（<1天）；感到抑郁（过去一周）：几乎没有（<1天）；对未来抱有希望（过去一周）：有时/中等（3–4天）；感到孤独（过去一周）：几乎没有（<1天）；感到高兴（过去一周）：大多数时候（5–7天）；睡眠不安（过去一周）：几乎没有（<1天）,健康信息：自评健康状况：一般；医生诊断慢性病：未报告上述疾病；身体疼痛程度：无；上月平均每天实际睡眠小时数：5小时；是否因健康/残疾不能工作：没问题；是否因健康/残疾不能做家事：没问题；多久接受他人帮助：从不,活动信息：高强度体力活动：是；高强度体力活动目的：工作需要；中等强度体力活动：否；轻度体力活动：否；上月活动：以上都没有,上网信息：是否使用互联网：否,子女信息：子女总数：3个；健在子女数：3个；第1子女：是否工作/上学：工作；婚姻状况：已婚且配偶同住；过去一年同住月数：0个月；见面频率：每周1次；第2子女：是否工作/上学：都不；婚姻状况：已婚且配偶同住；过去一年同住月数：0个月；见面频率：每两周；电话/短信/微信联系频率：每周1次,工作信息：是否从事农业/家庭农活：无；是否已办理退休：是；是否在工作：是；过去一年总工作天数：300天,"基础信息：性别：女；年龄：68岁；城乡类型：城乡结合部/镇乡
教育信息：教育程度：未受教育
婚姻信息：婚姻状况：已婚且配偶同住；过去一年与配偶同住月数：12个月；上半年独自居住天数：0天；上半年仅与配偶同住天数：180天；上半年因不与别人同住而受影响程度：0
情绪信息：生活满意度：很满意；对子女满意度：很满意；因小事烦恼（过去一周）：几乎没有（<1天）；感到抑郁（过去一周）：几乎没有（<1天）；对未来抱有希望（过去一周）：有时/中等（3–4天）；感到孤独（过去一周）：几乎没有（<1天）；感到高兴（过去一周）：大多数时候（5–7天）；睡眠不安（过去一周）：几乎没有（<1天）
健康信息：自评健康状况：一般；医生诊断慢性病：未报告上述疾病；身体疼痛程度：无；上月平均每天实际睡眠小时数：5小时；是否因健康/残疾不能工作：没问题；是否因健康/残疾不能做家事：没问题；多久接受他人帮助：从不
活动信息：高强度体力活动：是；高强度体力活动目的：工作需要；中等强度体力活动：否；轻度体力活动：否；上月活动：以上都没有
上网信息：是否使用互联网：否
子女信息：子女总数：3个；健在子女数：3个；第1子女：是否工作/上学：工作；婚姻状况：已婚且配偶同住；过去一年同住月数：0个月；见面频率：每周1次；第2子女：是否工作/上学：都不；婚姻状况：已婚且配偶同住；过去一年同住月数：0个月；见面频率：每两周；电话/短信/微信联系频率：每周1次
工作信息：是否从事农业/家庭农活：无；是否已办理退休：是；是否在工作：是；过去一年总工作天数：300天"
68,204028208001,基础信息：性别：女；年龄：58岁；城乡类型：城/镇中心,教育信息：教育程度：高中,婚姻信息：婚姻状况：已婚且配偶同住；过去一年与配偶同住月数：12个月；上半年独自居住天数：0天；上半年仅与配偶同住天数：0天,情绪信息：生活满意度：有点满意；对子女满意度：很满意；因小事烦恼（过去一周）：几乎没有（<1天）；感到抑郁（过去一周）：几乎没有（<1天）；对未来抱有希望（过去一周）：大多数时候（5–7天）；感到孤独（过去一周）：几乎没有（<1天）；感到高兴（过去一周）：大多数时候（5–7天）；睡眠不安（过去一周）：几乎没有（<1天）,健康信息：自评健康状况：一般；医生诊断慢性病：未报告上述疾病；身体疼痛程度：无；上月平均每天实际睡眠小时数：7小时；是否因健康/残疾不能工作：不能长时间工作；是否因健康/残疾不能做家事：不能长时间；多久接受他人帮助：从不,活动信息：高强度体力活动：否；中等强度体力活动：是；中等强度体力活动目的：工作需要；轻度体力活动：是；轻度体力活动目的：锻炼；上月活动：与朋友交往（不规律）,上网信息：是否使用互联网：是；上网设备：手机；上网用途：聊天、看新闻、理财；是否用手机支付：是；是否使用微信：是；是否使用微信朋友圈：是,子女信息：子女总数：1个；健在子女数：1个；第1子女：是否工作/上学：工作；婚姻状况：未婚；过去一年同住月数：12个月,工作信息：是否从事农业/家庭农活：无；是否在工作：否；过去一年总工作天数：0天；上月是否在找工作：否,"基础信息：性别：女；年龄：58岁；城乡类型：城/镇中心
教育信息：教育程度：高中
婚姻信息：婚姻状况：已婚且配偶同住；过去一年与配偶同住月数：12个月；上半年独自居住天数：0天；上半年仅与配偶同住天数：0天
情绪信息：生活满意度：有点满意；对子女满意度：很满意；因小事烦恼（过去一周）：几乎没有（<1天）；感到抑郁（过去一周）：几乎没有（<1天）；对未来抱有希望（过去一周）：大多数时候（5–7天）；感到孤独（过去一周）：几乎没有（<1天）；感到高兴（过去一周）：大多数时候（5–7天）；睡眠不安（过去一周）：几乎没有（<1天）
健康信息：自评健康状况：一般；医生诊断慢性病：未报告上述疾病；身体疼痛程度：无；上月平均每天实际睡眠小时数：7小时；是否因健康/残疾不能工作：不能长时间工作；是否因健康/残疾不能做家事：不能长时间；多久接受他人帮助：从不
活动信息：高强度体力活动：否；中等强度体力活动：是；中等强度体力活动目的：工作需要；轻度体力活动：是；轻度体力活动目的：锻炼；上月活动：与朋友交往（不规律）
上网信息：是否使用互联网：是；上网设备：手机；上网用途：聊天、看新闻、理财；是否用手机支付：是；是否使用微信：是；是否使用微信朋友圈：是
子女信息：子女总数：1个；健在子女数：1个；第1子女：是否工作/上学：工作；婚姻状况：未婚；过去一年同住月数：12个月
工作信息：是否从事农业/家庭农活：无；是否在工作：否；过去一年总工作天数：0天；上月是否在找工作：否"
69,122490104002,基础信息：性别：女；年龄：54岁；城乡类型：农村,教育信息：教育程度：初中,婚姻信息：婚姻状况：已婚且配偶同住；过去一年与配偶同住月数：12个月；上半年独自居住天数：0天；上半年仅与配偶同住天数：0天,情绪信息：生活满意度：很满意；对子女满意度：有点满意；因小事烦恼（过去一周）：几乎没有（<1天）；感到抑郁（过去一周）：少量（1–2天）；对未来抱有希望（过去一周）：少量（1–2天）；感到孤独（过去一周）：有时/中等（3–4天）；感到高兴（过去一周）：大多数时候（5–7天）；睡眠不安（过去一周）：少量（1–2天）,健康信息：自评健康状况：好；医生诊断慢性病：未报告上述疾病；身体疼痛程度：无；上月平均每天实际睡眠小时数：8小时；是否因健康/残疾不能工作：没问题；是否因健康/残疾不能做家事：没问题；多久接受他人帮助：偶尔,活动信息：高强度体力活动：否；中等强度体力活动：否；轻度体力活动：否；上月活动：帮助不住一起的家人朋友邻居（不规律）,上网信息：是否使用互联网：否,子女信息：子女总数：2个；健在子女数：2个；第1子女：是否工作/上学：工作；婚姻状况：已婚且配偶同住；过去一年同住月数：12个月；第2子女：是否工作/上学：都不；婚姻状况：已婚且配偶同住；过去一年同住月数：0个月；见面频率：每两周；电话/短信/微信联系频率：其他,工作信息：是否从事农业/家庭农活：有；是否已办理退休：否；是否在工作：是；过去一年总工作天数：250天,"基础信息：性别：女；年龄：54岁；城乡类型：农村
教育信息：教育程度：初中
婚姻信息：婚姻状况：已婚且配偶同住；过去一年与配偶同住月数：12个月；上半年独自居住天数：0天；上半年仅与配偶同住天数：0天
情绪信息：生活满意度：很满意；对子女满意度：有点满意；因小事烦恼（过去一周）：几乎没有（<1天）；感到抑郁（过去一周）：少量（1–2天）；对未来抱有希望（过去一周）：少量（1–2天）；感到孤独（过去一周）：有时/中等（3–4天）；感到高兴（过去一周）：大多数时候（5–7天）；睡眠不安（过去一周）：少量（1–2天）
健康信息：自评健康状况：好；医生诊断慢性病：未报告上述疾病；身体疼痛程度：无；上月平均每天实际睡眠小时数：8小时；是否因健康/残疾不能工作：没问题；是否因健康/残疾不能做家事：没问题；多久接受他人帮助：偶尔
活动信息：高强度体力活动：否；中等强度体力活动：否；轻度体力活动：否；上月活动：帮助不住一起的家人朋友邻居（不规律）
上网信息：是否使用互联网：否
子女信息：子女总数：2个；健在子女数：2个；第1子女：是否工作/上学：工作；婚姻状况：已婚且配偶同住；过去一年同住月数：12个月；第2子女：是否工作/上学：都不；婚姻状况：已婚且配偶同住；过去一年同住月数：0个月；见面频率：每两周；电话/短信/微信联系频率：其他
工作信息：是否从事农业/家庭农活：有；是否已办理退休：否；是否在工作：是；过去一年总工作天数：250天"
70,30476203001,基础信息：性别：女；年龄：58岁；城乡类型：城乡结合部/镇乡,教育信息：教育程度：未受教育,婚姻信息：婚姻状况：已婚且配偶同住；过去一年与配偶同住月数：12个月；上半年独自居住天数：90天；上半年仅与配偶同住天数：181天；上半年因不与别人同住而受影响程度：0,情绪信息：生活满意度：有点满意；对子女满意度：有点满意；因小事烦恼（过去一周）：几乎没有（<1天）；感到抑郁（过去一周）：几乎没有（<1天）；对未来抱有希望（过去一周）：大多数时候（5–7天）；感到孤独（过去一周）：几乎没有（<1天）；感到高兴（过去一周）：大多数时候（5–7天）；睡眠不安（过去一周）：几乎没有（<1天）,健康信息：自评健康状况：很好；医生诊断慢性病：未报告上述疾病；身体疼痛程度：无；上月平均每天实际睡眠小时数：8小时；是否因健康/残疾不能工作：不能长时间工作；是否因健康/残疾不能做家事：不能长时间；多久接受他人帮助：从不,活动信息：高强度体力活动：否；中等强度体力活动：是；中等强度体力活动目的：其他；轻度体力活动：是；轻度体力活动目的：其他；上月活动：打麻将/下棋/打牌/去社区活动室（几乎每周）,上网信息：是否使用互联网：否,子女信息：子女总数：3个；健在子女数：3个；第1子女：是否工作/上学：工作；婚姻状况：未婚；过去一年同住月数：0个月；见面频率：几乎不见/不联系；电话/短信/微信联系频率：几乎不见/不联系；第2子女：是否工作/上学：工作；婚姻状况：已婚且配偶同住；过去一年同住月数：0个月；见面频率：每三月；电话/短信/微信联系频率：每周1次,工作信息：是否从事农业/家庭农活：无；是否已办理退休：否；是否在工作：否；过去一年总工作天数：0天；上月是否在找工作：否,"基础信息：性别：女；年龄：58岁；城乡类型：城乡结合部/镇乡
教育信息：教育程度：未受教育
婚姻信息：婚姻状况：已婚且配偶同住；过去一年与配偶同住月数：12个月；上半年独自居住天数：90天；上半年仅与配偶同住天数：181天；上半年因不与别人同住而受影响程度：0
情绪信息：生活满意度：有点满意；对子女满意度：有点满意；因小事烦恼（过去一周）：几乎没有（<1天）；感到抑郁（过去一周）：几乎没有（<1天）；对未来抱有希望（过去一周）：大多数时候（5–7天）；感到孤独（过去一周）：几乎没有（<1天）；感到高兴（过去一周）：大多数时候（5–7天）；睡眠不安（过去一周）：几乎没有（<1天）
健康信息：自评健康状况：很好；医生诊断慢性病：未报告上述疾病；身体疼痛程度：无；上月平均每天实际睡眠小时数：8小时；是否因健康/残疾不能工作：不能长时间工作；是否因健康/残疾不能做家事：不能长时间；多久接受他人帮助：从不
活动信息：高强度体力活动：否；中等强度体力活动：是；中等强度体力活动目的：其他；轻度体力活动：是；轻度体力活动目的：其他；上月活动：打麻将/下棋/打牌/去社区活动室（几乎每周）
上网信息：是否使用互联网：否
子女信息：子女总数：3个；健在子女数：3个；第1子女：是否工作/上学：工作；婚姻状况：未婚；过去一年同住月数：0个月；见面频率：几乎不见/不联系；电话/短信/微信联系频率：几乎不见/不联系；第2子女：是否工作/上学：工作；婚姻状况：已婚且配偶同住；过去一年同住月数：0个月；见面频率：每三月；电话/短信/微信联系频率：每周1次
工作信息：是否从事农业/家庭农活：无；是否已办理退休：否；是否在工作：否；过去一年总工作天数：0天；上月是否在找工作：否"
71,280154302001,基础信息：性别：女；年龄：64岁；城乡类型：农村,教育信息：教育程度：未读完小学,婚姻信息：婚姻状况：丧偶；是否有人以配偶身份同住：否；上半年独自居住天数：0天,情绪信息：生活满意度：不太满意；对子女满意度：有点满意；因小事烦恼（过去一周）：有时/中等（3–4天）；感到抑郁（过去一周）：大多数时候（5–7天）；对未来抱有希望（过去一周）：少量（1–2天）；感到孤独（过去一周）：几乎没有（<1天）；感到高兴（过去一周）：少量（1–2天）；睡眠不安（过去一周）：少量（1–2天）,健康信息：自评健康状况：一般；医生诊断慢性病：未报告上述疾病；身体疼痛程度：有些；上月平均每天实际睡眠小时数：6小时；是否因健康/残疾不能工作：不能长时间工作；是否因健康/残疾不能做家事：没问题；多久接受他人帮助：从不,活动信息：高强度体力活动：是；高强度体力活动目的：工作需要；中等强度体力活动：是；中等强度体力活动目的：其他；轻度体力活动：是；轻度体力活动目的：锻炼；上月活动：以上都没有,上网信息：是否使用互联网：否,子女信息：子女总数：3个；健在子女数：3个；第1子女：是否工作/上学：工作；婚姻状况：离婚；过去一年同住月数：12个月；第2子女：是否工作/上学：都不；婚姻状况：离婚；过去一年同住月数：12个月,工作信息：是否从事农业/家庭农活：有；是否已办理退休：否；是否在工作：是；过去一年总工作天数：100天,"基础信息：性别：女；年龄：64岁；城乡类型：农村
教育信息：教育程度：未读完小学
婚姻信息：婚姻状况：丧偶；是否有人以配偶身份同住：否；上半年独自居住天数：0天
情绪信息：生活满意度：不太满意；对子女满意度：有点满意；因小事烦恼（过去一周）：有时/中等（3–4天）；感到抑郁（过去一周）：大多数时候（5–7天）；对未来抱有希望（过去一周）：少量（1–2天）；感到孤独（过去一周）：几乎没有（<1天）；感到高兴（过去一周）：少量（1–2天）；睡眠不安（过去一周）：少量（1–2天）
健康信息：自评健康状况：一般；医生诊断慢性病：未报告上述疾病；身体疼痛程度：有些；上月平均每天实际睡眠小时数：6小时；是否因健康/残疾不能工作：不能长时间工作；是否因健康/残疾不能做家事：没问题；多久接受他人帮助：从不
活动信息：高强度体力活动：是；高强度体力活动目的：工作需要；中等强度体力活动：是；中等强度体力活动目的：其他；轻度体力活动：是；轻度体力活动目的：锻炼；上月活动：以上都没有
上网信息：是否使用互联网：否
子女信息：子女总数：3个；健在子女数：3个；第1子女：是否工作/上学：工作；婚姻状况：离婚；过去一年同住月数：12个月；第2子女：是否工作/上学：都不；婚姻状况：离婚；过去一年同住月数：12个月
工作信息：是否从事农业/家庭农活：有；是否已办理退休：否；是否在工作：是；过去一年总工作天数：100天"
72,108206101002,基础信息：性别：女；年龄：55岁；城乡类型：农村,教育信息：教育程度：初中,婚姻信息：婚姻状况：已婚且配偶同住；过去一年与配偶同住月数：12个月；上半年独自居住天数：10天；上半年仅与配偶同住天数：147天；上半年因不与别人同住而受影响程度：0,情绪信息：生活满意度：不太满意；对子女满意度：很满意；因小事烦恼（过去一周）：几乎没有（<1天）；感到抑郁（过去一周）：几乎没有（<1天）；对未来抱有希望（过去一周）：几乎没有（<1天）；感到孤独（过去一周）：几乎没有（<1天）；感到高兴（过去一周）：大多数时候（5–7天）；睡眠不安（过去一周）：大多数时候（5–7天）,健康信息：自评健康状况：差；医生诊断慢性病：血脂异常、中风；身体疼痛程度：非常；上月平均每天实际睡眠小时数：7小时；是否因健康/残疾不能工作：不能长时间工作；是否因健康/残疾不能做家事：不能长时间；多久接受他人帮助：从不,活动信息：高强度体力活动：否；中等强度体力活动：是；中等强度体力活动目的：锻炼；轻度体力活动：是；轻度体力活动目的：锻炼；上月活动：以上都没有,上网信息：是否使用互联网：否,子女信息：子女总数：2个；健在子女数：2个；第1子女：是否工作/上学：都不；婚姻状况：离婚；过去一年同住月数：0个月；见面频率：每三月；电话/短信/微信联系频率：几乎每天；第2子女：是否工作/上学：工作；婚姻状况：已婚且配偶同住；过去一年同住月数：0个月；见面频率：几乎不见/不联系；电话/短信/微信联系频率：每周1次,工作信息：是否从事农业/家庭农活：无；是否已办理退休：否；是否在工作：否；过去一年总工作天数：0天；上月是否在找工作：否,"基础信息：性别：女；年龄：55岁；城乡类型：农村
教育信息：教育程度：初中
婚姻信息：婚姻状况：已婚且配偶同住；过去一年与配偶同住月数：12个月；上半年独自居住天数：10天；上半年仅与配偶同住天数：147天；上半年因不与别人同住而受影响程度：0
情绪信息：生活满意度：不太满意；对子女满意度：很满意；因小事烦恼（过去一周）：几乎没有（<1天）；感到抑郁（过去一周）：几乎没有（<1天）；对未来抱有希望（过去一周）：几乎没有（<1天）；感到孤独（过去一周）：几乎没有（<1天）；感到高兴（过去一周）：大多数时候（5–7天）；睡眠不安（过去一周）：大多数时候（5–7天）
健康信息：自评健康状况：差；医生诊断慢性病：血脂异常、中风；身体疼痛程度：非常；上月平均每天实际睡眠小时数：7小时；是否因健康/残疾不能工作：不能长时间工作；是否因健康/残疾不能做家事：不能长时间；多久接受他人帮助：从不
活动信息：高强度体力活动：否；中等强度体力活动：是；中等强度体力活动目的：锻炼；轻度体力活动：是；轻度体力活动目的：锻炼；上月活动：以上都没有
上网信息：是否使用互联网：否
子女信息：子女总数：2个；健在子女数：2个；第1子女：是否工作/上学：都不；婚姻状况：离婚；过去一年同住月数：0个月；见面频率：每三月；电话/短信/微信联系频率：几乎每天；第2子女：是否工作/上学：工作；婚姻状况：已婚且配偶同住；过去一年同住月数：0个月；见面频率：几乎不见/不联系；电话/短信/微信联系频率：每周1次
工作信息：是否从事农业/家庭农活：无；是否已办理退休：否；是否在工作：否；过去一年总工作天数：0天；上月是否在找工作：否"
73,56346322001,基础信息：性别：女；年龄：72岁；城乡类型：城/镇中心,教育信息：教育程度：初中,婚姻信息：婚姻状况：离婚；是否有人以配偶身份同住：否；上半年独自居住天数：0天,情绪信息：生活满意度：有点满意；对子女满意度：有点满意；因小事烦恼（过去一周）：少量（1–2天）；感到抑郁（过去一周）：有时/中等（3–4天）；对未来抱有希望（过去一周）：大多数时候（5–7天）；感到孤独（过去一周）：几乎没有（<1天）；感到高兴（过去一周）：大多数时候（5–7天）；睡眠不安（过去一周）：大多数时候（5–7天）,健康信息：自评健康状况：好；医生诊断慢性病：血脂异常；身体疼痛程度：一点；上月平均每天实际睡眠小时数：3小时；是否因健康/残疾不能工作：没问题；是否因健康/残疾不能做家事：没问题；多久接受他人帮助：从不,活动信息：高强度体力活动：否；中等强度体力活动：是；中等强度体力活动目的：锻炼；轻度体力活动：是；轻度体力活动目的：娱乐；上月活动：以上都没有,上网信息：是否使用互联网：否,子女信息：子女总数：2个；健在子女数：2个；第1子女：是否工作/上学：工作；婚姻状况：已婚且配偶同住；过去一年同住月数：0个月；见面频率：每周1次；第2子女：是否工作/上学：工作；婚姻状况：已婚且配偶同住；过去一年同住月数：0个月；见面频率：每半年；电话/短信/微信联系频率：几乎每天,工作信息：是否从事农业/家庭农活：无；是否已办理退休：否；是否在工作：否；过去一年总工作天数：0天；上月是否在找工作：否,"基础信息：性别：女；年龄：72岁；城乡类型：城/镇中心
教育信息：教育程度：初中
婚姻信息：婚姻状况：离婚；是否有人以配偶身份同住：否；上半年独自居住天数：0天
情绪信息：生活满意度：有点满意；对子女满意度：有点满意；因小事烦恼（过去一周）：少量（1–2天）；感到抑郁（过去一周）：有时/中等（3–4天）；对未来抱有希望（过去一周）：大多数时候（5–7天）；感到孤独（过去一周）：几乎没有（<1天）；感到高兴（过去一周）：大多数时候（5–7天）；睡眠不安（过去一周）：大多数时候（5–7天）
健康信息：自评健康状况：好；医生诊断慢性病：血脂异常；身体疼痛程度：一点；上月平均每天实际睡眠小时数：3小时；是否因健康/残疾不能工作：没问题；是否因健康/残疾不能做家事：没问题；多久接受他人帮助：从不
活动信息：高强度体力活动：否；中等强度体力活动：是；中等强度体力活动目的：锻炼；轻度体力活动：是；轻度体力活动目的：娱乐；上月活动：以上都没有
上网信息：是否使用互联网：否
子女信息：子女总数：2个；健在子女数：2个；第1子女：是否工作/上学：工作；婚姻状况：已婚且配偶同住；过去一年同住月数：0个月；见面频率：每周1次；第2子女：是否工作/上学：工作；婚姻状况：已婚且配偶同住；过去一年同住月数：0个月；见面频率：每半年；电话/短信/微信联系频率：几乎每天
工作信息：是否从事农业/家庭农活：无；是否已办理退休：否；是否在工作：否；过去一年总工作天数：0天；上月是否在找工作：否"
74,135559225002,基础信息：性别：女；年龄：48岁；现居住地地址类型：其他；城乡类型：城/镇中心,教育信息：教育程度：小学,婚姻信息：婚姻状况：已婚暂分居；过去一年与配偶同住月数：2个月；上半年独自居住天数：122天；上半年仅与配偶同住天数：60天；上半年因不与别人同住而受影响程度：0,情绪信息：生活满意度：非常满意；对子女满意度：有点满意；因小事烦恼（过去一周）：少量（1–2天）；感到抑郁（过去一周）：大多数时候（5–7天）；对未来抱有希望（过去一周）：有时/中等（3–4天）；感到孤独（过去一周）：几乎没有（<1天）；感到高兴（过去一周）：有时/中等（3–4天）；睡眠不安（过去一周）：大多数时候（5–7天）,健康信息：自评健康状况：一般；医生诊断慢性病：未报告上述疾病；身体疼痛程度：无；上月平均每天实际睡眠小时数：6小时；是否因健康/残疾不能工作：没问题；是否因健康/残疾不能做家事：没问题；多久接受他人帮助：从不,活动信息：高强度体力活动：否；中等强度体力活动：否；轻度体力活动：否；上月活动：以上都没有,上网信息：是否使用互联网：否,子女信息：子女总数：2个；健在子女数：2个；第1子女：是否工作/上学：工作；婚姻状况：未婚；过去一年同住月数：0个月；见面频率：每三月；电话/短信/微信联系频率：每周2–3次；第2子女：是否工作/上学：工作；婚姻状况：已婚且配偶同住；过去一年同住月数：1个月；见面频率：每周1次,工作信息：是否从事农业/家庭农活：有；是否已办理退休：否；是否在工作：是；过去一年总工作天数：341天,"基础信息：性别：女；年龄：48岁；现居住地地址类型：其他；城乡类型：城/镇中心
教育信息：教育程度：小学
婚姻信息：婚姻状况：已婚暂分居；过去一年与配偶同住月数：2个月；上半年独自居住天数：122天；上半年仅与配偶同住天数：60天；上半年因不与别人同住而受影响程度：0
情绪信息：生活满意度：非常满意；对子女满意度：有点满意；因小事烦恼（过去一周）：少量（1–2天）；感到抑郁（过去一周）：大多数时候（5–7天）；对未来抱有希望（过去一周）：有时/中等（3–4天）；感到孤独（过去一周）：几乎没有（<1天）；感到高兴（过去一周）：有时/中等（3–4天）；睡眠不安（过去一周）：大多数时候（5–7天）
健康信息：自评健康状况：一般；医生诊断慢性病：未报告上述疾病；身体疼痛程度：无；上月平均每天实际睡眠小时数：6小时；是否因健康/残疾不能工作：没问题；是否因健康/残疾不能做家事：没问题；多久接受他人帮助：从不
活动信息：高强度体力活动：否；中等强度体力活动：否；轻度体力活动：否；上月活动：以上都没有
上网信息：是否使用互联网：否
子女信息：子女总数：2个；健在子女数：2个；第1子女：是否工作/上学：工作；婚姻状况：未婚；过去一年同住月数：0个月；见面频率：每三月；电话/短信/微信联系频率：每周2–3次；第2子女：是否工作/上学：工作；婚姻状况：已婚且配偶同住；过去一年同住月数：1个月；见面频率：每周1次
工作信息：是否从事农业/家庭农活：有；是否已办理退休：否；是否在工作：是；过去一年总工作天数：341天"
75,138202125002,基础信息：性别：女；年龄：69岁；城乡类型：农村,教育信息：教育程度：未读完小学,婚姻信息：婚姻状况：已婚且配偶同住；过去一年与配偶同住月数：12个月；上半年独自居住天数：0天；上半年仅与配偶同住天数：180天；上半年因不与别人同住而受影响程度：0,情绪信息：生活满意度：非常满意；对子女满意度：很满意；因小事烦恼（过去一周）：大多数时候（5–7天）；感到抑郁（过去一周）：大多数时候（5–7天）；对未来抱有希望（过去一周）：大多数时候（5–7天）；感到孤独（过去一周）：大多数时候（5–7天）；感到高兴（过去一周）：少量（1–2天）；睡眠不安（过去一周）：大多数时候（5–7天）,健康信息：自评健康状况：很差；医生诊断慢性病：心脏病、胃部或其他消化系统疾病、关节炎或风湿病、哮喘、记忆相关疾病、白内障或其他视力问题；身体疼痛程度：一点；上月平均每天实际睡眠小时数：9小时；是否因健康/残疾不能工作：不能长时间工作；是否因健康/残疾不能做家事：没问题；多久接受他人帮助：大多时候,活动信息：高强度体力活动：否；中等强度体力活动：是；中等强度体力活动目的：工作需要；轻度体力活动：否；上月活动：以上都没有,上网信息：是否使用互联网：否,子女信息：子女总数：4个；健在子女数：4个；第1子女：是否工作/上学：工作；婚姻状况：已婚且配偶同住；过去一年同住月数：0个月；见面频率：每周1次；第2子女：是否工作/上学：工作；婚姻状况：已婚且配偶同住；过去一年同住月数：0个月；见面频率：每周2–3次,工作信息：是否从事农业/家庭农活：有；是否已办理退休：否；是否在工作：是；过去一年总工作天数：90天,"基础信息：性别：女；年龄：69岁；城乡类型：农村
教育信息：教育程度：未读完小学
婚姻信息：婚姻状况：已婚且配偶同住；过去一年与配偶同住月数：12个月；上半年独自居住天数：0天；上半年仅与配偶同住天数：180天；上半年因不与别人同住而受影响程度：0
情绪信息：生活满意度：非常满意；对子女满意度：很满意；因小事烦恼（过去一周）：大多数时候（5–7天）；感到抑郁（过去一周）：大多数时候（5–7天）；对未来抱有希望（过去一周）：大多数时候（5–7天）；感到孤独（过去一周）：大多数时候（5–7天）；感到高兴（过去一周）：少量（1–2天）；睡眠不安（过去一周）：大多数时候（5–7天）
健康信息：自评健康状况：很差；医生诊断慢性病：心脏病、胃部或其他消化系统疾病、关节炎或风湿病、哮喘、记忆相关疾病、白内障或其他视力问题；身体疼痛程度：一点；上月平均每天实际睡眠小时数：9小时；是否因健康/残疾不能工作：不能长时间工作；是否因健康/残疾不能做家事：没问题；多久接受他人帮助：大多时候
活动信息：高强度体力活动：否；中等强度体力活动：是；中等强度体力活动目的：工作需要；轻度体力活动：否；上月活动：以上都没有
上网信息：是否使用互联网：否
子女信息：子女总数：4个；健在子女数：4个；第1子女：是否工作/上学：工作；婚姻状况：已婚且配偶同住；过去一年同住月数：0个月；见面频率：每周1次；第2子女：是否工作/上学：工作；婚姻状况：已婚且配偶同住；过去一年同住月数：0个月；见面频率：每周2–3次
工作信息：是否从事农业/家庭农活：有；是否已办理退休：否；是否在工作：是；过去一年总工作天数：90天"
76,60440205001,基础信息：性别：女；年龄：73岁；城乡类型：农村,教育信息：教育程度：小学,婚姻信息：婚姻状况：已婚且配偶同住；过去一年与配偶同住月数：12个月；上半年独自居住天数：0天；上半年仅与配偶同住天数：0天,情绪信息：生活满意度：很满意；对子女满意度：很满意；因小事烦恼（过去一周）：少量（1–2天）；感到抑郁（过去一周）：几乎没有（<1天）；对未来抱有希望（过去一周）：几乎没有（<1天）；感到孤独（过去一周）：几乎没有（<1天）；感到高兴（过去一周）：大多数时候（5–7天）；睡眠不安（过去一周）：大多数时候（5–7天）,健康信息：自评健康状况：很差；医生诊断慢性病：未报告上述疾病；身体疼痛程度：非常；上月平均每天实际睡眠小时数：4小时；是否因健康/残疾不能工作：完全不能工作；多久接受他人帮助：偶尔,活动信息：高强度体力活动：否；中等强度体力活动：是；中等强度体力活动目的：工作需要；轻度体力活动：否；上月活动：以上都没有,上网信息：是否使用互联网：否,子女信息：子女总数：3个；健在子女数：3个；第1子女：是否工作/上学：工作；婚姻状况：离婚；过去一年同住月数：0个月；见面频率：每年；电话/短信/微信联系频率：每半年；第2子女：是否工作/上学：工作；婚姻状况：已婚且配偶同住；过去一年同住月数：12个月,工作信息：是否从事农业/家庭农活：有；是否已办理退休：否；是否在工作：是；过去一年总工作天数：224天,"基础信息：性别：女；年龄：73岁；城乡类型：农村
教育信息：教育程度：小学
婚姻信息：婚姻状况：已婚且配偶同住；过去一年与配偶同住月数：12个月；上半年独自居住天数：0天；上半年仅与配偶同住天数：0天
情绪信息：生活满意度：很满意；对子女满意度：很满意；因小事烦恼（过去一周）：少量（1–2天）；感到抑郁（过去一周）：几乎没有（<1天）；对未来抱有希望（过去一周）：几乎没有（<1天）；感到孤独（过去一周）：几乎没有（<1天）；感到高兴（过去一周）：大多数时候（5–7天）；睡眠不安（过去一周）：大多数时候（5–7天）
健康信息：自评健康状况：很差；医生诊断慢性病：未报告上述疾病；身体疼痛程度：非常；上月平均每天实际睡眠小时数：4小时；是否因健康/残疾不能工作：完全不能工作；多久接受他人帮助：偶尔
活动信息：高强度体力活动：否；中等强度体力活动：是；中等强度体力活动目的：工作需要；轻度体力活动：否；上月活动：以上都没有
上网信息：是否使用互联网：否
子女信息：子女总数：3个；健在子女数：3个；第1子女：是否工作/上学：工作；婚姻状况：离婚；过去一年同住月数：0个月；见面频率：每年；电话/短信/微信联系频率：每半年；第2子女：是否工作/上学：工作；婚姻状况：已婚且配偶同住；过去一年同住月数：12个月
工作信息：是否从事农业/家庭农活：有；是否已办理退休：否；是否在工作：是；过去一年总工作天数：224天"
77,141154325001,基础信息：性别：女；年龄：70岁；城乡类型：农村,教育信息：教育程度：小学,婚姻信息：婚姻状况：丧偶；是否有人以配偶身份同住：否；上半年独自居住天数：0天,情绪信息：生活满意度：有点满意；对子女满意度：有点满意；因小事烦恼（过去一周）：几乎没有（<1天）；感到抑郁（过去一周）：有时/中等（3–4天）；对未来抱有希望（过去一周）：有时/中等（3–4天）；感到孤独（过去一周）：有时/中等（3–4天）；感到高兴（过去一周）：有时/中等（3–4天）；睡眠不安（过去一周）：有时/中等（3–4天）,健康信息：自评健康状况：很好；医生诊断慢性病：肝脏疾病；身体疼痛程度：无；上月平均每天实际睡眠小时数：6小时；是否因健康/残疾不能工作：没问题；是否因健康/残疾不能做家事：没问题；多久接受他人帮助：从不,活动信息：高强度体力活动：是；高强度体力活动目的：工作需要；中等强度体力活动：是；中等强度体力活动目的：工作需要；轻度体力活动：是；轻度体力活动目的：工作需要；上月活动：以上都没有,上网信息：是否使用互联网：是；上网设备：手机；上网用途：聊天、看新闻、看视频；是否用手机支付：否；是否使用微信：是；是否使用微信朋友圈：否,子女信息：子女总数：4个；健在子女数：4个；第1子女：是否工作/上学：工作；婚姻状况：已婚且配偶同住；过去一年同住月数：0个月；见面频率：几乎不见/不联系；电话/短信/微信联系频率：每三月；第2子女：是否工作/上学：工作；婚姻状况：已婚且配偶同住；过去一年同住月数：0个月；见面频率：每周2–3次,工作信息：是否从事农业/家庭农活：有；是否已办理退休：否；是否在工作：是；过去一年总工作天数：200天,"基础信息：性别：女；年龄：70岁；城乡类型：农村
教育信息：教育程度：小学
婚姻信息：婚姻状况：丧偶；是否有人以配偶身份同住：否；上半年独自居住天数：0天
情绪信息：生活满意度：有点满意；对子女满意度：有点满意；因小事烦恼（过去一周）：几乎没有（<1天）；感到抑郁（过去一周）：有时/中等（3–4天）；对未来抱有希望（过去一周）：有时/中等（3–4天）；感到孤独（过去一周）：有时/中等（3–4天）；感到高兴（过去一周）：有时/中等（3–4天）；睡眠不安（过去一周）：有时/中等（3–4天）
健康信息：自评健康状况：很好；医生诊断慢性病：肝脏疾病；身体疼痛程度：无；上月平均每天实际睡眠小时数：6小时；是否因健康/残疾不能工作：没问题；是否因健康/残疾不能做家事：没问题；多久接受他人帮助：从不
活动信息：高强度体力活动：是；高强度体力活动目的：工作需要；中等强度体力活动：是；中等强度体力活动目的：工作需要；轻度体力活动：是；轻度体力活动目的：工作需要；上月活动：以上都没有
上网信息：是否使用互联网：是；上网设备：手机；上网用途：聊天、看新闻、看视频；是否用手机支付：否；是否使用微信：是；是否使用微信朋友圈：否
子女信息：子女总数：4个；健在子女数：4个；第1子女：是否工作/上学：工作；婚姻状况：已婚且配偶同住；过去一年同住月数：0个月；见面频率：几乎不见/不联系；电话/短信/微信联系频率：每三月；第2子女：是否工作/上学：工作；婚姻状况：已婚且配偶同住；过去一年同住月数：0个月；见面频率：每周2–3次
工作信息：是否从事农业/家庭农活：有；是否已办理退休：否；是否在工作：是；过去一年总工作天数：200天"
78,74631307001,基础信息：性别：女；年龄：71岁；城乡类型：农村,教育信息：教育程度：小学,婚姻信息：婚姻状况：丧偶；是否有人以配偶身份同住：否；上半年独自居住天数：120天；上半年因不与别人同住而受影响程度：80,情绪信息：生活满意度：很满意；对子女满意度：很满意；因小事烦恼（过去一周）：几乎没有（<1天）；感到抑郁（过去一周）：有时/中等（3–4天）；对未来抱有希望（过去一周）：大多数时候（5–7天）；感到孤独（过去一周）：几乎没有（<1天）；感到高兴（过去一周）：大多数时候（5–7天）；睡眠不安（过去一周）：几乎没有（<1天）,健康信息：自评健康状况：差；医生诊断慢性病：未报告上述疾病；身体疼痛程度：有些；上月平均每天实际睡眠小时数：5小时；是否因健康/残疾不能工作：不能长时间工作；是否因健康/残疾不能做家事：完全不能；多久接受他人帮助：从不,活动信息：高强度体力活动：是；高强度体力活动目的：工作需要；中等强度体力活动：是；中等强度体力活动目的：其他；轻度体力活动：是；轻度体力活动目的：锻炼；上月活动：与朋友交往（几乎每天）,上网信息：是否使用互联网：否,子女信息：子女总数：5个；健在子女数：5个；第1子女：是否工作/上学：工作；婚姻状况：已婚且配偶同住；过去一年同住月数：0个月；见面频率：几乎每天；第2子女：是否工作/上学：工作；婚姻状况：已婚且配偶同住；过去一年同住月数：0个月；见面频率：每年；电话/短信/微信联系频率：每周1次,工作信息：是否从事农业/家庭农活：有；是否已办理退休：否；是否在工作：是；过去一年总工作天数：336天,"基础信息：性别：女；年龄：71岁；城乡类型：农村
教育信息：教育程度：小学
婚姻信息：婚姻状况：丧偶；是否有人以配偶身份同住：否；上半年独自居住天数：120天；上半年因不与别人同住而受影响程度：80
情绪信息：生活满意度：很满意；对子女满意度：很满意；因小事烦恼（过去一周）：几乎没有（<1天）；感到抑郁（过去一周）：有时/中等（3–4天）；对未来抱有希望（过去一周）：大多数时候（5–7天）；感到孤独（过去一周）：几乎没有（<1天）；感到高兴（过去一周）：大多数时候（5–7天）；睡眠不安（过去一周）：几乎没有（<1天）
健康信息：自评健康状况：差；医生诊断慢性病：未报告上述疾病；身体疼痛程度：有些；上月平均每天实际睡眠小时数：5小时；是否因健康/残疾不能工作：不能长时间工作；是否因健康/残疾不能做家事：完全不能；多久接受他人帮助：从不
活动信息：高强度体力活动：是；高强度体力活动目的：工作需要；中等强度体力活动：是；中等强度体力活动目的：其他；轻度体力活动：是；轻度体力活动目的：锻炼；上月活动：与朋友交往（几乎每天）
上网信息：是否使用互联网：否
子女信息：子女总数：5个；健在子女数：5个；第1子女：是否工作/上学：工作；婚姻状况：已婚且配偶同住；过去一年同住月数：0个月；见面频率：几乎每天；第2子女：是否工作/上学：工作；婚姻状况：已婚且配偶同住；过去一年同住月数：0个月；见面频率：每年；电话/短信/微信联系频率：每周1次
工作信息：是否从事农业/家庭农活：有；是否已办理退休：否；是否在工作：是；过去一年总工作天数：336天"
79,280154331001,基础信息：性别：男；年龄：56岁；城乡类型：农村,教育信息：教育程度：初中,婚姻信息：婚姻状况：已婚暂分居；过去一年与配偶同住月数：2个月；上半年独自居住天数：0天；上半年仅与配偶同住天数：15天；上半年因不与别人同住而受影响程度：80,情绪信息：生活满意度：很满意；对子女满意度：很满意；因小事烦恼（过去一周）：几乎没有（<1天）；感到抑郁（过去一周）：几乎没有（<1天）；对未来抱有希望（过去一周）：大多数时候（5–7天）；感到孤独（过去一周）：几乎没有（<1天）；感到高兴（过去一周）：大多数时候（5–7天）；睡眠不安（过去一周）：几乎没有（<1天）,健康信息：自评健康状况：好；医生诊断慢性病：未报告上述疾病；身体疼痛程度：无；上月平均每天实际睡眠小时数：6小时；是否因健康/残疾不能工作：没问题；是否因健康/残疾不能做家事：没问题；多久接受他人帮助：从不,活动信息：高强度体力活动：否；中等强度体力活动：是；中等强度体力活动目的：锻炼；轻度体力活动：是；轻度体力活动目的：锻炼；上月活动：做志愿/慈善或照顾不住一起的病弱者（不规律）,上网信息：是否使用互联网：是；上网设备：手机；上网用途：看新闻、看视频；是否用手机支付：是；是否使用微信：是；是否使用微信朋友圈：是,子女信息：子女总数：1个；健在子女数：1个；第2子女：是否工作/上学：工作；婚姻状况：已婚且配偶同住；过去一年同住月数：6个月；见面频率：每三月；电话/短信/微信联系频率：每周1次,工作信息：是否从事农业/家庭农活：无；是否已办理退休：否；是否在工作：是；过去一年总工作天数：220天,"基础信息：性别：男；年龄：56岁；城乡类型：农村
教育信息：教育程度：初中
婚姻信息：婚姻状况：已婚暂分居；过去一年与配偶同住月数：2个月；上半年独自居住天数：0天；上半年仅与配偶同住天数：15天；上半年因不与别人同住而受影响程度：80
情绪信息：生活满意度：很满意；对子女满意度：很满意；因小事烦恼（过去一周）：几乎没有（<1天）；感到抑郁（过去一周）：几乎没有（<1天）；对未来抱有希望（过去一周）：大多数时候（5–7天）；感到孤独（过去一周）：几乎没有（<1天）；感到高兴（过去一周）：大多数时候（5–7天）；睡眠不安（过去一周）：几乎没有（<1天）
健康信息：自评健康状况：好；医生诊断慢性病：未报告上述疾病；身体疼痛程度：无；上月平均每天实际睡眠小时数：6小时；是否因健康/残疾不能工作：没问题；是否因健康/残疾不能做家事：没问题；多久接受他人帮助：从不
活动信息：高强度体力活动：否；中等强度体力活动：是；中等强度体力活动目的：锻炼；轻度体力活动：是；轻度体力活动目的：锻炼；上月活动：做志愿/慈善或照顾不住一起的病弱者（不规律）
上网信息：是否使用互联网：是；上网设备：手机；上网用途：看新闻、看视频；是否用手机支付：是；是否使用微信：是；是否使用微信朋友圈：是
子女信息：子女总数：1个；健在子女数：1个；第2子女：是否工作/上学：工作；婚姻状况：已婚且配偶同住；过去一年同住月数：6个月；见面频率：每三月；电话/短信/微信联系频率：每周1次
工作信息：是否从事农业/家庭农活：无；是否已办理退休：否；是否在工作：是；过去一年总工作天数：220天"
80,321116113001,基础信息：性别：男；年龄：55岁；现居住地地址类型：其他；城乡类型：城/镇中心,教育信息：教育程度：初中,婚姻信息：婚姻状况：已婚且配偶同住；过去一年与配偶同住月数：10个月；上半年独自居住天数：0天；上半年仅与配偶同住天数：180天；上半年因不与别人同住而受影响程度：50,情绪信息：生活满意度：非常满意；对子女满意度：非常满意；因小事烦恼（过去一周）：几乎没有（<1天）；感到抑郁（过去一周）：有时/中等（3–4天）；对未来抱有希望（过去一周）：有时/中等（3–4天）；感到孤独（过去一周）：几乎没有（<1天）；感到高兴（过去一周）：大多数时候（5–7天）；睡眠不安（过去一周）：少量（1–2天）,健康信息：自评健康状况：很好；医生诊断慢性病：未报告上述疾病；身体疼痛程度：无；上月平均每天实际睡眠小时数：5小时；是否因健康/残疾不能工作：没问题；是否因健康/残疾不能做家事：没问题；多久接受他人帮助：从不,活动信息：高强度体力活动：否；中等强度体力活动：否；轻度体力活动：是；轻度体力活动目的：娱乐；上月活动：以上都没有,上网信息：是否使用互联网：是；上网设备：手机；上网用途：看新闻、其他；是否用手机支付：是；是否使用微信：是；是否使用微信朋友圈：否,子女信息：子女总数：2个；健在子女数：2个；第1子女：是否工作/上学：工作；婚姻状况：已婚且配偶同住；过去一年同住月数：0个月；见面频率：每周1次；第2子女：是否工作/上学：都不；婚姻状况：已婚且配偶同住；过去一年同住月数：0个月；见面频率：每三月；电话/短信/微信联系频率：几乎每天,工作信息：是否从事农业/家庭农活：无；是否已办理退休：否；是否在工作：是；过去一年总工作天数：180天,"基础信息：性别：男；年龄：55岁；现居住地地址类型：其他；城乡类型：城/镇中心
教育信息：教育程度：初中
婚姻信息：婚姻状况：已婚且配偶同住；过去一年与配偶同住月数：10个月；上半年独自居住天数：0天；上半年仅与配偶同住天数：180天；上半年因不与别人同住而受影响程度：50
情绪信息：生活满意度：非常满意；对子女满意度：非常满意；因小事烦恼（过去一周）：几乎没有（<1天）；感到抑郁（过去一周）：有时/中等（3–4天）；对未来抱有希望（过去一周）：有时/中等（3–4天）；感到孤独（过去一周）：几乎没有（<1天）；感到高兴（过去一周）：大多数时候（5–7天）；睡眠不安（过去一周）：少量（1–2天）
健康信息：自评健康状况：很好；医生诊断慢性病：未报告上述疾病；身体疼痛程度：无；上月平均每天实际睡眠小时数：5小时；是否因健康/残疾不能工作：没问题；是否因健康/残疾不能做家事：没问题；多久接受他人帮助：从不
活动信息：高强度体力活动：否；中等强度体力活动：否；轻度体力活动：是；轻度体力活动目的：娱乐；上月活动：以上都没有
上网信息：是否使用互联网：是；上网设备：手机；上网用途：看新闻、其他；是否用手机支付：是；是否使用微信：是；是否使用微信朋友圈：否
子女信息：子女总数：2个；健在子女数：2个；第1子女：是否工作/上学：工作；婚姻状况：已婚且配偶同住；过去一年同住月数：0个月；见面频率：每周1次；第2子女：是否工作/上学：都不；婚姻状况：已婚且配偶同住；过去一年同住月数：0个月；见面频率：每三月；电话/短信/微信联系频率：几乎每天
工作信息：是否从事农业/家庭农活：无；是否已办理退休：否；是否在工作：是；过去一年总工作天数：180天"
81,116006312001,基础信息：性别：男；年龄：70岁；城乡类型：农村,教育信息：教育程度：初中,婚姻信息：婚姻状况：已婚且配偶同住；过去一年与配偶同住月数：12个月；上半年独自居住天数：0天；上半年仅与配偶同住天数：180天；上半年因不与别人同住而受影响程度：0,情绪信息：生活满意度：有点满意；对子女满意度：有点满意；因小事烦恼（过去一周）：有时/中等（3–4天）；感到抑郁（过去一周）：大多数时候（5–7天）；对未来抱有希望（过去一周）：几乎没有（<1天）；感到孤独（过去一周）：有时/中等（3–4天）；感到高兴（过去一周）：几乎没有（<1天）；睡眠不安（过去一周）：几乎没有（<1天）,健康信息：自评健康状况：差；医生诊断慢性病：未报告上述疾病；身体疼痛程度：相当；上月平均每天实际睡眠小时数：10小时；是否因健康/残疾不能工作：没问题；是否因健康/残疾不能做家事：没问题；多久接受他人帮助：偶尔,活动信息：高强度体力活动：是；高强度体力活动目的：锻炼；中等强度体力活动：是；中等强度体力活动目的：工作需要；轻度体力活动：是；轻度体力活动目的：锻炼；上月活动：与朋友交往（不规律）、打麻将/下棋/打牌/去社区活动室（几乎每周）,上网信息：是否使用互联网：否,子女信息：子女总数：3个；健在子女数：3个；第1子女：是否工作/上学：工作；婚姻状况：离婚；过去一年同住月数：0个月；见面频率：每三月；电话/短信/微信联系频率：每三月；第2子女：是否工作/上学：工作；婚姻状况：已婚且配偶同住；过去一年同住月数：0个月；见面频率：每月；电话/短信/微信联系频率：每两周,工作信息：是否从事农业/家庭农活：有；是否已办理退休：否；是否在工作：是；过去一年总工作天数：60天,"基础信息：性别：男；年龄：70岁；城乡类型：农村
教育信息：教育程度：初中
婚姻信息：婚姻状况：已婚且配偶同住；过去一年与配偶同住月数：12个月；上半年独自居住天数：0天；上半年仅与配偶同住天数：180天；上半年因不与别人同住而受影响程度：0
情绪信息：生活满意度：有点满意；对子女满意度：有点满意；因小事烦恼（过去一周）：有时/中等（3–4天）；感到抑郁（过去一周）：大多数时候（5–7天）；对未来抱有希望（过去一周）：几乎没有（<1天）；感到孤独（过去一周）：有时/中等（3–4天）；感到高兴（过去一周）：几乎没有（<1天）；睡眠不安（过去一周）：几乎没有（<1天）
健康信息：自评健康状况：差；医生诊断慢性病：未报告上述疾病；身体疼痛程度：相当；上月平均每天实际睡眠小时数：10小时；是否因健康/残疾不能工作：没问题；是否因健康/残疾不能做家事：没问题；多久接受他人帮助：偶尔
活动信息：高强度体力活动：是；高强度体力活动目的：锻炼；中等强度体力活动：是；中等强度体力活动目的：工作需要；轻度体力活动：是；轻度体力活动目的：锻炼；上月活动：与朋友交往（不规律）、打麻将/下棋/打牌/去社区活动室（几乎每周）
上网信息：是否使用互联网：否
子女信息：子女总数：3个；健在子女数：3个；第1子女：是否工作/上学：工作；婚姻状况：离婚；过去一年同住月数：0个月；见面频率：每三月；电话/短信/微信联系频率：每三月；第2子女：是否工作/上学：工作；婚姻状况：已婚且配偶同住；过去一年同住月数：0个月；见面频率：每月；电话/短信/微信联系频率：每两周
工作信息：是否从事农业/家庭农活：有；是否已办理退休：否；是否在工作：是；过去一年总工作天数：60天"
82,184037219001,基础信息：性别：男；年龄：64岁；城乡类型：城/镇中心,教育信息：教育程度：初中,婚姻信息：婚姻状况：丧偶；是否有人以配偶身份同住：否；上半年独自居住天数：180天；上半年因不与别人同住而受影响程度：0,情绪信息：生活满意度：有点满意；对子女满意度：很满意；因小事烦恼（过去一周）：几乎没有（<1天）；感到抑郁（过去一周）：几乎没有（<1天）；对未来抱有希望（过去一周）：大多数时候（5–7天）；感到孤独（过去一周）：几乎没有（<1天）；感到高兴（过去一周）：大多数时候（5–7天）；睡眠不安（过去一周）：少量（1–2天）,健康信息：自评健康状况：一般；医生诊断慢性病：血脂异常、肝脏疾病、白内障或其他视力问题；身体疼痛程度：无；上月平均每天实际睡眠小时数：7小时；是否因健康/残疾不能工作：没问题；是否因健康/残疾不能做家事：没问题；多久接受他人帮助：从不,活动信息：高强度体力活动：否；中等强度体力活动：否；轻度体力活动：是；轻度体力活动目的：锻炼；上月活动：以上都没有,上网信息：是否使用互联网：是；上网设备：手机；上网用途：聊天、看新闻、看视频、玩游戏；是否用手机支付：是；是否使用微信：是；是否使用微信朋友圈：是,子女信息：子女总数：1个；健在子女数：1个；第1子女：是否工作/上学：工作；婚姻状况：已婚且配偶同住；过去一年同住月数：0个月；见面频率：几乎每天,工作信息：是否从事农业/家庭农活：无；是否在工作：否；过去一年总工作天数：0天；上月是否在找工作：否,"基础信息：性别：男；年龄：64岁；城乡类型：城/镇中心
教育信息：教育程度：初中
婚姻信息：婚姻状况：丧偶；是否有人以配偶身份同住：否；上半年独自居住天数：180天；上半年因不与别人同住而受影响程度：0
情绪信息：生活满意度：有点满意；对子女满意度：很满意；因小事烦恼（过去一周）：几乎没有（<1天）；感到抑郁（过去一周）：几乎没有（<1天）；对未来抱有希望（过去一周）：大多数时候（5–7天）；感到孤独（过去一周）：几乎没有（<1天）；感到高兴（过去一周）：大多数时候（5–7天）；睡眠不安（过去一周）：少量（1–2天）
健康信息：自评健康状况：一般；医生诊断慢性病：血脂异常、肝脏疾病、白内障或其他视力问题；身体疼痛程度：无；上月平均每天实际睡眠小时数：7小时；是否因健康/残疾不能工作：没问题；是否因健康/残疾不能做家事：没问题；多久接受他人帮助：从不
活动信息：高强度体力活动：否；中等强度体力活动：否；轻度体力活动：是；轻度体力活动目的：锻炼；上月活动：以上都没有
上网信息：是否使用互联网：是；上网设备：手机；上网用途：聊天、看新闻、看视频、玩游戏；是否用手机支付：是；是否使用微信：是；是否使用微信朋友圈：是
子女信息：子女总数：1个；健在子女数：1个；第1子女：是否工作/上学：工作；婚姻状况：已婚且配偶同住；过去一年同住月数：0个月；见面频率：几乎每天
工作信息：是否从事农业/家庭农活：无；是否在工作：否；过去一年总工作天数：0天；上月是否在找工作：否"
83,64033334001,基础信息：性别：女；年龄：73岁；现居住地地址类型：家庭住房；城乡类型：城/镇中心,教育信息：教育程度：未受教育,婚姻信息：婚姻状况：丧偶；是否有人以配偶身份同住：否；上半年独自居住天数：0天,情绪信息：生活满意度：不太满意；对子女满意度：很满意；因小事烦恼（过去一周）：几乎没有（<1天）；感到抑郁（过去一周）：少量（1–2天）；对未来抱有希望（过去一周）：几乎没有（<1天）；感到孤独（过去一周）：大多数时候（5–7天）；感到高兴（过去一周）：几乎没有（<1天）；睡眠不安（过去一周）：大多数时候（5–7天）,健康信息：自评健康状况：差；医生诊断慢性病：慢性肺部疾病；身体疼痛程度：非常；上月平均每天实际睡眠小时数：-1小时；是否因健康/残疾不能工作：完全不能工作；多久接受他人帮助：偶尔,活动信息：高强度体力活动：否；中等强度体力活动：否；轻度体力活动：是；轻度体力活动目的：锻炼；上月活动：以上都没有,上网信息：是否使用互联网：否,子女信息：子女总数：4个；健在子女数：4个；第1子女：是否工作/上学：工作；婚姻状况：已婚暂分居；过去一年同住月数：1个月；见面频率：每月；电话/短信/微信联系频率：几乎不见/不联系；第2子女：是否工作/上学：工作；婚姻状况：已婚且配偶同住；过去一年同住月数：1个月；见面频率：每月；电话/短信/微信联系频率：几乎不见/不联系,工作信息：是否从事农业/家庭农活：无；是否已办理退休：否；是否在工作：否；过去一年总工作天数：0天；上月是否在找工作：否,"基础信息：性别：女；年龄：73岁；现居住地地址类型：家庭住房；城乡类型：城/镇中心
教育信息：教育程度：未受教育
婚姻信息：婚姻状况：丧偶；是否有人以配偶身份同住：否；上半年独自居住天数：0天
情绪信息：生活满意度：不太满意；对子女满意度：很满意；因小事烦恼（过去一周）：几乎没有（<1天）；感到抑郁（过去一周）：少量（1–2天）；对未来抱有希望（过去一周）：几乎没有（<1天）；感到孤独（过去一周）：大多数时候（5–7天）；感到高兴（过去一周）：几乎没有（<1天）；睡眠不安（过去一周）：大多数时候（5–7天）
健康信息：自评健康状况：差；医生诊断慢性病：慢性肺部疾病；身体疼痛程度：非常；上月平均每天实际睡眠小时数：-1小时；是否因健康/残疾不能工作：完全不能工作；多久接受他人帮助：偶尔
活动信息：高强度体力活动：否；中等强度体力活动：否；轻度体力活动：是；轻度体力活动目的：锻炼；上月活动：以上都没有
上网信息：是否使用互联网：否
子女信息：子女总数：4个；健在子女数：4个；第1子女：是否工作/上学：工作；婚姻状况：已婚暂分居；过去一年同住月数：1个月；见面频率：每月；电话/短信/微信联系频率：几乎不见/不联系；第2子女：是否工作/上学：工作；婚姻状况：已婚且配偶同住；过去一年同住月数：1个月；见面频率：每月；电话/短信/微信联系频率：几乎不见/不联系
工作信息：是否从事农业/家庭农活：无；是否已办理退休：否；是否在工作：否；过去一年总工作天数：0天；上月是否在找工作：否"
84,150478210001,基础信息：性别：男；年龄：61岁；城乡类型：农村,教育信息：教育程度：未读完小学,婚姻信息：婚姻状况：已婚且配偶同住；过去一年与配偶同住月数：12个月；上半年独自居住天数：0天；上半年仅与配偶同住天数：0天,情绪信息：生活满意度：有点满意；对子女满意度：很满意；因小事烦恼（过去一周）：几乎没有（<1天）；感到抑郁（过去一周）：几乎没有（<1天）；对未来抱有希望（过去一周）：几乎没有（<1天）；感到孤独（过去一周）：几乎没有（<1天）；感到高兴（过去一周）：几乎没有（<1天）；睡眠不安（过去一周）：几乎没有（<1天）,健康信息：自评健康状况：一般；医生诊断慢性病：未报告上述疾病；身体疼痛程度：无；上月平均每天实际睡眠小时数：7小时；是否因健康/残疾不能工作：没问题；是否因健康/残疾不能做家事：没问题；多久接受他人帮助：从不,活动信息：高强度体力活动：否；中等强度体力活动：是；中等强度体力活动目的：锻炼；轻度体力活动：否；上月活动：以上都没有,上网信息：是否使用互联网：是；上网设备：手机；上网用途：看新闻、看视频；是否用手机支付：是；是否使用微信：是；是否使用微信朋友圈：否,子女信息：子女总数：2个；健在子女数：2个；第1子女：是否工作/上学：工作；婚姻状况：已婚且配偶同住；过去一年同住月数：12个月；第2子女：是否工作/上学：工作；婚姻状况：已婚且配偶同住；过去一年同住月数：12个月,工作信息：是否从事农业/家庭农活：无；是否已办理退休：否；是否在工作：是；过去一年总工作天数：341天,"基础信息：性别：男；年龄：61岁；城乡类型：农村
教育信息：教育程度：未读完小学
婚姻信息：婚姻状况：已婚且配偶同住；过去一年与配偶同住月数：12个月；上半年独自居住天数：0天；上半年仅与配偶同住天数：0天
情绪信息：生活满意度：有点满意；对子女满意度：很满意；因小事烦恼（过去一周）：几乎没有（<1天）；感到抑郁（过去一周）：几乎没有（<1天）；对未来抱有希望（过去一周）：几乎没有（<1天）；感到孤独（过去一周）：几乎没有（<1天）；感到高兴（过去一周）：几乎没有（<1天）；睡眠不安（过去一周）：几乎没有（<1天）
健康信息：自评健康状况：一般；医生诊断慢性病：未报告上述疾病；身体疼痛程度：无；上月平均每天实际睡眠小时数：7小时；是否因健康/残疾不能工作：没问题；是否因健康/残疾不能做家事：没问题；多久接受他人帮助：从不
活动信息：高强度体力活动：否；中等强度体力活动：是；中等强度体力活动目的：锻炼；轻度体力活动：否；上月活动：以上都没有
上网信息：是否使用互联网：是；上网设备：手机；上网用途：看新闻、看视频；是否用手机支付：是；是否使用微信：是；是否使用微信朋友圈：否
子女信息：子女总数：2个；健在子女数：2个；第1子女：是否工作/上学：工作；婚姻状况：已婚且配偶同住；过去一年同住月数：12个月；第2子女：是否工作/上学：工作；婚姻状况：已婚且配偶同住；过去一年同住月数：12个月
工作信息：是否从事农业/家庭农活：无；是否已办理退休：否；是否在工作：是；过去一年总工作天数：341天"
85,151156311001,基础信息：性别：男；年龄：54岁；城乡类型：城/镇中心,教育信息：教育程度：初中,婚姻信息：婚姻状况：已婚且配偶同住；过去一年与配偶同住月数：12个月；上半年独自居住天数：0天；上半年仅与配偶同住天数：120天；上半年因不与别人同住而受影响程度：0,情绪信息：生活满意度：不太满意；对子女满意度：很满意；因小事烦恼（过去一周）：少量（1–2天）；感到抑郁（过去一周）：有时/中等（3–4天）；对未来抱有希望（过去一周）：有时/中等（3–4天）；感到孤独（过去一周）：有时/中等（3–4天）；感到高兴（过去一周）：有时/中等（3–4天）；睡眠不安（过去一周）：有时/中等（3–4天）,健康信息：自评健康状况：一般；医生诊断慢性病：记忆相关疾病；身体疼痛程度：一点；上月平均每天实际睡眠小时数：6小时；是否因健康/残疾不能工作：没问题；是否因健康/残疾不能做家事：没问题；多久接受他人帮助：从不,活动信息：高强度体力活动：否；中等强度体力活动：是；中等强度体力活动目的：其他；轻度体力活动：是；轻度体力活动目的：其他；上月活动：与朋友交往（不规律）,上网信息：是否使用互联网：是；上网设备：手机；上网用途：看新闻；是否用手机支付：是；是否使用微信：是；是否使用微信朋友圈：是,子女信息：子女总数：2个；健在子女数：2个；第1子女：是否工作/上学：工作；婚姻状况：未婚；过去一年同住月数：2个月；见面频率：每周1次；第2子女：是否工作/上学：工作；婚姻状况：未婚；过去一年同住月数：0.5个月；见面频率：其他；电话/短信/微信联系频率：其他,工作信息：是否从事农业/家庭农活：无；是否已办理退休：否；是否在工作：否；过去一年总工作天数：0天；上月是否在找工作：是,"基础信息：性别：男；年龄：54岁；城乡类型：城/镇中心
教育信息：教育程度：初中
婚姻信息：婚姻状况：已婚且配偶同住；过去一年与配偶同住月数：12个月；上半年独自居住天数：0天；上半年仅与配偶同住天数：120天；上半年因不与别人同住而受影响程度：0
情绪信息：生活满意度：不太满意；对子女满意度：很满意；因小事烦恼（过去一周）：少量（1–2天）；感到抑郁（过去一周）：有时/中等（3–4天）；对未来抱有希望（过去一周）：有时/中等（3–4天）；感到孤独（过去一周）：有时/中等（3–4天）；感到高兴（过去一周）：有时/中等（3–4天）；睡眠不安（过去一周）：有时/中等（3–4天）
健康信息：自评健康状况：一般；医生诊断慢性病：记忆相关疾病；身体疼痛程度：一点；上月平均每天实际睡眠小时数：6小时；是否因健康/残疾不能工作：没问题；是否因健康/残疾不能做家事：没问题；多久接受他人帮助：从不
活动信息：高强度体力活动：否；中等强度体力活动：是；中等强度体力活动目的：其他；轻度体力活动：是；轻度体力活动目的：其他；上月活动：与朋友交往（不规律）
上网信息：是否使用互联网：是；上网设备：手机；上网用途：看新闻；是否用手机支付：是；是否使用微信：是；是否使用微信朋友圈：是
子女信息：子女总数：2个；健在子女数：2个；第1子女：是否工作/上学：工作；婚姻状况：未婚；过去一年同住月数：2个月；见面频率：每周1次；第2子女：是否工作/上学：工作；婚姻状况：未婚；过去一年同住月数：0.5个月；见面频率：其他；电话/短信/微信联系频率：其他
工作信息：是否从事农业/家庭农活：无；是否已办理退休：否；是否在工作：否；过去一年总工作天数：0天；上月是否在找工作：是"
86,271806118001,基础信息：性别：女；年龄：72岁；现居住地地址类型：养老院；城乡类型：城乡结合部/镇乡,教育信息：教育程度：未受教育,婚姻信息：婚姻状况：丧偶；是否有人以配偶身份同住：否；上半年独自居住天数：180天；上半年因不与别人同住而受影响程度：0,情绪信息：生活满意度：很满意；对子女满意度：很满意；因小事烦恼（过去一周）：大多数时候（5–7天）；感到抑郁（过去一周）：大多数时候（5–7天）；对未来抱有希望（过去一周）：大多数时候（5–7天）；感到孤独（过去一周）：几乎没有（<1天）；感到高兴（过去一周）：少量（1–2天）；睡眠不安（过去一周）：有时/中等（3–4天）,健康信息：自评健康状况：差；医生诊断慢性病：中风；身体疼痛程度：非常；上月平均每天实际睡眠小时数：2小时；是否因健康/残疾不能工作：完全不能工作；多久接受他人帮助：从不,活动信息：高强度体力活动：否；中等强度体力活动：否；轻度体力活动：是；轻度体力活动目的：锻炼；上月活动：与朋友交往（不规律）,上网信息：是否使用互联网：否,子女信息：子女总数：1个；健在子女数：1个,工作信息：是否从事农业/家庭农活：无；是否已办理退休：否；是否在工作：否；过去一年总工作天数：0天；上月是否在找工作：否,"基础信息：性别：女；年龄：72岁；现居住地地址类型：养老院；城乡类型：城乡结合部/镇乡
教育信息：教育程度：未受教育
婚姻信息：婚姻状况：丧偶；是否有人以配偶身份同住：否；上半年独自居住天数：180天；上半年因不与别人同住而受影响程度：0
情绪信息：生活满意度：很满意；对子女满意度：很满意；因小事烦恼（过去一周）：大多数时候（5–7天）；感到抑郁（过去一周）：大多数时候（5–7天）；对未来抱有希望（过去一周）：大多数时候（5–7天）；感到孤独（过去一周）：几乎没有（<1天）；感到高兴（过去一周）：少量（1–2天）；睡眠不安（过去一周）：有时/中等（3–4天）
健康信息：自评健康状况：差；医生诊断慢性病：中风；身体疼痛程度：非常；上月平均每天实际睡眠小时数：2小时；是否因健康/残疾不能工作：完全不能工作；多久接受他人帮助：从不
活动信息：高强度体力活动：否；中等强度体力活动：否；轻度体力活动：是；轻度体力活动目的：锻炼；上月活动：与朋友交往（不规律）
上网信息：是否使用互联网：否
子女信息：子女总数：1个；健在子女数：1个
工作信息：是否从事农业/家庭农活：无；是否已办理退休：否；是否在工作：否；过去一年总工作天数：0天；上月是否在找工作：否"
87,60481225002,基础信息：性别：女；年龄：69岁；城乡类型：农村,教育信息：教育程度：小学,婚姻信息：婚姻状况：已婚且配偶同住；过去一年与配偶同住月数：12个月；上半年独自居住天数：1天；上半年仅与配偶同住天数：168天；上半年因不与别人同住而受影响程度：0,情绪信息：生活满意度：很满意；对子女满意度：有点满意；因小事烦恼（过去一周）：少量（1–2天）；感到抑郁（过去一周）：少量（1–2天）；对未来抱有希望（过去一周）：几乎没有（<1天）；感到孤独（过去一周）：几乎没有（<1天）；感到高兴（过去一周）：大多数时候（5–7天）；睡眠不安（过去一周）：几乎没有（<1天）,健康信息：自评健康状况：一般；医生诊断慢性病：高血压、血脂异常、糖尿病或高血糖、心脏病、关节炎或风湿病；身体疼痛程度：一点；上月平均每天实际睡眠小时数：7小时；是否因健康/残疾不能工作：没问题；是否因健康/残疾不能做家事：没问题；多久接受他人帮助：从不,活动信息：高强度体力活动：否；中等强度体力活动：是；中等强度体力活动目的：锻炼；轻度体力活动：是；轻度体力活动目的：工作需要；上月活动：以上都没有,上网信息：是否使用互联网：否,子女信息：子女总数：4个；健在子女数：4个；第1子女：是否工作/上学：工作；婚姻状况：离婚；过去一年同住月数：0个月；见面频率：每周2–3次；第2子女：是否工作/上学：工作；婚姻状况：已婚且配偶同住；过去一年同住月数：0个月；见面频率：每周1次,工作信息：是否从事农业/家庭农活：无；是否已办理退休：否；是否在工作：否；过去一年总工作天数：0天；上月是否在找工作：否,"基础信息：性别：女；年龄：69岁；城乡类型：农村
教育信息：教育程度：小学
婚姻信息：婚姻状况：已婚且配偶同住；过去一年与配偶同住月数：12个月；上半年独自居住天数：1天；上半年仅与配偶同住天数：168天；上半年因不与别人同住而受影响程度：0
情绪信息：生活满意度：很满意；对子女满意度：有点满意；因小事烦恼（过去一周）：少量（1–2天）；感到抑郁（过去一周）：少量（1–2天）；对未来抱有希望（过去一周）：几乎没有（<1天）；感到孤独（过去一周）：几乎没有（<1天）；感到高兴（过去一周）：大多数时候（5–7天）；睡眠不安（过去一周）：几乎没有（<1天）
健康信息：自评健康状况：一般；医生诊断慢性病：高血压、血脂异常、糖尿病或高血糖、心脏病、关节炎或风湿病；身体疼痛程度：一点；上月平均每天实际睡眠小时数：7小时；是否因健康/残疾不能工作：没问题；是否因健康/残疾不能做家事：没问题；多久接受他人帮助：从不
活动信息：高强度体力活动：否；中等强度体力活动：是；中等强度体力活动目的：锻炼；轻度体力活动：是；轻度体力活动目的：工作需要；上月活动：以上都没有
上网信息：是否使用互联网：否
子女信息：子女总数：4个；健在子女数：4个；第1子女：是否工作/上学：工作；婚姻状况：离婚；过去一年同住月数：0个月；见面频率：每周2–3次；第2子女：是否工作/上学：工作；婚姻状况：已婚且配偶同住；过去一年同住月数：0个月；见面频率：每周1次
工作信息：是否从事农业/家庭农活：无；是否已办理退休：否；是否在工作：否；过去一年总工作天数：0天；上月是否在找工作：否"
88,141154206002,基础信息：性别：男；年龄：46岁；城乡类型：城/镇中心,教育信息：教育程度：大专,婚姻信息：婚姻状况：已婚且配偶同住；过去一年与配偶同住月数：10个月；上半年独自居住天数：60天；上半年仅与配偶同住天数：150天；上半年因不与别人同住而受影响程度：0,情绪信息：生活满意度：非常满意；对子女满意度：很满意；因小事烦恼（过去一周）：几乎没有（<1天）；感到抑郁（过去一周）：几乎没有（<1天）；对未来抱有希望（过去一周）：大多数时候（5–7天）；感到孤独（过去一周）：几乎没有（<1天）；感到高兴（过去一周）：大多数时候（5–7天）；睡眠不安（过去一周）：大多数时候（5–7天）,健康信息：自评健康状况：一般；医生诊断慢性病：未报告上述疾病；身体疼痛程度：一点；上月平均每天实际睡眠小时数：6小时；是否因健康/残疾不能工作：没问题；是否因健康/残疾不能做家事：没问题；多久接受他人帮助：偶尔,活动信息：高强度体力活动：是；高强度体力活动目的：工作需要；中等强度体力活动：是；中等强度体力活动目的：工作需要；轻度体力活动：是；轻度体力活动目的：娱乐；上月活动：与朋友交往（不规律）、帮助不住一起的家人朋友邻居（不规律）,上网信息：是否使用互联网：是；上网设备：平板、手机；上网用途：聊天、看新闻、看视频；是否用手机支付：是；是否使用微信：是；是否使用微信朋友圈：是,子女信息：子女总数：1个；健在子女数：1个；第1子女：是否工作/上学：工作；婚姻状况：未婚；过去一年同住月数：0个月；见面频率：其他；电话/短信/微信联系频率：每周2–3次,工作信息：是否从事农业/家庭农活：无；是否已办理退休：否；是否在工作：是；过去一年总工作天数：150天,"基础信息：性别：男；年龄：46岁；城乡类型：城/镇中心
教育信息：教育程度：大专
婚姻信息：婚姻状况：已婚且配偶同住；过去一年与配偶同住月数：10个月；上半年独自居住天数：60天；上半年仅与配偶同住天数：150天；上半年因不与别人同住而受影响程度：0
情绪信息：生活满意度：非常满意；对子女满意度：很满意；因小事烦恼（过去一周）：几乎没有（<1天）；感到抑郁（过去一周）：几乎没有（<1天）；对未来抱有希望（过去一周）：大多数时候（5–7天）；感到孤独（过去一周）：几乎没有（<1天）；感到高兴（过去一周）：大多数时候（5–7天）；睡眠不安（过去一周）：大多数时候（5–7天）
健康信息：自评健康状况：一般；医生诊断慢性病：未报告上述疾病；身体疼痛程度：一点；上月平均每天实际睡眠小时数：6小时；是否因健康/残疾不能工作：没问题；是否因健康/残疾不能做家事：没问题；多久接受他人帮助：偶尔
活动信息：高强度体力活动：是；高强度体力活动目的：工作需要；中等强度体力活动：是；中等强度体力活动目的：工作需要；轻度体力活动：是；轻度体力活动目的：娱乐；上月活动：与朋友交往（不规律）、帮助不住一起的家人朋友邻居（不规律）
上网信息：是否使用互联网：是；上网设备：平板、手机；上网用途：聊天、看新闻、看视频；是否用手机支付：是；是否使用微信：是；是否使用微信朋友圈：是
子女信息：子女总数：1个；健在子女数：1个；第1子女：是否工作/上学：工作；婚姻状况：未婚；过去一年同住月数：0个月；见面频率：其他；电话/短信/微信联系频率：每周2–3次
工作信息：是否从事农业/家庭农活：无；是否已办理退休：否；是否在工作：是；过去一年总工作天数：150天"
89,94004111001,基础信息：性别：女；年龄：64岁；城乡类型：城/镇中心,教育信息：教育程度：小学,婚姻信息：婚姻状况：已婚且配偶同住；过去一年与配偶同住月数：12个月；上半年独自居住天数：0天；上半年仅与配偶同住天数：0天,情绪信息：生活满意度：有点满意；对子女满意度：不太满意；因小事烦恼（过去一周）：大多数时候（5–7天）；感到抑郁（过去一周）：大多数时候（5–7天）；对未来抱有希望（过去一周）：大多数时候（5–7天）；感到孤独（过去一周）：几乎没有（<1天）；感到高兴（过去一周）：几乎没有（<1天）；睡眠不安（过去一周）：大多数时候（5–7天）,健康信息：自评健康状况：差；医生诊断慢性病：未报告上述疾病；身体疼痛程度：一点；上月平均每天实际睡眠小时数：5小时；是否因健康/残疾不能工作：没问题；是否因健康/残疾不能做家事：没问题；多久接受他人帮助：从不,活动信息：高强度体力活动：否；中等强度体力活动：是；中等强度体力活动目的：其他；轻度体力活动：是；轻度体力活动目的：锻炼；上月活动：参加运动/社交等俱乐部（不规律）,上网信息：是否使用互联网：否,子女信息：子女总数：1个；健在子女数：1个；第1子女：是否工作/上学：工作；婚姻状况：未婚；过去一年同住月数：12个月,工作信息：是否从事农业/家庭农活：无；是否在工作：否；过去一年总工作天数：0天；上月是否在找工作：否,"基础信息：性别：女；年龄：64岁；城乡类型：城/镇中心
教育信息：教育程度：小学
婚姻信息：婚姻状况：已婚且配偶同住；过去一年与配偶同住月数：12个月；上半年独自居住天数：0天；上半年仅与配偶同住天数：0天
情绪信息：生活满意度：有点满意；对子女满意度：不太满意；因小事烦恼（过去一周）：大多数时候（5–7天）；感到抑郁（过去一周）：大多数时候（5–7天）；对未来抱有希望（过去一周）：大多数时候（5–7天）；感到孤独（过去一周）：几乎没有（<1天）；感到高兴（过去一周）：几乎没有（<1天）；睡眠不安（过去一周）：大多数时候（5–7天）
健康信息：自评健康状况：差；医生诊断慢性病：未报告上述疾病；身体疼痛程度：一点；上月平均每天实际睡眠小时数：5小时；是否因健康/残疾不能工作：没问题；是否因健康/残疾不能做家事：没问题；多久接受他人帮助：从不
活动信息：高强度体力活动：否；中等强度体力活动：是；中等强度体力活动目的：其他；轻度体力活动：是；轻度体力活动目的：锻炼；上月活动：参加运动/社交等俱乐部（不规律）
上网信息：是否使用互联网：否
子女信息：子女总数：1个；健在子女数：1个；第1子女：是否工作/上学：工作；婚姻状况：未婚；过去一年同住月数：12个月
工作信息：是否从事农业/家庭农活：无；是否在工作：否；过去一年总工作天数：0天；上月是否在找工作：否"
90,326359105002,基础信息：性别：男；年龄：60岁；城乡类型：农村,教育信息：教育程度：小学,婚姻信息：婚姻状况：已婚暂分居；过去一年与配偶同住月数：3个月；上半年独自居住天数：120天；上半年仅与配偶同住天数：180天；上半年因不与别人同住而受影响程度：0,情绪信息：生活满意度：有点满意；对子女满意度：很满意；因小事烦恼（过去一周）：几乎没有（<1天）；感到抑郁（过去一周）：几乎没有（<1天）；对未来抱有希望（过去一周）：几乎没有（<1天）；感到孤独（过去一周）：几乎没有（<1天）；感到高兴（过去一周）：几乎没有（<1天）；睡眠不安（过去一周）：有时/中等（3–4天）,健康信息：自评健康状况：差；医生诊断慢性病：未报告上述疾病；身体疼痛程度：相当；上月平均每天实际睡眠小时数：5小时；是否因健康/残疾不能工作：没问题；是否因健康/残疾不能做家事：没问题；多久接受他人帮助：从不,活动信息：高强度体力活动：是；高强度体力活动目的：工作需要；中等强度体力活动：是；中等强度体力活动目的：工作需要；轻度体力活动：是；轻度体力活动目的：锻炼；上月活动：以上都没有,上网信息：是否使用互联网：是；上网设备：手机；上网用途：看新闻；是否用手机支付：否；是否使用微信：是；是否使用微信朋友圈：否,子女信息：子女总数：3个；健在子女数：3个；第1子女：是否工作/上学：工作；婚姻状况：未婚；过去一年同住月数：5个月；见面频率：每年；电话/短信/微信联系频率：每两周；第2子女：是否工作/上学：工作；婚姻状况：已婚且配偶同住；过去一年同住月数：3个月；见面频率：每年；电话/短信/微信联系频率：每周1次,工作信息：是否从事农业/家庭农活：有；是否已办理退休：否；是否在工作：是；过去一年总工作天数：200天,"基础信息：性别：男；年龄：60岁；城乡类型：农村
教育信息：教育程度：小学
婚姻信息：婚姻状况：已婚暂分居；过去一年与配偶同住月数：3个月；上半年独自居住天数：120天；上半年仅与配偶同住天数：180天；上半年因不与别人同住而受影响程度：0
情绪信息：生活满意度：有点满意；对子女满意度：很满意；因小事烦恼（过去一周）：几乎没有（<1天）；感到抑郁（过去一周）：几乎没有（<1天）；对未来抱有希望（过去一周）：几乎没有（<1天）；感到孤独（过去一周）：几乎没有（<1天）；感到高兴（过去一周）：几乎没有（<1天）；睡眠不安（过去一周）：有时/中等（3–4天）
健康信息：自评健康状况：差；医生诊断慢性病：未报告上述疾病；身体疼痛程度：相当；上月平均每天实际睡眠小时数：5小时；是否因健康/残疾不能工作：没问题；是否因健康/残疾不能做家事：没问题；多久接受他人帮助：从不
活动信息：高强度体力活动：是；高强度体力活动目的：工作需要；中等强度体力活动：是；中等强度体力活动目的：工作需要；轻度体力活动：是；轻度体力活动目的：锻炼；上月活动：以上都没有
上网信息：是否使用互联网：是；上网设备：手机；上网用途：看新闻；是否用手机支付：否；是否使用微信：是；是否使用微信朋友圈：否
子女信息：子女总数：3个；健在子女数：3个；第1子女：是否工作/上学：工作；婚姻状况：未婚；过去一年同住月数：5个月；见面频率：每年；电话/短信/微信联系频率：每两周；第2子女：是否工作/上学：工作；婚姻状况：已婚且配偶同住；过去一年同住月数：3个月；见面频率：每年；电话/短信/微信联系频率：每周1次
工作信息：是否从事农业/家庭农活：有；是否已办理退休：否；是否在工作：是；过去一年总工作天数：200天"
91,202454134001,基础信息：性别：女；年龄：49岁；城乡类型：农村,教育信息：教育程度：未读完小学,婚姻信息：婚姻状况：已婚且配偶同住；过去一年与配偶同住月数：12个月；上半年独自居住天数：1天；上半年仅与配偶同住天数：0天；上半年因不与别人同住而受影响程度：0,情绪信息：生活满意度：很满意；对子女满意度：很满意；因小事烦恼（过去一周）：大多数时候（5–7天）；感到抑郁（过去一周）：大多数时候（5–7天）；对未来抱有希望（过去一周）：大多数时候（5–7天）；感到孤独（过去一周）：几乎没有（<1天）；感到高兴（过去一周）：大多数时候（5–7天）；睡眠不安（过去一周）：大多数时候（5–7天）,健康信息：自评健康状况：一般；医生诊断慢性病：胃部或其他消化系统疾病；身体疼痛程度：无；上月平均每天实际睡眠小时数：3小时；是否因健康/残疾不能工作：没问题；是否因健康/残疾不能做家事：没问题；多久接受他人帮助：从不,活动信息：高强度体力活动：否；中等强度体力活动：是；中等强度体力活动目的：其他；轻度体力活动：否；上月活动：以上都没有,上网信息：是否使用互联网：是；上网设备：手机；上网用途：聊天、看新闻、看视频；是否用手机支付：否；是否使用微信：是；是否使用微信朋友圈：是,子女信息：子女总数：1个；健在子女数：1个；第1子女：是否工作/上学：工作；婚姻状况：已婚且配偶同住；过去一年同住月数：12个月,工作信息：是否从事农业/家庭农活：无；是否已办理退休：否；是否在工作：是；过去一年总工作天数：365天,"基础信息：性别：女；年龄：49岁；城乡类型：农村
教育信息：教育程度：未读完小学
婚姻信息：婚姻状况：已婚且配偶同住；过去一年与配偶同住月数：12个月；上半年独自居住天数：1天；上半年仅与配偶同住天数：0天；上半年因不与别人同住而受影响程度：0
情绪信息：生活满意度：很满意；对子女满意度：很满意；因小事烦恼（过去一周）：大多数时候（5–7天）；感到抑郁（过去一周）：大多数时候（5–7天）；对未来抱有希望（过去一周）：大多数时候（5–7天）；感到孤独（过去一周）：几乎没有（<1天）；感到高兴（过去一周）：大多数时候（5–7天）；睡眠不安（过去一周）：大多数时候（5–7天）
健康信息：自评健康状况：一般；医生诊断慢性病：胃部或其他消化系统疾病；身体疼痛程度：无；上月平均每天实际睡眠小时数：3小时；是否因健康/残疾不能工作：没问题；是否因健康/残疾不能做家事：没问题；多久接受他人帮助：从不
活动信息：高强度体力活动：否；中等强度体力活动：是；中等强度体力活动目的：其他；轻度体力活动：否；上月活动：以上都没有
上网信息：是否使用互联网：是；上网设备：手机；上网用途：聊天、看新闻、看视频；是否用手机支付：否；是否使用微信：是；是否使用微信朋友圈：是
子女信息：子女总数：1个；健在子女数：1个；第1子女：是否工作/上学：工作；婚姻状况：已婚且配偶同住；过去一年同住月数：12个月
工作信息：是否从事农业/家庭农活：无；是否已办理退休：否；是否在工作：是；过去一年总工作天数：365天"
92,124099315002,基础信息：性别：男；年龄：60岁；城乡类型：农村,教育信息：教育程度：小学,婚姻信息：婚姻状况：已婚且配偶同住；过去一年与配偶同住月数：8个月；上半年独自居住天数：90天；上半年仅与配偶同住天数：120天；上半年因不与别人同住而受影响程度：0,情绪信息：生活满意度：很满意；对子女满意度：有点满意；因小事烦恼（过去一周）：有时/中等（3–4天）；感到抑郁（过去一周）：大多数时候（5–7天）；对未来抱有希望（过去一周）：几乎没有（<1天）；感到孤独（过去一周）：几乎没有（<1天）；感到高兴（过去一周）：大多数时候（5–7天）；睡眠不安（过去一周）：有时/中等（3–4天）,健康信息：自评健康状况：一般；医生诊断慢性病：未报告上述疾病；身体疼痛程度：无；上月平均每天实际睡眠小时数：5小时；是否因健康/残疾不能工作：没问题；是否因健康/残疾不能做家事：没问题；多久接受他人帮助：从不,活动信息：高强度体力活动：是；高强度体力活动目的：工作需要；中等强度体力活动：是；中等强度体力活动目的：其他；轻度体力活动：是；轻度体力活动目的：锻炼；上月活动：以上都没有,上网信息：是否使用互联网：否,子女信息：子女总数：1个；健在子女数：1个；第1子女：是否工作/上学：工作；婚姻状况：未婚；过去一年同住月数：0个月；见面频率：每月；电话/短信/微信联系频率：每月,工作信息：是否从事农业/家庭农活：有；是否已办理退休：否；是否在工作：是；过去一年总工作天数：180天,"基础信息：性别：男；年龄：60岁；城乡类型：农村
教育信息：教育程度：小学
婚姻信息：婚姻状况：已婚且配偶同住；过去一年与配偶同住月数：8个月；上半年独自居住天数：90天；上半年仅与配偶同住天数：120天；上半年因不与别人同住而受影响程度：0
情绪信息：生活满意度：很满意；对子女满意度：有点满意；因小事烦恼（过去一周）：有时/中等（3–4天）；感到抑郁（过去一周）：大多数时候（5–7天）；对未来抱有希望（过去一周）：几乎没有（<1天）；感到孤独（过去一周）：几乎没有（<1天）；感到高兴（过去一周）：大多数时候（5–7天）；睡眠不安（过去一周）：有时/中等（3–4天）
健康信息：自评健康状况：一般；医生诊断慢性病：未报告上述疾病；身体疼痛程度：无；上月平均每天实际睡眠小时数：5小时；是否因健康/残疾不能工作：没问题；是否因健康/残疾不能做家事：没问题；多久接受他人帮助：从不
活动信息：高强度体力活动：是；高强度体力活动目的：工作需要；中等强度体力活动：是；中等强度体力活动目的：其他；轻度体力活动：是；轻度体力活动目的：锻炼；上月活动：以上都没有
上网信息：是否使用互联网：否
子女信息：子女总数：1个；健在子女数：1个；第1子女：是否工作/上学：工作；婚姻状况：未婚；过去一年同住月数：0个月；见面频率：每月；电话/短信/微信联系频率：每月
工作信息：是否从事农业/家庭农活：有；是否已办理退休：否；是否在工作：是；过去一年总工作天数：180天"
93,134004112002,基础信息：性别：女；年龄：49岁；城乡类型：城/镇中心,教育信息：教育程度：职高,婚姻信息：婚姻状况：已婚且配偶同住；过去一年与配偶同住月数：6个月；上半年独自居住天数：60天；上半年仅与配偶同住天数：120天；上半年因不与别人同住而受影响程度：0,情绪信息：生活满意度：很满意；对子女满意度：很满意；因小事烦恼（过去一周）：几乎没有（<1天）；感到抑郁（过去一周）：几乎没有（<1天）；对未来抱有希望（过去一周）：大多数时候（5–7天）；感到孤独（过去一周）：几乎没有（<1天）；感到高兴（过去一周）：大多数时候（5–7天）；睡眠不安（过去一周）：几乎没有（<1天）,健康信息：自评健康状况：好；医生诊断慢性病：未报告上述疾病；身体疼痛程度：相当；上月平均每天实际睡眠小时数：6小时；是否因健康/残疾不能工作：没问题；是否因健康/残疾不能做家事：没问题；多久接受他人帮助：从不,活动信息：高强度体力活动：是；高强度体力活动目的：工作需要；中等强度体力活动：是；中等强度体力活动目的：锻炼；轻度体力活动：是；轻度体力活动目的：工作需要；上月活动：与朋友交往（几乎每周）、帮助不住一起的家人朋友邻居（不规律）、参加社区相关组织（不规律）、参加教育/培训课程（不规律）,上网信息：是否使用互联网：是；上网设备：手机；上网用途：聊天、看新闻、看视频、理财；是否用手机支付：是；是否使用微信：是；是否使用微信朋友圈：是,子女信息：子女总数：1个；健在子女数：1个；第1子女：是否工作/上学：上学；婚姻状况：未婚；过去一年同住月数：4个月；见面频率：每三月；电话/短信/微信联系频率：每周2–3次,工作信息：是否从事农业/家庭农活：无；是否在工作：是；过去一年总工作天数：180天,"基础信息：性别：女；年龄：49岁；城乡类型：城/镇中心
教育信息：教育程度：职高
婚姻信息：婚姻状况：已婚且配偶同住；过去一年与配偶同住月数：6个月；上半年独自居住天数：60天；上半年仅与配偶同住天数：120天；上半年因不与别人同住而受影响程度：0
情绪信息：生活满意度：很满意；对子女满意度：很满意；因小事烦恼（过去一周）：几乎没有（<1天）；感到抑郁（过去一周）：几乎没有（<1天）；对未来抱有希望（过去一周）：大多数时候（5–7天）；感到孤独（过去一周）：几乎没有（<1天）；感到高兴（过去一周）：大多数时候（5–7天）；睡眠不安（过去一周）：几乎没有（<1天）
健康信息：自评健康状况：好；医生诊断慢性病：未报告上述疾病；身体疼痛程度：相当；上月平均每天实际睡眠小时数：6小时；是否因健康/残疾不能工作：没问题；是否因健康/残疾不能做家事：没问题；多久接受他人帮助：从不
活动信息：高强度体力活动：是；高强度体力活动目的：工作需要；中等强度体力活动：是；中等强度体力活动目的：锻炼；轻度体力活动：是；轻度体力活动目的：工作需要；上月活动：与朋友交往（几乎每周）、帮助不住一起的家人朋友邻居（不规律）、参加社区相关组织（不规律）、参加教育/培训课程（不规律）
上网信息：是否使用互联网：是；上网设备：手机；上网用途：聊天、看新闻、看视频、理财；是否用手机支付：是；是否使用微信：是；是否使用微信朋友圈：是
子女信息：子女总数：1个；健在子女数：1个；第1子女：是否工作/上学：上学；婚姻状况：未婚；过去一年同住月数：4个月；见面频率：每三月；电话/短信/微信联系频率：每周2–3次
工作信息：是否从事农业/家庭农活：无；是否在工作：是；过去一年总工作天数：180天"
94,275559307001,基础信息：性别：男；年龄：71岁；城乡类型：城/镇中心,教育信息：教育程度：初中,婚姻信息：婚姻状况：已婚且配偶同住；过去一年与配偶同住月数：12个月；上半年独自居住天数：0天；上半年仅与配偶同住天数：0天,情绪信息：生活满意度：不太满意；对子女满意度：不太满意；因小事烦恼（过去一周）：大多数时候（5–7天）；感到抑郁（过去一周）：几乎没有（<1天）；对未来抱有希望（过去一周）：几乎没有（<1天）；感到孤独（过去一周）：几乎没有（<1天）；感到高兴（过去一周）：几乎没有（<1天）；睡眠不安（过去一周）：大多数时候（5–7天）,健康信息：自评健康状况：很差；医生诊断慢性病：未报告上述疾病；身体疼痛程度：非常；上月平均每天实际睡眠小时数：2.5小时；是否因健康/残疾不能工作：完全不能工作；多久接受他人帮助：偶尔,活动信息：高强度体力活动：否；中等强度体力活动：否；轻度体力活动：否；上月活动：以上都没有,上网信息：是否使用互联网：否,子女信息：子女总数：2个；健在子女数：2个；第1子女：是否工作/上学：都不；婚姻状况：未婚；过去一年同住月数：12个月；第2子女：是否工作/上学：工作；婚姻状况：已婚且配偶同住；过去一年同住月数：0个月；见面频率：每半年；电话/短信/微信联系频率：每两周,工作信息：是否从事农业/家庭农活：无；是否在工作：否；过去一年总工作天数：0天；上月是否在找工作：否,"基础信息：性别：男；年龄：71岁；城乡类型：城/镇中心
教育信息：教育程度：初中
婚姻信息：婚姻状况：已婚且配偶同住；过去一年与配偶同住月数：12个月；上半年独自居住天数：0天；上半年仅与配偶同住天数：0天
情绪信息：生活满意度：不太满意；对子女满意度：不太满意；因小事烦恼（过去一周）：大多数时候（5–7天）；感到抑郁（过去一周）：几乎没有（<1天）；对未来抱有希望（过去一周）：几乎没有（<1天）；感到孤独（过去一周）：几乎没有（<1天）；感到高兴（过去一周）：几乎没有（<1天）；睡眠不安（过去一周）：大多数时候（5–7天）
健康信息：自评健康状况：很差；医生诊断慢性病：未报告上述疾病；身体疼痛程度：非常；上月平均每天实际睡眠小时数：2.5小时；是否因健康/残疾不能工作：完全不能工作；多久接受他人帮助：偶尔
活动信息：高强度体力活动：否；中等强度体力活动：否；轻度体力活动：否；上月活动：以上都没有
上网信息：是否使用互联网：否
子女信息：子女总数：2个；健在子女数：2个；第1子女：是否工作/上学：都不；婚姻状况：未婚；过去一年同住月数：12个月；第2子女：是否工作/上学：工作；婚姻状况：已婚且配偶同住；过去一年同住月数：0个月；见面频率：每半年；电话/短信/微信联系频率：每两周
工作信息：是否从事农业/家庭农活：无；是否在工作：否；过去一年总工作天数：0天；上月是否在找工作：否"
95,271806130001,基础信息：性别：女；年龄：46岁；城乡类型：城乡结合部/镇乡,教育信息：教育程度：未读完小学,婚姻信息：婚姻状况：已婚暂分居；过去一年与配偶同住月数：3个月；上半年独自居住天数：120天；上半年仅与配偶同住天数：0天；上半年因不与别人同住而受影响程度：0,情绪信息：生活满意度：有点满意；对子女满意度：很满意；因小事烦恼（过去一周）：几乎没有（<1天）；感到抑郁（过去一周）：少量（1–2天）；对未来抱有希望（过去一周）：大多数时候（5–7天）；感到孤独（过去一周）：大多数时候（5–7天）；感到高兴（过去一周）：大多数时候（5–7天）；睡眠不安（过去一周）：几乎没有（<1天）,健康信息：自评健康状况：一般；医生诊断慢性病：肾脏疾病；身体疼痛程度：一点；上月平均每天实际睡眠小时数：6小时；是否因健康/残疾不能工作：没问题；是否因健康/残疾不能做家事：没问题；多久接受他人帮助：从不,活动信息：高强度体力活动：是；高强度体力活动目的：工作需要；中等强度体力活动：否；轻度体力活动：否；上月活动：帮助不住一起的家人朋友邻居（不规律）,上网信息：是否使用互联网：是；上网设备：手机；上网用途：聊天、看视频、玩游戏；是否用手机支付：是；是否使用微信：是；是否使用微信朋友圈：是,子女信息：子女总数：2个；健在子女数：2个；第1子女：是否工作/上学：工作；婚姻状况：已婚且配偶同住；过去一年同住月数：7个月；见面频率：每年；电话/短信/微信联系频率：每周2–3次；第2子女：是否工作/上学：上学；婚姻状况：未婚；过去一年同住月数：3个月；见面频率：每两周；电话/短信/微信联系频率：几乎不见/不联系,工作信息：是否从事农业/家庭农活：无；是否已办理退休：否；是否在工作：是；过去一年总工作天数：270天,"基础信息：性别：女；年龄：46岁；城乡类型：城乡结合部/镇乡
教育信息：教育程度：未读完小学
婚姻信息：婚姻状况：已婚暂分居；过去一年与配偶同住月数：3个月；上半年独自居住天数：120天；上半年仅与配偶同住天数：0天；上半年因不与别人同住而受影响程度：0
情绪信息：生活满意度：有点满意；对子女满意度：很满意；因小事烦恼（过去一周）：几乎没有（<1天）；感到抑郁（过去一周）：少量（1–2天）；对未来抱有希望（过去一周）：大多数时候（5–7天）；感到孤独（过去一周）：大多数时候（5–7天）；感到高兴（过去一周）：大多数时候（5–7天）；睡眠不安（过去一周）：几乎没有（<1天）
健康信息：自评健康状况：一般；医生诊断慢性病：肾脏疾病；身体疼痛程度：一点；上月平均每天实际睡眠小时数：6小时；是否因健康/残疾不能工作：没问题；是否因健康/残疾不能做家事：没问题；多久接受他人帮助：从不
活动信息：高强度体力活动：是；高强度体力活动目的：工作需要；中等强度体力活动：否；轻度体力活动：否；上月活动：帮助不住一起的家人朋友邻居（不规律）
上网信息：是否使用互联网：是；上网设备：手机；上网用途：聊天、看视频、玩游戏；是否用手机支付：是；是否使用微信：是；是否使用微信朋友圈：是
子女信息：子女总数：2个；健在子女数：2个；第1子女：是否工作/上学：工作；婚姻状况：已婚且配偶同住；过去一年同住月数：7个月；见面频率：每年；电话/短信/微信联系频率：每周2–3次；第2子女：是否工作/上学：上学；婚姻状况：未婚；过去一年同住月数：3个月；见面频率：每两周；电话/短信/微信联系频率：几乎不见/不联系
工作信息：是否从事农业/家庭农活：无；是否已办理退休：否；是否在工作：是；过去一年总工作天数：270天"
96,64028102001,基础信息：性别：女；年龄：75岁；城乡类型：城/镇中心,教育信息：教育程度：小学,婚姻信息：婚姻状况：丧偶；是否有人以配偶身份同住：否；上半年独自居住天数：0天,情绪信息：生活满意度：有点满意；对子女满意度：有点满意；因小事烦恼（过去一周）：少量（1–2天）；感到抑郁（过去一周）：大多数时候（5–7天）；对未来抱有希望（过去一周）：大多数时候（5–7天）；感到孤独（过去一周）：几乎没有（<1天）；感到高兴（过去一周）：大多数时候（5–7天）；睡眠不安（过去一周）：几乎没有（<1天）,健康信息：自评健康状况：一般；医生诊断慢性病：高血压；身体疼痛程度：一点；上月平均每天实际睡眠小时数：7小时；是否因健康/残疾不能工作：没问题；是否因健康/残疾不能做家事：没问题；多久接受他人帮助：从不,活动信息：高强度体力活动：否；中等强度体力活动：否；轻度体力活动：是；轻度体力活动目的：锻炼；上月活动：与朋友交往（几乎每天）,上网信息：是否使用互联网：否,子女信息：子女总数：3个；健在子女数：3个；第1子女：是否工作/上学：工作；婚姻状况：已婚且配偶同住；过去一年同住月数：12个月；第2子女：是否工作/上学：工作；婚姻状况：已婚且配偶同住；过去一年同住月数：4个月；见面频率：每周2–3次,工作信息：是否从事农业/家庭农活：无；是否在工作：否；过去一年总工作天数：0天；上月是否在找工作：否,"基础信息：性别：女；年龄：75岁；城乡类型：城/镇中心
教育信息：教育程度：小学
婚姻信息：婚姻状况：丧偶；是否有人以配偶身份同住：否；上半年独自居住天数：0天
情绪信息：生活满意度：有点满意；对子女满意度：有点满意；因小事烦恼（过去一周）：少量（1–2天）；感到抑郁（过去一周）：大多数时候（5–7天）；对未来抱有希望（过去一周）：大多数时候（5–7天）；感到孤独（过去一周）：几乎没有（<1天）；感到高兴（过去一周）：大多数时候（5–7天）；睡眠不安（过去一周）：几乎没有（<1天）
健康信息：自评健康状况：一般；医生诊断慢性病：高血压；身体疼痛程度：一点；上月平均每天实际睡眠小时数：7小时；是否因健康/残疾不能工作：没问题；是否因健康/残疾不能做家事：没问题；多久接受他人帮助：从不
活动信息：高强度体力活动：否；中等强度体力活动：否；轻度体力活动：是；轻度体力活动目的：锻炼；上月活动：与朋友交往（几乎每天）
上网信息：是否使用互联网：否
子女信息：子女总数：3个；健在子女数：3个；第1子女：是否工作/上学：工作；婚姻状况：已婚且配偶同住；过去一年同住月数：12个月；第2子女：是否工作/上学：工作；婚姻状况：已婚且配偶同住；过去一年同住月数：4个月；见面频率：每周2–3次
工作信息：是否从事农业/家庭农活：无；是否在工作：否；过去一年总工作天数：0天；上月是否在找工作：否"
97,281116308001,基础信息：性别：男；年龄：59岁；城乡类型：城乡结合部/镇乡,教育信息：教育程度：初中,婚姻信息：婚姻状况：已婚且配偶同住；过去一年与配偶同住月数：10个月；上半年独自居住天数：0天；上半年仅与配偶同住天数：110天；上半年因不与别人同住而受影响程度：0,情绪信息：生活满意度：有点满意；对子女满意度：有点满意；因小事烦恼（过去一周）：少量（1–2天）；感到抑郁（过去一周）：几乎没有（<1天）；对未来抱有希望（过去一周）：有时/中等（3–4天）；感到孤独（过去一周）：几乎没有（<1天）；感到高兴（过去一周）：大多数时候（5–7天）；睡眠不安（过去一周）：少量（1–2天）,健康信息：自评健康状况：好；医生诊断慢性病：未报告上述疾病；身体疼痛程度：无；上月平均每天实际睡眠小时数：5小时；是否因健康/残疾不能工作：没问题；是否因健康/残疾不能做家事：没问题；多久接受他人帮助：从不,活动信息：高强度体力活动：否；中等强度体力活动：是；中等强度体力活动目的：锻炼；轻度体力活动：是；轻度体力活动目的：其他；上月活动：与朋友交往（不规律）,上网信息：是否使用互联网：是；上网设备：手机；上网用途：看新闻、看视频；是否用手机支付：是；是否使用微信：是；是否使用微信朋友圈：否,子女信息：子女总数：1个；健在子女数：1个；第1子女：是否工作/上学：都不；婚姻状况：已婚且配偶同住；过去一年同住月数：0.5个月；见面频率：每三月；电话/短信/微信联系频率：每周1次,工作信息：是否从事农业/家庭农活：无；是否已办理退休：是；退休时间：2019年9月；是否在工作：否；过去一年总工作天数：30天；上月是否在找工作：否,"基础信息：性别：男；年龄：59岁；城乡类型：城乡结合部/镇乡
教育信息：教育程度：初中
婚姻信息：婚姻状况：已婚且配偶同住；过去一年与配偶同住月数：10个月；上半年独自居住天数：0天；上半年仅与配偶同住天数：110天；上半年因不与别人同住而受影响程度：0
情绪信息：生活满意度：有点满意；对子女满意度：有点满意；因小事烦恼（过去一周）：少量（1–2天）；感到抑郁（过去一周）：几乎没有（<1天）；对未来抱有希望（过去一周）：有时/中等（3–4天）；感到孤独（过去一周）：几乎没有（<1天）；感到高兴（过去一周）：大多数时候（5–7天）；睡眠不安（过去一周）：少量（1–2天）
健康信息：自评健康状况：好；医生诊断慢性病：未报告上述疾病；身体疼痛程度：无；上月平均每天实际睡眠小时数：5小时；是否因健康/残疾不能工作：没问题；是否因健康/残疾不能做家事：没问题；多久接受他人帮助：从不
活动信息：高强度体力活动：否；中等强度体力活动：是；中等强度体力活动目的：锻炼；轻度体力活动：是；轻度体力活动目的：其他；上月活动：与朋友交往（不规律）
上网信息：是否使用互联网：是；上网设备：手机；上网用途：看新闻、看视频；是否用手机支付：是；是否使用微信：是；是否使用微信朋友圈：否
子女信息：子女总数：1个；健在子女数：1个；第1子女：是否工作/上学：都不；婚姻状况：已婚且配偶同住；过去一年同住月数：0.5个月；见面频率：每三月；电话/短信/微信联系频率：每周1次
工作信息：是否从事农业/家庭农活：无；是否已办理退休：是；退休时间：2019年9月；是否在工作：否；过去一年总工作天数：30天；上月是否在找工作：否"
98,275559318001,基础信息：性别：男；年龄：58岁；现居住地地址类型：家庭住房；城乡类型：城/镇中心,教育信息：教育程度：初中,婚姻信息：婚姻状况：已婚且配偶同住；过去一年与配偶同住月数：12个月；上半年独自居住天数：0天；上半年仅与配偶同住天数：0天,情绪信息：生活满意度：有点满意；对子女满意度：有点满意；因小事烦恼（过去一周）：有时/中等（3–4天）；感到抑郁（过去一周）：几乎没有（<1天）；对未来抱有希望（过去一周）：大多数时候（5–7天）；感到孤独（过去一周）：几乎没有（<1天）；感到高兴（过去一周）：大多数时候（5–7天）；睡眠不安（过去一周）：几乎没有（<1天）,健康信息：自评健康状况：很好；医生诊断慢性病：未报告上述疾病；身体疼痛程度：无；上月平均每天实际睡眠小时数：5小时；是否因健康/残疾不能工作：没问题；是否因健康/残疾不能做家事：没问题；多久接受他人帮助：从不,活动信息：高强度体力活动：否；中等强度体力活动：是；中等强度体力活动目的：工作需要；轻度体力活动：是；轻度体力活动目的：锻炼；上月活动：帮助不住一起的家人朋友邻居（不规律）,上网信息：是否使用互联网：是；上网设备：手机；上网用途：聊天、看新闻、看视频；是否用手机支付：是；是否使用微信：是；是否使用微信朋友圈：是,子女信息：子女总数：1个；健在子女数：1个；第1子女：是否工作/上学：工作；婚姻状况：已婚且配偶同住；过去一年同住月数：12个月,工作信息：是否从事农业/家庭农活：无；是否已办理退休：否；是否在工作：是；过去一年总工作天数：364天,"基础信息：性别：男；年龄：58岁；现居住地地址类型：家庭住房；城乡类型：城/镇中心
教育信息：教育程度：初中
婚姻信息：婚姻状况：已婚且配偶同住；过去一年与配偶同住月数：12个月；上半年独自居住天数：0天；上半年仅与配偶同住天数：0天
情绪信息：生活满意度：有点满意；对子女满意度：有点满意；因小事烦恼（过去一周）：有时/中等（3–4天）；感到抑郁（过去一周）：几乎没有（<1天）；对未来抱有希望（过去一周）：大多数时候（5–7天）；感到孤独（过去一周）：几乎没有（<1天）；感到高兴（过去一周）：大多数时候（5–7天）；睡眠不安（过去一周）：几乎没有（<1天）
健康信息：自评健康状况：很好；医生诊断慢性病：未报告上述疾病；身体疼痛程度：无；上月平均每天实际睡眠小时数：5小时；是否因健康/残疾不能工作：没问题；是否因健康/残疾不能做家事：没问题；多久接受他人帮助：从不
活动信息：高强度体力活动：否；中等强度体力活动：是；中等强度体力活动目的：工作需要；轻度体力活动：是；轻度体力活动目的：锻炼；上月活动：帮助不住一起的家人朋友邻居（不规律）
上网信息：是否使用互联网：是；上网设备：手机；上网用途：聊天、看新闻、看视频；是否用手机支付：是；是否使用微信：是；是否使用微信朋友圈：是
子女信息：子女总数：1个；健在子女数：1个；第1子女：是否工作/上学：工作；婚姻状况：已婚且配偶同住；过去一年同住月数：12个月
工作信息：是否从事农业/家庭农活：无；是否已办理退休：否；是否在工作：是；过去一年总工作天数：364天"
99,65546119001,基础信息：性别：女；年龄：55岁；城乡类型：农村,教育信息：教育程度：小学,婚姻信息：婚姻状况：已婚且配偶同住；过去一年与配偶同住月数：12个月；上半年独自居住天数：0天；上半年仅与配偶同住天数：0天,情绪信息：生活满意度：很满意；对子女满意度：很满意；因小事烦恼（过去一周）：有时/中等（3–4天）；感到抑郁（过去一周）：有时/中等（3–4天）；对未来抱有希望（过去一周）：有时/中等（3–4天）；感到孤独（过去一周）：几乎没有（<1天）；感到高兴（过去一周）：几乎没有（<1天）；睡眠不安（过去一周）：有时/中等（3–4天）,健康信息：自评健康状况：差；医生诊断慢性病：未报告上述疾病；身体疼痛程度：相当；上月平均每天实际睡眠小时数：8小时；是否因健康/残疾不能工作：没问题；是否因健康/残疾不能做家事：不能长时间；多久接受他人帮助：从不,活动信息：高强度体力活动：否；中等强度体力活动：是；中等强度体力活动目的：工作需要；轻度体力活动：否；上月活动：以上都没有,上网信息：是否使用互联网：否,子女信息：子女总数：2个；健在子女数：2个；第1子女：是否工作/上学：工作；婚姻状况：已婚且配偶同住；过去一年同住月数：12个月；第2子女：是否工作/上学：工作；婚姻状况：离婚；过去一年同住月数：0个月；见面频率：几乎每天,工作信息：是否从事农业/家庭农活：无；是否已办理退休：否；是否在工作：否；过去一年总工作天数：0天；上月是否在找工作：否,"基础信息：性别：女；年龄：55岁；城乡类型：农村
教育信息：教育程度：小学
婚姻信息：婚姻状况：已婚且配偶同住；过去一年与配偶同住月数：12个月；上半年独自居住天数：0天；上半年仅与配偶同住天数：0天
情绪信息：生活满意度：很满意；对子女满意度：很满意；因小事烦恼（过去一周）：有时/中等（3–4天）；感到抑郁（过去一周）：有时/中等（3–4天）；对未来抱有希望（过去一周）：有时/中等（3–4天）；感到孤独（过去一周）：几乎没有（<1天）；感到高兴（过去一周）：几乎没有（<1天）；睡眠不安（过去一周）：有时/中等（3–4天）
健康信息：自评健康状况：差；医生诊断慢性病：未报告上述疾病；身体疼痛程度：相当；上月平均每天实际睡眠小时数：8小时；是否因健康/残疾不能工作：没问题；是否因健康/残疾不能做家事：不能长时间；多久接受他人帮助：从不
活动信息：高强度体力活动：否；中等强度体力活动：是；中等强度体力活动目的：工作需要；轻度体力活动：否；上月活动：以上都没有
上网信息：是否使用互联网：否
子女信息：子女总数：2个；健在子女数：2个；第1子女：是否工作/上学：工作；婚姻状况：已婚且配偶同住；过去一年同住月数：12个月；第2子女：是否工作/上学：工作；婚姻状况：离婚；过去一年同住月数：0个月；见面频率：几乎每天
工作信息：是否从事农业/家庭农活：无；是否已办理退休：否；是否在工作：否；过去一年总工作天数：0天；上月是否在找工作：否"
100,205304101002,基础信息：性别：男；年龄：66岁；城乡类型：城/镇中心,教育信息：教育程度：未读完小学,婚姻信息：婚姻状况：已婚且配偶同住；过去一年与配偶同住月数：12个月；上半年独自居住天数：0天；上半年仅与配偶同住天数：180天；上半年因不与别人同住而受影响程度：0,情绪信息：生活满意度：很满意；对子女满意度：很满意；因小事烦恼（过去一周）：少量（1–2天）；感到抑郁（过去一周）：有时/中等（3–4天）；对未来抱有希望（过去一周）：大多数时候（5–7天）；感到孤独（过去一周）：几乎没有（<1天）；感到高兴（过去一周）：大多数时候（5–7天）；睡眠不安（过去一周）：有时/中等（3–4天）,健康信息：自评健康状况：很好；医生诊断慢性病：未报告上述疾病；身体疼痛程度：无；上月平均每天实际睡眠小时数：7小时；是否因健康/残疾不能工作：没问题；是否因健康/残疾不能做家事：没问题；多久接受他人帮助：从不,活动信息：高强度体力活动：否；中等强度体力活动：是；中等强度体力活动目的：工作需要；轻度体力活动：否；上月活动：帮助不住一起的家人朋友邻居（不规律）、参加社区相关组织（几乎每周）、做志愿/慈善或照顾不住一起的病弱者（不规律）,上网信息：是否使用互联网：否,子女信息：子女总数：1个；健在子女数：1个；第1子女：是否工作/上学：工作；婚姻状况：已婚且配偶同住；过去一年同住月数：0个月；见面频率：每月；电话/短信/微信联系频率：每周2–3次,工作信息：是否从事农业/家庭农活：无；是否在工作：是；过去一年总工作天数：365天,"基础信息：性别：男；年龄：66岁；城乡类型：城/镇中心
教育信息：教育程度：未读完小学
婚姻信息：婚姻状况：已婚且配偶同住；过去一年与配偶同住月数：12个月；上半年独自居住天数：0天；上半年仅与配偶同住天数：180天；上半年因不与别人同住而受影响程度：0
情绪信息：生活满意度：很满意；对子女满意度：很满意；因小事烦恼（过去一周）：少量（1–2天）；感到抑郁（过去一周）：有时/中等（3–4天）；对未来抱有希望（过去一周）：大多数时候（5–7天）；感到孤独（过去一周）：几乎没有（<1天）；感到高兴（过去一周）：大多数时候（5–7天）；睡眠不安（过去一周）：有时/中等（3–4天）
健康信息：自评健康状况：很好；医生诊断慢性病：未报告上述疾病；身体疼痛程度：无；上月平均每天实际睡眠小时数：7小时；是否因健康/残疾不能工作：没问题；是否因健康/残疾不能做家事：没问题；多久接受他人帮助：从不
活动信息：高强度体力活动：否；中等强度体力活动：是；中等强度体力活动目的：工作需要；轻度体力活动：否；上月活动：帮助不住一起的家人朋友邻居（不规律）、参加社区相关组织（几乎每周）、做志愿/慈善或照顾不住一起的病弱者（不规律）
上网信息：是否使用互联网：否
子女信息：子女总数：1个；健在子女数：1个；第1子女：是否工作/上学：工作；婚姻状况：已婚且配偶同住；过去一年同住月数：0个月；见面频率：每月；电话/短信/微信联系频率：每周2–3次
工作信息：是否从事农业/家庭农活：无；是否在工作：是；过去一年总工作天数：365天"
101,241116332002,基础信息：性别：女；年龄：48岁；城乡类型：城/镇中心,教育信息：教育程度：高中,婚姻信息：婚姻状况：已婚且配偶同住；过去一年与配偶同住月数：12个月；上半年独自居住天数：0天；上半年仅与配偶同住天数：180天；上半年因不与别人同住而受影响程度：0,情绪信息：生活满意度：有点满意；对子女满意度：很满意；因小事烦恼（过去一周）：有时/中等（3–4天）；感到抑郁（过去一周）：几乎没有（<1天）；对未来抱有希望（过去一周）：有时/中等（3–4天）；感到孤独（过去一周）：几乎没有（<1天）；感到高兴（过去一周）：大多数时候（5–7天）；睡眠不安（过去一周）：几乎没有（<1天）,健康信息：自评健康状况：一般；医生诊断慢性病：高血压；身体疼痛程度：一点；上月平均每天实际睡眠小时数：7小时；是否因健康/残疾不能工作：没问题；是否因健康/残疾不能做家事：没问题；多久接受他人帮助：从不,活动信息：高强度体力活动：否；中等强度体力活动：否；轻度体力活动：是；轻度体力活动目的：娱乐；上月活动：与朋友交往（不规律）、做志愿/慈善或照顾不住一起的病弱者（几乎每天）、参加教育/培训课程（不规律）、其他活动（不规律）,上网信息：是否使用互联网：是；上网设备：台式电脑、手机；上网用途：聊天、看新闻、看视频、其他；是否用手机支付：是；是否使用微信：是；是否使用微信朋友圈：是,子女信息：子女总数：1个；健在子女数：1个；第1子女：最高学历：大专；是否工作/上学：工作；婚姻状况：未婚；过去一年同住月数：0.5个月；见面频率：每半年；电话/短信/微信联系频率：每周1次,工作信息：是否从事农业/家庭农活：无；是否已办理退休：否；是否在工作：是；过去一年总工作天数：235天,"基础信息：性别：女；年龄：48岁；城乡类型：城/镇中心
教育信息：教育程度：高中
婚姻信息：婚姻状况：已婚且配偶同住；过去一年与配偶同住月数：12个月；上半年独自居住天数：0天；上半年仅与配偶同住天数：180天；上半年因不与别人同住而受影响程度：0
情绪信息：生活满意度：有点满意；对子女满意度：很满意；因小事烦恼（过去一周）：有时/中等（3–4天）；感到抑郁（过去一周）：几乎没有（<1天）；对未来抱有希望（过去一周）：有时/中等（3–4天）；感到孤独（过去一周）：几乎没有（<1天）；感到高兴（过去一周）：大多数时候（5–7天）；睡眠不安（过去一周）：几乎没有（<1天）
健康信息：自评健康状况：一般；医生诊断慢性病：高血压；身体疼痛程度：一点；上月平均每天实际睡眠小时数：7小时；是否因健康/残疾不能工作：没问题；是否因健康/残疾不能做家事：没问题；多久接受他人帮助：从不
活动信息：高强度体力活动：否；中等强度体力活动：否；轻度体力活动：是；轻度体力活动目的：娱乐；上月活动：与朋友交往（不规律）、做志愿/慈善或照顾不住一起的病弱者（几乎每天）、参加教育/培训课程（不规律）、其他活动（不规律）
上网信息：是否使用互联网：是；上网设备：台式电脑、手机；上网用途：聊天、看新闻、看视频、其他；是否用手机支付：是；是否使用微信：是；是否使用微信朋友圈：是
子女信息：子女总数：1个；健在子女数：1个；第1子女：最高学历：大专；是否工作/上学：工作；婚姻状况：未婚；过去一年同住月数：0.5个月；见面频率：每半年；电话/短信/微信联系频率：每周1次
工作信息：是否从事农业/家庭农活：无；是否已办理退休：否；是否在工作：是；过去一年总工作天数：235天"
102,64033129001,基础信息：性别：男；年龄：57岁；城乡类型：农村,教育信息：教育程度：初中,婚姻信息：婚姻状况：离婚；是否有人以配偶身份同住：否；上半年独自居住天数：180天；上半年因不与别人同住而受影响程度：0,情绪信息：生活满意度：有点满意；对子女满意度：有点满意；因小事烦恼（过去一周）：几乎没有（<1天）；感到抑郁（过去一周）：几乎没有（<1天）；对未来抱有希望（过去一周）：几乎没有（<1天）；感到孤独（过去一周）：几乎没有（<1天）；感到高兴（过去一周）：几乎没有（<1天）；睡眠不安（过去一周）：几乎没有（<1天）,健康信息：自评健康状况：一般；医生诊断慢性病：未报告上述疾病；身体疼痛程度：有些；上月平均每天实际睡眠小时数：6小时；是否因健康/残疾不能工作：没问题；是否因健康/残疾不能做家事：没问题；多久接受他人帮助：从不,活动信息：高强度体力活动：是；高强度体力活动目的：工作需要；中等强度体力活动：是；中等强度体力活动目的：工作需要；轻度体力活动：否；上月活动：以上都没有,上网信息：是否使用互联网：否,子女信息：子女总数：1个；健在子女数：1个；第1子女：是否工作/上学：上学；过去一年同住月数：12个月,工作信息：是否从事农业/家庭农活：有；是否已办理退休：否；是否在工作：是；过去一年总工作天数：252天,"基础信息：性别：男；年龄：57岁；城乡类型：农村
教育信息：教育程度：初中
婚姻信息：婚姻状况：离婚；是否有人以配偶身份同住：否；上半年独自居住天数：180天；上半年因不与别人同住而受影响程度：0
情绪信息：生活满意度：有点满意；对子女满意度：有点满意；因小事烦恼（过去一周）：几乎没有（<1天）；感到抑郁（过去一周）：几乎没有（<1天）；对未来抱有希望（过去一周）：几乎没有（<1天）；感到孤独（过去一周）：几乎没有（<1天）；感到高兴（过去一周）：几乎没有（<1天）；睡眠不安（过去一周）：几乎没有（<1天）
健康信息：自评健康状况：一般；医生诊断慢性病：未报告上述疾病；身体疼痛程度：有些；上月平均每天实际睡眠小时数：6小时；是否因健康/残疾不能工作：没问题；是否因健康/残疾不能做家事：没问题；多久接受他人帮助：从不
活动信息：高强度体力活动：是；高强度体力活动目的：工作需要；中等强度体力活动：是；中等强度体力活动目的：工作需要；轻度体力活动：否；上月活动：以上都没有
上网信息：是否使用互联网：否
子女信息：子女总数：1个；健在子女数：1个；第1子女：是否工作/上学：上学；过去一年同住月数：12个月
工作信息：是否从事农业/家庭农活：有；是否已办理退休：否；是否在工作：是；过去一年总工作天数：252天"
103,110131213002,基础信息：性别：男；年龄：59岁；城乡类型：农村,教育信息：教育程度：初中,婚姻信息：婚姻状况：已婚且配偶同住；过去一年与配偶同住月数：12个月；上半年独自居住天数：60天；上半年仅与配偶同住天数：180天；上半年因不与别人同住而受影响程度：0,情绪信息：生活满意度：有点满意；对子女满意度：有点满意；因小事烦恼（过去一周）：几乎没有（<1天）；感到抑郁（过去一周）：几乎没有（<1天）；对未来抱有希望（过去一周）：大多数时候（5–7天）；感到孤独（过去一周）：几乎没有（<1天）；感到高兴（过去一周）：大多数时候（5–7天）；睡眠不安（过去一周）：大多数时候（5–7天）,健康信息：自评健康状况：一般；医生诊断慢性病：未报告上述疾病；身体疼痛程度：无；上月平均每天实际睡眠小时数：4小时；是否因健康/残疾不能工作：没问题；是否因健康/残疾不能做家事：没问题；多久接受他人帮助：从不,活动信息：高强度体力活动：否；中等强度体力活动：是；中等强度体力活动目的：其他；轻度体力活动：是；轻度体力活动目的：锻炼；上月活动：以上都没有,上网信息：是否使用互联网：是；上网设备：手机；上网用途：看新闻；是否用手机支付：否；是否使用微信：是；是否使用微信朋友圈：是,子女信息：子女总数：2个；健在子女数：2个；第1子女：是否工作/上学：工作；婚姻状况：已婚暂分居；过去一年同住月数：0个月；见面频率：每两周；电话/短信/微信联系频率：每周2–3次；第2子女：是否工作/上学：工作；婚姻状况：已婚且配偶同住；过去一年同住月数：0个月；见面频率：每周1次,工作信息：是否从事农业/家庭农活：无；是否已办理退休：是；退休时间：2019年7月；是否在工作：是；过去一年总工作天数：320天,"基础信息：性别：男；年龄：59岁；城乡类型：农村
教育信息：教育程度：初中
婚姻信息：婚姻状况：已婚且配偶同住；过去一年与配偶同住月数：12个月；上半年独自居住天数：60天；上半年仅与配偶同住天数：180天；上半年因不与别人同住而受影响程度：0
情绪信息：生活满意度：有点满意；对子女满意度：有点满意；因小事烦恼（过去一周）：几乎没有（<1天）；感到抑郁（过去一周）：几乎没有（<1天）；对未来抱有希望（过去一周）：大多数时候（5–7天）；感到孤独（过去一周）：几乎没有（<1天）；感到高兴（过去一周）：大多数时候（5–7天）；睡眠不安（过去一周）：大多数时候（5–7天）
健康信息：自评健康状况：一般；医生诊断慢性病：未报告上述疾病；身体疼痛程度：无；上月平均每天实际睡眠小时数：4小时；是否因健康/残疾不能工作：没问题；是否因健康/残疾不能做家事：没问题；多久接受他人帮助：从不
活动信息：高强度体力活动：否；中等强度体力活动：是；中等强度体力活动目的：其他；轻度体力活动：是；轻度体力活动目的：锻炼；上月活动：以上都没有
上网信息：是否使用互联网：是；上网设备：手机；上网用途：看新闻；是否用手机支付：否；是否使用微信：是；是否使用微信朋友圈：是
子女信息：子女总数：2个；健在子女数：2个；第1子女：是否工作/上学：工作；婚姻状况：已婚暂分居；过去一年同住月数：0个月；见面频率：每两周；电话/短信/微信联系频率：每周2–3次；第2子女：是否工作/上学：工作；婚姻状况：已婚且配偶同住；过去一年同住月数：0个月；见面频率：每周1次
工作信息：是否从事农业/家庭农活：无；是否已办理退休：是；退休时间：2019年7月；是否在工作：是；过去一年总工作天数：320天"
104,262728314002,基础信息：性别：女；年龄：69岁；城乡类型：农村,教育信息：教育程度：未读完小学,婚姻信息：婚姻状况：已婚且配偶同住；过去一年与配偶同住月数：12个月；上半年独自居住天数：0天；上半年仅与配偶同住天数：100天；上半年因不与别人同住而受影响程度：0,情绪信息：生活满意度：有点满意；对子女满意度：有点满意；因小事烦恼（过去一周）：有时/中等（3–4天）；感到抑郁（过去一周）：有时/中等（3–4天）；对未来抱有希望（过去一周）：少量（1–2天）；感到孤独（过去一周）：几乎没有（<1天）；感到高兴（过去一周）：少量（1–2天）；睡眠不安（过去一周）：几乎没有（<1天）,健康信息：自评健康状况：很差；医生诊断慢性病：未报告上述疾病；身体疼痛程度：非常；上月平均每天实际睡眠小时数：8小时；是否因健康/残疾不能工作：不能长时间工作；是否因健康/残疾不能做家事：没问题；多久接受他人帮助：从不,活动信息：高强度体力活动：否；中等强度体力活动：是；中等强度体力活动目的：工作需要；轻度体力活动：是；轻度体力活动目的：锻炼；上月活动：以上都没有,上网信息：是否使用互联网：否,子女信息：子女总数：3个；健在子女数：3个；第1子女：是否工作/上学：工作；婚姻状况：已婚且配偶同住；过去一年同住月数：0个月；见面频率：每年；电话/短信/微信联系频率：每两周；第2子女：是否工作/上学：工作；婚姻状况：已婚且配偶同住；过去一年同住月数：0个月；见面频率：几乎每天,工作信息：是否从事农业/家庭农活：无；是否已办理退休：否；是否在工作：否；过去一年总工作天数：7天；上月是否在找工作：否,"基础信息：性别：女；年龄：69岁；城乡类型：农村
教育信息：教育程度：未读完小学
婚姻信息：婚姻状况：已婚且配偶同住；过去一年与配偶同住月数：12个月；上半年独自居住天数：0天；上半年仅与配偶同住天数：100天；上半年因不与别人同住而受影响程度：0
情绪信息：生活满意度：有点满意；对子女满意度：有点满意；因小事烦恼（过去一周）：有时/中等（3–4天）；感到抑郁（过去一周）：有时/中等（3–4天）；对未来抱有希望（过去一周）：少量（1–2天）；感到孤独（过去一周）：几乎没有（<1天）；感到高兴（过去一周）：少量（1–2天）；睡眠不安（过去一周）：几乎没有（<1天）
健康信息：自评健康状况：很差；医生诊断慢性病：未报告上述疾病；身体疼痛程度：非常；上月平均每天实际睡眠小时数：8小时；是否因健康/残疾不能工作：不能长时间工作；是否因健康/残疾不能做家事：没问题；多久接受他人帮助：从不
活动信息：高强度体力活动：否；中等强度体力活动：是；中等强度体力活动目的：工作需要；轻度体力活动：是；轻度体力活动目的：锻炼；上月活动：以上都没有
上网信息：是否使用互联网：否
子女信息：子女总数：3个；健在子女数：3个；第1子女：是否工作/上学：工作；婚姻状况：已婚且配偶同住；过去一年同住月数：0个月；见面频率：每年；电话/短信/微信联系频率：每两周；第2子女：是否工作/上学：工作；婚姻状况：已婚且配偶同住；过去一年同住月数：0个月；见面频率：几乎每天
工作信息：是否从事农业/家庭农活：无；是否已办理退休：否；是否在工作：否；过去一年总工作天数：7天；上月是否在找工作：否"
105,241116221001,基础信息：性别：女；年龄：57岁；城乡类型：城/镇中心,教育信息：教育程度：高中,婚姻信息：婚姻状况：已婚且配偶同住；过去一年与配偶同住月数：12个月；上半年独自居住天数：0天；上半年仅与配偶同住天数：0天；上半年因不与别人同住而受影响程度：0,情绪信息：生活满意度：有点满意；对子女满意度：有点满意；因小事烦恼（过去一周）：有时/中等（3–4天）；感到抑郁（过去一周）：几乎没有（<1天）；对未来抱有希望（过去一周）：大多数时候（5–7天）；感到孤独（过去一周）：几乎没有（<1天）；感到高兴（过去一周）：大多数时候（5–7天）；睡眠不安（过去一周）：几乎没有（<1天）,健康信息：自评健康状况：一般；医生诊断慢性病：未报告上述疾病；身体疼痛程度：无；上月平均每天实际睡眠小时数：7小时；是否因健康/残疾不能工作：没问题；是否因健康/残疾不能做家事：没问题；多久接受他人帮助：从不,活动信息：高强度体力活动：是；高强度体力活动目的：娱乐；中等强度体力活动：否；轻度体力活动：是；轻度体力活动目的：锻炼；上月活动：与朋友交往（不规律）、帮助不住一起的家人朋友邻居（不规律）,上网信息：是否使用互联网：是；上网设备：手机；上网用途：其他；是否用手机支付：是；是否使用微信：是；是否使用微信朋友圈：是,子女信息：子女总数：1个；健在子女数：1个；第1子女：是否工作/上学：工作；婚姻状况：已婚且配偶同住；过去一年同住月数：12个月,工作信息：是否从事农业/家庭农活：无；是否在工作：否；过去一年总工作天数：0天；上月是否在找工作：否,"基础信息：性别：女；年龄：57岁；城乡类型：城/镇中心
教育信息：教育程度：高中
婚姻信息：婚姻状况：已婚且配偶同住；过去一年与配偶同住月数：12个月；上半年独自居住天数：0天；上半年仅与配偶同住天数：0天；上半年因不与别人同住而受影响程度：0
情绪信息：生活满意度：有点满意；对子女满意度：有点满意；因小事烦恼（过去一周）：有时/中等（3–4天）；感到抑郁（过去一周）：几乎没有（<1天）；对未来抱有希望（过去一周）：大多数时候（5–7天）；感到孤独（过去一周）：几乎没有（<1天）；感到高兴（过去一周）：大多数时候（5–7天）；睡眠不安（过去一周）：几乎没有（<1天）
健康信息：自评健康状况：一般；医生诊断慢性病：未报告上述疾病；身体疼痛程度：无；上月平均每天实际睡眠小时数：7小时；是否因健康/残疾不能工作：没问题；是否因健康/残疾不能做家事：没问题；多久接受他人帮助：从不
活动信息：高强度体力活动：是；高强度体力活动目的：娱乐；中等强度体力活动：否；轻度体力活动：是；轻度体力活动目的：锻炼；上月活动：与朋友交往（不规律）、帮助不住一起的家人朋友邻居（不规律）
上网信息：是否使用互联网：是；上网设备：手机；上网用途：其他；是否用手机支付：是；是否使用微信：是；是否使用微信朋友圈：是
子女信息：子女总数：1个；健在子女数：1个；第1子女：是否工作/上学：工作；婚姻状况：已婚且配偶同住；过去一年同住月数：12个月
工作信息：是否从事农业/家庭农活：无；是否在工作：否；过去一年总工作天数：0天；上月是否在找工作：否"
106,275559328001,基础信息：性别：男；年龄：51岁；城乡类型：城/镇中心,教育信息：教育程度：初中,婚姻信息：婚姻状况：已婚且配偶同住；过去一年与配偶同住月数：12个月；上半年独自居住天数：0天；上半年仅与配偶同住天数：30天；上半年因不与别人同住而受影响程度：0,情绪信息：生活满意度：不太满意；对子女满意度：有点满意；因小事烦恼（过去一周）：有时/中等（3–4天）；感到抑郁（过去一周）：有时/中等（3–4天）；感到孤独（过去一周）：几乎没有（<1天）；感到高兴（过去一周）：几乎没有（<1天）；睡眠不安（过去一周）：大多数时候（5–7天）,健康信息：自评健康状况：好；医生诊断慢性病：未报告上述疾病；身体疼痛程度：无；上月平均每天实际睡眠小时数：3小时；是否因健康/残疾不能工作：没问题；是否因健康/残疾不能做家事：没问题；多久接受他人帮助：从不,活动信息：高强度体力活动：是；高强度体力活动目的：工作需要；中等强度体力活动：是；中等强度体力活动目的：其他；轻度体力活动：是；轻度体力活动目的：锻炼；上月活动：与朋友交往（不规律）、帮助不住一起的家人朋友邻居（不规律）,上网信息：是否使用互联网：是；上网设备：台式电脑、手机；上网用途：聊天、理财；是否用手机支付：是；是否使用微信：是；是否使用微信朋友圈：是,子女信息：子女总数：1个；健在子女数：1个；第1子女：是否工作/上学：工作；婚姻状况：未婚；过去一年同住月数：12个月,工作信息：是否从事农业/家庭农活：无；是否已办理退休：否；是否在工作：是；过去一年总工作天数：364天,"基础信息：性别：男；年龄：51岁；城乡类型：城/镇中心
教育信息：教育程度：初中
婚姻信息：婚姻状况：已婚且配偶同住；过去一年与配偶同住月数：12个月；上半年独自居住天数：0天；上半年仅与配偶同住天数：30天；上半年因不与别人同住而受影响程度：0
情绪信息：生活满意度：不太满意；对子女满意度：有点满意；因小事烦恼（过去一周）：有时/中等（3–4天）；感到抑郁（过去一周）：有时/中等（3–4天）；感到孤独（过去一周）：几乎没有（<1天）；感到高兴（过去一周）：几乎没有（<1天）；睡眠不安（过去一周）：大多数时候（5–7天）
健康信息：自评健康状况：好；医生诊断慢性病：未报告上述疾病；身体疼痛程度：无；上月平均每天实际睡眠小时数：3小时；是否因健康/残疾不能工作：没问题；是否因健康/残疾不能做家事：没问题；多久接受他人帮助：从不
活动信息：高强度体力活动：是；高强度体力活动目的：工作需要；中等强度体力活动：是；中等强度体力活动目的：其他；轻度体力活动：是；轻度体力活动目的：锻炼；上月活动：与朋友交往（不规律）、帮助不住一起的家人朋友邻居（不规律）
上网信息：是否使用互联网：是；上网设备：台式电脑、手机；上网用途：聊天、理财；是否用手机支付：是；是否使用微信：是；是否使用微信朋友圈：是
子女信息：子女总数：1个；健在子女数：1个；第1子女：是否工作/上学：工作；婚姻状况：未婚；过去一年同住月数：12个月
工作信息：是否从事农业/家庭农活：无；是否已办理退休：否；是否在工作：是；过去一年总工作天数：364天"
107,54054108002,基础信息：性别：女；年龄：53岁；城乡类型：农村,教育信息：教育程度：未受教育,婚姻信息：婚姻状况：已婚且配偶同住；过去一年与配偶同住月数：12个月；上半年独自居住天数：0天；上半年仅与配偶同住天数：0天,情绪信息：生活满意度：很满意；对子女满意度：很满意；因小事烦恼（过去一周）：几乎没有（<1天）；感到抑郁（过去一周）：几乎没有（<1天）；对未来抱有希望（过去一周）：几乎没有（<1天）；感到孤独（过去一周）：几乎没有（<1天）；感到高兴（过去一周）：几乎没有（<1天）；睡眠不安（过去一周）：几乎没有（<1天）,健康信息：自评健康状况：一般；医生诊断慢性病：未报告上述疾病；身体疼痛程度：无；上月平均每天实际睡眠小时数：7小时；是否因健康/残疾不能工作：没问题；是否因健康/残疾不能做家事：没问题；多久接受他人帮助：从不,活动信息：高强度体力活动：是；高强度体力活动目的：工作需要；中等强度体力活动：是；中等强度体力活动目的：工作需要；轻度体力活动：是；轻度体力活动目的：锻炼；上月活动：以上都没有,上网信息：是否使用互联网：否,子女信息：子女总数：2个；健在子女数：2个；第1子女：是否工作/上学：工作；婚姻状况：已婚且配偶同住；过去一年同住月数：12个月；第2子女：是否工作/上学：都不；婚姻状况：未婚；过去一年同住月数：12个月,工作信息：是否从事农业/家庭农活：有；是否已办理退休：否；是否在工作：是；过去一年总工作天数：108天,"基础信息：性别：女；年龄：53岁；城乡类型：农村
教育信息：教育程度：未受教育
婚姻信息：婚姻状况：已婚且配偶同住；过去一年与配偶同住月数：12个月；上半年独自居住天数：0天；上半年仅与配偶同住天数：0天
情绪信息：生活满意度：很满意；对子女满意度：很满意；因小事烦恼（过去一周）：几乎没有（<1天）；感到抑郁（过去一周）：几乎没有（<1天）；对未来抱有希望（过去一周）：几乎没有（<1天）；感到孤独（过去一周）：几乎没有（<1天）；感到高兴（过去一周）：几乎没有（<1天）；睡眠不安（过去一周）：几乎没有（<1天）
健康信息：自评健康状况：一般；医生诊断慢性病：未报告上述疾病；身体疼痛程度：无；上月平均每天实际睡眠小时数：7小时；是否因健康/残疾不能工作：没问题；是否因健康/残疾不能做家事：没问题；多久接受他人帮助：从不
活动信息：高强度体力活动：是；高强度体力活动目的：工作需要；中等强度体力活动：是；中等强度体力活动目的：工作需要；轻度体力活动：是；轻度体力活动目的：锻炼；上月活动：以上都没有
上网信息：是否使用互联网：否
子女信息：子女总数：2个；健在子女数：2个；第1子女：是否工作/上学：工作；婚姻状况：已婚且配偶同住；过去一年同住月数：12个月；第2子女：是否工作/上学：都不；婚姻状况：未婚；过去一年同住月数：12个月
工作信息：是否从事农业/家庭农活：有；是否已办理退休：否；是否在工作：是；过去一年总工作天数：108天"
108,154044310001,基础信息：性别：女；年龄：65岁；城乡类型：城乡结合部/镇乡,教育信息：教育程度：未读完小学,婚姻信息：婚姻状况：已婚且配偶同住；过去一年与配偶同住月数：12个月；上半年独自居住天数：0天；上半年仅与配偶同住天数：0天,情绪信息：生活满意度：有点满意；对子女满意度：有点满意；因小事烦恼（过去一周）：有时/中等（3–4天）；感到抑郁（过去一周）：有时/中等（3–4天）；对未来抱有希望（过去一周）：有时/中等（3–4天）；感到孤独（过去一周）：几乎没有（<1天）；感到高兴（过去一周）：有时/中等（3–4天）；睡眠不安（过去一周）：有时/中等（3–4天）,健康信息：自评健康状况：好；医生诊断慢性病：未报告上述疾病；身体疼痛程度：一点；上月平均每天实际睡眠小时数：4小时；是否因健康/残疾不能工作：没问题；是否因健康/残疾不能做家事：没问题；多久接受他人帮助：从不,活动信息：高强度体力活动：是；高强度体力活动目的：工作需要；中等强度体力活动：否；轻度体力活动：是；轻度体力活动目的：锻炼；上月活动：与朋友交往（不规律）、帮助不住一起的家人朋友邻居（不规律）,上网信息：是否使用互联网：否,子女信息：子女总数：3个；健在子女数：3个；第1子女：是否工作/上学：工作；婚姻状况：已婚且配偶同住；过去一年同住月数：12个月；第2子女：是否工作/上学：工作；婚姻状况：已婚且配偶同住；过去一年同住月数：0个月；见面频率：每三月；电话/短信/微信联系频率：每两周,工作信息：是否从事农业/家庭农活：有；是否已办理退休：否；是否在工作：是；过去一年总工作天数：365天,"基础信息：性别：女；年龄：65岁；城乡类型：城乡结合部/镇乡
教育信息：教育程度：未读完小学
婚姻信息：婚姻状况：已婚且配偶同住；过去一年与配偶同住月数：12个月；上半年独自居住天数：0天；上半年仅与配偶同住天数：0天
情绪信息：生活满意度：有点满意；对子女满意度：有点满意；因小事烦恼（过去一周）：有时/中等（3–4天）；感到抑郁（过去一周）：有时/中等（3–4天）；对未来抱有希望（过去一周）：有时/中等（3–4天）；感到孤独（过去一周）：几乎没有（<1天）；感到高兴（过去一周）：有时/中等（3–4天）；睡眠不安（过去一周）：有时/中等（3–4天）
健康信息：自评健康状况：好；医生诊断慢性病：未报告上述疾病；身体疼痛程度：一点；上月平均每天实际睡眠小时数：4小时；是否因健康/残疾不能工作：没问题；是否因健康/残疾不能做家事：没问题；多久接受他人帮助：从不
活动信息：高强度体力活动：是；高强度体力活动目的：工作需要；中等强度体力活动：否；轻度体力活动：是；轻度体力活动目的：锻炼；上月活动：与朋友交往（不规律）、帮助不住一起的家人朋友邻居（不规律）
上网信息：是否使用互联网：否
子女信息：子女总数：3个；健在子女数：3个；第1子女：是否工作/上学：工作；婚姻状况：已婚且配偶同住；过去一年同住月数：12个月；第2子女：是否工作/上学：工作；婚姻状况：已婚且配偶同住；过去一年同住月数：0个月；见面频率：每三月；电话/短信/微信联系频率：每两周
工作信息：是否从事农业/家庭农活：有；是否已办理退休：否；是否在工作：是；过去一年总工作天数：365天"
109,270402209001,基础信息：性别：女；年龄：52岁；城乡类型：农村,教育信息：教育程度：未读完小学,婚姻信息：婚姻状况：已婚且配偶同住；过去一年与配偶同住月数：12个月；上半年独自居住天数：60天；上半年仅与配偶同住天数：150天；上半年因不与别人同住而受影响程度：0,情绪信息：生活满意度：有点满意；对子女满意度：很满意；因小事烦恼（过去一周）：有时/中等（3–4天）；感到抑郁（过去一周）：大多数时候（5–7天）；对未来抱有希望（过去一周）：大多数时候（5–7天）；感到孤独（过去一周）：几乎没有（<1天）；感到高兴（过去一周）：大多数时候（5–7天）；睡眠不安（过去一周）：大多数时候（5–7天）,健康信息：自评健康状况：差；医生诊断慢性病：情绪/神经/精神类问题；身体疼痛程度：无；上月平均每天实际睡眠小时数：3小时；是否因健康/残疾不能工作：没问题；是否因健康/残疾不能做家事：没问题；多久接受他人帮助：偶尔,活动信息：高强度体力活动：是；高强度体力活动目的：锻炼；中等强度体力活动：是；中等强度体力活动目的：工作需要；轻度体力活动：是；轻度体力活动目的：工作需要；上月活动：以上都没有,上网信息：是否使用互联网：是；上网设备：手机；上网用途：聊天、看视频；是否用手机支付：是；是否使用微信：是；是否使用微信朋友圈：是,子女信息：子女总数：1个；健在子女数：1个；第2子女：是否工作/上学：工作；婚姻状况：已婚且配偶同住；过去一年同住月数：0个月；见面频率：每两周；电话/短信/微信联系频率：每两周,工作信息：是否从事农业/家庭农活：有；是否已办理退休：否；是否在工作：是；过去一年总工作天数：96天,"基础信息：性别：女；年龄：52岁；城乡类型：农村
教育信息：教育程度：未读完小学
婚姻信息：婚姻状况：已婚且配偶同住；过去一年与配偶同住月数：12个月；上半年独自居住天数：60天；上半年仅与配偶同住天数：150天；上半年因不与别人同住而受影响程度：0
情绪信息：生活满意度：有点满意；对子女满意度：很满意；因小事烦恼（过去一周）：有时/中等（3–4天）；感到抑郁（过去一周）：大多数时候（5–7天）；对未来抱有希望（过去一周）：大多数时候（5–7天）；感到孤独（过去一周）：几乎没有（<1天）；感到高兴（过去一周）：大多数时候（5–7天）；睡眠不安（过去一周）：大多数时候（5–7天）
健康信息：自评健康状况：差；医生诊断慢性病：情绪/神经/精神类问题；身体疼痛程度：无；上月平均每天实际睡眠小时数：3小时；是否因健康/残疾不能工作：没问题；是否因健康/残疾不能做家事：没问题；多久接受他人帮助：偶尔
活动信息：高强度体力活动：是；高强度体力活动目的：锻炼；中等强度体力活动：是；中等强度体力活动目的：工作需要；轻度体力活动：是；轻度体力活动目的：工作需要；上月活动：以上都没有
上网信息：是否使用互联网：是；上网设备：手机；上网用途：聊天、看视频；是否用手机支付：是；是否使用微信：是；是否使用微信朋友圈：是
子女信息：子女总数：1个；健在子女数：1个；第2子女：是否工作/上学：工作；婚姻状况：已婚且配偶同住；过去一年同住月数：0个月；见面频率：每两周；电话/短信/微信联系频率：每两周
工作信息：是否从事农业/家庭农活：有；是否已办理退休：否；是否在工作：是；过去一年总工作天数：96天"
110,58202220001,基础信息：性别：女；年龄：54岁；城乡类型：城/镇中心,教育信息：教育程度：未读完小学,婚姻信息：婚姻状况：已婚且配偶同住；过去一年与配偶同住月数：9个月；上半年独自居住天数：0天；上半年仅与配偶同住天数：45天；上半年因不与别人同住而受影响程度：0,情绪信息：生活满意度：有点满意；对子女满意度：有点满意；因小事烦恼（过去一周）：几乎没有（<1天）；感到抑郁（过去一周）：几乎没有（<1天）；对未来抱有希望（过去一周）：有时/中等（3–4天）；感到孤独（过去一周）：几乎没有（<1天）；感到高兴（过去一周）：大多数时候（5–7天）；睡眠不安（过去一周）：大多数时候（5–7天）,健康信息：自评健康状况：差；医生诊断慢性病：血脂异常、肾脏疾病、胃部或其他消化系统疾病；身体疼痛程度：相当；上月平均每天实际睡眠小时数：5小时；是否因健康/残疾不能工作：没问题；是否因健康/残疾不能做家事：没问题；多久接受他人帮助：从不,活动信息：高强度体力活动：否；中等强度体力活动：是；中等强度体力活动目的：工作需要；轻度体力活动：否；上月活动：打麻将/下棋/打牌/去社区活动室（不规律）,上网信息：是否使用互联网：是；上网设备：平板、手机；上网用途：看视频；是否用手机支付：否；是否使用微信：是；是否使用微信朋友圈：是,子女信息：子女总数：1个；健在子女数：1个；第1子女：是否工作/上学：工作；婚姻状况：已婚且配偶同住；过去一年同住月数：2个月；见面频率：每月；电话/短信/微信联系频率：每周2–3次,工作信息：是否从事农业/家庭农活：无；是否已办理退休：否；是否在工作：是；过去一年总工作天数：317天,"基础信息：性别：女；年龄：54岁；城乡类型：城/镇中心
教育信息：教育程度：未读完小学
婚姻信息：婚姻状况：已婚且配偶同住；过去一年与配偶同住月数：9个月；上半年独自居住天数：0天；上半年仅与配偶同住天数：45天；上半年因不与别人同住而受影响程度：0
情绪信息：生活满意度：有点满意；对子女满意度：有点满意；因小事烦恼（过去一周）：几乎没有（<1天）；感到抑郁（过去一周）：几乎没有（<1天）；对未来抱有希望（过去一周）：有时/中等（3–4天）；感到孤独（过去一周）：几乎没有（<1天）；感到高兴（过去一周）：大多数时候（5–7天）；睡眠不安（过去一周）：大多数时候（5–7天）
健康信息：自评健康状况：差；医生诊断慢性病：血脂异常、肾脏疾病、胃部或其他消化系统疾病；身体疼痛程度：相当；上月平均每天实际睡眠小时数：5小时；是否因健康/残疾不能工作：没问题；是否因健康/残疾不能做家事：没问题；多久接受他人帮助：从不
活动信息：高强度体力活动：否；中等强度体力活动：是；中等强度体力活动目的：工作需要；轻度体力活动：否；上月活动：打麻将/下棋/打牌/去社区活动室（不规律）
上网信息：是否使用互联网：是；上网设备：平板、手机；上网用途：看视频；是否用手机支付：否；是否使用微信：是；是否使用微信朋友圈：是
子女信息：子女总数：1个；健在子女数：1个；第1子女：是否工作/上学：工作；婚姻状况：已婚且配偶同住；过去一年同住月数：2个月；见面频率：每月；电话/短信/微信联系频率：每周2–3次
工作信息：是否从事农业/家庭农活：无；是否已办理退休：否；是否在工作：是；过去一年总工作天数：317天"
111,65546218001,基础信息：性别：女；年龄：68岁；城乡类型：农村,教育信息：教育程度：未受教育,婚姻信息：婚姻状况：已婚且配偶同住；过去一年与配偶同住月数：12个月；上半年独自居住天数：0天；上半年仅与配偶同住天数：0天,情绪信息：生活满意度：很满意；对子女满意度：很满意；因小事烦恼（过去一周）：几乎没有（<1天）；感到抑郁（过去一周）：几乎没有（<1天）；对未来抱有希望（过去一周）：大多数时候（5–7天）；感到孤独（过去一周）：几乎没有（<1天）；感到高兴（过去一周）：大多数时候（5–7天）；睡眠不安（过去一周）：几乎没有（<1天）,健康信息：自评健康状况：很好；医生诊断慢性病：未报告上述疾病；身体疼痛程度：无；上月平均每天实际睡眠小时数：6小时；是否因健康/残疾不能工作：没问题；是否因健康/残疾不能做家事：没问题；多久接受他人帮助：从不,活动信息：高强度体力活动：否；中等强度体力活动：否；轻度体力活动：是；轻度体力活动目的：锻炼；上月活动：以上都没有,上网信息：是否使用互联网：否,子女信息：子女总数：3个；健在子女数：3个；第1子女：是否工作/上学：工作；婚姻状况：已婚且配偶同住；过去一年同住月数：0个月；见面频率：每年；电话/短信/微信联系频率：每周1次；第2子女：是否工作/上学：工作；婚姻状况：已婚且配偶同住；过去一年同住月数：0个月；见面频率：每年；电话/短信/微信联系频率：每周1次,工作信息：是否从事农业/家庭农活：无；是否已办理退休：否；是否在工作：否；过去一年总工作天数：0天；上月是否在找工作：否,"基础信息：性别：女；年龄：68岁；城乡类型：农村
教育信息：教育程度：未受教育
婚姻信息：婚姻状况：已婚且配偶同住；过去一年与配偶同住月数：12个月；上半年独自居住天数：0天；上半年仅与配偶同住天数：0天
情绪信息：生活满意度：很满意；对子女满意度：很满意；因小事烦恼（过去一周）：几乎没有（<1天）；感到抑郁（过去一周）：几乎没有（<1天）；对未来抱有希望（过去一周）：大多数时候（5–7天）；感到孤独（过去一周）：几乎没有（<1天）；感到高兴（过去一周）：大多数时候（5–7天）；睡眠不安（过去一周）：几乎没有（<1天）
健康信息：自评健康状况：很好；医生诊断慢性病：未报告上述疾病；身体疼痛程度：无；上月平均每天实际睡眠小时数：6小时；是否因健康/残疾不能工作：没问题；是否因健康/残疾不能做家事：没问题；多久接受他人帮助：从不
活动信息：高强度体力活动：否；中等强度体力活动：否；轻度体力活动：是；轻度体力活动目的：锻炼；上月活动：以上都没有
上网信息：是否使用互联网：否
子女信息：子女总数：3个；健在子女数：3个；第1子女：是否工作/上学：工作；婚姻状况：已婚且配偶同住；过去一年同住月数：0个月；见面频率：每年；电话/短信/微信联系频率：每周1次；第2子女：是否工作/上学：工作；婚姻状况：已婚且配偶同住；过去一年同住月数：0个月；见面频率：每年；电话/短信/微信联系频率：每周1次
工作信息：是否从事农业/家庭农活：无；是否已办理退休：否；是否在工作：否；过去一年总工作天数：0天；上月是否在找工作：否"
112,138202135001,基础信息：性别：女；年龄：49岁；城乡类型：农村,教育信息：教育程度：未读完小学,婚姻信息：婚姻状况：已婚且配偶同住；过去一年与配偶同住月数：12个月；上半年独自居住天数：0天；上半年仅与配偶同住天数：180天；上半年因不与别人同住而受影响程度：0,情绪信息：生活满意度：很满意；对子女满意度：很满意；因小事烦恼（过去一周）：几乎没有（<1天）；感到抑郁（过去一周）：几乎没有（<1天）；对未来抱有希望（过去一周）：少量（1–2天）；感到孤独（过去一周）：几乎没有（<1天）；感到高兴（过去一周）：几乎没有（<1天）；睡眠不安（过去一周）：几乎没有（<1天）,健康信息：自评健康状况：很好；医生诊断慢性病：未报告上述疾病；身体疼痛程度：无；上月平均每天实际睡眠小时数：4小时；是否因健康/残疾不能工作：没问题；是否因健康/残疾不能做家事：没问题；多久接受他人帮助：从不,活动信息：高强度体力活动：是；高强度体力活动目的：锻炼；中等强度体力活动：是；中等强度体力活动目的：工作需要；轻度体力活动：是；轻度体力活动目的：娱乐；上月活动：以上都没有,上网信息：是否使用互联网：否,子女信息：子女总数：1个；健在子女数：1个；第1子女：是否工作/上学：工作；婚姻状况：未婚；过去一年同住月数：2个月；见面频率：每月；电话/短信/微信联系频率：每月,工作信息：是否从事农业/家庭农活：有；是否已办理退休：否；是否在工作：是；过去一年总工作天数：108天,"基础信息：性别：女；年龄：49岁；城乡类型：农村
教育信息：教育程度：未读完小学
婚姻信息：婚姻状况：已婚且配偶同住；过去一年与配偶同住月数：12个月；上半年独自居住天数：0天；上半年仅与配偶同住天数：180天；上半年因不与别人同住而受影响程度：0
情绪信息：生活满意度：很满意；对子女满意度：很满意；因小事烦恼（过去一周）：几乎没有（<1天）；感到抑郁（过去一周）：几乎没有（<1天）；对未来抱有希望（过去一周）：少量（1–2天）；感到孤独（过去一周）：几乎没有（<1天）；感到高兴（过去一周）：几乎没有（<1天）；睡眠不安（过去一周）：几乎没有（<1天）
健康信息：自评健康状况：很好；医生诊断慢性病：未报告上述疾病；身体疼痛程度：无；上月平均每天实际睡眠小时数：4小时；是否因健康/残疾不能工作：没问题；是否因健康/残疾不能做家事：没问题；多久接受他人帮助：从不
活动信息：高强度体力活动：是；高强度体力活动目的：锻炼；中等强度体力活动：是；中等强度体力活动目的：工作需要；轻度体力活动：是；轻度体力活动目的：娱乐；上月活动：以上都没有
上网信息：是否使用互联网：否
子女信息：子女总数：1个；健在子女数：1个；第1子女：是否工作/上学：工作；婚姻状况：未婚；过去一年同住月数：2个月；见面频率：每月；电话/短信/微信联系频率：每月
工作信息：是否从事农业/家庭农活：有；是否已办理退休：否；是否在工作：是；过去一年总工作天数：108天"
113,112744316002,基础信息：性别：女；年龄：63岁；城乡类型：农村,教育信息：教育程度：未受教育,婚姻信息：婚姻状况：已婚且配偶同住；过去一年与配偶同住月数：12个月；上半年独自居住天数：0天；上半年仅与配偶同住天数：132天；上半年因不与别人同住而受影响程度：0,情绪信息：生活满意度：有点满意；对子女满意度：有点满意；因小事烦恼（过去一周）：有时/中等（3–4天）；感到抑郁（过去一周）：几乎没有（<1天）；对未来抱有希望（过去一周）：有时/中等（3–4天）；感到孤独（过去一周）：少量（1–2天）；感到高兴（过去一周）：有时/中等（3–4天）；睡眠不安（过去一周）：几乎没有（<1天）,健康信息：自评健康状况：一般；医生诊断慢性病：未报告上述疾病；身体疼痛程度：无；上月平均每天实际睡眠小时数：6小时；是否因健康/残疾不能工作：没问题；是否因健康/残疾不能做家事：没问题；多久接受他人帮助：从不,活动信息：高强度体力活动：否；中等强度体力活动：否；轻度体力活动：是；轻度体力活动目的：工作需要；上月活动：与朋友交往（不规律）、帮助不住一起的家人朋友邻居（不规律）,上网信息：是否使用互联网：否,子女信息：子女总数：1个；健在子女数：1个；第1子女：是否工作/上学：工作；婚姻状况：已婚且配偶同住；过去一年同住月数：0个月；见面频率：每周2–3次,工作信息：是否从事农业/家庭农活：无；是否在工作：是；过去一年总工作天数：300天,"基础信息：性别：女；年龄：63岁；城乡类型：农村
教育信息：教育程度：未受教育
婚姻信息：婚姻状况：已婚且配偶同住；过去一年与配偶同住月数：12个月；上半年独自居住天数：0天；上半年仅与配偶同住天数：132天；上半年因不与别人同住而受影响程度：0
情绪信息：生活满意度：有点满意；对子女满意度：有点满意；因小事烦恼（过去一周）：有时/中等（3–4天）；感到抑郁（过去一周）：几乎没有（<1天）；对未来抱有希望（过去一周）：有时/中等（3–4天）；感到孤独（过去一周）：少量（1–2天）；感到高兴（过去一周）：有时/中等（3–4天）；睡眠不安（过去一周）：几乎没有（<1天）
健康信息：自评健康状况：一般；医生诊断慢性病：未报告上述疾病；身体疼痛程度：无；上月平均每天实际睡眠小时数：6小时；是否因健康/残疾不能工作：没问题；是否因健康/残疾不能做家事：没问题；多久接受他人帮助：从不
活动信息：高强度体力活动：否；中等强度体力活动：否；轻度体力活动：是；轻度体力活动目的：工作需要；上月活动：与朋友交往（不规律）、帮助不住一起的家人朋友邻居（不规律）
上网信息：是否使用互联网：否
子女信息：子女总数：1个；健在子女数：1个；第1子女：是否工作/上学：工作；婚姻状况：已婚且配偶同住；过去一年同住月数：0个月；见面频率：每周2–3次
工作信息：是否从事农业/家庭农活：无；是否在工作：是；过去一年总工作天数：300天"
114,74057123001,基础信息：性别：男；年龄：51岁；现居住地地址类型：家庭住房；城乡类型：城/镇中心,教育信息：教育程度：硕士,婚姻信息：婚姻状况：已婚且配偶同住；过去一年与配偶同住月数：12个月；上半年独自居住天数：0天；上半年仅与配偶同住天数：0天,情绪信息：生活满意度：有点满意；对子女满意度：很满意；因小事烦恼（过去一周）：大多数时候（5–7天）；感到抑郁（过去一周）：有时/中等（3–4天）；对未来抱有希望（过去一周）：有时/中等（3–4天）；感到孤独（过去一周）：几乎没有（<1天）；感到高兴（过去一周）：大多数时候（5–7天）；睡眠不安（过去一周）：几乎没有（<1天）,健康信息：自评健康状况：好；医生诊断慢性病：未报告上述疾病；身体疼痛程度：一点；上月平均每天实际睡眠小时数：7小时；是否因健康/残疾不能工作：没问题；是否因健康/残疾不能做家事：没问题；多久接受他人帮助：从不,活动信息：高强度体力活动：否；中等强度体力活动：否；轻度体力活动：是；轻度体力活动目的：其他；上月活动：与朋友交往（不规律）、帮助不住一起的家人朋友邻居（不规律）、参加教育/培训课程（不规律）、其他活动（不规律）,上网信息：是否使用互联网：是；上网设备：台式电脑、笔记本、手机、其他；上网用途：聊天、看新闻；是否用手机支付：是；是否使用微信：是；是否使用微信朋友圈：否,子女信息：子女总数：1个；健在子女数：1个；第1子女：出生年：1999；是否工作/上学：上学；婚姻状况：未婚；过去一年同住月数：8个月；见面频率：每半年；电话/短信/微信联系频率：每周1次,工作信息：是否从事农业/家庭农活：无；是否已办理退休：否；是否在工作：是；过去一年总工作天数：240天,"基础信息：性别：男；年龄：51岁；现居住地地址类型：家庭住房；城乡类型：城/镇中心
教育信息：教育程度：硕士
婚姻信息：婚姻状况：已婚且配偶同住；过去一年与配偶同住月数：12个月；上半年独自居住天数：0天；上半年仅与配偶同住天数：0天
情绪信息：生活满意度：有点满意；对子女满意度：很满意；因小事烦恼（过去一周）：大多数时候（5–7天）；感到抑郁（过去一周）：有时/中等（3–4天）；对未来抱有希望（过去一周）：有时/中等（3–4天）；感到孤独（过去一周）：几乎没有（<1天）；感到高兴（过去一周）：大多数时候（5–7天）；睡眠不安（过去一周）：几乎没有（<1天）
健康信息：自评健康状况：好；医生诊断慢性病：未报告上述疾病；身体疼痛程度：一点；上月平均每天实际睡眠小时数：7小时；是否因健康/残疾不能工作：没问题；是否因健康/残疾不能做家事：没问题；多久接受他人帮助：从不
活动信息：高强度体力活动：否；中等强度体力活动：否；轻度体力活动：是；轻度体力活动目的：其他；上月活动：与朋友交往（不规律）、帮助不住一起的家人朋友邻居（不规律）、参加教育/培训课程（不规律）、其他活动（不规律）
上网信息：是否使用互联网：是；上网设备：台式电脑、笔记本、手机、其他；上网用途：聊天、看新闻；是否用手机支付：是；是否使用微信：是；是否使用微信朋友圈：否
子女信息：子女总数：1个；健在子女数：1个；第1子女：出生年：1999；是否工作/上学：上学；婚姻状况：未婚；过去一年同住月数：8个月；见面频率：每半年；电话/短信/微信联系频率：每周1次
工作信息：是否从事农业/家庭农活：无；是否已办理退休：否；是否在工作：是；过去一年总工作天数：240天"
115,10206323002,基础信息：性别：女；年龄：56岁；城乡类型：农村,教育信息：教育程度：小学,婚姻信息：婚姻状况：已婚且配偶同住；过去一年与配偶同住月数：2个月；上半年独自居住天数：30天；上半年仅与配偶同住天数：0天；上半年因不与别人同住而受影响程度：0,情绪信息：生活满意度：不太满意；对子女满意度：有点满意；因小事烦恼（过去一周）：有时/中等（3–4天）；感到抑郁（过去一周）：几乎没有（<1天）；对未来抱有希望（过去一周）：少量（1–2天）；感到孤独（过去一周）：几乎没有（<1天）；感到高兴（过去一周）：少量（1–2天）；睡眠不安（过去一周）：几乎没有（<1天）,健康信息：自评健康状况：差；医生诊断慢性病：慢性肺部疾病；身体疼痛程度：有些；上月平均每天实际睡眠小时数：8小时；是否因健康/残疾不能工作：不能长时间工作；是否因健康/残疾不能做家事：不能长时间；多久接受他人帮助：从不,活动信息：高强度体力活动：是；高强度体力活动目的：工作需要；中等强度体力活动：是；中等强度体力活动目的：工作需要；轻度体力活动：是；轻度体力活动目的：工作需要；上月活动：与朋友交往（不规律）、参加运动/社交等俱乐部（几乎每周）,上网信息：是否使用互联网：否,子女信息：子女总数：2个；健在子女数：2个；第1子女：是否工作/上学：工作；婚姻状况：未婚；过去一年同住月数：11个月；见面频率：其他；电话/短信/微信联系频率：每周2–3次；第2子女：婚姻状况：已婚且配偶同住；过去一年同住月数：0个月；见面频率：每月；电话/短信/微信联系频率：每月,工作信息：是否从事农业/家庭农活：有；是否已办理退休：否；是否在工作：是；过去一年总工作天数：335天,"基础信息：性别：女；年龄：56岁；城乡类型：农村
教育信息：教育程度：小学
婚姻信息：婚姻状况：已婚且配偶同住；过去一年与配偶同住月数：2个月；上半年独自居住天数：30天；上半年仅与配偶同住天数：0天；上半年因不与别人同住而受影响程度：0
情绪信息：生活满意度：不太满意；对子女满意度：有点满意；因小事烦恼（过去一周）：有时/中等（3–4天）；感到抑郁（过去一周）：几乎没有（<1天）；对未来抱有希望（过去一周）：少量（1–2天）；感到孤独（过去一周）：几乎没有（<1天）；感到高兴（过去一周）：少量（1–2天）；睡眠不安（过去一周）：几乎没有（<1天）
健康信息：自评健康状况：差；医生诊断慢性病：慢性肺部疾病；身体疼痛程度：有些；上月平均每天实际睡眠小时数：8小时；是否因健康/残疾不能工作：不能长时间工作；是否因健康/残疾不能做家事：不能长时间；多久接受他人帮助：从不
活动信息：高强度体力活动：是；高强度体力活动目的：工作需要；中等强度体力活动：是；中等强度体力活动目的：工作需要；轻度体力活动：是；轻度体力活动目的：工作需要；上月活动：与朋友交往（不规律）、参加运动/社交等俱乐部（几乎每周）
上网信息：是否使用互联网：否
子女信息：子女总数：2个；健在子女数：2个；第1子女：是否工作/上学：工作；婚姻状况：未婚；过去一年同住月数：11个月；见面频率：其他；电话/短信/微信联系频率：每周2–3次；第2子女：婚姻状况：已婚且配偶同住；过去一年同住月数：0个月；见面频率：每月；电话/短信/微信联系频率：每月
工作信息：是否从事农业/家庭农活：有；是否已办理退休：否；是否在工作：是；过去一年总工作天数：335天"
116,74002116002,基础信息：性别：男；年龄：68岁；城乡类型：农村,教育信息：教育程度：未受教育,婚姻信息：婚姻状况：已婚且配偶同住；过去一年与配偶同住月数：12个月；上半年独自居住天数：0天；上半年仅与配偶同住天数：0天,情绪信息：生活满意度：很满意；对子女满意度：很满意,健康信息：自评健康状况：一般；医生诊断慢性病：未报告上述疾病；身体疼痛程度：无；上月平均每天实际睡眠小时数：8小时；是否因健康/残疾不能工作：没问题；是否因健康/残疾不能做家事：没问题；多久接受他人帮助：偶尔,活动信息：高强度体力活动：否；中等强度体力活动：否；轻度体力活动：是；轻度体力活动目的：娱乐；上月活动：以上都没有,上网信息：是否使用互联网：否,子女信息：子女总数：2个；健在子女数：2个；第1子女：是否工作/上学：工作；婚姻状况：已婚且配偶同住；过去一年同住月数：2个月；见面频率：每三月；电话/短信/微信联系频率：每两周；第2子女：是否工作/上学：工作；婚姻状况：已婚且配偶同住；过去一年同住月数：2个月；见面频率：每月；电话/短信/微信联系频率：其他,工作信息：是否从事农业/家庭农活：无；是否已办理退休：否；是否在工作：是；过去一年总工作天数：300天,"基础信息：性别：男；年龄：68岁；城乡类型：农村
教育信息：教育程度：未受教育
婚姻信息：婚姻状况：已婚且配偶同住；过去一年与配偶同住月数：12个月；上半年独自居住天数：0天；上半年仅与配偶同住天数：0天
情绪信息：生活满意度：很满意；对子女满意度：很满意
健康信息：自评健康状况：一般；医生诊断慢性病：未报告上述疾病；身体疼痛程度：无；上月平均每天实际睡眠小时数：8小时；是否因健康/残疾不能工作：没问题；是否因健康/残疾不能做家事：没问题；多久接受他人帮助：偶尔
活动信息：高强度体力活动：否；中等强度体力活动：否；轻度体力活动：是；轻度体力活动目的：娱乐；上月活动：以上都没有
上网信息：是否使用互联网：否
子女信息：子女总数：2个；健在子女数：2个；第1子女：是否工作/上学：工作；婚姻状况：已婚且配偶同住；过去一年同住月数：2个月；见面频率：每三月；电话/短信/微信联系频率：每两周；第2子女：是否工作/上学：工作；婚姻状况：已婚且配偶同住；过去一年同住月数：2个月；见面频率：每月；电话/短信/微信联系频率：其他
工作信息：是否从事农业/家庭农活：无；是否已办理退休：否；是否在工作：是；过去一年总工作天数：300天"
117,241116304002,基础信息：性别：女；年龄：68岁；城乡类型：城/镇中心,教育信息：教育程度：未受教育,婚姻信息：婚姻状况：已婚且配偶同住；过去一年与配偶同住月数：12个月；上半年独自居住天数：0天；上半年仅与配偶同住天数：0天；上半年因不与别人同住而受影响程度：100,情绪信息：生活满意度：很满意；对子女满意度：很满意；因小事烦恼（过去一周）：少量（1–2天）；感到抑郁（过去一周）：少量（1–2天）；对未来抱有希望（过去一周）：大多数时候（5–7天）；感到孤独（过去一周）：几乎没有（<1天）；感到高兴（过去一周）：大多数时候（5–7天）；睡眠不安（过去一周）：少量（1–2天）,健康信息：自评健康状况：很好；医生诊断慢性病：未报告上述疾病；身体疼痛程度：一点；上月平均每天实际睡眠小时数：6小时；是否因健康/残疾不能工作：没问题；是否因健康/残疾不能做家事：没问题；多久接受他人帮助：从不,活动信息：高强度体力活动：是；高强度体力活动目的：锻炼；中等强度体力活动：是；中等强度体力活动目的：工作需要；轻度体力活动：是；轻度体力活动目的：锻炼；上月活动：以上都没有,上网信息：是否使用互联网：否,子女信息：子女总数：5个；健在子女数：5个；第1子女：是否工作/上学：工作；婚姻状况：已婚且配偶同住；过去一年同住月数：12个月；第2子女：是否工作/上学：工作；婚姻状况：已婚且配偶同住；过去一年同住月数：0个月；见面频率：每周1次,工作信息：是否从事农业/家庭农活：无；是否已办理退休：否；是否在工作：否；过去一年总工作天数：0天；上月是否在找工作：否,"基础信息：性别：女；年龄：68岁；城乡类型：城/镇中心
教育信息：教育程度：未受教育
婚姻信息：婚姻状况：已婚且配偶同住；过去一年与配偶同住月数：12个月；上半年独自居住天数：0天；上半年仅与配偶同住天数：0天；上半年因不与别人同住而受影响程度：100
情绪信息：生活满意度：很满意；对子女满意度：很满意；因小事烦恼（过去一周）：少量（1–2天）；感到抑郁（过去一周）：少量（1–2天）；对未来抱有希望（过去一周）：大多数时候（5–7天）；感到孤独（过去一周）：几乎没有（<1天）；感到高兴（过去一周）：大多数时候（5–7天）；睡眠不安（过去一周）：少量（1–2天）
健康信息：自评健康状况：很好；医生诊断慢性病：未报告上述疾病；身体疼痛程度：一点；上月平均每天实际睡眠小时数：6小时；是否因健康/残疾不能工作：没问题；是否因健康/残疾不能做家事：没问题；多久接受他人帮助：从不
活动信息：高强度体力活动：是；高强度体力活动目的：锻炼；中等强度体力活动：是；中等强度体力活动目的：工作需要；轻度体力活动：是；轻度体力活动目的：锻炼；上月活动：以上都没有
上网信息：是否使用互联网：否
子女信息：子女总数：5个；健在子女数：5个；第1子女：是否工作/上学：工作；婚姻状况：已婚且配偶同住；过去一年同住月数：12个月；第2子女：是否工作/上学：工作；婚姻状况：已婚且配偶同住；过去一年同住月数：0个月；见面频率：每周1次
工作信息：是否从事农业/家庭农活：无；是否已办理退休：否；是否在工作：否；过去一年总工作天数：0天；上月是否在找工作：否"
118,142403341002,基础信息：性别：男；年龄：56岁；现居住地地址类型：家庭住房；城乡类型：农村,教育信息：教育程度：小学,婚姻信息：婚姻状况：已婚且配偶同住；过去一年与配偶同住月数：6个月；上半年独自居住天数：60天；上半年仅与配偶同住天数：120天；上半年因不与别人同住而受影响程度：0,情绪信息：生活满意度：很满意；对子女满意度：很满意；因小事烦恼（过去一周）：几乎没有（<1天）；感到抑郁（过去一周）：几乎没有（<1天）；感到孤独（过去一周）：几乎没有（<1天）；感到高兴（过去一周）：大多数时候（5–7天）；睡眠不安（过去一周）：少量（1–2天）,健康信息：自评健康状况：一般；医生诊断慢性病：未报告上述疾病；身体疼痛程度：无；上月平均每天实际睡眠小时数：10小时；是否因健康/残疾不能工作：没问题；是否因健康/残疾不能做家事：没问题；多久接受他人帮助：从不,活动信息：高强度体力活动：否；中等强度体力活动：是；中等强度体力活动目的：工作需要；轻度体力活动：是；轻度体力活动目的：工作需要；上月活动：与朋友交往（几乎每周）,上网信息：是否使用互联网：是；上网设备：手机；上网用途：聊天、看新闻、看视频；是否用手机支付：是；是否使用微信：是；是否使用微信朋友圈：是,子女信息：子女总数：2个；健在子女数：2个；第1子女：是否工作/上学：工作；婚姻状况：已婚且配偶同住；过去一年同住月数：0个月；见面频率：其他；电话/短信/微信联系频率：每周2–3次；第2子女：是否工作/上学：工作；婚姻状况：已婚且配偶同住；过去一年同住月数：0个月；见面频率：每年；电话/短信/微信联系频率：每周2–3次,工作信息：是否从事农业/家庭农活：有；是否已办理退休：否；是否在工作：是；过去一年总工作天数：150天,"基础信息：性别：男；年龄：56岁；现居住地地址类型：家庭住房；城乡类型：农村
教育信息：教育程度：小学
婚姻信息：婚姻状况：已婚且配偶同住；过去一年与配偶同住月数：6个月；上半年独自居住天数：60天；上半年仅与配偶同住天数：120天；上半年因不与别人同住而受影响程度：0
情绪信息：生活满意度：很满意；对子女满意度：很满意；因小事烦恼（过去一周）：几乎没有（<1天）；感到抑郁（过去一周）：几乎没有（<1天）；感到孤独（过去一周）：几乎没有（<1天）；感到高兴（过去一周）：大多数时候（5–7天）；睡眠不安（过去一周）：少量（1–2天）
健康信息：自评健康状况：一般；医生诊断慢性病：未报告上述疾病；身体疼痛程度：无；上月平均每天实际睡眠小时数：10小时；是否因健康/残疾不能工作：没问题；是否因健康/残疾不能做家事：没问题；多久接受他人帮助：从不
活动信息：高强度体力活动：否；中等强度体力活动：是；中等强度体力活动目的：工作需要；轻度体力活动：是；轻度体力活动目的：工作需要；上月活动：与朋友交往（几乎每周）
上网信息：是否使用互联网：是；上网设备：手机；上网用途：聊天、看新闻、看视频；是否用手机支付：是；是否使用微信：是；是否使用微信朋友圈：是
子女信息：子女总数：2个；健在子女数：2个；第1子女：是否工作/上学：工作；婚姻状况：已婚且配偶同住；过去一年同住月数：0个月；见面频率：其他；电话/短信/微信联系频率：每周2–3次；第2子女：是否工作/上学：工作；婚姻状况：已婚且配偶同住；过去一年同住月数：0个月；见面频率：每年；电话/短信/微信联系频率：每周2–3次
工作信息：是否从事农业/家庭农活：有；是否已办理退休：否；是否在工作：是；过去一年总工作天数：150天"
119,56604129001,基础信息：性别：女；年龄：72岁；城乡类型：农村,教育信息：教育程度：未受教育,婚姻信息：婚姻状况：已婚且配偶同住；过去一年与配偶同住月数：12个月；上半年独自居住天数：0天；上半年仅与配偶同住天数：180天；上半年因不与别人同住而受影响程度：0,情绪信息：生活满意度：有点满意；对子女满意度：不太满意；因小事烦恼（过去一周）：有时/中等（3–4天）；感到孤独（过去一周）：几乎没有（<1天）；感到高兴（过去一周）：大多数时候（5–7天）；睡眠不安（过去一周）：几乎没有（<1天）,健康信息：自评健康状况：差；医生诊断慢性病：未报告上述疾病；身体疼痛程度：一点；上月平均每天实际睡眠小时数：7小时；是否因健康/残疾不能工作：没问题；是否因健康/残疾不能做家事：没问题；多久接受他人帮助：从不,活动信息：高强度体力活动：是；高强度体力活动目的：工作需要；中等强度体力活动：是；中等强度体力活动目的：工作需要；轻度体力活动：是；轻度体力活动目的：锻炼；上月活动：以上都没有,上网信息：是否使用互联网：否,子女信息：子女总数：2个；健在子女数：2个；第1子女：是否工作/上学：都不；婚姻状况：分居；过去一年同住月数：0个月；见面频率：几乎不见/不联系；电话/短信/微信联系频率：几乎不见/不联系；第2子女：是否工作/上学：工作；婚姻状况：已婚且配偶同住；过去一年同住月数：0个月；见面频率：每年；电话/短信/微信联系频率：每月,工作信息：是否从事农业/家庭农活：有；是否已办理退休：否；是否在工作：是；过去一年总工作天数：336天,"基础信息：性别：女；年龄：72岁；城乡类型：农村
教育信息：教育程度：未受教育
婚姻信息：婚姻状况：已婚且配偶同住；过去一年与配偶同住月数：12个月；上半年独自居住天数：0天；上半年仅与配偶同住天数：180天；上半年因不与别人同住而受影响程度：0
情绪信息：生活满意度：有点满意；对子女满意度：不太满意；因小事烦恼（过去一周）：有时/中等（3–4天）；感到孤独（过去一周）：几乎没有（<1天）；感到高兴（过去一周）：大多数时候（5–7天）；睡眠不安（过去一周）：几乎没有（<1天）
健康信息：自评健康状况：差；医生诊断慢性病：未报告上述疾病；身体疼痛程度：一点；上月平均每天实际睡眠小时数：7小时；是否因健康/残疾不能工作：没问题；是否因健康/残疾不能做家事：没问题；多久接受他人帮助：从不
活动信息：高强度体力活动：是；高强度体力活动目的：工作需要；中等强度体力活动：是；中等强度体力活动目的：工作需要；轻度体力活动：是；轻度体力活动目的：锻炼；上月活动：以上都没有
上网信息：是否使用互联网：否
子女信息：子女总数：2个；健在子女数：2个；第1子女：是否工作/上学：都不；婚姻状况：分居；过去一年同住月数：0个月；见面频率：几乎不见/不联系；电话/短信/微信联系频率：几乎不见/不联系；第2子女：是否工作/上学：工作；婚姻状况：已婚且配偶同住；过去一年同住月数：0个月；见面频率：每年；电话/短信/微信联系频率：每月
工作信息：是否从事农业/家庭农活：有；是否已办理退休：否；是否在工作：是；过去一年总工作天数：336天"
120,72428222002,基础信息：性别：男；年龄：56岁；城乡类型：城/镇中心,教育信息：教育程度：初中,婚姻信息：婚姻状况：已婚且配偶同住；过去一年与配偶同住月数：12个月；上半年独自居住天数：0天；上半年仅与配偶同住天数：180天；上半年因不与别人同住而受影响程度：0,情绪信息：生活满意度：很满意；对子女满意度：有点满意；因小事烦恼（过去一周）：有时/中等（3–4天）；感到抑郁（过去一周）：少量（1–2天）；对未来抱有希望（过去一周）：有时/中等（3–4天）；感到孤独（过去一周）：几乎没有（<1天）；感到高兴（过去一周）：大多数时候（5–7天）；睡眠不安（过去一周）：大多数时候（5–7天）,健康信息：自评健康状况：一般；医生诊断慢性病：糖尿病或高血糖；身体疼痛程度：无；上月平均每天实际睡眠小时数：6小时；是否因健康/残疾不能工作：没问题；是否因健康/残疾不能做家事：没问题；多久接受他人帮助：从不,活动信息：高强度体力活动：否；中等强度体力活动：否；轻度体力活动：是；轻度体力活动目的：其他；上月活动：打麻将/下棋/打牌/去社区活动室（几乎每周）,上网信息：是否使用互联网：否,子女信息：子女总数：1个；健在子女数：1个；第1子女：是否工作/上学：工作；婚姻状况：分居；过去一年同住月数：1个月；见面频率：每周2–3次,工作信息：是否从事农业/家庭农活：无；是否已办理退休：否；是否在工作：是；过去一年总工作天数：60天,"基础信息：性别：男；年龄：56岁；城乡类型：城/镇中心
教育信息：教育程度：初中
婚姻信息：婚姻状况：已婚且配偶同住；过去一年与配偶同住月数：12个月；上半年独自居住天数：0天；上半年仅与配偶同住天数：180天；上半年因不与别人同住而受影响程度：0
情绪信息：生活满意度：很满意；对子女满意度：有点满意；因小事烦恼（过去一周）：有时/中等（3–4天）；感到抑郁（过去一周）：少量（1–2天）；对未来抱有希望（过去一周）：有时/中等（3–4天）；感到孤独（过去一周）：几乎没有（<1天）；感到高兴（过去一周）：大多数时候（5–7天）；睡眠不安（过去一周）：大多数时候（5–7天）
健康信息：自评健康状况：一般；医生诊断慢性病：糖尿病或高血糖；身体疼痛程度：无；上月平均每天实际睡眠小时数：6小时；是否因健康/残疾不能工作：没问题；是否因健康/残疾不能做家事：没问题；多久接受他人帮助：从不
活动信息：高强度体力活动：否；中等强度体力活动：否；轻度体力活动：是；轻度体力活动目的：其他；上月活动：打麻将/下棋/打牌/去社区活动室（几乎每周）
上网信息：是否使用互联网：否
子女信息：子女总数：1个；健在子女数：1个；第1子女：是否工作/上学：工作；婚姻状况：分居；过去一年同住月数：1个月；见面频率：每周2–3次
工作信息：是否从事农业/家庭农活：无；是否已办理退休：否；是否在工作：是；过去一年总工作天数：60天"
121,141154304002,基础信息：性别：女；年龄：58岁；城乡类型：农村,教育信息：教育程度：小学,婚姻信息：婚姻状况：已婚且配偶同住；过去一年与配偶同住月数：12个月；上半年独自居住天数：0天；上半年仅与配偶同住天数：180天；上半年因不与别人同住而受影响程度：0,情绪信息：生活满意度：很满意；对子女满意度：很满意；因小事烦恼（过去一周）：有时/中等（3–4天）；感到抑郁（过去一周）：大多数时候（5–7天）；对未来抱有希望（过去一周）：大多数时候（5–7天）；感到孤独（过去一周）：几乎没有（<1天）；感到高兴（过去一周）：大多数时候（5–7天）；睡眠不安（过去一周）：几乎没有（<1天）,健康信息：自评健康状况：很好；医生诊断慢性病：未报告上述疾病；身体疼痛程度：无；上月平均每天实际睡眠小时数：12小时；是否因健康/残疾不能工作：没问题；是否因健康/残疾不能做家事：没问题；多久接受他人帮助：从不,活动信息：高强度体力活动：是；高强度体力活动目的：工作需要；中等强度体力活动：是；中等强度体力活动目的：工作需要；轻度体力活动：是；轻度体力活动目的：工作需要；上月活动：以上都没有,上网信息：是否使用互联网：是；上网设备：手机；上网用途：聊天、看新闻、看视频；是否用手机支付：否；是否使用微信：是；是否使用微信朋友圈：否,子女信息：子女总数：2个；健在子女数：2个；第1子女：是否工作/上学：工作；婚姻状况：已婚且配偶同住；过去一年同住月数：0个月；见面频率：每周1次；第2子女：是否工作/上学：工作；婚姻状况：已婚且配偶同住；过去一年同住月数：1个月；见面频率：几乎不见/不联系；电话/短信/微信联系频率：几乎每天,工作信息：是否从事农业/家庭农活：有；是否已办理退休：否；是否在工作：是；过去一年总工作天数：84天,"基础信息：性别：女；年龄：58岁；城乡类型：农村
教育信息：教育程度：小学
婚姻信息：婚姻状况：已婚且配偶同住；过去一年与配偶同住月数：12个月；上半年独自居住天数：0天；上半年仅与配偶同住天数：180天；上半年因不与别人同住而受影响程度：0
情绪信息：生活满意度：很满意；对子女满意度：很满意；因小事烦恼（过去一周）：有时/中等（3–4天）；感到抑郁（过去一周）：大多数时候（5–7天）；对未来抱有希望（过去一周）：大多数时候（5–7天）；感到孤独（过去一周）：几乎没有（<1天）；感到高兴（过去一周）：大多数时候（5–7天）；睡眠不安（过去一周）：几乎没有（<1天）
健康信息：自评健康状况：很好；医生诊断慢性病：未报告上述疾病；身体疼痛程度：无；上月平均每天实际睡眠小时数：12小时；是否因健康/残疾不能工作：没问题；是否因健康/残疾不能做家事：没问题；多久接受他人帮助：从不
活动信息：高强度体力活动：是；高强度体力活动目的：工作需要；中等强度体力活动：是；中等强度体力活动目的：工作需要；轻度体力活动：是；轻度体力活动目的：工作需要；上月活动：以上都没有
上网信息：是否使用互联网：是；上网设备：手机；上网用途：聊天、看新闻、看视频；是否用手机支付：否；是否使用微信：是；是否使用微信朋友圈：否
子女信息：子女总数：2个；健在子女数：2个；第1子女：是否工作/上学：工作；婚姻状况：已婚且配偶同住；过去一年同住月数：0个月；见面频率：每周1次；第2子女：是否工作/上学：工作；婚姻状况：已婚且配偶同住；过去一年同住月数：1个月；见面频率：几乎不见/不联系；电话/短信/微信联系频率：几乎每天
工作信息：是否从事农业/家庭农活：有；是否已办理退休：否；是否在工作：是；过去一年总工作天数：84天"
122,294099231003,基础信息：性别：男；年龄：47岁；城乡类型：农村,教育信息：教育程度：高中,婚姻信息：婚姻状况：已婚且配偶同住；过去一年与配偶同住月数：12个月；上半年独自居住天数：0天；上半年仅与配偶同住天数：182天；上半年因不与别人同住而受影响程度：0,情绪信息：生活满意度：很满意；对子女满意度：很满意；因小事烦恼（过去一周）：大多数时候（5–7天）；感到抑郁（过去一周）：几乎没有（<1天）；对未来抱有希望（过去一周）：大多数时候（5–7天）；感到孤独（过去一周）：几乎没有（<1天）；感到高兴（过去一周）：大多数时候（5–7天）；睡眠不安（过去一周）：大多数时候（5–7天）,健康信息：自评健康状况：一般；医生诊断慢性病：未报告上述疾病；身体疼痛程度：无；上月平均每天实际睡眠小时数：6小时；是否因健康/残疾不能工作：没问题；是否因健康/残疾不能做家事：没问题；多久接受他人帮助：从不,活动信息：高强度体力活动：否；中等强度体力活动：是；中等强度体力活动目的：娱乐；轻度体力活动：是；轻度体力活动目的：锻炼；上月活动：以上都没有,上网信息：是否使用互联网：是；上网设备：手机；上网用途：看新闻、看视频、其他；是否用手机支付：是；是否使用微信：是；是否使用微信朋友圈：是,子女信息：子女总数：2个；健在子女数：2个；第1子女：是否工作/上学：工作；婚姻状况：已婚且配偶同住；过去一年同住月数：0个月；见面频率：每月；电话/短信/微信联系频率：每两周；第2子女：是否工作/上学：上学；婚姻状况：未婚；过去一年同住月数：12个月,工作信息：是否从事农业/家庭农活：无；是否已办理退休：否；是否在工作：是；过去一年总工作天数：300天,"基础信息：性别：男；年龄：47岁；城乡类型：农村
教育信息：教育程度：高中
婚姻信息：婚姻状况：已婚且配偶同住；过去一年与配偶同住月数：12个月；上半年独自居住天数：0天；上半年仅与配偶同住天数：182天；上半年因不与别人同住而受影响程度：0
情绪信息：生活满意度：很满意；对子女满意度：很满意；因小事烦恼（过去一周）：大多数时候（5–7天）；感到抑郁（过去一周）：几乎没有（<1天）；对未来抱有希望（过去一周）：大多数时候（5–7天）；感到孤独（过去一周）：几乎没有（<1天）；感到高兴（过去一周）：大多数时候（5–7天）；睡眠不安（过去一周）：大多数时候（5–7天）
健康信息：自评健康状况：一般；医生诊断慢性病：未报告上述疾病；身体疼痛程度：无；上月平均每天实际睡眠小时数：6小时；是否因健康/残疾不能工作：没问题；是否因健康/残疾不能做家事：没问题；多久接受他人帮助：从不
活动信息：高强度体力活动：否；中等强度体力活动：是；中等强度体力活动目的：娱乐；轻度体力活动：是；轻度体力活动目的：锻炼；上月活动：以上都没有
上网信息：是否使用互联网：是；上网设备：手机；上网用途：看新闻、看视频、其他；是否用手机支付：是；是否使用微信：是；是否使用微信朋友圈：是
子女信息：子女总数：2个；健在子女数：2个；第1子女：是否工作/上学：工作；婚姻状况：已婚且配偶同住；过去一年同住月数：0个月；见面频率：每月；电话/短信/微信联系频率：每两周；第2子女：是否工作/上学：上学；婚姻状况：未婚；过去一年同住月数：12个月
工作信息：是否从事农业/家庭农活：无；是否已办理退休：否；是否在工作：是；过去一年总工作天数：300天"
123,34043123001,基础信息：性别：女；年龄：54岁；城乡类型：农村,教育信息：教育程度：未受教育,婚姻信息：婚姻状况：已婚且配偶同住；过去一年与配偶同住月数：12个月；上半年独自居住天数：0天；上半年仅与配偶同住天数：120天；上半年因不与别人同住而受影响程度：0,情绪信息：生活满意度：有点满意；对子女满意度：很满意；因小事烦恼（过去一周）：几乎没有（<1天）；感到抑郁（过去一周）：几乎没有（<1天）；对未来抱有希望（过去一周）：几乎没有（<1天）；感到孤独（过去一周）：几乎没有（<1天）；感到高兴（过去一周）：几乎没有（<1天）；睡眠不安（过去一周）：几乎没有（<1天）,健康信息：自评健康状况：差；医生诊断慢性病：未报告上述疾病；身体疼痛程度：一点；上月平均每天实际睡眠小时数：5小时；是否因健康/残疾不能工作：没问题；是否因健康/残疾不能做家事：没问题；多久接受他人帮助：偶尔,活动信息：高强度体力活动：是；高强度体力活动目的：工作需要；中等强度体力活动：是；中等强度体力活动目的：工作需要；轻度体力活动：是；轻度体力活动目的：工作需要；上月活动：与朋友交往（几乎每周）、打麻将/下棋/打牌/去社区活动室（几乎每周）,上网信息：是否使用互联网：是；上网设备：手机；上网用途：聊天、看视频；是否用手机支付：是；是否使用微信：是；是否使用微信朋友圈：是,子女信息：子女总数：4个；健在子女数：4个；第1子女：是否工作/上学：工作；婚姻状况：未婚；过去一年同住月数：0个月；见面频率：每月；电话/短信/微信联系频率：每周2–3次；第2子女：是否工作/上学：工作；婚姻状况：未婚；过去一年同住月数：0个月；见面频率：每月；电话/短信/微信联系频率：每周2–3次,工作信息：是否从事农业/家庭农活：有；是否已办理退休：否；是否在工作：是；过去一年总工作天数：80天,"基础信息：性别：女；年龄：54岁；城乡类型：农村
教育信息：教育程度：未受教育
婚姻信息：婚姻状况：已婚且配偶同住；过去一年与配偶同住月数：12个月；上半年独自居住天数：0天；上半年仅与配偶同住天数：120天；上半年因不与别人同住而受影响程度：0
情绪信息：生活满意度：有点满意；对子女满意度：很满意；因小事烦恼（过去一周）：几乎没有（<1天）；感到抑郁（过去一周）：几乎没有（<1天）；对未来抱有希望（过去一周）：几乎没有（<1天）；感到孤独（过去一周）：几乎没有（<1天）；感到高兴（过去一周）：几乎没有（<1天）；睡眠不安（过去一周）：几乎没有（<1天）
健康信息：自评健康状况：差；医生诊断慢性病：未报告上述疾病；身体疼痛程度：一点；上月平均每天实际睡眠小时数：5小时；是否因健康/残疾不能工作：没问题；是否因健康/残疾不能做家事：没问题；多久接受他人帮助：偶尔
活动信息：高强度体力活动：是；高强度体力活动目的：工作需要；中等强度体力活动：是；中等强度体力活动目的：工作需要；轻度体力活动：是；轻度体力活动目的：工作需要；上月活动：与朋友交往（几乎每周）、打麻将/下棋/打牌/去社区活动室（几乎每周）
上网信息：是否使用互联网：是；上网设备：手机；上网用途：聊天、看视频；是否用手机支付：是；是否使用微信：是；是否使用微信朋友圈：是
子女信息：子女总数：4个；健在子女数：4个；第1子女：是否工作/上学：工作；婚姻状况：未婚；过去一年同住月数：0个月；见面频率：每月；电话/短信/微信联系频率：每周2–3次；第2子女：是否工作/上学：工作；婚姻状况：未婚；过去一年同住月数：0个月；见面频率：每月；电话/短信/微信联系频率：每周2–3次
工作信息：是否从事农业/家庭农活：有；是否已办理退休：否；是否在工作：是；过去一年总工作天数：80天"
124,274951110001,基础信息：性别：男；年龄：65岁；城乡类型：农村,教育信息：教育程度：小学,婚姻信息：婚姻状况：已婚且配偶同住；过去一年与配偶同住月数：12个月；上半年独自居住天数：0天；上半年仅与配偶同住天数：120天；上半年因不与别人同住而受影响程度：80,情绪信息：生活满意度：很满意；对子女满意度：很满意；因小事烦恼（过去一周）：几乎没有（<1天）；感到抑郁（过去一周）：几乎没有（<1天）；对未来抱有希望（过去一周）：有时/中等（3–4天）；感到孤独（过去一周）：几乎没有（<1天）；感到高兴（过去一周）：几乎没有（<1天）；睡眠不安（过去一周）：几乎没有（<1天）,健康信息：自评健康状况：一般；医生诊断慢性病：高血压；身体疼痛程度：一点；上月平均每天实际睡眠小时数：9小时；是否因健康/残疾不能工作：没问题；是否因健康/残疾不能做家事：没问题；多久接受他人帮助：偶尔,活动信息：高强度体力活动：是；高强度体力活动目的：工作需要；中等强度体力活动：是；中等强度体力活动目的：工作需要；轻度体力活动：是；轻度体力活动目的：工作需要；上月活动：以上都没有,上网信息：是否使用互联网：否,子女信息：子女总数：5个；健在子女数：5个；第1子女：是否工作/上学：工作；婚姻状况：未婚；过去一年同住月数：3个月；见面频率：每三月；电话/短信/微信联系频率：每月；第2子女：是否工作/上学：工作；婚姻状况：已婚且配偶同住；过去一年同住月数：0个月；见面频率：每月；电话/短信/微信联系频率：几乎不见/不联系,工作信息：是否从事农业/家庭农活：有；是否已办理退休：否；是否在工作：是；过去一年总工作天数：350天,"基础信息：性别：男；年龄：65岁；城乡类型：农村
教育信息：教育程度：小学
婚姻信息：婚姻状况：已婚且配偶同住；过去一年与配偶同住月数：12个月；上半年独自居住天数：0天；上半年仅与配偶同住天数：120天；上半年因不与别人同住而受影响程度：80
情绪信息：生活满意度：很满意；对子女满意度：很满意；因小事烦恼（过去一周）：几乎没有（<1天）；感到抑郁（过去一周）：几乎没有（<1天）；对未来抱有希望（过去一周）：有时/中等（3–4天）；感到孤独（过去一周）：几乎没有（<1天）；感到高兴（过去一周）：几乎没有（<1天）；睡眠不安（过去一周）：几乎没有（<1天）
健康信息：自评健康状况：一般；医生诊断慢性病：高血压；身体疼痛程度：一点；上月平均每天实际睡眠小时数：9小时；是否因健康/残疾不能工作：没问题；是否因健康/残疾不能做家事：没问题；多久接受他人帮助：偶尔
活动信息：高强度体力活动：是；高强度体力活动目的：工作需要；中等强度体力活动：是；中等强度体力活动目的：工作需要；轻度体力活动：是；轻度体力活动目的：工作需要；上月活动：以上都没有
上网信息：是否使用互联网：否
子女信息：子女总数：5个；健在子女数：5个；第1子女：是否工作/上学：工作；婚姻状况：未婚；过去一年同住月数：3个月；见面频率：每三月；电话/短信/微信联系频率：每月；第2子女：是否工作/上学：工作；婚姻状况：已婚且配偶同住；过去一年同住月数：0个月；见面频率：每月；电话/短信/微信联系频率：几乎不见/不联系
工作信息：是否从事农业/家庭农活：有；是否已办理退休：否；是否在工作：是；过去一年总工作天数：350天"
125,34676116002,基础信息：性别：男；年龄：61岁；城乡类型：农村,教育信息：教育程度：未读完小学,婚姻信息：婚姻状况：已婚暂分居；过去一年与配偶同住月数：12个月；上半年独自居住天数：0天；上半年仅与配偶同住天数：0天,情绪信息：生活满意度：有点满意；对子女满意度：有点满意；因小事烦恼（过去一周）：几乎没有（<1天）；感到抑郁（过去一周）：几乎没有（<1天）；对未来抱有希望（过去一周）：少量（1–2天）；感到孤独（过去一周）：几乎没有（<1天）；感到高兴（过去一周）：大多数时候（5–7天）；睡眠不安（过去一周）：几乎没有（<1天）,健康信息：自评健康状况：一般；医生诊断慢性病：血脂异常、糖尿病或高血糖；身体疼痛程度：无；上月平均每天实际睡眠小时数：8小时；是否因健康/残疾不能工作：没问题；是否因健康/残疾不能做家事：没问题；多久接受他人帮助：从不,活动信息：高强度体力活动：是；高强度体力活动目的：工作需要；中等强度体力活动：是；中等强度体力活动目的：工作需要；轻度体力活动：是；轻度体力活动目的：工作需要；上月活动：打麻将/下棋/打牌/去社区活动室（不规律）,上网信息：是否使用互联网：是；上网设备：手机；上网用途：看新闻、看视频；是否用手机支付：否；是否使用微信：是；是否使用微信朋友圈：否,子女信息：子女总数：2个；健在子女数：2个；第1子女：是否工作/上学：工作；婚姻状况：未婚；过去一年同住月数：6个月；见面频率：每三月；电话/短信/微信联系频率：每周1次；第2子女：是否工作/上学：工作；婚姻状况：已婚且配偶同住；过去一年同住月数：0个月；见面频率：每年；电话/短信/微信联系频率：每周2–3次,工作信息：是否从事农业/家庭农活：有；是否已办理退休：否；是否在工作：是；过去一年总工作天数：176天,"基础信息：性别：男；年龄：61岁；城乡类型：农村
教育信息：教育程度：未读完小学
婚姻信息：婚姻状况：已婚暂分居；过去一年与配偶同住月数：12个月；上半年独自居住天数：0天；上半年仅与配偶同住天数：0天
情绪信息：生活满意度：有点满意；对子女满意度：有点满意；因小事烦恼（过去一周）：几乎没有（<1天）；感到抑郁（过去一周）：几乎没有（<1天）；对未来抱有希望（过去一周）：少量（1–2天）；感到孤独（过去一周）：几乎没有（<1天）；感到高兴（过去一周）：大多数时候（5–7天）；睡眠不安（过去一周）：几乎没有（<1天）
健康信息：自评健康状况：一般；医生诊断慢性病：血脂异常、糖尿病或高血糖；身体疼痛程度：无；上月平均每天实际睡眠小时数：8小时；是否因健康/残疾不能工作：没问题；是否因健康/残疾不能做家事：没问题；多久接受他人帮助：从不
活动信息：高强度体力活动：是；高强度体力活动目的：工作需要；中等强度体力活动：是；中等强度体力活动目的：工作需要；轻度体力活动：是；轻度体力活动目的：工作需要；上月活动：打麻将/下棋/打牌/去社区活动室（不规律）
上网信息：是否使用互联网：是；上网设备：手机；上网用途：看新闻、看视频；是否用手机支付：否；是否使用微信：是；是否使用微信朋友圈：否
子女信息：子女总数：2个；健在子女数：2个；第1子女：是否工作/上学：工作；婚姻状况：未婚；过去一年同住月数：6个月；见面频率：每三月；电话/短信/微信联系频率：每周1次；第2子女：是否工作/上学：工作；婚姻状况：已婚且配偶同住；过去一年同住月数：0个月；见面频率：每年；电话/短信/微信联系频率：每周2–3次
工作信息：是否从事农业/家庭农活：有；是否已办理退休：否；是否在工作：是；过去一年总工作天数：176天"
126,175531321001,基础信息：性别：女；年龄：60岁；城乡类型：农村,教育信息：教育程度：未读完小学,婚姻信息：婚姻状况：丧偶；是否有人以配偶身份同住：否；上半年独自居住天数：172天；上半年因不与别人同住而受影响程度：60,情绪信息：生活满意度：有点满意；对子女满意度：有点满意；因小事烦恼（过去一周）：几乎没有（<1天）；感到抑郁（过去一周）：几乎没有（<1天）；对未来抱有希望（过去一周）：几乎没有（<1天）；感到孤独（过去一周）：少量（1–2天）；感到高兴（过去一周）：有时/中等（3–4天）；睡眠不安（过去一周）：几乎没有（<1天）,健康信息：自评健康状况：很好；医生诊断慢性病：未报告上述疾病；身体疼痛程度：有些；上月平均每天实际睡眠小时数：6小时；是否因健康/残疾不能工作：没问题；是否因健康/残疾不能做家事：没问题；多久接受他人帮助：从不,活动信息：高强度体力活动：是；高强度体力活动目的：工作需要；中等强度体力活动：是；中等强度体力活动目的：工作需要；轻度体力活动：是；轻度体力活动目的：娱乐；上月活动：与朋友交往（不规律）、打麻将/下棋/打牌/去社区活动室（不规律）、其他活动（不规律）,上网信息：是否使用互联网：否,子女信息：子女总数：3个；健在子女数：3个；第1子女：是否工作/上学：工作；婚姻状况：已婚且配偶同住；过去一年同住月数：0个月；见面频率：每周1次；第2子女：是否工作/上学：工作；婚姻状况：已婚且配偶同住；过去一年同住月数：1个月；见面频率：其他；电话/短信/微信联系频率：每周1次,工作信息：是否从事农业/家庭农活：有；是否已办理退休：否；是否在工作：是；过去一年总工作天数：130天,"基础信息：性别：女；年龄：60岁；城乡类型：农村
教育信息：教育程度：未读完小学
婚姻信息：婚姻状况：丧偶；是否有人以配偶身份同住：否；上半年独自居住天数：172天；上半年因不与别人同住而受影响程度：60
情绪信息：生活满意度：有点满意；对子女满意度：有点满意；因小事烦恼（过去一周）：几乎没有（<1天）；感到抑郁（过去一周）：几乎没有（<1天）；对未来抱有希望（过去一周）：几乎没有（<1天）；感到孤独（过去一周）：少量（1–2天）；感到高兴（过去一周）：有时/中等（3–4天）；睡眠不安（过去一周）：几乎没有（<1天）
健康信息：自评健康状况：很好；医生诊断慢性病：未报告上述疾病；身体疼痛程度：有些；上月平均每天实际睡眠小时数：6小时；是否因健康/残疾不能工作：没问题；是否因健康/残疾不能做家事：没问题；多久接受他人帮助：从不
活动信息：高强度体力活动：是；高强度体力活动目的：工作需要；中等强度体力活动：是；中等强度体力活动目的：工作需要；轻度体力活动：是；轻度体力活动目的：娱乐；上月活动：与朋友交往（不规律）、打麻将/下棋/打牌/去社区活动室（不规律）、其他活动（不规律）
上网信息：是否使用互联网：否
子女信息：子女总数：3个；健在子女数：3个；第1子女：是否工作/上学：工作；婚姻状况：已婚且配偶同住；过去一年同住月数：0个月；见面频率：每周1次；第2子女：是否工作/上学：工作；婚姻状况：已婚且配偶同住；过去一年同住月数：1个月；见面频率：其他；电话/短信/微信联系频率：每周1次
工作信息：是否从事农业/家庭农活：有；是否已办理退休：否；是否在工作：是；过去一年总工作天数：130天"
127,321131210001,基础信息：性别：男；年龄：69岁；现居住地地址类型：其他；城乡类型：农村,教育信息：教育程度：未读完小学,婚姻信息：婚姻状况：已婚且配偶同住；过去一年与配偶同住月数：12个月；上半年独自居住天数：0天；上半年仅与配偶同住天数：180天；上半年因不与别人同住而受影响程度：0,情绪信息：生活满意度：很满意；对子女满意度：很满意；因小事烦恼（过去一周）：几乎没有（<1天）；感到抑郁（过去一周）：几乎没有（<1天）；对未来抱有希望（过去一周）：几乎没有（<1天）；感到孤独（过去一周）：几乎没有（<1天）；感到高兴（过去一周）：大多数时候（5–7天）；睡眠不安（过去一周）：几乎没有（<1天）,健康信息：自评健康状况：一般；医生诊断慢性病：未报告上述疾病；身体疼痛程度：无；上月平均每天实际睡眠小时数：8小时；是否因健康/残疾不能工作：不能长时间工作；是否因健康/残疾不能做家事：不能长时间；多久接受他人帮助：从不,活动信息：高强度体力活动：否；中等强度体力活动：否；轻度体力活动：是；轻度体力活动目的：其他；上月活动：以上都没有,上网信息：是否使用互联网：否,子女信息：子女总数：3个；健在子女数：3个；第1子女：是否工作/上学：工作；婚姻状况：已婚暂分居；过去一年同住月数：0个月；见面频率：每两周；电话/短信/微信联系频率：每三月；第2子女：是否工作/上学：工作；婚姻状况：已婚且配偶同住；过去一年同住月数：12个月,工作信息：是否从事农业/家庭农活：有；是否已办理退休：否；是否在工作：是；过去一年总工作天数：60天,"基础信息：性别：男；年龄：69岁；现居住地地址类型：其他；城乡类型：农村
教育信息：教育程度：未读完小学
婚姻信息：婚姻状况：已婚且配偶同住；过去一年与配偶同住月数：12个月；上半年独自居住天数：0天；上半年仅与配偶同住天数：180天；上半年因不与别人同住而受影响程度：0
情绪信息：生活满意度：很满意；对子女满意度：很满意；因小事烦恼（过去一周）：几乎没有（<1天）；感到抑郁（过去一周）：几乎没有（<1天）；对未来抱有希望（过去一周）：几乎没有（<1天）；感到孤独（过去一周）：几乎没有（<1天）；感到高兴（过去一周）：大多数时候（5–7天）；睡眠不安（过去一周）：几乎没有（<1天）
健康信息：自评健康状况：一般；医生诊断慢性病：未报告上述疾病；身体疼痛程度：无；上月平均每天实际睡眠小时数：8小时；是否因健康/残疾不能工作：不能长时间工作；是否因健康/残疾不能做家事：不能长时间；多久接受他人帮助：从不
活动信息：高强度体力活动：否；中等强度体力活动：否；轻度体力活动：是；轻度体力活动目的：其他；上月活动：以上都没有
上网信息：是否使用互联网：否
子女信息：子女总数：3个；健在子女数：3个；第1子女：是否工作/上学：工作；婚姻状况：已婚暂分居；过去一年同住月数：0个月；见面频率：每两周；电话/短信/微信联系频率：每三月；第2子女：是否工作/上学：工作；婚姻状况：已婚且配偶同住；过去一年同住月数：12个月
工作信息：是否从事农业/家庭农活：有；是否已办理退休：否；是否在工作：是；过去一年总工作天数：60天"
128,241116320001,基础信息：性别：女；年龄：65岁；城乡类型：城/镇中心,教育信息：教育程度：初中,婚姻信息：婚姻状况：离婚；是否有人以配偶身份同住：否；上半年独自居住天数：180天；上半年因不与别人同住而受影响程度：0,情绪信息：生活满意度：有点满意；对子女满意度：不太满意；因小事烦恼（过去一周）：大多数时候（5–7天）；感到抑郁（过去一周）：大多数时候（5–7天）；对未来抱有希望（过去一周）：几乎没有（<1天）；感到孤独（过去一周）：大多数时候（5–7天）；感到高兴（过去一周）：有时/中等（3–4天）；睡眠不安（过去一周）：大多数时候（5–7天）,健康信息：自评健康状况：一般；医生诊断慢性病：未报告上述疾病；身体疼痛程度：一点；上月平均每天实际睡眠小时数：0小时；是否因健康/残疾不能工作：不能长时间工作；是否因健康/残疾不能做家事：不能长时间；多久接受他人帮助：从不,活动信息：高强度体力活动：否；中等强度体力活动：是；中等强度体力活动目的：锻炼；轻度体力活动：是；轻度体力活动目的：锻炼；上月活动：与朋友交往（几乎每天）、打麻将/下棋/打牌/去社区活动室（不规律）、参加运动/社交等俱乐部（几乎每天）,上网信息：是否使用互联网：否,子女信息：子女总数：2个；健在子女数：2个；第1子女：是否工作/上学：都不；婚姻状况：已婚且配偶同住；过去一年同住月数：0个月；见面频率：几乎不见/不联系；电话/短信/微信联系频率：每三月；第2子女：是否工作/上学：都不；婚姻状况：已婚且配偶同住；过去一年同住月数：1个月；见面频率：每年；电话/短信/微信联系频率：每三月,工作信息：是否从事农业/家庭农活：无；是否在工作：否；过去一年总工作天数：0天；上月是否在找工作：否,"基础信息：性别：女；年龄：65岁；城乡类型：城/镇中心
教育信息：教育程度：初中
婚姻信息：婚姻状况：离婚；是否有人以配偶身份同住：否；上半年独自居住天数：180天；上半年因不与别人同住而受影响程度：0
情绪信息：生活满意度：有点满意；对子女满意度：不太满意；因小事烦恼（过去一周）：大多数时候（5–7天）；感到抑郁（过去一周）：大多数时候（5–7天）；对未来抱有希望（过去一周）：几乎没有（<1天）；感到孤独（过去一周）：大多数时候（5–7天）；感到高兴（过去一周）：有时/中等（3–4天）；睡眠不安（过去一周）：大多数时候（5–7天）
健康信息：自评健康状况：一般；医生诊断慢性病：未报告上述疾病；身体疼痛程度：一点；上月平均每天实际睡眠小时数：0小时；是否因健康/残疾不能工作：不能长时间工作；是否因健康/残疾不能做家事：不能长时间；多久接受他人帮助：从不
活动信息：高强度体力活动：否；中等强度体力活动：是；中等强度体力活动目的：锻炼；轻度体力活动：是；轻度体力活动目的：锻炼；上月活动：与朋友交往（几乎每天）、打麻将/下棋/打牌/去社区活动室（不规律）、参加运动/社交等俱乐部（几乎每天）
上网信息：是否使用互联网：否
子女信息：子女总数：2个；健在子女数：2个；第1子女：是否工作/上学：都不；婚姻状况：已婚且配偶同住；过去一年同住月数：0个月；见面频率：几乎不见/不联系；电话/短信/微信联系频率：每三月；第2子女：是否工作/上学：都不；婚姻状况：已婚且配偶同住；过去一年同住月数：1个月；见面频率：每年；电话/短信/微信联系频率：每三月
工作信息：是否从事农业/家庭农活：无；是否在工作：否；过去一年总工作天数：0天；上月是否在找工作：否"
129,244056227001,基础信息：性别：男；年龄：49岁；城乡类型：城乡结合部/镇乡,教育信息：教育程度：未读完小学,婚姻信息：婚姻状况：已婚且配偶同住；过去一年与配偶同住月数：12个月；上半年独自居住天数：0天；上半年仅与配偶同住天数：0天,情绪信息：生活满意度：有点满意；对子女满意度：有点满意；因小事烦恼（过去一周）：几乎没有（<1天）；感到抑郁（过去一周）：几乎没有（<1天）；对未来抱有希望（过去一周）：几乎没有（<1天）；感到孤独（过去一周）：几乎没有（<1天）；感到高兴（过去一周）：几乎没有（<1天）；睡眠不安（过去一周）：几乎没有（<1天）,健康信息：自评健康状况：一般；医生诊断慢性病：未报告上述疾病；身体疼痛程度：无；上月平均每天实际睡眠小时数：7小时；是否因健康/残疾不能工作：没问题；是否因健康/残疾不能做家事：没问题；多久接受他人帮助：从不,活动信息：高强度体力活动：否；中等强度体力活动：否；轻度体力活动：是；轻度体力活动目的：锻炼；上月活动：以上都没有,上网信息：是否使用互联网：是；上网设备：手机；上网用途：看视频、其他；是否用手机支付：是；是否使用微信：是；是否使用微信朋友圈：否,子女信息：子女总数：2个；健在子女数：2个；第1子女：是否工作/上学：工作；婚姻状况：已婚且配偶同住；过去一年同住月数：12个月；第2子女：是否工作/上学：上学；婚姻状况：未婚；过去一年同住月数：2个月；见面频率：每周1次,工作信息：是否从事农业/家庭农活：无；是否已办理退休：否；是否在工作：是；过去一年总工作天数：330天,"基础信息：性别：男；年龄：49岁；城乡类型：城乡结合部/镇乡
教育信息：教育程度：未读完小学
婚姻信息：婚姻状况：已婚且配偶同住；过去一年与配偶同住月数：12个月；上半年独自居住天数：0天；上半年仅与配偶同住天数：0天
情绪信息：生活满意度：有点满意；对子女满意度：有点满意；因小事烦恼（过去一周）：几乎没有（<1天）；感到抑郁（过去一周）：几乎没有（<1天）；对未来抱有希望（过去一周）：几乎没有（<1天）；感到孤独（过去一周）：几乎没有（<1天）；感到高兴（过去一周）：几乎没有（<1天）；睡眠不安（过去一周）：几乎没有（<1天）
健康信息：自评健康状况：一般；医生诊断慢性病：未报告上述疾病；身体疼痛程度：无；上月平均每天实际睡眠小时数：7小时；是否因健康/残疾不能工作：没问题；是否因健康/残疾不能做家事：没问题；多久接受他人帮助：从不
活动信息：高强度体力活动：否；中等强度体力活动：否；轻度体力活动：是；轻度体力活动目的：锻炼；上月活动：以上都没有
上网信息：是否使用互联网：是；上网设备：手机；上网用途：看视频、其他；是否用手机支付：是；是否使用微信：是；是否使用微信朋友圈：否
子女信息：子女总数：2个；健在子女数：2个；第1子女：是否工作/上学：工作；婚姻状况：已婚且配偶同住；过去一年同住月数：12个月；第2子女：是否工作/上学：上学；婚姻状况：未婚；过去一年同住月数：2个月；见面频率：每周1次
工作信息：是否从事农业/家庭农活：无；是否已办理退休：否；是否在工作：是；过去一年总工作天数：330天"
130,74002112001,基础信息：性别：女；年龄：77岁；城乡类型：农村,教育信息：教育程度：未受教育,婚姻信息：婚姻状况：丧偶；是否有人以配偶身份同住：否；上半年独自居住天数：0天,情绪信息：生活满意度：很满意；对子女满意度：有点满意；因小事烦恼（过去一周）：少量（1–2天）；感到抑郁（过去一周）：少量（1–2天）；对未来抱有希望（过去一周）：有时/中等（3–4天）；感到孤独（过去一周）：几乎没有（<1天）；感到高兴（过去一周）：大多数时候（5–7天）；睡眠不安（过去一周）：几乎没有（<1天）,健康信息：自评健康状况：一般；医生诊断慢性病：未报告上述疾病；身体疼痛程度：无；上月平均每天实际睡眠小时数：6小时；是否因健康/残疾不能工作：没问题；是否因健康/残疾不能做家事：没问题；多久接受他人帮助：从不,活动信息：高强度体力活动：否；中等强度体力活动：否；轻度体力活动：是；轻度体力活动目的：锻炼；上月活动：参加运动/社交等俱乐部（几乎每天）,上网信息：是否使用互联网：否,子女信息：子女总数：5个；健在子女数：5个；第1子女：是否工作/上学：工作；婚姻状况：已婚且配偶同住；过去一年同住月数：0个月；见面频率：几乎每天；第2子女：是否工作/上学：都不；婚姻状况：已婚且配偶同住；过去一年同住月数：0个月；见面频率：每半年；电话/短信/微信联系频率：每月,工作信息：是否从事农业/家庭农活：无；是否已办理退休：否；是否在工作：否；过去一年总工作天数：0天；上月是否在找工作：否,"基础信息：性别：女；年龄：77岁；城乡类型：农村
教育信息：教育程度：未受教育
婚姻信息：婚姻状况：丧偶；是否有人以配偶身份同住：否；上半年独自居住天数：0天
情绪信息：生活满意度：很满意；对子女满意度：有点满意；因小事烦恼（过去一周）：少量（1–2天）；感到抑郁（过去一周）：少量（1–2天）；对未来抱有希望（过去一周）：有时/中等（3–4天）；感到孤独（过去一周）：几乎没有（<1天）；感到高兴（过去一周）：大多数时候（5–7天）；睡眠不安（过去一周）：几乎没有（<1天）
健康信息：自评健康状况：一般；医生诊断慢性病：未报告上述疾病；身体疼痛程度：无；上月平均每天实际睡眠小时数：6小时；是否因健康/残疾不能工作：没问题；是否因健康/残疾不能做家事：没问题；多久接受他人帮助：从不
活动信息：高强度体力活动：否；中等强度体力活动：否；轻度体力活动：是；轻度体力活动目的：锻炼；上月活动：参加运动/社交等俱乐部（几乎每天）
上网信息：是否使用互联网：否
子女信息：子女总数：5个；健在子女数：5个；第1子女：是否工作/上学：工作；婚姻状况：已婚且配偶同住；过去一年同住月数：0个月；见面频率：几乎每天；第2子女：是否工作/上学：都不；婚姻状况：已婚且配偶同住；过去一年同住月数：0个月；见面频率：每半年；电话/短信/微信联系频率：每月
工作信息：是否从事农业/家庭农活：无；是否已办理退休：否；是否在工作：否；过去一年总工作天数：0天；上月是否在找工作：否"
131,154058310002,基础信息：性别：女；年龄：53岁；城乡类型：城/镇中心,教育信息：教育程度：初中,婚姻信息：婚姻状况：已婚且配偶同住；过去一年与配偶同住月数：12个月；上半年独自居住天数：0天；上半年仅与配偶同住天数：182天；上半年因不与别人同住而受影响程度：0,情绪信息：生活满意度：很满意；对子女满意度：很满意；因小事烦恼（过去一周）：几乎没有（<1天）；感到抑郁（过去一周）：几乎没有（<1天）；对未来抱有希望（过去一周）：少量（1–2天）；感到孤独（过去一周）：几乎没有（<1天）；感到高兴（过去一周）：大多数时候（5–7天）；睡眠不安（过去一周）：几乎没有（<1天）,健康信息：自评健康状况：好；医生诊断慢性病：未报告上述疾病；身体疼痛程度：有些；上月平均每天实际睡眠小时数：6小时；是否因健康/残疾不能工作：没问题；是否因健康/残疾不能做家事：没问题；多久接受他人帮助：从不,活动信息：高强度体力活动：否；中等强度体力活动：否；轻度体力活动：是；轻度体力活动目的：娱乐；上月活动：与朋友交往（不规律）,上网信息：是否使用互联网：是；上网设备：手机；上网用途：聊天、看视频；是否用手机支付：是；是否使用微信：是；是否使用微信朋友圈：是,子女信息：子女总数：1个；健在子女数：1个；第1子女：是否工作/上学：都不；婚姻状况：已婚且配偶同住；过去一年同住月数：0个月；见面频率：每年；电话/短信/微信联系频率：每周1次,工作信息：是否从事农业/家庭农活：无；是否在工作：是；过去一年总工作天数：91天,"基础信息：性别：女；年龄：53岁；城乡类型：城/镇中心
教育信息：教育程度：初中
婚姻信息：婚姻状况：已婚且配偶同住；过去一年与配偶同住月数：12个月；上半年独自居住天数：0天；上半年仅与配偶同住天数：182天；上半年因不与别人同住而受影响程度：0
情绪信息：生活满意度：很满意；对子女满意度：很满意；因小事烦恼（过去一周）：几乎没有（<1天）；感到抑郁（过去一周）：几乎没有（<1天）；对未来抱有希望（过去一周）：少量（1–2天）；感到孤独（过去一周）：几乎没有（<1天）；感到高兴（过去一周）：大多数时候（5–7天）；睡眠不安（过去一周）：几乎没有（<1天）
健康信息：自评健康状况：好；医生诊断慢性病：未报告上述疾病；身体疼痛程度：有些；上月平均每天实际睡眠小时数：6小时；是否因健康/残疾不能工作：没问题；是否因健康/残疾不能做家事：没问题；多久接受他人帮助：从不
活动信息：高强度体力活动：否；中等强度体力活动：否；轻度体力活动：是；轻度体力活动目的：娱乐；上月活动：与朋友交往（不规律）
上网信息：是否使用互联网：是；上网设备：手机；上网用途：聊天、看视频；是否用手机支付：是；是否使用微信：是；是否使用微信朋友圈：是
子女信息：子女总数：1个；健在子女数：1个；第1子女：是否工作/上学：都不；婚姻状况：已婚且配偶同住；过去一年同住月数：0个月；见面频率：每年；电话/短信/微信联系频率：每周1次
工作信息：是否从事农业/家庭农活：无；是否在工作：是；过去一年总工作天数：91天"
132,266059202002,基础信息：性别：男；年龄：67岁；城乡类型：农村,教育信息：教育程度：初中,婚姻信息：婚姻状况：已婚且配偶同住；过去一年与配偶同住月数：12个月；上半年独自居住天数：0天；上半年仅与配偶同住天数：182天；上半年因不与别人同住而受影响程度：0,情绪信息：生活满意度：很满意；对子女满意度：很满意；因小事烦恼（过去一周）：几乎没有（<1天）；感到抑郁（过去一周）：几乎没有（<1天）；对未来抱有希望（过去一周）：大多数时候（5–7天）；感到孤独（过去一周）：几乎没有（<1天）；感到高兴（过去一周）：大多数时候（5–7天）；睡眠不安（过去一周）：几乎没有（<1天）,健康信息：自评健康状况：好；医生诊断慢性病：肾脏疾病；身体疼痛程度：无；上月平均每天实际睡眠小时数：6小时；是否因健康/残疾不能工作：没问题；是否因健康/残疾不能做家事：没问题；多久接受他人帮助：从不,活动信息：高强度体力活动：是；高强度体力活动目的：工作需要；中等强度体力活动：是；中等强度体力活动目的：工作需要；轻度体力活动：是；轻度体力活动目的：工作需要；上月活动：与朋友交往（不规律）、打麻将/下棋/打牌/去社区活动室（几乎每周）、帮助不住一起的家人朋友邻居（不规律）,上网信息：是否使用互联网：否,子女信息：子女总数：4个；健在子女数：4个；第1子女：是否工作/上学：工作；婚姻状况：已婚且配偶同住；过去一年同住月数：0个月；见面频率：每周1次；第2子女：是否工作/上学：工作；婚姻状况：已婚暂分居；过去一年同住月数：0个月；见面频率：每半年；电话/短信/微信联系频率：每月,工作信息：是否从事农业/家庭农活：有；是否已办理退休：否；是否在工作：是；过去一年总工作天数：182天,"基础信息：性别：男；年龄：67岁；城乡类型：农村
教育信息：教育程度：初中
婚姻信息：婚姻状况：已婚且配偶同住；过去一年与配偶同住月数：12个月；上半年独自居住天数：0天；上半年仅与配偶同住天数：182天；上半年因不与别人同住而受影响程度：0
情绪信息：生活满意度：很满意；对子女满意度：很满意；因小事烦恼（过去一周）：几乎没有（<1天）；感到抑郁（过去一周）：几乎没有（<1天）；对未来抱有希望（过去一周）：大多数时候（5–7天）；感到孤独（过去一周）：几乎没有（<1天）；感到高兴（过去一周）：大多数时候（5–7天）；睡眠不安（过去一周）：几乎没有（<1天）
健康信息：自评健康状况：好；医生诊断慢性病：肾脏疾病；身体疼痛程度：无；上月平均每天实际睡眠小时数：6小时；是否因健康/残疾不能工作：没问题；是否因健康/残疾不能做家事：没问题；多久接受他人帮助：从不
活动信息：高强度体力活动：是；高强度体力活动目的：工作需要；中等强度体力活动：是；中等强度体力活动目的：工作需要；轻度体力活动：是；轻度体力活动目的：工作需要；上月活动：与朋友交往（不规律）、打麻将/下棋/打牌/去社区活动室（几乎每周）、帮助不住一起的家人朋友邻居（不规律）
上网信息：是否使用互联网：否
子女信息：子女总数：4个；健在子女数：4个；第1子女：是否工作/上学：工作；婚姻状况：已婚且配偶同住；过去一年同住月数：0个月；见面频率：每周1次；第2子女：是否工作/上学：工作；婚姻状况：已婚暂分居；过去一年同住月数：0个月；见面频率：每半年；电话/短信/微信联系频率：每月
工作信息：是否从事农业/家庭农活：有；是否已办理退休：否；是否在工作：是；过去一年总工作天数：182天"
133,184037201002,基础信息：性别：男；年龄：66岁；现居住地地址类型：家庭住房；城乡类型：城/镇中心,教育信息：教育程度：小学,婚姻信息：婚姻状况：已婚且配偶同住；过去一年与配偶同住月数：12个月；上半年独自居住天数：0天；上半年仅与配偶同住天数：180天；上半年因不与别人同住而受影响程度：0,情绪信息：生活满意度：有点满意；对子女满意度：不太满意；因小事烦恼（过去一周）：有时/中等（3–4天）；感到抑郁（过去一周）：有时/中等（3–4天）；对未来抱有希望（过去一周）：有时/中等（3–4天）；感到孤独（过去一周）：几乎没有（<1天）；感到高兴（过去一周）：大多数时候（5–7天）；睡眠不安（过去一周）：少量（1–2天）,健康信息：自评健康状况：一般；医生诊断慢性病：未报告上述疾病；身体疼痛程度：无；上月平均每天实际睡眠小时数：6小时；是否因健康/残疾不能工作：没问题；是否因健康/残疾不能做家事：没问题；多久接受他人帮助：从不,活动信息：高强度体力活动：否；中等强度体力活动：否；轻度体力活动：是；轻度体力活动目的：娱乐；上月活动：以上都没有,上网信息：是否使用互联网：否,子女信息：子女总数：1个；健在子女数：1个；第1子女：是否工作/上学：都不；婚姻状况：已婚且配偶同住；过去一年同住月数：0个月；见面频率：几乎每天,工作信息：是否从事农业/家庭农活：无；是否在工作：否；过去一年总工作天数：0天；上月是否在找工作：否,"基础信息：性别：男；年龄：66岁；现居住地地址类型：家庭住房；城乡类型：城/镇中心
教育信息：教育程度：小学
婚姻信息：婚姻状况：已婚且配偶同住；过去一年与配偶同住月数：12个月；上半年独自居住天数：0天；上半年仅与配偶同住天数：180天；上半年因不与别人同住而受影响程度：0
情绪信息：生活满意度：有点满意；对子女满意度：不太满意；因小事烦恼（过去一周）：有时/中等（3–4天）；感到抑郁（过去一周）：有时/中等（3–4天）；对未来抱有希望（过去一周）：有时/中等（3–4天）；感到孤独（过去一周）：几乎没有（<1天）；感到高兴（过去一周）：大多数时候（5–7天）；睡眠不安（过去一周）：少量（1–2天）
健康信息：自评健康状况：一般；医生诊断慢性病：未报告上述疾病；身体疼痛程度：无；上月平均每天实际睡眠小时数：6小时；是否因健康/残疾不能工作：没问题；是否因健康/残疾不能做家事：没问题；多久接受他人帮助：从不
活动信息：高强度体力活动：否；中等强度体力活动：否；轻度体力活动：是；轻度体力活动目的：娱乐；上月活动：以上都没有
上网信息：是否使用互联网：否
子女信息：子女总数：1个；健在子女数：1个；第1子女：是否工作/上学：都不；婚姻状况：已婚且配偶同住；过去一年同住月数：0个月；见面频率：几乎每天
工作信息：是否从事农业/家庭农活：无；是否在工作：否；过去一年总工作天数：0天；上月是否在找工作：否"
134,211154232001,基础信息：性别：女；年龄：60岁；城乡类型：城乡结合部/镇乡,教育信息：教育程度：未读完小学,婚姻信息：婚姻状况：丧偶；是否有人以配偶身份同住：否；上半年独自居住天数：0天,情绪信息：生活满意度：很满意；对子女满意度：很满意；因小事烦恼（过去一周）：几乎没有（<1天）；感到抑郁（过去一周）：几乎没有（<1天）；对未来抱有希望（过去一周）：大多数时候（5–7天）；感到孤独（过去一周）：有时/中等（3–4天）；感到高兴（过去一周）：大多数时候（5–7天）；睡眠不安（过去一周）：几乎没有（<1天）,健康信息：自评健康状况：一般；医生诊断慢性病：未报告上述疾病；身体疼痛程度：一点；上月平均每天实际睡眠小时数：4小时；是否因健康/残疾不能工作：不能长时间工作；是否因健康/残疾不能做家事：不能长时间；多久接受他人帮助：从不,活动信息：高强度体力活动：是；高强度体力活动目的：工作需要；中等强度体力活动：是；中等强度体力活动目的：工作需要；轻度体力活动：是；轻度体力活动目的：工作需要；上月活动：以上都没有,上网信息：是否使用互联网：否,子女信息：子女总数：1个；健在子女数：1个；第1子女：是否工作/上学：都不；婚姻状况：已婚且配偶同住；过去一年同住月数：12个月,工作信息：是否从事农业/家庭农活：有；是否已办理退休：否；是否在工作：是；过去一年总工作天数：60天,"基础信息：性别：女；年龄：60岁；城乡类型：城乡结合部/镇乡
教育信息：教育程度：未读完小学
婚姻信息：婚姻状况：丧偶；是否有人以配偶身份同住：否；上半年独自居住天数：0天
情绪信息：生活满意度：很满意；对子女满意度：很满意；因小事烦恼（过去一周）：几乎没有（<1天）；感到抑郁（过去一周）：几乎没有（<1天）；对未来抱有希望（过去一周）：大多数时候（5–7天）；感到孤独（过去一周）：有时/中等（3–4天）；感到高兴（过去一周）：大多数时候（5–7天）；睡眠不安（过去一周）：几乎没有（<1天）
健康信息：自评健康状况：一般；医生诊断慢性病：未报告上述疾病；身体疼痛程度：一点；上月平均每天实际睡眠小时数：4小时；是否因健康/残疾不能工作：不能长时间工作；是否因健康/残疾不能做家事：不能长时间；多久接受他人帮助：从不
活动信息：高强度体力活动：是；高强度体力活动目的：工作需要；中等强度体力活动：是；中等强度体力活动目的：工作需要；轻度体力活动：是；轻度体力活动目的：工作需要；上月活动：以上都没有
上网信息：是否使用互联网：否
子女信息：子女总数：1个；健在子女数：1个；第1子女：是否工作/上学：都不；婚姻状况：已婚且配偶同住；过去一年同住月数：12个月
工作信息：是否从事农业/家庭农活：有；是否已办理退休：否；是否在工作：是；过去一年总工作天数：60天"
135,345233228002,基础信息：性别：女；年龄：75岁；城乡类型：农村,教育信息：教育程度：未受教育,婚姻信息：婚姻状况：丧偶；是否有人以配偶身份同住：否；上半年独自居住天数：180天；上半年因不与别人同住而受影响程度：0,情绪信息：生活满意度：有点满意；对子女满意度：很满意；因小事烦恼（过去一周）：少量（1–2天）；感到抑郁（过去一周）：几乎没有（<1天）；对未来抱有希望（过去一周）：少量（1–2天）；感到孤独（过去一周）：大多数时候（5–7天）；感到高兴（过去一周）：几乎没有（<1天）；睡眠不安（过去一周）：几乎没有（<1天）,健康信息：自评健康状况：差；医生诊断慢性病：未报告上述疾病；身体疼痛程度：无；上月平均每天实际睡眠小时数：14小时；是否因健康/残疾不能工作：不能长时间工作；是否因健康/残疾不能做家事：没问题；多久接受他人帮助：从不,活动信息：高强度体力活动：是；高强度体力活动目的：其他；中等强度体力活动：是；中等强度体力活动目的：娱乐；轻度体力活动：否；上月活动：与朋友交往（几乎每天）,上网信息：是否使用互联网：否,子女信息：子女总数：4个；健在子女数：4个；第1子女：是否工作/上学：工作；婚姻状况：已婚且配偶同住；过去一年同住月数：0个月；见面频率：每年；电话/短信/微信联系频率：每月；第2子女：是否工作/上学：工作；婚姻状况：已婚且配偶同住；过去一年同住月数：0个月；见面频率：每年；电话/短信/微信联系频率：每周2–3次,工作信息：是否从事农业/家庭农活：无；是否已办理退休：否；是否在工作：否；过去一年总工作天数：0天；上月是否在找工作：否,"基础信息：性别：女；年龄：75岁；城乡类型：农村
教育信息：教育程度：未受教育
婚姻信息：婚姻状况：丧偶；是否有人以配偶身份同住：否；上半年独自居住天数：180天；上半年因不与别人同住而受影响程度：0
情绪信息：生活满意度：有点满意；对子女满意度：很满意；因小事烦恼（过去一周）：少量（1–2天）；感到抑郁（过去一周）：几乎没有（<1天）；对未来抱有希望（过去一周）：少量（1–2天）；感到孤独（过去一周）：大多数时候（5–7天）；感到高兴（过去一周）：几乎没有（<1天）；睡眠不安（过去一周）：几乎没有（<1天）
健康信息：自评健康状况：差；医生诊断慢性病：未报告上述疾病；身体疼痛程度：无；上月平均每天实际睡眠小时数：14小时；是否因健康/残疾不能工作：不能长时间工作；是否因健康/残疾不能做家事：没问题；多久接受他人帮助：从不
活动信息：高强度体力活动：是；高强度体力活动目的：其他；中等强度体力活动：是；中等强度体力活动目的：娱乐；轻度体力活动：否；上月活动：与朋友交往（几乎每天）
上网信息：是否使用互联网：否
子女信息：子女总数：4个；健在子女数：4个；第1子女：是否工作/上学：工作；婚姻状况：已婚且配偶同住；过去一年同住月数：0个月；见面频率：每年；电话/短信/微信联系频率：每月；第2子女：是否工作/上学：工作；婚姻状况：已婚且配偶同住；过去一年同住月数：0个月；见面频率：每年；电话/短信/微信联系频率：每周2–3次
工作信息：是否从事农业/家庭农活：无；是否已办理退休：否；是否在工作：否；过去一年总工作天数：0天；上月是否在找工作：否"
136,116006116001,基础信息：性别：男；年龄：65岁；城乡类型：农村,教育信息：教育程度：初中,婚姻信息：婚姻状况：已婚且配偶同住；过去一年与配偶同住月数：12个月；上半年独自居住天数：0天；上半年仅与配偶同住天数：180天；上半年因不与别人同住而受影响程度：0,情绪信息：生活满意度：很满意；对子女满意度：很满意；因小事烦恼（过去一周）：几乎没有（<1天）；感到抑郁（过去一周）：少量（1–2天）；对未来抱有希望（过去一周）：大多数时候（5–7天）；感到孤独（过去一周）：几乎没有（<1天）；感到高兴（过去一周）：大多数时候（5–7天）；睡眠不安（过去一周）：少量（1–2天）,健康信息：自评健康状况：一般；医生诊断慢性病：未报告上述疾病；身体疼痛程度：无；上月平均每天实际睡眠小时数：4小时；是否因健康/残疾不能工作：没问题；是否因健康/残疾不能做家事：没问题；多久接受他人帮助：从不,活动信息：高强度体力活动：是；高强度体力活动目的：其他；中等强度体力活动：是；中等强度体力活动目的：工作需要；轻度体力活动：是；轻度体力活动目的：娱乐；上月活动：与朋友交往（几乎每天）、打麻将/下棋/打牌/去社区活动室（不规律）,上网信息：是否使用互联网：是；上网设备：手机；上网用途：聊天、看视频；是否用手机支付：否；是否使用微信：是；是否使用微信朋友圈：是,子女信息：子女总数：2个；健在子女数：2个；第1子女：是否工作/上学：工作；婚姻状况：已婚且配偶同住；过去一年同住月数：0个月；见面频率：每月；电话/短信/微信联系频率：每月；第2子女：是否工作/上学：工作；婚姻状况：已婚且配偶同住；过去一年同住月数：0个月；见面频率：其他；电话/短信/微信联系频率：每月,工作信息：是否从事农业/家庭农活：有；是否已办理退休：否；是否在工作：是；过去一年总工作天数：120天,"基础信息：性别：男；年龄：65岁；城乡类型：农村
教育信息：教育程度：初中
婚姻信息：婚姻状况：已婚且配偶同住；过去一年与配偶同住月数：12个月；上半年独自居住天数：0天；上半年仅与配偶同住天数：180天；上半年因不与别人同住而受影响程度：0
情绪信息：生活满意度：很满意；对子女满意度：很满意；因小事烦恼（过去一周）：几乎没有（<1天）；感到抑郁（过去一周）：少量（1–2天）；对未来抱有希望（过去一周）：大多数时候（5–7天）；感到孤独（过去一周）：几乎没有（<1天）；感到高兴（过去一周）：大多数时候（5–7天）；睡眠不安（过去一周）：少量（1–2天）
健康信息：自评健康状况：一般；医生诊断慢性病：未报告上述疾病；身体疼痛程度：无；上月平均每天实际睡眠小时数：4小时；是否因健康/残疾不能工作：没问题；是否因健康/残疾不能做家事：没问题；多久接受他人帮助：从不
活动信息：高强度体力活动：是；高强度体力活动目的：其他；中等强度体力活动：是；中等强度体力活动目的：工作需要；轻度体力活动：是；轻度体力活动目的：娱乐；上月活动：与朋友交往（几乎每天）、打麻将/下棋/打牌/去社区活动室（不规律）
上网信息：是否使用互联网：是；上网设备：手机；上网用途：聊天、看视频；是否用手机支付：否；是否使用微信：是；是否使用微信朋友圈：是
子女信息：子女总数：2个；健在子女数：2个；第1子女：是否工作/上学：工作；婚姻状况：已婚且配偶同住；过去一年同住月数：0个月；见面频率：每月；电话/短信/微信联系频率：每月；第2子女：是否工作/上学：工作；婚姻状况：已婚且配偶同住；过去一年同住月数：0个月；见面频率：其他；电话/短信/微信联系频率：每月
工作信息：是否从事农业/家庭农活：有；是否已办理退休：否；是否在工作：是；过去一年总工作天数：120天"
137,266059204001,基础信息：性别：女；年龄：56岁；城乡类型：农村,教育信息：教育程度：初中,婚姻信息：婚姻状况：已婚且配偶同住；过去一年与配偶同住月数：6个月；上半年独自居住天数：0天；上半年仅与配偶同住天数：60天；上半年因不与别人同住而受影响程度：50,情绪信息：生活满意度：不太满意；对子女满意度：有点满意；因小事烦恼（过去一周）：有时/中等（3–4天）；感到抑郁（过去一周）：大多数时候（5–7天）；对未来抱有希望（过去一周）：几乎没有（<1天）；感到孤独（过去一周）：少量（1–2天）；感到高兴（过去一周）：几乎没有（<1天）；睡眠不安（过去一周）：少量（1–2天）,健康信息：自评健康状况：差；医生诊断慢性病：未报告上述疾病；身体疼痛程度：无；上月平均每天实际睡眠小时数：6.5小时；是否因健康/残疾不能工作：不能长时间工作；是否因健康/残疾不能做家事：不能长时间；多久接受他人帮助：从不,活动信息：高强度体力活动：否；中等强度体力活动：是；中等强度体力活动目的：锻炼；轻度体力活动：是；轻度体力活动目的：锻炼；上月活动：帮助不住一起的家人朋友邻居（几乎每周）、参加运动/社交等俱乐部（几乎每周）,上网信息：是否使用互联网：是；上网设备：手机；上网用途：聊天、看新闻、看视频；是否用手机支付：否；是否使用微信：是；是否使用微信朋友圈：是,子女信息：子女总数：3个；健在子女数：3个；第1子女：是否工作/上学：工作；婚姻状况：已婚且配偶同住；过去一年同住月数：0个月；见面频率：每半年；电话/短信/微信联系频率：每周1次；第2子女：是否工作/上学：工作；婚姻状况：已婚暂分居；过去一年同住月数：0个月；见面频率：每三月；电话/短信/微信联系频率：每周1次,工作信息：是否从事农业/家庭农活：无；是否已办理退休：否；是否在工作：否；过去一年总工作天数：0天；上月是否在找工作：否,"基础信息：性别：女；年龄：56岁；城乡类型：农村
教育信息：教育程度：初中
婚姻信息：婚姻状况：已婚且配偶同住；过去一年与配偶同住月数：6个月；上半年独自居住天数：0天；上半年仅与配偶同住天数：60天；上半年因不与别人同住而受影响程度：50
情绪信息：生活满意度：不太满意；对子女满意度：有点满意；因小事烦恼（过去一周）：有时/中等（3–4天）；感到抑郁（过去一周）：大多数时候（5–7天）；对未来抱有希望（过去一周）：几乎没有（<1天）；感到孤独（过去一周）：少量（1–2天）；感到高兴（过去一周）：几乎没有（<1天）；睡眠不安（过去一周）：少量（1–2天）
健康信息：自评健康状况：差；医生诊断慢性病：未报告上述疾病；身体疼痛程度：无；上月平均每天实际睡眠小时数：6.5小时；是否因健康/残疾不能工作：不能长时间工作；是否因健康/残疾不能做家事：不能长时间；多久接受他人帮助：从不
活动信息：高强度体力活动：否；中等强度体力活动：是；中等强度体力活动目的：锻炼；轻度体力活动：是；轻度体力活动目的：锻炼；上月活动：帮助不住一起的家人朋友邻居（几乎每周）、参加运动/社交等俱乐部（几乎每周）
上网信息：是否使用互联网：是；上网设备：手机；上网用途：聊天、看新闻、看视频；是否用手机支付：否；是否使用微信：是；是否使用微信朋友圈：是
子女信息：子女总数：3个；健在子女数：3个；第1子女：是否工作/上学：工作；婚姻状况：已婚且配偶同住；过去一年同住月数：0个月；见面频率：每半年；电话/短信/微信联系频率：每周1次；第2子女：是否工作/上学：工作；婚姻状况：已婚暂分居；过去一年同住月数：0个月；见面频率：每三月；电话/短信/微信联系频率：每周1次
工作信息：是否从事农业/家庭农活：无；是否已办理退休：否；是否在工作：否；过去一年总工作天数：0天；上月是否在找工作：否"
138,10233105002,基础信息：性别：女；年龄：46岁；城乡类型：农村,教育信息：教育程度：小学,婚姻信息：婚姻状况：已婚且配偶同住；过去一年与配偶同住月数：12个月；上半年独自居住天数：0天；上半年仅与配偶同住天数：120天；上半年因不与别人同住而受影响程度：0,情绪信息：生活满意度：有点满意；对子女满意度：有点满意；因小事烦恼（过去一周）：有时/中等（3–4天）；感到抑郁（过去一周）：有时/中等（3–4天）；对未来抱有希望（过去一周）：大多数时候（5–7天）；感到孤独（过去一周）：几乎没有（<1天）；感到高兴（过去一周）：有时/中等（3–4天）；睡眠不安（过去一周）：有时/中等（3–4天）,健康信息：自评健康状况：一般；医生诊断慢性病：未报告上述疾病；身体疼痛程度：相当；上月平均每天实际睡眠小时数：7小时；是否因健康/残疾不能工作：不能长时间工作；是否因健康/残疾不能做家事：没问题；多久接受他人帮助：从不,活动信息：高强度体力活动：是；高强度体力活动目的：工作需要；中等强度体力活动：是；中等强度体力活动目的：工作需要；轻度体力活动：是；轻度体力活动目的：工作需要；上月活动：以上都没有,上网信息：是否使用互联网：否,子女信息：子女总数：2个；健在子女数：2个；第1子女：最高学历：职高；是否工作/上学：工作；婚姻状况：未婚；过去一年同住月数：0个月；见面频率：每两周；电话/短信/微信联系频率：每两周；第2子女：是否工作/上学：上学；婚姻状况：未婚；过去一年同住月数：4个月；见面频率：每三月；电话/短信/微信联系频率：每月,工作信息：是否从事农业/家庭农活：有；是否已办理退休：否；是否在工作：是；过去一年总工作天数：180天,"基础信息：性别：女；年龄：46岁；城乡类型：农村
教育信息：教育程度：小学
婚姻信息：婚姻状况：已婚且配偶同住；过去一年与配偶同住月数：12个月；上半年独自居住天数：0天；上半年仅与配偶同住天数：120天；上半年因不与别人同住而受影响程度：0
情绪信息：生活满意度：有点满意；对子女满意度：有点满意；因小事烦恼（过去一周）：有时/中等（3–4天）；感到抑郁（过去一周）：有时/中等（3–4天）；对未来抱有希望（过去一周）：大多数时候（5–7天）；感到孤独（过去一周）：几乎没有（<1天）；感到高兴（过去一周）：有时/中等（3–4天）；睡眠不安（过去一周）：有时/中等（3–4天）
健康信息：自评健康状况：一般；医生诊断慢性病：未报告上述疾病；身体疼痛程度：相当；上月平均每天实际睡眠小时数：7小时；是否因健康/残疾不能工作：不能长时间工作；是否因健康/残疾不能做家事：没问题；多久接受他人帮助：从不
活动信息：高强度体力活动：是；高强度体力活动目的：工作需要；中等强度体力活动：是；中等强度体力活动目的：工作需要；轻度体力活动：是；轻度体力活动目的：工作需要；上月活动：以上都没有
上网信息：是否使用互联网：否
子女信息：子女总数：2个；健在子女数：2个；第1子女：最高学历：职高；是否工作/上学：工作；婚姻状况：未婚；过去一年同住月数：0个月；见面频率：每两周；电话/短信/微信联系频率：每两周；第2子女：是否工作/上学：上学；婚姻状况：未婚；过去一年同住月数：4个月；见面频率：每三月；电话/短信/微信联系频率：每月
工作信息：是否从事农业/家庭农活：有；是否已办理退休：否；是否在工作：是；过去一年总工作天数：180天"
139,298245316002,基础信息：性别：女；年龄：65岁；城乡类型：农村,教育信息：教育程度：未读完小学,婚姻信息：婚姻状况：已婚且配偶同住；过去一年与配偶同住月数：12个月；上半年独自居住天数：0天；上半年仅与配偶同住天数：0天,情绪信息：生活满意度：有点满意；对子女满意度：很满意；因小事烦恼（过去一周）：几乎没有（<1天）；感到抑郁（过去一周）：几乎没有（<1天）；对未来抱有希望（过去一周）：几乎没有（<1天）；感到孤独（过去一周）：几乎没有（<1天）；感到高兴（过去一周）：几乎没有（<1天）；睡眠不安（过去一周）：几乎没有（<1天）,健康信息：自评健康状况：一般；医生诊断慢性病：未报告上述疾病；身体疼痛程度：有些；上月平均每天实际睡眠小时数：8小时；是否因健康/残疾不能工作：不能长时间工作；是否因健康/残疾不能做家事：不能长时间；多久接受他人帮助：从不,活动信息：高强度体力活动：否；中等强度体力活动：是；中等强度体力活动目的：其他；轻度体力活动：是；轻度体力活动目的：锻炼；上月活动：以上都没有,上网信息：是否使用互联网：否,子女信息：子女总数：2个；健在子女数：2个；第1子女：是否工作/上学：工作；婚姻状况：已婚且配偶同住；过去一年同住月数：0个月；见面频率：每周1次；第2子女：是否工作/上学：工作；婚姻状况：已婚且配偶同住；过去一年同住月数：0个月；见面频率：每两周；电话/短信/微信联系频率：每周1次,工作信息：是否从事农业/家庭农活：无；是否已办理退休：否；是否在工作：否；过去一年总工作天数：0天；上月是否在找工作：否,"基础信息：性别：女；年龄：65岁；城乡类型：农村
教育信息：教育程度：未读完小学
婚姻信息：婚姻状况：已婚且配偶同住；过去一年与配偶同住月数：12个月；上半年独自居住天数：0天；上半年仅与配偶同住天数：0天
情绪信息：生活满意度：有点满意；对子女满意度：很满意；因小事烦恼（过去一周）：几乎没有（<1天）；感到抑郁（过去一周）：几乎没有（<1天）；对未来抱有希望（过去一周）：几乎没有（<1天）；感到孤独（过去一周）：几乎没有（<1天）；感到高兴（过去一周）：几乎没有（<1天）；睡眠不安（过去一周）：几乎没有（<1天）
健康信息：自评健康状况：一般；医生诊断慢性病：未报告上述疾病；身体疼痛程度：有些；上月平均每天实际睡眠小时数：8小时；是否因健康/残疾不能工作：不能长时间工作；是否因健康/残疾不能做家事：不能长时间；多久接受他人帮助：从不
活动信息：高强度体力活动：否；中等强度体力活动：是；中等强度体力活动目的：其他；轻度体力活动：是；轻度体力活动目的：锻炼；上月活动：以上都没有
上网信息：是否使用互联网：否
子女信息：子女总数：2个；健在子女数：2个；第1子女：是否工作/上学：工作；婚姻状况：已婚且配偶同住；过去一年同住月数：0个月；见面频率：每周1次；第2子女：是否工作/上学：工作；婚姻状况：已婚且配偶同住；过去一年同住月数：0个月；见面频率：每两周；电话/短信/微信联系频率：每周1次
工作信息：是否从事农业/家庭农活：无；是否已办理退休：否；是否在工作：否；过去一年总工作天数：0天；上月是否在找工作：否"
140,296081233002,基础信息：性别：男；年龄：49岁；现居住地地址类型：家庭住房；城乡类型：农村,教育信息：教育程度：初中,婚姻信息：婚姻状况：已婚且配偶同住；过去一年与配偶同住月数：12个月；上半年独自居住天数：0天；上半年仅与配偶同住天数：180天；上半年因不与别人同住而受影响程度：0,情绪信息：生活满意度：很满意；对子女满意度：有点满意；因小事烦恼（过去一周）：少量（1–2天）；感到抑郁（过去一周）：几乎没有（<1天）；对未来抱有希望（过去一周）：大多数时候（5–7天）；感到孤独（过去一周）：几乎没有（<1天）；感到高兴（过去一周）：大多数时候（5–7天）；睡眠不安（过去一周）：少量（1–2天）,健康信息：自评健康状况：一般；医生诊断慢性病：未报告上述疾病；身体疼痛程度：无；上月平均每天实际睡眠小时数：10小时；是否因健康/残疾不能工作：没问题；是否因健康/残疾不能做家事：没问题；多久接受他人帮助：从不,活动信息：高强度体力活动：是；高强度体力活动目的：工作需要；中等强度体力活动：是；中等强度体力活动目的：工作需要；轻度体力活动：是；轻度体力活动目的：锻炼；上月活动：帮助不住一起的家人朋友邻居（几乎每周）,上网信息：是否使用互联网：是；上网设备：手机；上网用途：聊天、看新闻、看视频；是否用手机支付：是；是否使用微信：是；是否使用微信朋友圈：是,子女信息：子女总数：1个；健在子女数：1个；第1子女：是否工作/上学：工作；婚姻状况：已婚且配偶同住；过去一年同住月数：0个月；见面频率：几乎每天,工作信息：是否从事农业/家庭农活：有；是否已办理退休：否；是否在工作：是；过去一年总工作天数：330天,"基础信息：性别：男；年龄：49岁；现居住地地址类型：家庭住房；城乡类型：农村
教育信息：教育程度：初中
婚姻信息：婚姻状况：已婚且配偶同住；过去一年与配偶同住月数：12个月；上半年独自居住天数：0天；上半年仅与配偶同住天数：180天；上半年因不与别人同住而受影响程度：0
情绪信息：生活满意度：很满意；对子女满意度：有点满意；因小事烦恼（过去一周）：少量（1–2天）；感到抑郁（过去一周）：几乎没有（<1天）；对未来抱有希望（过去一周）：大多数时候（5–7天）；感到孤独（过去一周）：几乎没有（<1天）；感到高兴（过去一周）：大多数时候（5–7天）；睡眠不安（过去一周）：少量（1–2天）
健康信息：自评健康状况：一般；医生诊断慢性病：未报告上述疾病；身体疼痛程度：无；上月平均每天实际睡眠小时数：10小时；是否因健康/残疾不能工作：没问题；是否因健康/残疾不能做家事：没问题；多久接受他人帮助：从不
活动信息：高强度体力活动：是；高强度体力活动目的：工作需要；中等强度体力活动：是；中等强度体力活动目的：工作需要；轻度体力活动：是；轻度体力活动目的：锻炼；上月活动：帮助不住一起的家人朋友邻居（几乎每周）
上网信息：是否使用互联网：是；上网设备：手机；上网用途：聊天、看新闻、看视频；是否用手机支付：是；是否使用微信：是；是否使用微信朋友圈：是
子女信息：子女总数：1个；健在子女数：1个；第1子女：是否工作/上学：工作；婚姻状况：已婚且配偶同住；过去一年同住月数：0个月；见面频率：几乎每天
工作信息：是否从事农业/家庭农活：有；是否已办理退休：否；是否在工作：是；过去一年总工作天数：330天"
141,296081115001,基础信息：性别：男；年龄：67岁；城乡类型：农村,教育信息：教育程度：未读完小学,婚姻信息：婚姻状况：已婚且配偶同住；过去一年与配偶同住月数：12个月；上半年独自居住天数：0天；上半年仅与配偶同住天数：0天,情绪信息：生活满意度：很满意；对子女满意度：非常满意；因小事烦恼（过去一周）：几乎没有（<1天）；感到抑郁（过去一周）：几乎没有（<1天）；对未来抱有希望（过去一周）：大多数时候（5–7天）；感到孤独（过去一周）：几乎没有（<1天）；感到高兴（过去一周）：大多数时候（5–7天）；睡眠不安（过去一周）：几乎没有（<1天）,健康信息：自评健康状况：很差；医生诊断慢性病：未报告上述疾病；身体疼痛程度：一点；上月平均每天实际睡眠小时数：8小时；是否因健康/残疾不能工作：不能长时间工作；是否因健康/残疾不能做家事：没问题；多久接受他人帮助：从不,活动信息：高强度体力活动：是；高强度体力活动目的：工作需要；中等强度体力活动：是；中等强度体力活动目的：工作需要；轻度体力活动：是；轻度体力活动目的：工作需要；上月活动：帮助不住一起的家人朋友邻居（不规律）,上网信息：是否使用互联网：否,子女信息：子女总数：3个；健在子女数：3个；第1子女：是否工作/上学：工作；婚姻状况：已婚且配偶同住；过去一年同住月数：12个月；第2子女：是否工作/上学：工作；婚姻状况：已婚且配偶同住；过去一年同住月数：0个月；见面频率：每半年；电话/短信/微信联系频率：每月,工作信息：是否从事农业/家庭农活：有；是否已办理退休：否；是否在工作：是；过去一年总工作天数：180天,"基础信息：性别：男；年龄：67岁；城乡类型：农村
教育信息：教育程度：未读完小学
婚姻信息：婚姻状况：已婚且配偶同住；过去一年与配偶同住月数：12个月；上半年独自居住天数：0天；上半年仅与配偶同住天数：0天
情绪信息：生活满意度：很满意；对子女满意度：非常满意；因小事烦恼（过去一周）：几乎没有（<1天）；感到抑郁（过去一周）：几乎没有（<1天）；对未来抱有希望（过去一周）：大多数时候（5–7天）；感到孤独（过去一周）：几乎没有（<1天）；感到高兴（过去一周）：大多数时候（5–7天）；睡眠不安（过去一周）：几乎没有（<1天）
健康信息：自评健康状况：很差；医生诊断慢性病：未报告上述疾病；身体疼痛程度：一点；上月平均每天实际睡眠小时数：8小时；是否因健康/残疾不能工作：不能长时间工作；是否因健康/残疾不能做家事：没问题；多久接受他人帮助：从不
活动信息：高强度体力活动：是；高强度体力活动目的：工作需要；中等强度体力活动：是；中等强度体力活动目的：工作需要；轻度体力活动：是；轻度体力活动目的：工作需要；上月活动：帮助不住一起的家人朋友邻居（不规律）
上网信息：是否使用互联网：否
子女信息：子女总数：3个；健在子女数：3个；第1子女：是否工作/上学：工作；婚姻状况：已婚且配偶同住；过去一年同住月数：12个月；第2子女：是否工作/上学：工作；婚姻状况：已婚且配偶同住；过去一年同住月数：0个月；见面频率：每半年；电话/短信/微信联系频率：每月
工作信息：是否从事农业/家庭农活：有；是否已办理退休：否；是否在工作：是；过去一年总工作天数：180天"
142,60440124001,基础信息：性别：男；年龄：57岁；城乡类型：农村,教育信息：教育程度：初中,婚姻信息：婚姻状况：丧偶；是否有人以配偶身份同住：否；上半年独自居住天数：0天,情绪信息：生活满意度：有点满意；对子女满意度：有点满意；因小事烦恼（过去一周）：少量（1–2天）；感到抑郁（过去一周）：有时/中等（3–4天）；对未来抱有希望（过去一周）：大多数时候（5–7天）；感到孤独（过去一周）：几乎没有（<1天）；感到高兴（过去一周）：几乎没有（<1天）；睡眠不安（过去一周）：几乎没有（<1天）,健康信息：自评健康状况：很差；医生诊断慢性病：糖尿病或高血糖；身体疼痛程度：无；上月平均每天实际睡眠小时数：7小时；是否因健康/残疾不能工作：完全不能工作；多久接受他人帮助：从不,活动信息：高强度体力活动：否；中等强度体力活动：否；轻度体力活动：否；上月活动：以上都没有,上网信息：是否使用互联网：否,子女信息：子女总数：2个；健在子女数：2个；第1子女：是否工作/上学：工作；婚姻状况：已婚暂分居；过去一年同住月数：6个月；见面频率：每半年；电话/短信/微信联系频率：每周2–3次；第2子女：是否工作/上学：工作；婚姻状况：已婚且配偶同住；过去一年同住月数：0个月；见面频率：几乎每天,工作信息：是否从事农业/家庭农活：无；是否已办理退休：否；是否在工作：否；过去一年总工作天数：0天；上月是否在找工作：否,"基础信息：性别：男；年龄：57岁；城乡类型：农村
教育信息：教育程度：初中
婚姻信息：婚姻状况：丧偶；是否有人以配偶身份同住：否；上半年独自居住天数：0天
情绪信息：生活满意度：有点满意；对子女满意度：有点满意；因小事烦恼（过去一周）：少量（1–2天）；感到抑郁（过去一周）：有时/中等（3–4天）；对未来抱有希望（过去一周）：大多数时候（5–7天）；感到孤独（过去一周）：几乎没有（<1天）；感到高兴（过去一周）：几乎没有（<1天）；睡眠不安（过去一周）：几乎没有（<1天）
健康信息：自评健康状况：很差；医生诊断慢性病：糖尿病或高血糖；身体疼痛程度：无；上月平均每天实际睡眠小时数：7小时；是否因健康/残疾不能工作：完全不能工作；多久接受他人帮助：从不
活动信息：高强度体力活动：否；中等强度体力活动：否；轻度体力活动：否；上月活动：以上都没有
上网信息：是否使用互联网：否
子女信息：子女总数：2个；健在子女数：2个；第1子女：是否工作/上学：工作；婚姻状况：已婚暂分居；过去一年同住月数：6个月；见面频率：每半年；电话/短信/微信联系频率：每周2–3次；第2子女：是否工作/上学：工作；婚姻状况：已婚且配偶同住；过去一年同住月数：0个月；见面频率：几乎每天
工作信息：是否从事农业/家庭农活：无；是否已办理退休：否；是否在工作：否；过去一年总工作天数：0天；上月是否在找工作：否"
143,194037336001,基础信息：性别：男；年龄：84岁；城乡类型：城乡结合部/镇乡,教育信息：教育程度：初中,婚姻信息：婚姻状况：已婚且配偶同住；过去一年与配偶同住月数：12个月；上半年独自居住天数：0天；上半年仅与配偶同住天数：0天；上半年因不与别人同住而受影响程度：0,情绪信息：生活满意度：很满意；对子女满意度：有点满意；因小事烦恼（过去一周）：少量（1–2天）；感到抑郁（过去一周）：几乎没有（<1天）；对未来抱有希望（过去一周）：大多数时候（5–7天）；感到孤独（过去一周）：几乎没有（<1天）；感到高兴（过去一周）：大多数时候（5–7天）；睡眠不安（过去一周）：少量（1–2天）,健康信息：自评健康状况：一般；医生诊断慢性病：未报告上述疾病；身体疼痛程度：一点；上月平均每天实际睡眠小时数：6.5小时；是否因健康/残疾不能工作：不能长时间工作；是否因健康/残疾不能做家事：不能长时间；多久接受他人帮助：偶尔,活动信息：高强度体力活动：否；中等强度体力活动：否；轻度体力活动：是；轻度体力活动目的：锻炼；上月活动：打麻将/下棋/打牌/去社区活动室（不规律）,上网信息：是否使用互联网：否,子女信息：子女总数：6个；健在子女数：6个；第1子女：是否工作/上学：都不；婚姻状况：已婚且配偶同住；过去一年同住月数：0个月；见面频率：每两周；电话/短信/微信联系频率：每周1次；第2子女：是否工作/上学：工作；婚姻状况：已婚且配偶同住；过去一年同住月数：0个月；见面频率：每两周；电话/短信/微信联系频率：每周1次,工作信息：是否从事农业/家庭农活：无；是否在工作：否；过去一年总工作天数：0天；上月是否在找工作：否,"基础信息：性别：男；年龄：84岁；城乡类型：城乡结合部/镇乡
教育信息：教育程度：初中
婚姻信息：婚姻状况：已婚且配偶同住；过去一年与配偶同住月数：12个月；上半年独自居住天数：0天；上半年仅与配偶同住天数：0天；上半年因不与别人同住而受影响程度：0
情绪信息：生活满意度：很满意；对子女满意度：有点满意；因小事烦恼（过去一周）：少量（1–2天）；感到抑郁（过去一周）：几乎没有（<1天）；对未来抱有希望（过去一周）：大多数时候（5–7天）；感到孤独（过去一周）：几乎没有（<1天）；感到高兴（过去一周）：大多数时候（5–7天）；睡眠不安（过去一周）：少量（1–2天）
健康信息：自评健康状况：一般；医生诊断慢性病：未报告上述疾病；身体疼痛程度：一点；上月平均每天实际睡眠小时数：6.5小时；是否因健康/残疾不能工作：不能长时间工作；是否因健康/残疾不能做家事：不能长时间；多久接受他人帮助：偶尔
活动信息：高强度体力活动：否；中等强度体力活动：否；轻度体力活动：是；轻度体力活动目的：锻炼；上月活动：打麻将/下棋/打牌/去社区活动室（不规律）
上网信息：是否使用互联网：否
子女信息：子女总数：6个；健在子女数：6个；第1子女：是否工作/上学：都不；婚姻状况：已婚且配偶同住；过去一年同住月数：0个月；见面频率：每两周；电话/短信/微信联系频率：每周1次；第2子女：是否工作/上学：工作；婚姻状况：已婚且配偶同住；过去一年同住月数：0个月；见面频率：每两周；电话/短信/微信联系频率：每周1次
工作信息：是否从事农业/家庭农活：无；是否在工作：否；过去一年总工作天数：0天；上月是否在找工作：否"
144,202454220001,基础信息：性别：女；年龄：83岁；城乡类型：农村,教育信息：教育程度：未受教育,婚姻信息：婚姻状况：丧偶；是否有人以配偶身份同住：否；上半年独自居住天数：180天；上半年因不与别人同住而受影响程度：0,情绪信息：生活满意度：很满意；对子女满意度：很满意；因小事烦恼（过去一周）：几乎没有（<1天）；感到抑郁（过去一周）：大多数时候（5–7天）；感到孤独（过去一周）：大多数时候（5–7天）；感到高兴（过去一周）：大多数时候（5–7天）；睡眠不安（过去一周）：大多数时候（5–7天）,健康信息：自评健康状况：差；医生诊断慢性病：哮喘；身体疼痛程度：相当；上月平均每天实际睡眠小时数：4小时；是否因健康/残疾不能工作：不能长时间工作；是否因健康/残疾不能做家事：不能长时间；多久接受他人帮助：大多时候,活动信息：高强度体力活动：否；中等强度体力活动：否；轻度体力活动：否；上月活动：以上都没有,上网信息：是否使用互联网：否,子女信息：子女总数：4个；健在子女数：4个；第1子女：是否工作/上学：都不；婚姻状况：已婚且配偶同住；过去一年同住月数：0个月；见面频率：每周2–3次；第2子女：是否工作/上学：工作；婚姻状况：已婚且配偶同住；过去一年同住月数：0个月；见面频率：每周2–3次,工作信息：是否从事农业/家庭农活：无；是否已办理退休：否；是否在工作：否；过去一年总工作天数：0天；上月是否在找工作：否,"基础信息：性别：女；年龄：83岁；城乡类型：农村
教育信息：教育程度：未受教育
婚姻信息：婚姻状况：丧偶；是否有人以配偶身份同住：否；上半年独自居住天数：180天；上半年因不与别人同住而受影响程度：0
情绪信息：生活满意度：很满意；对子女满意度：很满意；因小事烦恼（过去一周）：几乎没有（<1天）；感到抑郁（过去一周）：大多数时候（5–7天）；感到孤独（过去一周）：大多数时候（5–7天）；感到高兴（过去一周）：大多数时候（5–7天）；睡眠不安（过去一周）：大多数时候（5–7天）
健康信息：自评健康状况：差；医生诊断慢性病：哮喘；身体疼痛程度：相当；上月平均每天实际睡眠小时数：4小时；是否因健康/残疾不能工作：不能长时间工作；是否因健康/残疾不能做家事：不能长时间；多久接受他人帮助：大多时候
活动信息：高强度体力活动：否；中等强度体力活动：否；轻度体力活动：否；上月活动：以上都没有
上网信息：是否使用互联网：否
子女信息：子女总数：4个；健在子女数：4个；第1子女：是否工作/上学：都不；婚姻状况：已婚且配偶同住；过去一年同住月数：0个月；见面频率：每周2–3次；第2子女：是否工作/上学：工作；婚姻状况：已婚且配偶同住；过去一年同住月数：0个月；见面频率：每周2–3次
工作信息：是否从事农业/家庭农活：无；是否已办理退休：否；是否在工作：否；过去一年总工作天数：0天；上月是否在找工作：否"
145,153859111002,基础信息：性别：女；年龄：71岁；城乡类型：农村,教育信息：教育程度：未受教育,婚姻信息：婚姻状况：丧偶；是否有人以配偶身份同住：否；上半年独自居住天数：182天；上半年因不与别人同住而受影响程度：0,情绪信息：生活满意度：很满意；对子女满意度：有点满意；因小事烦恼（过去一周）：几乎没有（<1天）；感到抑郁（过去一周）：几乎没有（<1天）；感到孤独（过去一周）：几乎没有（<1天）；感到高兴（过去一周）：大多数时候（5–7天）,健康信息：自评健康状况：一般；医生诊断慢性病：未报告上述疾病；身体疼痛程度：无；上月平均每天实际睡眠小时数：8小时；是否因健康/残疾不能工作：没问题；是否因健康/残疾不能做家事：没问题；多久接受他人帮助：从不,活动信息：高强度体力活动：否；中等强度体力活动：否；轻度体力活动：是；轻度体力活动目的：其他；上月活动：与朋友交往（几乎每天）、帮助不住一起的家人朋友邻居（不规律）,上网信息：是否使用互联网：否,子女信息：子女总数：2个；健在子女数：2个；第1子女：是否工作/上学：工作；婚姻状况：已婚且配偶同住；过去一年同住月数：0个月；见面频率：几乎每天；第2子女：是否工作/上学：工作；婚姻状况：已婚且配偶同住；过去一年同住月数：0个月；见面频率：几乎每天,工作信息：是否从事农业/家庭农活：无；是否已办理退休：否；是否在工作：是；过去一年总工作天数：210天,"基础信息：性别：女；年龄：71岁；城乡类型：农村
教育信息：教育程度：未受教育
婚姻信息：婚姻状况：丧偶；是否有人以配偶身份同住：否；上半年独自居住天数：182天；上半年因不与别人同住而受影响程度：0
情绪信息：生活满意度：很满意；对子女满意度：有点满意；因小事烦恼（过去一周）：几乎没有（<1天）；感到抑郁（过去一周）：几乎没有（<1天）；感到孤独（过去一周）：几乎没有（<1天）；感到高兴（过去一周）：大多数时候（5–7天）
健康信息：自评健康状况：一般；医生诊断慢性病：未报告上述疾病；身体疼痛程度：无；上月平均每天实际睡眠小时数：8小时；是否因健康/残疾不能工作：没问题；是否因健康/残疾不能做家事：没问题；多久接受他人帮助：从不
活动信息：高强度体力活动：否；中等强度体力活动：否；轻度体力活动：是；轻度体力活动目的：其他；上月活动：与朋友交往（几乎每天）、帮助不住一起的家人朋友邻居（不规律）
上网信息：是否使用互联网：否
子女信息：子女总数：2个；健在子女数：2个；第1子女：是否工作/上学：工作；婚姻状况：已婚且配偶同住；过去一年同住月数：0个月；见面频率：几乎每天；第2子女：是否工作/上学：工作；婚姻状况：已婚且配偶同住；过去一年同住月数：0个月；见面频率：几乎每天
工作信息：是否从事农业/家庭农活：无；是否已办理退休：否；是否在工作：是；过去一年总工作天数：210天"
146,14031322002,基础信息：性别：男；年龄：61岁；城乡类型：城/镇中心,教育信息：教育程度：小学,婚姻信息：婚姻状况：已婚且配偶同住；过去一年与配偶同住月数：9个月；上半年独自居住天数：90天；上半年仅与配偶同住天数：90天；上半年因不与别人同住而受影响程度：0,情绪信息：生活满意度：很满意；对子女满意度：不太满意；因小事烦恼（过去一周）：几乎没有（<1天）；感到抑郁（过去一周）：几乎没有（<1天）；对未来抱有希望（过去一周）：几乎没有（<1天）；感到孤独（过去一周）：几乎没有（<1天）；感到高兴（过去一周）：几乎没有（<1天）；睡眠不安（过去一周）：几乎没有（<1天）,健康信息：自评健康状况：好；医生诊断慢性病：慢性肺部疾病；身体疼痛程度：相当；上月平均每天实际睡眠小时数：8小时；是否因健康/残疾不能工作：没问题；是否因健康/残疾不能做家事：没问题；多久接受他人帮助：从不,活动信息：高强度体力活动：否；中等强度体力活动：是；中等强度体力活动目的：工作需要；轻度体力活动：是；轻度体力活动目的：锻炼；上月活动：与朋友交往（几乎每天）、参加社区相关组织（不规律）,上网信息：是否使用互联网：是；上网设备：手机；上网用途：看新闻、其他；是否用手机支付：否；是否使用微信：是；是否使用微信朋友圈：否,子女信息：子女总数：1个；健在子女数：1个；第1子女：是否工作/上学：工作；婚姻状况：已婚且配偶同住；过去一年同住月数：0个月；见面频率：其他；电话/短信/微信联系频率：几乎不见/不联系,工作信息：是否从事农业/家庭农活：无；是否在工作：否；过去一年总工作天数：0天；上月是否在找工作：否,"基础信息：性别：男；年龄：61岁；城乡类型：城/镇中心
教育信息：教育程度：小学
婚姻信息：婚姻状况：已婚且配偶同住；过去一年与配偶同住月数：9个月；上半年独自居住天数：90天；上半年仅与配偶同住天数：90天；上半年因不与别人同住而受影响程度：0
情绪信息：生活满意度：很满意；对子女满意度：不太满意；因小事烦恼（过去一周）：几乎没有（<1天）；感到抑郁（过去一周）：几乎没有（<1天）；对未来抱有希望（过去一周）：几乎没有（<1天）；感到孤独（过去一周）：几乎没有（<1天）；感到高兴（过去一周）：几乎没有（<1天）；睡眠不安（过去一周）：几乎没有（<1天）
健康信息：自评健康状况：好；医生诊断慢性病：慢性肺部疾病；身体疼痛程度：相当；上月平均每天实际睡眠小时数：8小时；是否因健康/残疾不能工作：没问题；是否因健康/残疾不能做家事：没问题；多久接受他人帮助：从不
活动信息：高强度体力活动：否；中等强度体力活动：是；中等强度体力活动目的：工作需要；轻度体力活动：是；轻度体力活动目的：锻炼；上月活动：与朋友交往（几乎每天）、参加社区相关组织（不规律）
上网信息：是否使用互联网：是；上网设备：手机；上网用途：看新闻、其他；是否用手机支付：否；是否使用微信：是；是否使用微信朋友圈：否
子女信息：子女总数：1个；健在子女数：1个；第1子女：是否工作/上学：工作；婚姻状况：已婚且配偶同住；过去一年同住月数：0个月；见面频率：其他；电话/短信/微信联系频率：几乎不见/不联系
工作信息：是否从事农业/家庭农活：无；是否在工作：否；过去一年总工作天数：0天；上月是否在找工作：否"
147,347763115002,基础信息：性别：男；年龄：65岁；城乡类型：农村,教育信息：教育程度：未受教育,婚姻信息：婚姻状况：已婚且配偶同住；过去一年与配偶同住月数：12个月；上半年独自居住天数：0天；上半年仅与配偶同住天数：180天；上半年因不与别人同住而受影响程度：0,情绪信息：生活满意度：有点满意；对子女满意度：有点满意；因小事烦恼（过去一周）：几乎没有（<1天）；对未来抱有希望（过去一周）：几乎没有（<1天）；感到孤独（过去一周）：几乎没有（<1天）；感到高兴（过去一周）：几乎没有（<1天）；睡眠不安（过去一周）：几乎没有（<1天）,健康信息：自评健康状况：差；医生诊断慢性病：高血压、记忆相关疾病；身体疼痛程度：无；上月平均每天实际睡眠小时数：9小时；是否因健康/残疾不能工作：没问题；是否因健康/残疾不能做家事：没问题；多久接受他人帮助：大多时候,活动信息：高强度体力活动：是；高强度体力活动目的：工作需要；中等强度体力活动：是；中等强度体力活动目的：工作需要；轻度体力活动：是；轻度体力活动目的：工作需要；上月活动：以上都没有,上网信息：是否使用互联网：否,子女信息：子女总数：4个；健在子女数：4个；第1子女：是否工作/上学：工作；婚姻状况：未婚；过去一年同住月数：0个月；见面频率：几乎不见/不联系；电话/短信/微信联系频率：每周2–3次；第2子女：是否工作/上学：工作；婚姻状况：未婚；过去一年同住月数：0个月；见面频率：每年；电话/短信/微信联系频率：每周2–3次,工作信息：是否从事农业/家庭农活：有；是否已办理退休：否；是否在工作：是；过去一年总工作天数：30天,"基础信息：性别：男；年龄：65岁；城乡类型：农村
教育信息：教育程度：未受教育
婚姻信息：婚姻状况：已婚且配偶同住；过去一年与配偶同住月数：12个月；上半年独自居住天数：0天；上半年仅与配偶同住天数：180天；上半年因不与别人同住而受影响程度：0
情绪信息：生活满意度：有点满意；对子女满意度：有点满意；因小事烦恼（过去一周）：几乎没有（<1天）；对未来抱有希望（过去一周）：几乎没有（<1天）；感到孤独（过去一周）：几乎没有（<1天）；感到高兴（过去一周）：几乎没有（<1天）；睡眠不安（过去一周）：几乎没有（<1天）
健康信息：自评健康状况：差；医生诊断慢性病：高血压、记忆相关疾病；身体疼痛程度：无；上月平均每天实际睡眠小时数：9小时；是否因健康/残疾不能工作：没问题；是否因健康/残疾不能做家事：没问题；多久接受他人帮助：大多时候
活动信息：高强度体力活动：是；高强度体力活动目的：工作需要；中等强度体力活动：是；中等强度体力活动目的：工作需要；轻度体力活动：是；轻度体力活动目的：工作需要；上月活动：以上都没有
上网信息：是否使用互联网：否
子女信息：子女总数：4个；健在子女数：4个；第1子女：是否工作/上学：工作；婚姻状况：未婚；过去一年同住月数：0个月；见面频率：几乎不见/不联系；电话/短信/微信联系频率：每周2–3次；第2子女：是否工作/上学：工作；婚姻状况：未婚；过去一年同住月数：0个月；见面频率：每年；电话/短信/微信联系频率：每周2–3次
工作信息：是否从事农业/家庭农活：有；是否已办理退休：否；是否在工作：是；过去一年总工作天数：30天"
148,347763302001,基础信息：性别：女；年龄：56岁；城乡类型：城/镇中心,教育信息：教育程度：小学,婚姻信息：婚姻状况：已婚且配偶同住；过去一年与配偶同住月数：12个月；上半年独自居住天数：0天；上半年仅与配偶同住天数：0天,情绪信息：生活满意度：不太满意；对子女满意度：有点满意；因小事烦恼（过去一周）：大多数时候（5–7天）；感到抑郁（过去一周）：有时/中等（3–4天）；对未来抱有希望（过去一周）：几乎没有（<1天）；感到孤独（过去一周）：几乎没有（<1天）；感到高兴（过去一周）：大多数时候（5–7天）；睡眠不安（过去一周）：几乎没有（<1天）,健康信息：自评健康状况：一般；医生诊断慢性病：未报告上述疾病；身体疼痛程度：有些；上月平均每天实际睡眠小时数：8小时；是否因健康/残疾不能工作：没问题；是否因健康/残疾不能做家事：没问题；多久接受他人帮助：偶尔,活动信息：高强度体力活动：否；中等强度体力活动：是；中等强度体力活动目的：其他；轻度体力活动：是；轻度体力活动目的：其他；上月活动：打麻将/下棋/打牌/去社区活动室（几乎每周）,上网信息：是否使用互联网：是；上网设备：手机；上网用途：聊天、看视频；是否用手机支付：是；是否使用微信：是；是否使用微信朋友圈：否,子女信息：子女总数：2个；健在子女数：2个；第1子女：是否工作/上学：工作；婚姻状况：未婚；过去一年同住月数：6个月；见面频率：每半年；电话/短信/微信联系频率：每三月；第2子女：是否工作/上学：都不；婚姻状况：已婚暂分居；过去一年同住月数：12个月,工作信息：是否从事农业/家庭农活：无；是否已办理退休：否；是否在工作：否；过去一年总工作天数：210天；上月是否在找工作：否,"基础信息：性别：女；年龄：56岁；城乡类型：城/镇中心
教育信息：教育程度：小学
婚姻信息：婚姻状况：已婚且配偶同住；过去一年与配偶同住月数：12个月；上半年独自居住天数：0天；上半年仅与配偶同住天数：0天
情绪信息：生活满意度：不太满意；对子女满意度：有点满意；因小事烦恼（过去一周）：大多数时候（5–7天）；感到抑郁（过去一周）：有时/中等（3–4天）；对未来抱有希望（过去一周）：几乎没有（<1天）；感到孤独（过去一周）：几乎没有（<1天）；感到高兴（过去一周）：大多数时候（5–7天）；睡眠不安（过去一周）：几乎没有（<1天）
健康信息：自评健康状况：一般；医生诊断慢性病：未报告上述疾病；身体疼痛程度：有些；上月平均每天实际睡眠小时数：8小时；是否因健康/残疾不能工作：没问题；是否因健康/残疾不能做家事：没问题；多久接受他人帮助：偶尔
活动信息：高强度体力活动：否；中等强度体力活动：是；中等强度体力活动目的：其他；轻度体力活动：是；轻度体力活动目的：其他；上月活动：打麻将/下棋/打牌/去社区活动室（几乎每周）
上网信息：是否使用互联网：是；上网设备：手机；上网用途：聊天、看视频；是否用手机支付：是；是否使用微信：是；是否使用微信朋友圈：否
子女信息：子女总数：2个；健在子女数：2个；第1子女：是否工作/上学：工作；婚姻状况：未婚；过去一年同住月数：6个月；见面频率：每半年；电话/短信/微信联系频率：每三月；第2子女：是否工作/上学：都不；婚姻状况：已婚暂分居；过去一年同住月数：12个月
工作信息：是否从事农业/家庭农活：无；是否已办理退休：否；是否在工作：否；过去一年总工作天数：210天；上月是否在找工作：否"
149,261676110002,基础信息：性别：女；年龄：60岁；城乡类型：城/镇中心,教育信息：教育程度：未受教育,婚姻信息：婚姻状况：已婚暂分居；过去一年与配偶同住月数：2个月；上半年独自居住天数：0天；上半年仅与配偶同住天数：30天；上半年因不与别人同住而受影响程度：100,情绪信息：生活满意度：不太满意；对子女满意度：很满意；因小事烦恼（过去一周）：少量（1–2天）；对未来抱有希望（过去一周）：大多数时候（5–7天）；感到孤独（过去一周）：大多数时候（5–7天）；感到高兴（过去一周）：几乎没有（<1天）；睡眠不安（过去一周）：大多数时候（5–7天）,健康信息：自评健康状况：一般；医生诊断慢性病：肾脏疾病；身体疼痛程度：相当；上月平均每天实际睡眠小时数：4小时；是否因健康/残疾不能工作：没问题；是否因健康/残疾不能做家事：不能长时间；多久接受他人帮助：偶尔,活动信息：高强度体力活动：是；高强度体力活动目的：锻炼；中等强度体力活动：是；中等强度体力活动目的：锻炼；轻度体力活动：是；轻度体力活动目的：锻炼；上月活动：帮助不住一起的家人朋友邻居（不规律）,上网信息：是否使用互联网：是；上网设备：手机；上网用途：聊天、看新闻、看视频；是否用手机支付：否；是否使用微信：是；是否使用微信朋友圈：否,子女信息：子女总数：2个；健在子女数：2个；第2子女：是否工作/上学：工作；婚姻状况：已婚且配偶同住；过去一年同住月数：0个月；见面频率：每两周；电话/短信/微信联系频率：每周2–3次,工作信息：是否从事农业/家庭农活：有；是否已办理退休：否；是否在工作：是；过去一年总工作天数：180天,"基础信息：性别：女；年龄：60岁；城乡类型：城/镇中心
教育信息：教育程度：未受教育
婚姻信息：婚姻状况：已婚暂分居；过去一年与配偶同住月数：2个月；上半年独自居住天数：0天；上半年仅与配偶同住天数：30天；上半年因不与别人同住而受影响程度：100
情绪信息：生活满意度：不太满意；对子女满意度：很满意；因小事烦恼（过去一周）：少量（1–2天）；对未来抱有希望（过去一周）：大多数时候（5–7天）；感到孤独（过去一周）：大多数时候（5–7天）；感到高兴（过去一周）：几乎没有（<1天）；睡眠不安（过去一周）：大多数时候（5–7天）
健康信息：自评健康状况：一般；医生诊断慢性病：肾脏疾病；身体疼痛程度：相当；上月平均每天实际睡眠小时数：4小时；是否因健康/残疾不能工作：没问题；是否因健康/残疾不能做家事：不能长时间；多久接受他人帮助：偶尔
活动信息：高强度体力活动：是；高强度体力活动目的：锻炼；中等强度体力活动：是；中等强度体力活动目的：锻炼；轻度体力活动：是；轻度体力活动目的：锻炼；上月活动：帮助不住一起的家人朋友邻居（不规律）
上网信息：是否使用互联网：是；上网设备：手机；上网用途：聊天、看新闻、看视频；是否用手机支付：否；是否使用微信：是；是否使用微信朋友圈：否
子女信息：子女总数：2个；健在子女数：2个；第2子女：是否工作/上学：工作；婚姻状况：已婚且配偶同住；过去一年同住月数：0个月；见面频率：每两周；电话/短信/微信联系频率：每周2–3次
工作信息：是否从事农业/家庭农活：有；是否已办理退休：否；是否在工作：是；过去一年总工作天数：180天"
150,295331315002,基础信息：性别：男；年龄：66岁；城乡类型：城/镇中心,教育信息：教育程度：小学,婚姻信息：婚姻状况：已婚且配偶同住；过去一年与配偶同住月数：12个月；上半年独自居住天数：0天；上半年仅与配偶同住天数：0天,情绪信息：生活满意度：有点满意；对子女满意度：有点满意；因小事烦恼（过去一周）：有时/中等（3–4天）；感到抑郁（过去一周）：几乎没有（<1天）；对未来抱有希望（过去一周）：几乎没有（<1天）；感到孤独（过去一周）：几乎没有（<1天）；感到高兴（过去一周）：大多数时候（5–7天）；睡眠不安（过去一周）：几乎没有（<1天）,健康信息：自评健康状况：一般；医生诊断慢性病：未报告上述疾病；身体疼痛程度：无；上月平均每天实际睡眠小时数：6小时；是否因健康/残疾不能工作：没问题；是否因健康/残疾不能做家事：没问题；多久接受他人帮助：从不,活动信息：高强度体力活动：否；中等强度体力活动：否；轻度体力活动：是；轻度体力活动目的：锻炼；上月活动：打麻将/下棋/打牌/去社区活动室（几乎每天）,上网信息：是否使用互联网：否,子女信息：子女总数：1个；健在子女数：1个；第1子女：是否工作/上学：工作；婚姻状况：已婚且配偶同住；过去一年同住月数：12个月,工作信息：是否从事农业/家庭农活：无；是否在工作：否；过去一年总工作天数：0天；上月是否在找工作：否,"基础信息：性别：男；年龄：66岁；城乡类型：城/镇中心
教育信息：教育程度：小学
婚姻信息：婚姻状况：已婚且配偶同住；过去一年与配偶同住月数：12个月；上半年独自居住天数：0天；上半年仅与配偶同住天数：0天
情绪信息：生活满意度：有点满意；对子女满意度：有点满意；因小事烦恼（过去一周）：有时/中等（3–4天）；感到抑郁（过去一周）：几乎没有（<1天）；对未来抱有希望（过去一周）：几乎没有（<1天）；感到孤独（过去一周）：几乎没有（<1天）；感到高兴（过去一周）：大多数时候（5–7天）；睡眠不安（过去一周）：几乎没有（<1天）
健康信息：自评健康状况：一般；医生诊断慢性病：未报告上述疾病；身体疼痛程度：无；上月平均每天实际睡眠小时数：6小时；是否因健康/残疾不能工作：没问题；是否因健康/残疾不能做家事：没问题；多久接受他人帮助：从不
活动信息：高强度体力活动：否；中等强度体力活动：否；轻度体力活动：是；轻度体力活动目的：锻炼；上月活动：打麻将/下棋/打牌/去社区活动室（几乎每天）
上网信息：是否使用互联网：否
子女信息：子女总数：1个；健在子女数：1个；第1子女：是否工作/上学：工作；婚姻状况：已婚且配偶同住；过去一年同住月数：12个月
工作信息：是否从事农业/家庭农活：无；是否在工作：否；过去一年总工作天数：0天；上月是否在找工作：否"
151,175531322002,基础信息：性别：女；年龄：61岁；城乡类型：农村,教育信息：教育程度：初中,婚姻信息：婚姻状况：已婚且配偶同住；过去一年与配偶同住月数：12个月；上半年独自居住天数：0天；上半年仅与配偶同住天数：0天,情绪信息：生活满意度：很满意；对子女满意度：有点满意；因小事烦恼（过去一周）：有时/中等（3–4天）；感到抑郁（过去一周）：几乎没有（<1天）；对未来抱有希望（过去一周）：有时/中等（3–4天）；感到孤独（过去一周）：几乎没有（<1天）；感到高兴（过去一周）：几乎没有（<1天）；睡眠不安（过去一周）：少量（1–2天）,健康信息：自评健康状况：一般；医生诊断慢性病：未报告上述疾病；身体疼痛程度：一点；上月平均每天实际睡眠小时数：7小时；是否因健康/残疾不能工作：不能长时间工作；是否因健康/残疾不能做家事：没问题；多久接受他人帮助：偶尔,活动信息：高强度体力活动：否；中等强度体力活动：否；轻度体力活动：是；轻度体力活动目的：锻炼；上月活动：与朋友交往（几乎每周）,上网信息：是否使用互联网：是；上网设备：手机；上网用途：聊天、看新闻、看视频；是否用手机支付：否；是否使用微信：是；是否使用微信朋友圈：是,子女信息：子女总数：2个；健在子女数：2个；第1子女：是否工作/上学：工作；婚姻状况：已婚且配偶同住；过去一年同住月数：2个月；见面频率：每周2–3次；第2子女：是否工作/上学：工作；婚姻状况：已婚且配偶同住；过去一年同住月数：3个月；见面频率：每两周；电话/短信/微信联系频率：每两周,工作信息：是否从事农业/家庭农活：有；是否已办理退休：否；是否在工作：是；过去一年总工作天数：50天,"基础信息：性别：女；年龄：61岁；城乡类型：农村
教育信息：教育程度：初中
婚姻信息：婚姻状况：已婚且配偶同住；过去一年与配偶同住月数：12个月；上半年独自居住天数：0天；上半年仅与配偶同住天数：0天
情绪信息：生活满意度：很满意；对子女满意度：有点满意；因小事烦恼（过去一周）：有时/中等（3–4天）；感到抑郁（过去一周）：几乎没有（<1天）；对未来抱有希望（过去一周）：有时/中等（3–4天）；感到孤独（过去一周）：几乎没有（<1天）；感到高兴（过去一周）：几乎没有（<1天）；睡眠不安（过去一周）：少量（1–2天）
健康信息：自评健康状况：一般；医生诊断慢性病：未报告上述疾病；身体疼痛程度：一点；上月平均每天实际睡眠小时数：7小时；是否因健康/残疾不能工作：不能长时间工作；是否因健康/残疾不能做家事：没问题；多久接受他人帮助：偶尔
活动信息：高强度体力活动：否；中等强度体力活动：否；轻度体力活动：是；轻度体力活动目的：锻炼；上月活动：与朋友交往（几乎每周）
上网信息：是否使用互联网：是；上网设备：手机；上网用途：聊天、看新闻、看视频；是否用手机支付：否；是否使用微信：是；是否使用微信朋友圈：是
子女信息：子女总数：2个；健在子女数：2个；第1子女：是否工作/上学：工作；婚姻状况：已婚且配偶同住；过去一年同住月数：2个月；见面频率：每周2–3次；第2子女：是否工作/上学：工作；婚姻状况：已婚且配偶同住；过去一年同住月数：3个月；见面频率：每两周；电话/短信/微信联系频率：每两周
工作信息：是否从事农业/家庭农活：有；是否已办理退休：否；是否在工作：是；过去一年总工作天数：50天"
152,294028325002,基础信息：性别：男；年龄：77岁；城乡类型：城/镇中心,教育信息：教育程度：初中,婚姻信息：婚姻状况：已婚且配偶同住；过去一年与配偶同住月数：12个月；上半年独自居住天数：0天；上半年仅与配偶同住天数：0天,情绪信息：生活满意度：有点满意；对子女满意度：有点满意；因小事烦恼（过去一周）：大多数时候（5–7天）；感到抑郁（过去一周）：少量（1–2天）；对未来抱有希望（过去一周）：大多数时候（5–7天）；感到孤独（过去一周）：几乎没有（<1天）；感到高兴（过去一周）：大多数时候（5–7天）；睡眠不安（过去一周）：几乎没有（<1天）,健康信息：自评健康状况：一般；医生诊断慢性病：高血压；身体疼痛程度：无；上月平均每天实际睡眠小时数：7小时；是否因健康/残疾不能工作：没问题；是否因健康/残疾不能做家事：没问题；多久接受他人帮助：从不,活动信息：高强度体力活动：否；中等强度体力活动：否；轻度体力活动：是；轻度体力活动目的：锻炼；上月活动：以上都没有,上网信息：是否使用互联网：是；上网设备：手机；上网用途：聊天、看新闻；是否用手机支付：否；是否使用微信：是；是否使用微信朋友圈：是,子女信息：子女总数：2个；健在子女数：2个；第1子女：是否工作/上学：工作；婚姻状况：已婚且配偶同住；过去一年同住月数：0个月；见面频率：每周2–3次；第2子女：是否工作/上学：工作；婚姻状况：已婚且配偶同住；过去一年同住月数：6个月；见面频率：每周2–3次,工作信息：是否从事农业/家庭农活：无；是否在工作：否；过去一年总工作天数：0天；上月是否在找工作：否,"基础信息：性别：男；年龄：77岁；城乡类型：城/镇中心
教育信息：教育程度：初中
婚姻信息：婚姻状况：已婚且配偶同住；过去一年与配偶同住月数：12个月；上半年独自居住天数：0天；上半年仅与配偶同住天数：0天
情绪信息：生活满意度：有点满意；对子女满意度：有点满意；因小事烦恼（过去一周）：大多数时候（5–7天）；感到抑郁（过去一周）：少量（1–2天）；对未来抱有希望（过去一周）：大多数时候（5–7天）；感到孤独（过去一周）：几乎没有（<1天）；感到高兴（过去一周）：大多数时候（5–7天）；睡眠不安（过去一周）：几乎没有（<1天）
健康信息：自评健康状况：一般；医生诊断慢性病：高血压；身体疼痛程度：无；上月平均每天实际睡眠小时数：7小时；是否因健康/残疾不能工作：没问题；是否因健康/残疾不能做家事：没问题；多久接受他人帮助：从不
活动信息：高强度体力活动：否；中等强度体力活动：否；轻度体力活动：是；轻度体力活动目的：锻炼；上月活动：以上都没有
上网信息：是否使用互联网：是；上网设备：手机；上网用途：聊天、看新闻；是否用手机支付：否；是否使用微信：是；是否使用微信朋友圈：是
子女信息：子女总数：2个；健在子女数：2个；第1子女：是否工作/上学：工作；婚姻状况：已婚且配偶同住；过去一年同住月数：0个月；见面频率：每周2–3次；第2子女：是否工作/上学：工作；婚姻状况：已婚且配偶同住；过去一年同住月数：6个月；见面频率：每周2–3次
工作信息：是否从事农业/家庭农活：无；是否在工作：否；过去一年总工作天数：0天；上月是否在找工作：否"
153,244056210002,基础信息：性别：男；年龄：55岁；城乡类型：城乡结合部/镇乡,教育信息：教育程度：初中,婚姻信息：婚姻状况：已婚且配偶同住；过去一年与配偶同住月数：12个月；上半年独自居住天数：0天；上半年仅与配偶同住天数：0天,情绪信息：生活满意度：非常满意；对子女满意度：很满意；因小事烦恼（过去一周）：几乎没有（<1天）；感到抑郁（过去一周）：几乎没有（<1天）；对未来抱有希望（过去一周）：大多数时候（5–7天）；感到孤独（过去一周）：几乎没有（<1天）；感到高兴（过去一周）：大多数时候（5–7天）；睡眠不安（过去一周）：几乎没有（<1天）,健康信息：自评健康状况：一般；医生诊断慢性病：未报告上述疾病；身体疼痛程度：一点；上月平均每天实际睡眠小时数：7小时；是否因健康/残疾不能工作：不能长时间工作；是否因健康/残疾不能做家事：不能长时间；多久接受他人帮助：从不,活动信息：高强度体力活动：否；中等强度体力活动：是；中等强度体力活动目的：工作需要；轻度体力活动：是；轻度体力活动目的：锻炼；上月活动：与朋友交往（几乎每周）,上网信息：是否使用互联网：是；上网设备：手机；上网用途：聊天、看视频；是否用手机支付：是；是否使用微信：是；是否使用微信朋友圈：是,子女信息：子女总数：2个；健在子女数：2个；第1子女：是否工作/上学：工作；婚姻状况：未婚；过去一年同住月数：12个月；第2子女：是否工作/上学：工作；婚姻状况：已婚且配偶同住；过去一年同住月数：12个月,工作信息：是否从事农业/家庭农活：无；是否已办理退休：否；是否在工作：否；过去一年总工作天数：0天；上月是否在找工作：否,"基础信息：性别：男；年龄：55岁；城乡类型：城乡结合部/镇乡
教育信息：教育程度：初中
婚姻信息：婚姻状况：已婚且配偶同住；过去一年与配偶同住月数：12个月；上半年独自居住天数：0天；上半年仅与配偶同住天数：0天
情绪信息：生活满意度：非常满意；对子女满意度：很满意；因小事烦恼（过去一周）：几乎没有（<1天）；感到抑郁（过去一周）：几乎没有（<1天）；对未来抱有希望（过去一周）：大多数时候（5–7天）；感到孤独（过去一周）：几乎没有（<1天）；感到高兴（过去一周）：大多数时候（5–7天）；睡眠不安（过去一周）：几乎没有（<1天）
健康信息：自评健康状况：一般；医生诊断慢性病：未报告上述疾病；身体疼痛程度：一点；上月平均每天实际睡眠小时数：7小时；是否因健康/残疾不能工作：不能长时间工作；是否因健康/残疾不能做家事：不能长时间；多久接受他人帮助：从不
活动信息：高强度体力活动：否；中等强度体力活动：是；中等强度体力活动目的：工作需要；轻度体力活动：是；轻度体力活动目的：锻炼；上月活动：与朋友交往（几乎每周）
上网信息：是否使用互联网：是；上网设备：手机；上网用途：聊天、看视频；是否用手机支付：是；是否使用微信：是；是否使用微信朋友圈：是
子女信息：子女总数：2个；健在子女数：2个；第1子女：是否工作/上学：工作；婚姻状况：未婚；过去一年同住月数：12个月；第2子女：是否工作/上学：工作；婚姻状况：已婚且配偶同住；过去一年同住月数：12个月
工作信息：是否从事农业/家庭农活：无；是否已办理退休：否；是否在工作：否；过去一年总工作天数：0天；上月是否在找工作：否"
154,244056306002,基础信息：性别：男；年龄：59岁；城乡类型：城乡结合部/镇乡,教育信息：教育程度：初中,婚姻信息：婚姻状况：已婚且配偶同住；过去一年与配偶同住月数：12个月；上半年独自居住天数：0天；上半年仅与配偶同住天数：180天；上半年因不与别人同住而受影响程度：0,情绪信息：生活满意度：有点满意；对子女满意度：有点满意；因小事烦恼（过去一周）：几乎没有（<1天）；感到抑郁（过去一周）：大多数时候（5–7天）；对未来抱有希望（过去一周）：几乎没有（<1天）；感到孤独（过去一周）：几乎没有（<1天）；感到高兴（过去一周）：几乎没有（<1天）；睡眠不安（过去一周）：几乎没有（<1天）,健康信息：自评健康状况：差；医生诊断慢性病：未报告上述疾病；身体疼痛程度：一点；上月平均每天实际睡眠小时数：6小时；是否因健康/残疾不能工作：没问题；是否因健康/残疾不能做家事：没问题；多久接受他人帮助：从不,活动信息：高强度体力活动：是；高强度体力活动目的：工作需要；中等强度体力活动：是；中等强度体力活动目的：工作需要；轻度体力活动：是；轻度体力活动目的：锻炼；上月活动：以上都没有,上网信息：是否使用互联网：是；上网设备：手机；上网用途：看新闻；是否用手机支付：否；是否使用微信：否,子女信息：子女总数：3个；健在子女数：2个；第1子女：是否工作/上学：工作；婚姻状况：已婚且配偶同住；过去一年同住月数：0个月；见面频率：几乎每天,工作信息：是否从事农业/家庭农活：无；是否已办理退休：否；是否在工作：否；过去一年总工作天数：0天；上月是否在找工作：否,"基础信息：性别：男；年龄：59岁；城乡类型：城乡结合部/镇乡
教育信息：教育程度：初中
婚姻信息：婚姻状况：已婚且配偶同住；过去一年与配偶同住月数：12个月；上半年独自居住天数：0天；上半年仅与配偶同住天数：180天；上半年因不与别人同住而受影响程度：0
情绪信息：生活满意度：有点满意；对子女满意度：有点满意；因小事烦恼（过去一周）：几乎没有（<1天）；感到抑郁（过去一周）：大多数时候（5–7天）；对未来抱有希望（过去一周）：几乎没有（<1天）；感到孤独（过去一周）：几乎没有（<1天）；感到高兴（过去一周）：几乎没有（<1天）；睡眠不安（过去一周）：几乎没有（<1天）
健康信息：自评健康状况：差；医生诊断慢性病：未报告上述疾病；身体疼痛程度：一点；上月平均每天实际睡眠小时数：6小时；是否因健康/残疾不能工作：没问题；是否因健康/残疾不能做家事：没问题；多久接受他人帮助：从不
活动信息：高强度体力活动：是；高强度体力活动目的：工作需要；中等强度体力活动：是；中等强度体力活动目的：工作需要；轻度体力活动：是；轻度体力活动目的：锻炼；上月活动：以上都没有
上网信息：是否使用互联网：是；上网设备：手机；上网用途：看新闻；是否用手机支付：否；是否使用微信：否
子女信息：子女总数：3个；健在子女数：2个；第1子女：是否工作/上学：工作；婚姻状况：已婚且配偶同住；过去一年同住月数：0个月；见面频率：几乎每天
工作信息：是否从事农业/家庭农活：无；是否已办理退休：否；是否在工作：否；过去一年总工作天数：0天；上月是否在找工作：否"
155,184037216001,基础信息：性别：女；年龄：66岁；城乡类型：城/镇中心,教育信息：教育程度：未读完小学,婚姻信息：婚姻状况：已婚且配偶同住；过去一年与配偶同住月数：12个月；上半年独自居住天数：0天；上半年仅与配偶同住天数：0天,情绪信息：生活满意度：有点满意；对子女满意度：有点满意；因小事烦恼（过去一周）：几乎没有（<1天）；感到抑郁（过去一周）：几乎没有（<1天）；对未来抱有希望（过去一周）：几乎没有（<1天）；感到孤独（过去一周）：几乎没有（<1天）；感到高兴（过去一周）：几乎没有（<1天）；睡眠不安（过去一周）：有时/中等（3–4天）,健康信息：自评健康状况：一般；医生诊断慢性病：白内障或其他视力问题；身体疼痛程度：一点；上月平均每天实际睡眠小时数：5小时；是否因健康/残疾不能工作：没问题；是否因健康/残疾不能做家事：没问题；多久接受他人帮助：从不,活动信息：高强度体力活动：否；中等强度体力活动：否；轻度体力活动：是；轻度体力活动目的：娱乐；上月活动：以上都没有,上网信息：是否使用互联网：否,子女信息：子女总数：1个；健在子女数：1个；第1子女：是否工作/上学：工作；婚姻状况：已婚且配偶同住；过去一年同住月数：12个月,工作信息：是否从事农业/家庭农活：无；是否在工作：否；过去一年总工作天数：0天；上月是否在找工作：否,"基础信息：性别：女；年龄：66岁；城乡类型：城/镇中心
教育信息：教育程度：未读完小学
婚姻信息：婚姻状况：已婚且配偶同住；过去一年与配偶同住月数：12个月；上半年独自居住天数：0天；上半年仅与配偶同住天数：0天
情绪信息：生活满意度：有点满意；对子女满意度：有点满意；因小事烦恼（过去一周）：几乎没有（<1天）；感到抑郁（过去一周）：几乎没有（<1天）；对未来抱有希望（过去一周）：几乎没有（<1天）；感到孤独（过去一周）：几乎没有（<1天）；感到高兴（过去一周）：几乎没有（<1天）；睡眠不安（过去一周）：有时/中等（3–4天）
健康信息：自评健康状况：一般；医生诊断慢性病：白内障或其他视力问题；身体疼痛程度：一点；上月平均每天实际睡眠小时数：5小时；是否因健康/残疾不能工作：没问题；是否因健康/残疾不能做家事：没问题；多久接受他人帮助：从不
活动信息：高强度体力活动：否；中等强度体力活动：否；轻度体力活动：是；轻度体力活动目的：娱乐；上月活动：以上都没有
上网信息：是否使用互联网：否
子女信息：子女总数：1个；健在子女数：1个；第1子女：是否工作/上学：工作；婚姻状况：已婚且配偶同住；过去一年同住月数：12个月
工作信息：是否从事农业/家庭农活：无；是否在工作：否；过去一年总工作天数：0天；上月是否在找工作：否"
156,211176120002,基础信息：性别：女；年龄：66岁；城乡类型：农村,教育信息：教育程度：未读完小学,婚姻信息：婚姻状况：丧偶；是否有人以配偶身份同住：否；上半年独自居住天数：182天；上半年因不与别人同住而受影响程度：80,情绪信息：生活满意度：很满意；对子女满意度：很满意；因小事烦恼（过去一周）：少量（1–2天）；感到抑郁（过去一周）：有时/中等（3–4天）；对未来抱有希望（过去一周）：几乎没有（<1天）；感到孤独（过去一周）：大多数时候（5–7天）；感到高兴（过去一周）：大多数时候（5–7天）；睡眠不安（过去一周）：有时/中等（3–4天）,健康信息：自评健康状况：一般；医生诊断慢性病：心脏病、胃部或其他消化系统疾病；身体疼痛程度：一点；上月平均每天实际睡眠小时数：9小时；是否因健康/残疾不能工作：没问题；是否因健康/残疾不能做家事：不能长时间；多久接受他人帮助：从不,活动信息：高强度体力活动：是；高强度体力活动目的：锻炼；中等强度体力活动：是；中等强度体力活动目的：工作需要；轻度体力活动：是；轻度体力活动目的：锻炼；上月活动：帮助不住一起的家人朋友邻居（不规律）,上网信息：是否使用互联网：是；上网设备：手机；上网用途：聊天、看视频；是否用手机支付：是；是否使用微信：是；是否使用微信朋友圈：是,子女信息：子女总数：2个；健在子女数：2个；第1子女：是否工作/上学：工作；婚姻状况：已婚且配偶同住；过去一年同住月数：2个月；见面频率：每两周；电话/短信/微信联系频率：每周2–3次；第2子女：是否工作/上学：工作；婚姻状况：已婚且配偶同住；过去一年同住月数：0个月；见面频率：每半年；电话/短信/微信联系频率：每周1次,工作信息：是否从事农业/家庭农活：无；是否已办理退休：否；是否在工作：否；过去一年总工作天数：4天；上月是否在找工作：否,"基础信息：性别：女；年龄：66岁；城乡类型：农村
教育信息：教育程度：未读完小学
婚姻信息：婚姻状况：丧偶；是否有人以配偶身份同住：否；上半年独自居住天数：182天；上半年因不与别人同住而受影响程度：80
情绪信息：生活满意度：很满意；对子女满意度：很满意；因小事烦恼（过去一周）：少量（1–2天）；感到抑郁（过去一周）：有时/中等（3–4天）；对未来抱有希望（过去一周）：几乎没有（<1天）；感到孤独（过去一周）：大多数时候（5–7天）；感到高兴（过去一周）：大多数时候（5–7天）；睡眠不安（过去一周）：有时/中等（3–4天）
健康信息：自评健康状况：一般；医生诊断慢性病：心脏病、胃部或其他消化系统疾病；身体疼痛程度：一点；上月平均每天实际睡眠小时数：9小时；是否因健康/残疾不能工作：没问题；是否因健康/残疾不能做家事：不能长时间；多久接受他人帮助：从不
活动信息：高强度体力活动：是；高强度体力活动目的：锻炼；中等强度体力活动：是；中等强度体力活动目的：工作需要；轻度体力活动：是；轻度体力活动目的：锻炼；上月活动：帮助不住一起的家人朋友邻居（不规律）
上网信息：是否使用互联网：是；上网设备：手机；上网用途：聊天、看视频；是否用手机支付：是；是否使用微信：是；是否使用微信朋友圈：是
子女信息：子女总数：2个；健在子女数：2个；第1子女：是否工作/上学：工作；婚姻状况：已婚且配偶同住；过去一年同住月数：2个月；见面频率：每两周；电话/短信/微信联系频率：每周2–3次；第2子女：是否工作/上学：工作；婚姻状况：已婚且配偶同住；过去一年同住月数：0个月；见面频率：每半年；电话/短信/微信联系频率：每周1次
工作信息：是否从事农业/家庭农活：无；是否已办理退休：否；是否在工作：否；过去一年总工作天数：4天；上月是否在找工作：否"
157,154058209001,基础信息：性别：女；年龄：48岁；城乡类型：城乡结合部/镇乡,教育信息：教育程度：未读完小学,婚姻信息：婚姻状况：已婚且配偶同住；过去一年与配偶同住月数：12个月；上半年独自居住天数：0天；上半年仅与配偶同住天数：180天；上半年因不与别人同住而受影响程度：0,情绪信息：生活满意度：有点满意；对子女满意度：很满意；因小事烦恼（过去一周）：有时/中等（3–4天）；感到抑郁（过去一周）：少量（1–2天）；对未来抱有希望（过去一周）：有时/中等（3–4天）；感到孤独（过去一周）：几乎没有（<1天）；感到高兴（过去一周）：大多数时候（5–7天）；睡眠不安（过去一周）：大多数时候（5–7天）,健康信息：自评健康状况：一般；医生诊断慢性病：未报告上述疾病；身体疼痛程度：无；上月平均每天实际睡眠小时数：5小时；是否因健康/残疾不能工作：没问题；是否因健康/残疾不能做家事：没问题；多久接受他人帮助：偶尔,活动信息：高强度体力活动：否；中等强度体力活动：否；轻度体力活动：是；轻度体力活动目的：工作需要；上月活动：以上都没有,上网信息：是否使用互联网：否,子女信息：子女总数：2个；健在子女数：2个；第1子女：是否工作/上学：工作；婚姻状况：已婚且配偶同住；过去一年同住月数：0个月；见面频率：每半年；电话/短信/微信联系频率：每月；第2子女：是否工作/上学：工作；婚姻状况：未婚；过去一年同住月数：0个月；见面频率：几乎不见/不联系；电话/短信/微信联系频率：每月,工作信息：是否从事农业/家庭农活：无；是否已办理退休：否；是否在工作：是；过去一年总工作天数：250天,"基础信息：性别：女；年龄：48岁；城乡类型：城乡结合部/镇乡
教育信息：教育程度：未读完小学
婚姻信息：婚姻状况：已婚且配偶同住；过去一年与配偶同住月数：12个月；上半年独自居住天数：0天；上半年仅与配偶同住天数：180天；上半年因不与别人同住而受影响程度：0
情绪信息：生活满意度：有点满意；对子女满意度：很满意；因小事烦恼（过去一周）：有时/中等（3–4天）；感到抑郁（过去一周）：少量（1–2天）；对未来抱有希望（过去一周）：有时/中等（3–4天）；感到孤独（过去一周）：几乎没有（<1天）；感到高兴（过去一周）：大多数时候（5–7天）；睡眠不安（过去一周）：大多数时候（5–7天）
健康信息：自评健康状况：一般；医生诊断慢性病：未报告上述疾病；身体疼痛程度：无；上月平均每天实际睡眠小时数：5小时；是否因健康/残疾不能工作：没问题；是否因健康/残疾不能做家事：没问题；多久接受他人帮助：偶尔
活动信息：高强度体力活动：否；中等强度体力活动：否；轻度体力活动：是；轻度体力活动目的：工作需要；上月活动：以上都没有
上网信息：是否使用互联网：否
子女信息：子女总数：2个；健在子女数：2个；第1子女：是否工作/上学：工作；婚姻状况：已婚且配偶同住；过去一年同住月数：0个月；见面频率：每半年；电话/短信/微信联系频率：每月；第2子女：是否工作/上学：工作；婚姻状况：未婚；过去一年同住月数：0个月；见面频率：几乎不见/不联系；电话/短信/微信联系频率：每月
工作信息：是否从事农业/家庭农活：无；是否已办理退休：否；是否在工作：是；过去一年总工作天数：250天"
158,151156109002,基础信息：性别：男；年龄：54岁；城乡类型：城/镇中心,教育信息：教育程度：初中,婚姻信息：婚姻状况：已婚且配偶同住；过去一年与配偶同住月数：12个月；上半年独自居住天数：0天；上半年仅与配偶同住天数：30天；上半年因不与别人同住而受影响程度：0,情绪信息：生活满意度：有点满意；对子女满意度：有点满意；因小事烦恼（过去一周）：几乎没有（<1天）；感到抑郁（过去一周）：有时/中等（3–4天）；对未来抱有希望（过去一周）：有时/中等（3–4天）；感到孤独（过去一周）：几乎没有（<1天）；感到高兴（过去一周）：少量（1–2天）；睡眠不安（过去一周）：几乎没有（<1天）,健康信息：自评健康状况：好；医生诊断慢性病：未报告上述疾病；身体疼痛程度：无；上月平均每天实际睡眠小时数：6小时；是否因健康/残疾不能工作：没问题；是否因健康/残疾不能做家事：没问题；多久接受他人帮助：从不,活动信息：高强度体力活动：否；中等强度体力活动：是；中等强度体力活动目的：锻炼；轻度体力活动：是；轻度体力活动目的：锻炼；上月活动：与朋友交往（不规律）、帮助不住一起的家人朋友邻居（不规律）、参加运动/社交等俱乐部（几乎每天）,上网信息：是否使用互联网：是；上网设备：台式电脑、手机；上网用途：聊天、看新闻、看视频；是否用手机支付：是；是否使用微信：是；是否使用微信朋友圈：是,子女信息：子女总数：1个；健在子女数：1个；第1子女：是否工作/上学：上学；婚姻状况：未婚；过去一年同住月数：7个月；见面频率：每半年；电话/短信/微信联系频率：每两周,工作信息：是否从事农业/家庭农活：无；是否已办理退休：否；是否在工作：是；过去一年总工作天数：312天,"基础信息：性别：男；年龄：54岁；城乡类型：城/镇中心
教育信息：教育程度：初中
婚姻信息：婚姻状况：已婚且配偶同住；过去一年与配偶同住月数：12个月；上半年独自居住天数：0天；上半年仅与配偶同住天数：30天；上半年因不与别人同住而受影响程度：0
情绪信息：生活满意度：有点满意；对子女满意度：有点满意；因小事烦恼（过去一周）：几乎没有（<1天）；感到抑郁（过去一周）：有时/中等（3–4天）；对未来抱有希望（过去一周）：有时/中等（3–4天）；感到孤独（过去一周）：几乎没有（<1天）；感到高兴（过去一周）：少量（1–2天）；睡眠不安（过去一周）：几乎没有（<1天）
健康信息：自评健康状况：好；医生诊断慢性病：未报告上述疾病；身体疼痛程度：无；上月平均每天实际睡眠小时数：6小时；是否因健康/残疾不能工作：没问题；是否因健康/残疾不能做家事：没问题；多久接受他人帮助：从不
活动信息：高强度体力活动：否；中等强度体力活动：是；中等强度体力活动目的：锻炼；轻度体力活动：是；轻度体力活动目的：锻炼；上月活动：与朋友交往（不规律）、帮助不住一起的家人朋友邻居（不规律）、参加运动/社交等俱乐部（几乎每天）
上网信息：是否使用互联网：是；上网设备：台式电脑、手机；上网用途：聊天、看新闻、看视频；是否用手机支付：是；是否使用微信：是；是否使用微信朋友圈：是
子女信息：子女总数：1个；健在子女数：1个；第1子女：是否工作/上学：上学；婚姻状况：未婚；过去一年同住月数：7个月；见面频率：每半年；电话/短信/微信联系频率：每两周
工作信息：是否从事农业/家庭农活：无；是否已办理退休：否；是否在工作：是；过去一年总工作天数：312天"
159,288251231001,基础信息：性别：女；年龄：47岁；城乡类型：农村,教育信息：教育程度：小学,婚姻信息：婚姻状况：已婚且配偶同住；过去一年与配偶同住月数：12个月；上半年独自居住天数：0天；上半年仅与配偶同住天数：0天,情绪信息：生活满意度：有点满意；对子女满意度：有点满意；因小事烦恼（过去一周）：有时/中等（3–4天）；感到抑郁（过去一周）：少量（1–2天）；对未来抱有希望（过去一周）：有时/中等（3–4天）；感到孤独（过去一周）：几乎没有（<1天）；感到高兴（过去一周）：有时/中等（3–4天）；睡眠不安（过去一周）：大多数时候（5–7天）,健康信息：自评健康状况：很差；医生诊断慢性病：记忆相关疾病；身体疼痛程度：非常；上月平均每天实际睡眠小时数：5小时；是否因健康/残疾不能工作：不能长时间工作；是否因健康/残疾不能做家事：没问题；多久接受他人帮助：从不,活动信息：高强度体力活动：是；高强度体力活动目的：工作需要；中等强度体力活动：是；中等强度体力活动目的：工作需要；轻度体力活动：是；轻度体力活动目的：娱乐；上月活动：与朋友交往（几乎每天）、打麻将/下棋/打牌/去社区活动室（不规律）、帮助不住一起的家人朋友邻居（不规律）,上网信息：是否使用互联网：否,子女信息：子女总数：2个；健在子女数：2个；第1子女：是否工作/上学：都不；婚姻状况：已婚暂分居；过去一年同住月数：12个月；第2子女：是否工作/上学：都不；婚姻状况：已婚且配偶同住；过去一年同住月数：0个月；见面频率：每半年；电话/短信/微信联系频率：每周2–3次,工作信息：是否从事农业/家庭农活：有；是否已办理退休：否；是否在工作：是；过去一年总工作天数：335天,"基础信息：性别：女；年龄：47岁；城乡类型：农村
教育信息：教育程度：小学
婚姻信息：婚姻状况：已婚且配偶同住；过去一年与配偶同住月数：12个月；上半年独自居住天数：0天；上半年仅与配偶同住天数：0天
情绪信息：生活满意度：有点满意；对子女满意度：有点满意；因小事烦恼（过去一周）：有时/中等（3–4天）；感到抑郁（过去一周）：少量（1–2天）；对未来抱有希望（过去一周）：有时/中等（3–4天）；感到孤独（过去一周）：几乎没有（<1天）；感到高兴（过去一周）：有时/中等（3–4天）；睡眠不安（过去一周）：大多数时候（5–7天）
健康信息：自评健康状况：很差；医生诊断慢性病：记忆相关疾病；身体疼痛程度：非常；上月平均每天实际睡眠小时数：5小时；是否因健康/残疾不能工作：不能长时间工作；是否因健康/残疾不能做家事：没问题；多久接受他人帮助：从不
活动信息：高强度体力活动：是；高强度体力活动目的：工作需要；中等强度体力活动：是；中等强度体力活动目的：工作需要；轻度体力活动：是；轻度体力活动目的：娱乐；上月活动：与朋友交往（几乎每天）、打麻将/下棋/打牌/去社区活动室（不规律）、帮助不住一起的家人朋友邻居（不规律）
上网信息：是否使用互联网：否
子女信息：子女总数：2个；健在子女数：2个；第1子女：是否工作/上学：都不；婚姻状况：已婚暂分居；过去一年同住月数：12个月；第2子女：是否工作/上学：都不；婚姻状况：已婚且配偶同住；过去一年同住月数：0个月；见面频率：每半年；电话/短信/微信联系频率：每周2–3次
工作信息：是否从事农业/家庭农活：有；是否已办理退休：否；是否在工作：是；过去一年总工作天数：335天"
160,150478113001,基础信息：性别：男；年龄：60岁；城乡类型：农村,教育信息：教育程度：初中,婚姻信息：婚姻状况：已婚且配偶同住；过去一年与配偶同住月数：12个月；上半年独自居住天数：0天；上半年仅与配偶同住天数：7天；上半年因不与别人同住而受影响程度：0,情绪信息：生活满意度：有点满意；对子女满意度：很满意；因小事烦恼（过去一周）：大多数时候（5–7天）；感到抑郁（过去一周）：大多数时候（5–7天）；对未来抱有希望（过去一周）：大多数时候（5–7天）；感到孤独（过去一周）：大多数时候（5–7天）；感到高兴（过去一周）：几乎没有（<1天）；睡眠不安（过去一周）：大多数时候（5–7天）,健康信息：自评健康状况：一般；医生诊断慢性病：血脂异常；身体疼痛程度：无；上月平均每天实际睡眠小时数：6小时；是否因健康/残疾不能工作：没问题；是否因健康/残疾不能做家事：没问题；多久接受他人帮助：从不,活动信息：高强度体力活动：是；高强度体力活动目的：工作需要；中等强度体力活动：是；中等强度体力活动目的：其他；轻度体力活动：是；轻度体力活动目的：锻炼；上月活动：以上都没有,上网信息：是否使用互联网：否,子女信息：子女总数：2个；健在子女数：2个；第1子女：是否工作/上学：工作；婚姻状况：已婚且配偶同住；过去一年同住月数：12个月；第2子女：是否工作/上学：工作；婚姻状况：已婚且配偶同住；过去一年同住月数：0个月；见面频率：每周1次,工作信息：是否从事农业/家庭农活：无；是否在工作：是；过去一年总工作天数：365天,"基础信息：性别：男；年龄：60岁；城乡类型：农村
教育信息：教育程度：初中
婚姻信息：婚姻状况：已婚且配偶同住；过去一年与配偶同住月数：12个月；上半年独自居住天数：0天；上半年仅与配偶同住天数：7天；上半年因不与别人同住而受影响程度：0
情绪信息：生活满意度：有点满意；对子女满意度：很满意；因小事烦恼（过去一周）：大多数时候（5–7天）；感到抑郁（过去一周）：大多数时候（5–7天）；对未来抱有希望（过去一周）：大多数时候（5–7天）；感到孤独（过去一周）：大多数时候（5–7天）；感到高兴（过去一周）：几乎没有（<1天）；睡眠不安（过去一周）：大多数时候（5–7天）
健康信息：自评健康状况：一般；医生诊断慢性病：血脂异常；身体疼痛程度：无；上月平均每天实际睡眠小时数：6小时；是否因健康/残疾不能工作：没问题；是否因健康/残疾不能做家事：没问题；多久接受他人帮助：从不
活动信息：高强度体力活动：是；高强度体力活动目的：工作需要；中等强度体力活动：是；中等强度体力活动目的：其他；轻度体力活动：是；轻度体力活动目的：锻炼；上月活动：以上都没有
上网信息：是否使用互联网：否
子女信息：子女总数：2个；健在子女数：2个；第1子女：是否工作/上学：工作；婚姻状况：已婚且配偶同住；过去一年同住月数：12个月；第2子女：是否工作/上学：工作；婚姻状况：已婚且配偶同住；过去一年同住月数：0个月；见面频率：每周1次
工作信息：是否从事农业/家庭农活：无；是否在工作：是；过去一年总工作天数：365天"
161,111154107001,基础信息：性别：女；年龄：71岁；城乡类型：城/镇中心,教育信息：教育程度：初中,婚姻信息：婚姻状况：丧偶；是否有人以配偶身份同住：否；上半年独自居住天数：0天,情绪信息：生活满意度：有点满意；对子女满意度：有点满意；因小事烦恼（过去一周）：几乎没有（<1天）；感到抑郁（过去一周）：几乎没有（<1天）；对未来抱有希望（过去一周）：几乎没有（<1天）；感到孤独（过去一周）：几乎没有（<1天）；感到高兴（过去一周）：大多数时候（5–7天）；睡眠不安（过去一周）：几乎没有（<1天）,健康信息：自评健康状况：一般；医生诊断慢性病：未报告上述疾病；身体疼痛程度：无；上月平均每天实际睡眠小时数：6小时；是否因健康/残疾不能工作：没问题；是否因健康/残疾不能做家事：没问题；多久接受他人帮助：从不,活动信息：高强度体力活动：否；中等强度体力活动：是；中等强度体力活动目的：娱乐；轻度体力活动：是；轻度体力活动目的：锻炼；上月活动：以上都没有,上网信息：是否使用互联网：是；上网设备：手机；上网用途：聊天、看新闻、看视频、其他；是否用手机支付：是；是否使用微信：是；是否使用微信朋友圈：是,子女信息：子女总数：1个；健在子女数：1个；第1子女：是否工作/上学：工作；婚姻状况：离婚；过去一年同住月数：6个月；见面频率：每周2–3次,工作信息：是否从事农业/家庭农活：无；是否在工作：否；过去一年总工作天数：0天；上月是否在找工作：否,"基础信息：性别：女；年龄：71岁；城乡类型：城/镇中心
教育信息：教育程度：初中
婚姻信息：婚姻状况：丧偶；是否有人以配偶身份同住：否；上半年独自居住天数：0天
情绪信息：生活满意度：有点满意；对子女满意度：有点满意；因小事烦恼（过去一周）：几乎没有（<1天）；感到抑郁（过去一周）：几乎没有（<1天）；对未来抱有希望（过去一周）：几乎没有（<1天）；感到孤独（过去一周）：几乎没有（<1天）；感到高兴（过去一周）：大多数时候（5–7天）；睡眠不安（过去一周）：几乎没有（<1天）
健康信息：自评健康状况：一般；医生诊断慢性病：未报告上述疾病；身体疼痛程度：无；上月平均每天实际睡眠小时数：6小时；是否因健康/残疾不能工作：没问题；是否因健康/残疾不能做家事：没问题；多久接受他人帮助：从不
活动信息：高强度体力活动：否；中等强度体力活动：是；中等强度体力活动目的：娱乐；轻度体力活动：是；轻度体力活动目的：锻炼；上月活动：以上都没有
上网信息：是否使用互联网：是；上网设备：手机；上网用途：聊天、看新闻、看视频、其他；是否用手机支付：是；是否使用微信：是；是否使用微信朋友圈：是
子女信息：子女总数：1个；健在子女数：1个；第1子女：是否工作/上学：工作；婚姻状况：离婚；过去一年同住月数：6个月；见面频率：每周2–3次
工作信息：是否从事农业/家庭农活：无；是否在工作：否；过去一年总工作天数：0天；上月是否在找工作：否"
162,14643316002,基础信息：性别：男；年龄：50岁；城乡类型：农村,教育信息：教育程度：小学,婚姻信息：婚姻状况：已婚且配偶同住；过去一年与配偶同住月数：12个月；上半年独自居住天数：0天；上半年仅与配偶同住天数：0天,情绪信息：生活满意度：不太满意；对子女满意度：有点满意；因小事烦恼（过去一周）：少量（1–2天）；感到抑郁（过去一周）：大多数时候（5–7天）；对未来抱有希望（过去一周）：少量（1–2天）；感到孤独（过去一周）：大多数时候（5–7天）；感到高兴（过去一周）：少量（1–2天）；睡眠不安（过去一周）：少量（1–2天）,健康信息：自评健康状况：很差；医生诊断慢性病：未报告上述疾病；身体疼痛程度：有些；上月平均每天实际睡眠小时数：4小时；是否因健康/残疾不能工作：不能长时间工作；是否因健康/残疾不能做家事：不能长时间；多久接受他人帮助：从不,活动信息：高强度体力活动：是；高强度体力活动目的：工作需要；中等强度体力活动：是；中等强度体力活动目的：工作需要；轻度体力活动：是；轻度体力活动目的：工作需要；上月活动：以上都没有,上网信息：是否使用互联网：否,子女信息：子女总数：3个；健在子女数：3个；第1子女：是否工作/上学：工作；婚姻状况：未婚；过去一年同住月数：12个月；第2子女：是否工作/上学：都不；婚姻状况：已婚且配偶同住；过去一年同住月数：0个月；见面频率：每半年；电话/短信/微信联系频率：每周1次,工作信息：是否从事农业/家庭农活：有；是否已办理退休：否；是否在工作：是；过去一年总工作天数：300天,"基础信息：性别：男；年龄：50岁；城乡类型：农村
教育信息：教育程度：小学
婚姻信息：婚姻状况：已婚且配偶同住；过去一年与配偶同住月数：12个月；上半年独自居住天数：0天；上半年仅与配偶同住天数：0天
情绪信息：生活满意度：不太满意；对子女满意度：有点满意；因小事烦恼（过去一周）：少量（1–2天）；感到抑郁（过去一周）：大多数时候（5–7天）；对未来抱有希望（过去一周）：少量（1–2天）；感到孤独（过去一周）：大多数时候（5–7天）；感到高兴（过去一周）：少量（1–2天）；睡眠不安（过去一周）：少量（1–2天）
健康信息：自评健康状况：很差；医生诊断慢性病：未报告上述疾病；身体疼痛程度：有些；上月平均每天实际睡眠小时数：4小时；是否因健康/残疾不能工作：不能长时间工作；是否因健康/残疾不能做家事：不能长时间；多久接受他人帮助：从不
活动信息：高强度体力活动：是；高强度体力活动目的：工作需要；中等强度体力活动：是；中等强度体力活动目的：工作需要；轻度体力活动：是；轻度体力活动目的：工作需要；上月活动：以上都没有
上网信息：是否使用互联网：否
子女信息：子女总数：3个；健在子女数：3个；第1子女：是否工作/上学：工作；婚姻状况：未婚；过去一年同住月数：12个月；第2子女：是否工作/上学：都不；婚姻状况：已婚且配偶同住；过去一年同住月数：0个月；见面频率：每半年；电话/短信/微信联系频率：每周1次
工作信息：是否从事农业/家庭农活：有；是否已办理退休：否；是否在工作：是；过去一年总工作天数：300天"
163,296331123002,基础信息：性别：女；年龄：76岁；城乡类型：农村,教育信息：教育程度：初中,婚姻信息：婚姻状况：丧偶；是否有人以配偶身份同住：否；上半年独自居住天数：180天；上半年因不与别人同住而受影响程度：0,情绪信息：生活满意度：有点满意；对子女满意度：有点满意；因小事烦恼（过去一周）：有时/中等（3–4天）；感到抑郁（过去一周）：几乎没有（<1天）；对未来抱有希望（过去一周）：少量（1–2天）；感到孤独（过去一周）：少量（1–2天）；感到高兴（过去一周）：有时/中等（3–4天）；睡眠不安（过去一周）：有时/中等（3–4天）,健康信息：自评健康状况：一般；医生诊断慢性病：肝脏疾病、肾脏疾病；身体疼痛程度：一点；上月平均每天实际睡眠小时数：5小时；是否因健康/残疾不能工作：没问题；是否因健康/残疾不能做家事：不能长时间；多久接受他人帮助：从不,活动信息：高强度体力活动：否；中等强度体力活动：是；中等强度体力活动目的：锻炼；轻度体力活动：否；上月活动：与朋友交往（几乎每天）、打麻将/下棋/打牌/去社区活动室（不规律）,上网信息：是否使用互联网：否,子女信息：子女总数：3个；健在子女数：3个；第1子女：是否工作/上学：都不；婚姻状况：已婚且配偶同住；过去一年同住月数：0个月；见面频率：每周2–3次；第2子女：是否工作/上学：都不；婚姻状况：已婚且配偶同住；过去一年同住月数：0个月；见面频率：每两周；电话/短信/微信联系频率：每周1次,工作信息：是否从事农业/家庭农活：无；是否在工作：否；过去一年总工作天数：30天；上月是否在找工作：否,"基础信息：性别：女；年龄：76岁；城乡类型：农村
教育信息：教育程度：初中
婚姻信息：婚姻状况：丧偶；是否有人以配偶身份同住：否；上半年独自居住天数：180天；上半年因不与别人同住而受影响程度：0
情绪信息：生活满意度：有点满意；对子女满意度：有点满意；因小事烦恼（过去一周）：有时/中等（3–4天）；感到抑郁（过去一周）：几乎没有（<1天）；对未来抱有希望（过去一周）：少量（1–2天）；感到孤独（过去一周）：少量（1–2天）；感到高兴（过去一周）：有时/中等（3–4天）；睡眠不安（过去一周）：有时/中等（3–4天）
健康信息：自评健康状况：一般；医生诊断慢性病：肝脏疾病、肾脏疾病；身体疼痛程度：一点；上月平均每天实际睡眠小时数：5小时；是否因健康/残疾不能工作：没问题；是否因健康/残疾不能做家事：不能长时间；多久接受他人帮助：从不
活动信息：高强度体力活动：否；中等强度体力活动：是；中等强度体力活动目的：锻炼；轻度体力活动：否；上月活动：与朋友交往（几乎每天）、打麻将/下棋/打牌/去社区活动室（不规律）
上网信息：是否使用互联网：否
子女信息：子女总数：3个；健在子女数：3个；第1子女：是否工作/上学：都不；婚姻状况：已婚且配偶同住；过去一年同住月数：0个月；见面频率：每周2–3次；第2子女：是否工作/上学：都不；婚姻状况：已婚且配偶同住；过去一年同住月数：0个月；见面频率：每两周；电话/短信/微信联系频率：每周1次
工作信息：是否从事农业/家庭农活：无；是否在工作：否；过去一年总工作天数：30天；上月是否在找工作：否"
164,134902222002,基础信息：性别：男；年龄：53岁；现居住地地址类型：家庭住房；城乡类型：农村,教育信息：教育程度：初中,婚姻信息：婚姻状况：已婚且配偶同住；过去一年与配偶同住月数：12个月；上半年独自居住天数：0天；上半年仅与配偶同住天数：0天,情绪信息：生活满意度：有点满意；对子女满意度：有点满意；因小事烦恼（过去一周）：有时/中等（3–4天）；感到抑郁（过去一周）：有时/中等（3–4天）；对未来抱有希望（过去一周）：大多数时候（5–7天）；感到孤独（过去一周）：有时/中等（3–4天）；感到高兴（过去一周）：有时/中等（3–4天）；睡眠不安（过去一周）：大多数时候（5–7天）,健康信息：自评健康状况：一般；医生诊断慢性病：未报告上述疾病；身体疼痛程度：一点；上月平均每天实际睡眠小时数：5小时；是否因健康/残疾不能工作：没问题；是否因健康/残疾不能做家事：没问题；多久接受他人帮助：从不,活动信息：高强度体力活动：否；中等强度体力活动：否；轻度体力活动：是；轻度体力活动目的：锻炼；上月活动：打麻将/下棋/打牌/去社区活动室（几乎每天）、帮助不住一起的家人朋友邻居（不规律）,上网信息：是否使用互联网：是；上网设备：手机；上网用途：聊天、看新闻、看视频、玩游戏；是否用手机支付：是；是否使用微信：是；是否使用微信朋友圈：是,子女信息：子女总数：2个；健在子女数：2个；第1子女：是否工作/上学：工作；婚姻状况：已婚且配偶同住；过去一年同住月数：0个月；见面频率：每月；电话/短信/微信联系频率：每周2–3次；第2子女：是否工作/上学：工作；婚姻状况：已婚暂分居；过去一年同住月数：0个月；见面频率：每三月；电话/短信/微信联系频率：每周1次,工作信息：是否从事农业/家庭农活：有；是否已办理退休：否；是否在工作：是；过去一年总工作天数：300天,"基础信息：性别：男；年龄：53岁；现居住地地址类型：家庭住房；城乡类型：农村
教育信息：教育程度：初中
婚姻信息：婚姻状况：已婚且配偶同住；过去一年与配偶同住月数：12个月；上半年独自居住天数：0天；上半年仅与配偶同住天数：0天
情绪信息：生活满意度：有点满意；对子女满意度：有点满意；因小事烦恼（过去一周）：有时/中等（3–4天）；感到抑郁（过去一周）：有时/中等（3–4天）；对未来抱有希望（过去一周）：大多数时候（5–7天）；感到孤独（过去一周）：有时/中等（3–4天）；感到高兴（过去一周）：有时/中等（3–4天）；睡眠不安（过去一周）：大多数时候（5–7天）
健康信息：自评健康状况：一般；医生诊断慢性病：未报告上述疾病；身体疼痛程度：一点；上月平均每天实际睡眠小时数：5小时；是否因健康/残疾不能工作：没问题；是否因健康/残疾不能做家事：没问题；多久接受他人帮助：从不
活动信息：高强度体力活动：否；中等强度体力活动：否；轻度体力活动：是；轻度体力活动目的：锻炼；上月活动：打麻将/下棋/打牌/去社区活动室（几乎每天）、帮助不住一起的家人朋友邻居（不规律）
上网信息：是否使用互联网：是；上网设备：手机；上网用途：聊天、看新闻、看视频、玩游戏；是否用手机支付：是；是否使用微信：是；是否使用微信朋友圈：是
子女信息：子女总数：2个；健在子女数：2个；第1子女：是否工作/上学：工作；婚姻状况：已婚且配偶同住；过去一年同住月数：0个月；见面频率：每月；电话/短信/微信联系频率：每周2–3次；第2子女：是否工作/上学：工作；婚姻状况：已婚暂分居；过去一年同住月数：0个月；见面频率：每三月；电话/短信/微信联系频率：每周1次
工作信息：是否从事农业/家庭农活：有；是否已办理退休：否；是否在工作：是；过去一年总工作天数：300天"
165,134902306001,基础信息：性别：男；年龄：70岁；城乡类型：农村,教育信息：教育程度：小学,婚姻信息：婚姻状况：已婚且配偶同住；过去一年与配偶同住月数：12个月；上半年独自居住天数：0天；上半年仅与配偶同住天数：0天；上半年因不与别人同住而受影响程度：0,情绪信息：生活满意度：有点满意；对子女满意度：很满意；因小事烦恼（过去一周）：几乎没有（<1天）；感到抑郁（过去一周）：几乎没有（<1天）；对未来抱有希望（过去一周）：几乎没有（<1天）；感到孤独（过去一周）：几乎没有（<1天）；感到高兴（过去一周）：几乎没有（<1天）；睡眠不安（过去一周）：几乎没有（<1天）,健康信息：自评健康状况：一般；医生诊断慢性病：血脂异常、糖尿病或高血糖、慢性肺部疾病；身体疼痛程度：无；上月平均每天实际睡眠小时数：6小时；是否因健康/残疾不能工作：没问题；是否因健康/残疾不能做家事：没问题；多久接受他人帮助：从不,活动信息：高强度体力活动：是；高强度体力活动目的：其他；中等强度体力活动：是；中等强度体力活动目的：锻炼；轻度体力活动：否；上月活动：打麻将/下棋/打牌/去社区活动室（几乎每天）、帮助不住一起的家人朋友邻居（几乎每周）,上网信息：是否使用互联网：否,子女信息：子女总数：2个；健在子女数：2个；第1子女：是否工作/上学：工作；婚姻状况：已婚且配偶同住；过去一年同住月数：12个月；第2子女：是否工作/上学：工作；婚姻状况：已婚且配偶同住；过去一年同住月数：0个月；见面频率：每三月；电话/短信/微信联系频率：每周1次,工作信息：是否从事农业/家庭农活：有；是否已办理退休：否；是否在工作：是；过去一年总工作天数：336天,"基础信息：性别：男；年龄：70岁；城乡类型：农村
教育信息：教育程度：小学
婚姻信息：婚姻状况：已婚且配偶同住；过去一年与配偶同住月数：12个月；上半年独自居住天数：0天；上半年仅与配偶同住天数：0天；上半年因不与别人同住而受影响程度：0
情绪信息：生活满意度：有点满意；对子女满意度：很满意；因小事烦恼（过去一周）：几乎没有（<1天）；感到抑郁（过去一周）：几乎没有（<1天）；对未来抱有希望（过去一周）：几乎没有（<1天）；感到孤独（过去一周）：几乎没有（<1天）；感到高兴（过去一周）：几乎没有（<1天）；睡眠不安（过去一周）：几乎没有（<1天）
健康信息：自评健康状况：一般；医生诊断慢性病：血脂异常、糖尿病或高血糖、慢性肺部疾病；身体疼痛程度：无；上月平均每天实际睡眠小时数：6小时；是否因健康/残疾不能工作：没问题；是否因健康/残疾不能做家事：没问题；多久接受他人帮助：从不
活动信息：高强度体力活动：是；高强度体力活动目的：其他；中等强度体力活动：是；中等强度体力活动目的：锻炼；轻度体力活动：否；上月活动：打麻将/下棋/打牌/去社区活动室（几乎每天）、帮助不住一起的家人朋友邻居（几乎每周）
上网信息：是否使用互联网：否
子女信息：子女总数：2个；健在子女数：2个；第1子女：是否工作/上学：工作；婚姻状况：已婚且配偶同住；过去一年同住月数：12个月；第2子女：是否工作/上学：工作；婚姻状况：已婚且配偶同住；过去一年同住月数：0个月；见面频率：每三月；电话/短信/微信联系频率：每周1次
工作信息：是否从事农业/家庭农活：有；是否已办理退休：否；是否在工作：是；过去一年总工作天数：336天"
166,321116307002,基础信息：性别：女；年龄：62岁；城乡类型：城/镇中心,教育信息：教育程度：初中,婚姻信息：婚姻状况：已婚且配偶同住；过去一年与配偶同住月数：12个月；上半年独自居住天数：0天；上半年仅与配偶同住天数：182天；上半年因不与别人同住而受影响程度：0,情绪信息：生活满意度：有点满意；对子女满意度：很满意；因小事烦恼（过去一周）：大多数时候（5–7天）；感到抑郁（过去一周）：大多数时候（5–7天）；对未来抱有希望（过去一周）：几乎没有（<1天）；感到孤独（过去一周）：少量（1–2天）；感到高兴（过去一周）：几乎没有（<1天）；睡眠不安（过去一周）：大多数时候（5–7天）,健康信息：自评健康状况：很差；医生诊断慢性病：未报告上述疾病；身体疼痛程度：相当；上月平均每天实际睡眠小时数：7小时；是否因健康/残疾不能工作：完全不能工作；多久接受他人帮助：从不,活动信息：高强度体力活动：否；中等强度体力活动：否；轻度体力活动：是；轻度体力活动目的：锻炼；上月活动：以上都没有,上网信息：是否使用互联网：是；上网设备：手机；上网用途：聊天、看视频；是否用手机支付：否；是否使用微信：是；是否使用微信朋友圈：否,子女信息：子女总数：1个；健在子女数：1个；第1子女：是否工作/上学：都不；婚姻状况：已婚且配偶同住；过去一年同住月数：0个月；见面频率：其他；电话/短信/微信联系频率：几乎每天,工作信息：是否从事农业/家庭农活：无；是否在工作：否；过去一年总工作天数：0天；上月是否在找工作：否,"基础信息：性别：女；年龄：62岁；城乡类型：城/镇中心
教育信息：教育程度：初中
婚姻信息：婚姻状况：已婚且配偶同住；过去一年与配偶同住月数：12个月；上半年独自居住天数：0天；上半年仅与配偶同住天数：182天；上半年因不与别人同住而受影响程度：0
情绪信息：生活满意度：有点满意；对子女满意度：很满意；因小事烦恼（过去一周）：大多数时候（5–7天）；感到抑郁（过去一周）：大多数时候（5–7天）；对未来抱有希望（过去一周）：几乎没有（<1天）；感到孤独（过去一周）：少量（1–2天）；感到高兴（过去一周）：几乎没有（<1天）；睡眠不安（过去一周）：大多数时候（5–7天）
健康信息：自评健康状况：很差；医生诊断慢性病：未报告上述疾病；身体疼痛程度：相当；上月平均每天实际睡眠小时数：7小时；是否因健康/残疾不能工作：完全不能工作；多久接受他人帮助：从不
活动信息：高强度体力活动：否；中等强度体力活动：否；轻度体力活动：是；轻度体力活动目的：锻炼；上月活动：以上都没有
上网信息：是否使用互联网：是；上网设备：手机；上网用途：聊天、看视频；是否用手机支付：否；是否使用微信：是；是否使用微信朋友圈：否
子女信息：子女总数：1个；健在子女数：1个；第1子女：是否工作/上学：都不；婚姻状况：已婚且配偶同住；过去一年同住月数：0个月；见面频率：其他；电话/短信/微信联系频率：几乎每天
工作信息：是否从事农业/家庭农活：无；是否在工作：否；过去一年总工作天数：0天；上月是否在找工作：否"
167,265359333002,基础信息：性别：女；年龄：47岁；现居住地地址类型：其他；城乡类型：农村,教育信息：教育程度：小学,婚姻信息：婚姻状况：已婚且配偶同住；过去一年与配偶同住月数：12个月；上半年独自居住天数：0天；上半年仅与配偶同住天数：0天,情绪信息：生活满意度：很满意；对子女满意度：很满意；因小事烦恼（过去一周）：几乎没有（<1天）；感到抑郁（过去一周）：几乎没有（<1天）；对未来抱有希望（过去一周）：少量（1–2天）；感到孤独（过去一周）：几乎没有（<1天）；感到高兴（过去一周）：大多数时候（5–7天）；睡眠不安（过去一周）：几乎没有（<1天）,健康信息：自评健康状况：一般；医生诊断慢性病：血脂异常；身体疼痛程度：无；上月平均每天实际睡眠小时数：10小时；是否因健康/残疾不能工作：没问题；是否因健康/残疾不能做家事：没问题；多久接受他人帮助：从不,活动信息：高强度体力活动：否；中等强度体力活动：否；轻度体力活动：是；轻度体力活动目的：锻炼；上月活动：以上都没有,上网信息：是否使用互联网：是；上网设备：手机；上网用途：看新闻、看视频；是否用手机支付：是；是否使用微信：是；是否使用微信朋友圈：是,子女信息：子女总数：1个；健在子女数：1个；第1子女：最高学历：小学；是否工作/上学：工作；婚姻状况：已婚且配偶同住；过去一年同住月数：3个月；见面频率：几乎每天,工作信息：是否从事农业/家庭农活：无；是否已办理退休：否；是否在工作：否；过去一年总工作天数：0天；上月是否在找工作：否,"基础信息：性别：女；年龄：47岁；现居住地地址类型：其他；城乡类型：农村
教育信息：教育程度：小学
婚姻信息：婚姻状况：已婚且配偶同住；过去一年与配偶同住月数：12个月；上半年独自居住天数：0天；上半年仅与配偶同住天数：0天
情绪信息：生活满意度：很满意；对子女满意度：很满意；因小事烦恼（过去一周）：几乎没有（<1天）；感到抑郁（过去一周）：几乎没有（<1天）；对未来抱有希望（过去一周）：少量（1–2天）；感到孤独（过去一周）：几乎没有（<1天）；感到高兴（过去一周）：大多数时候（5–7天）；睡眠不安（过去一周）：几乎没有（<1天）
健康信息：自评健康状况：一般；医生诊断慢性病：血脂异常；身体疼痛程度：无；上月平均每天实际睡眠小时数：10小时；是否因健康/残疾不能工作：没问题；是否因健康/残疾不能做家事：没问题；多久接受他人帮助：从不
活动信息：高强度体力活动：否；中等强度体力活动：否；轻度体力活动：是；轻度体力活动目的：锻炼；上月活动：以上都没有
上网信息：是否使用互联网：是；上网设备：手机；上网用途：看新闻、看视频；是否用手机支付：是；是否使用微信：是；是否使用微信朋友圈：是
子女信息：子女总数：1个；健在子女数：1个；第1子女：最高学历：小学；是否工作/上学：工作；婚姻状况：已婚且配偶同住；过去一年同住月数：3个月；见面频率：几乎每天
工作信息：是否从事农业/家庭农活：无；是否已办理退休：否；是否在工作：否；过去一年总工作天数：0天；上月是否在找工作：否"
168,275559214002,基础信息：性别：男；年龄：63岁；城乡类型：城/镇中心,教育信息：教育程度：职高,婚姻信息：婚姻状况：已婚且配偶同住；过去一年与配偶同住月数：12个月；上半年独自居住天数：0天；上半年仅与配偶同住天数：0天；上半年因不与别人同住而受影响程度：0,情绪信息：生活满意度：很满意；对子女满意度：很满意；因小事烦恼（过去一周）：少量（1–2天）；感到抑郁（过去一周）：少量（1–2天）；对未来抱有希望（过去一周）：少量（1–2天）；感到孤独（过去一周）：大多数时候（5–7天）；感到高兴（过去一周）：大多数时候（5–7天）；睡眠不安（过去一周）：几乎没有（<1天）,健康信息：自评健康状况：差；医生诊断慢性病：心脏病；身体疼痛程度：无；上月平均每天实际睡眠小时数：6小时；是否因健康/残疾不能工作：没问题；是否因健康/残疾不能做家事：没问题；多久接受他人帮助：从不,活动信息：高强度体力活动：是；高强度体力活动目的：锻炼；中等强度体力活动：是；中等强度体力活动目的：娱乐；轻度体力活动：是；轻度体力活动目的：其他；上月活动：帮助不住一起的家人朋友邻居（不规律）,上网信息：是否使用互联网：否,子女信息：子女总数：2个；健在子女数：2个；第1子女：是否工作/上学：工作；婚姻状况：已婚且配偶同住；过去一年同住月数：0个月；见面频率：几乎每天,工作信息：是否从事农业/家庭农活：有；是否在工作：是；过去一年总工作天数：290天,"基础信息：性别：男；年龄：63岁；城乡类型：城/镇中心
教育信息：教育程度：职高
婚姻信息：婚姻状况：已婚且配偶同住；过去一年与配偶同住月数：12个月；上半年独自居住天数：0天；上半年仅与配偶同住天数：0天；上半年因不与别人同住而受影响程度：0
情绪信息：生活满意度：很满意；对子女满意度：很满意；因小事烦恼（过去一周）：少量（1–2天）；感到抑郁（过去一周）：少量（1–2天）；对未来抱有希望（过去一周）：少量（1–2天）；感到孤独（过去一周）：大多数时候（5–7天）；感到高兴（过去一周）：大多数时候（5–7天）；睡眠不安（过去一周）：几乎没有（<1天）
健康信息：自评健康状况：差；医生诊断慢性病：心脏病；身体疼痛程度：无；上月平均每天实际睡眠小时数：6小时；是否因健康/残疾不能工作：没问题；是否因健康/残疾不能做家事：没问题；多久接受他人帮助：从不
活动信息：高强度体力活动：是；高强度体力活动目的：锻炼；中等强度体力活动：是；中等强度体力活动目的：娱乐；轻度体力活动：是；轻度体力活动目的：其他；上月活动：帮助不住一起的家人朋友邻居（不规律）
上网信息：是否使用互联网：否
子女信息：子女总数：2个；健在子女数：2个；第1子女：是否工作/上学：工作；婚姻状况：已婚且配偶同住；过去一年同住月数：0个月；见面频率：几乎每天
工作信息：是否从事农业/家庭农活：有；是否在工作：是；过去一年总工作天数：290天"
169,104004216002,基础信息：性别：女；年龄：57岁；城乡类型：城/镇中心,教育信息：教育程度：本科,婚姻信息：婚姻状况：已婚且配偶同住；过去一年与配偶同住月数：12个月；上半年独自居住天数：0天；上半年仅与配偶同住天数：0天,情绪信息：生活满意度：有点满意；对子女满意度：有点满意；因小事烦恼（过去一周）：少量（1–2天）；感到抑郁（过去一周）：几乎没有（<1天）；对未来抱有希望（过去一周）：大多数时候（5–7天）；感到孤独（过去一周）：几乎没有（<1天）；感到高兴（过去一周）：大多数时候（5–7天）；睡眠不安（过去一周）：几乎没有（<1天）,健康信息：自评健康状况：一般；医生诊断慢性病：未报告上述疾病；身体疼痛程度：有些；上月平均每天实际睡眠小时数：7小时；是否因健康/残疾不能工作：没问题；是否因健康/残疾不能做家事：没问题；多久接受他人帮助：从不,活动信息：高强度体力活动：是；高强度体力活动目的：工作需要；中等强度体力活动：否；轻度体力活动：是；轻度体力活动目的：工作需要；上月活动：以上都没有,上网信息：是否使用互联网：是；上网设备：台式电脑、手机；上网用途：看新闻、看视频、理财；是否用手机支付：是；是否使用微信：是；是否使用微信朋友圈：是,子女信息：子女总数：2个；健在子女数：2个；第1子女：是否工作/上学：工作；婚姻状况：未婚；过去一年同住月数：12个月；第2子女：是否工作/上学：都不；婚姻状况：未婚；过去一年同住月数：12个月,工作信息：是否从事农业/家庭农活：无；是否已办理退休：否；是否在工作：是；过去一年总工作天数：260天,"基础信息：性别：女；年龄：57岁；城乡类型：城/镇中心
教育信息：教育程度：本科
婚姻信息：婚姻状况：已婚且配偶同住；过去一年与配偶同住月数：12个月；上半年独自居住天数：0天；上半年仅与配偶同住天数：0天
情绪信息：生活满意度：有点满意；对子女满意度：有点满意；因小事烦恼（过去一周）：少量（1–2天）；感到抑郁（过去一周）：几乎没有（<1天）；对未来抱有希望（过去一周）：大多数时候（5–7天）；感到孤独（过去一周）：几乎没有（<1天）；感到高兴（过去一周）：大多数时候（5–7天）；睡眠不安（过去一周）：几乎没有（<1天）
健康信息：自评健康状况：一般；医生诊断慢性病：未报告上述疾病；身体疼痛程度：有些；上月平均每天实际睡眠小时数：7小时；是否因健康/残疾不能工作：没问题；是否因健康/残疾不能做家事：没问题；多久接受他人帮助：从不
活动信息：高强度体力活动：是；高强度体力活动目的：工作需要；中等强度体力活动：否；轻度体力活动：是；轻度体力活动目的：工作需要；上月活动：以上都没有
上网信息：是否使用互联网：是；上网设备：台式电脑、手机；上网用途：看新闻、看视频、理财；是否用手机支付：是；是否使用微信：是；是否使用微信朋友圈：是
子女信息：子女总数：2个；健在子女数：2个；第1子女：是否工作/上学：工作；婚姻状况：未婚；过去一年同住月数：12个月；第2子女：是否工作/上学：都不；婚姻状况：未婚；过去一年同住月数：12个月
工作信息：是否从事农业/家庭农活：无；是否已办理退休：否；是否在工作：是；过去一年总工作天数：260天"
170,58659336002,基础信息：性别：女；年龄：65岁；城乡类型：农村,教育信息：教育程度：未受教育,婚姻信息：婚姻状况：丧偶；是否有人以配偶身份同住：否；上半年独自居住天数：30天；上半年因不与别人同住而受影响程度：0,情绪信息：生活满意度：很满意；对子女满意度：很满意；因小事烦恼（过去一周）：几乎没有（<1天）；感到抑郁（过去一周）：几乎没有（<1天）；对未来抱有希望（过去一周）：几乎没有（<1天）；感到孤独（过去一周）：几乎没有（<1天）；感到高兴（过去一周）：几乎没有（<1天）；睡眠不安（过去一周）：几乎没有（<1天）,健康信息：自评健康状况：很好；医生诊断慢性病：未报告上述疾病；身体疼痛程度：有些；上月平均每天实际睡眠小时数：2小时；是否因健康/残疾不能工作：没问题；是否因健康/残疾不能做家事：没问题；多久接受他人帮助：从不,活动信息：高强度体力活动：是；高强度体力活动目的：工作需要；中等强度体力活动：是；中等强度体力活动目的：其他；轻度体力活动：是；轻度体力活动目的：其他；上月活动：以上都没有,上网信息：是否使用互联网：否,子女信息：子女总数：3个；健在子女数：3个；第1子女：是否工作/上学：工作；婚姻状况：已婚暂分居；过去一年同住月数：3个月；见面频率：每月；电话/短信/微信联系频率：每两周；第2子女：是否工作/上学：工作；婚姻状况：已婚且配偶同住；过去一年同住月数：4个月；见面频率：每半年；电话/短信/微信联系频率：每周1次,工作信息：是否从事农业/家庭农活：有；是否已办理退休：否；是否在工作：是；过去一年总工作天数：300天,"基础信息：性别：女；年龄：65岁；城乡类型：农村
教育信息：教育程度：未受教育
婚姻信息：婚姻状况：丧偶；是否有人以配偶身份同住：否；上半年独自居住天数：30天；上半年因不与别人同住而受影响程度：0
情绪信息：生活满意度：很满意；对子女满意度：很满意；因小事烦恼（过去一周）：几乎没有（<1天）；感到抑郁（过去一周）：几乎没有（<1天）；对未来抱有希望（过去一周）：几乎没有（<1天）；感到孤独（过去一周）：几乎没有（<1天）；感到高兴（过去一周）：几乎没有（<1天）；睡眠不安（过去一周）：几乎没有（<1天）
健康信息：自评健康状况：很好；医生诊断慢性病：未报告上述疾病；身体疼痛程度：有些；上月平均每天实际睡眠小时数：2小时；是否因健康/残疾不能工作：没问题；是否因健康/残疾不能做家事：没问题；多久接受他人帮助：从不
活动信息：高强度体力活动：是；高强度体力活动目的：工作需要；中等强度体力活动：是；中等强度体力活动目的：其他；轻度体力活动：是；轻度体力活动目的：其他；上月活动：以上都没有
上网信息：是否使用互联网：否
子女信息：子女总数：3个；健在子女数：3个；第1子女：是否工作/上学：工作；婚姻状况：已婚暂分居；过去一年同住月数：3个月；见面频率：每月；电话/短信/微信联系频率：每两周；第2子女：是否工作/上学：工作；婚姻状况：已婚且配偶同住；过去一年同住月数：4个月；见面频率：每半年；电话/短信/微信联系频率：每周1次
工作信息：是否从事农业/家庭农活：有；是否已办理退休：否；是否在工作：是；过去一年总工作天数：300天"
171,174643308001,基础信息：性别：女；年龄：82岁；城乡类型：城/镇中心,教育信息：教育程度：未受教育,婚姻信息：婚姻状况：丧偶；是否有人以配偶身份同住：否；上半年独自居住天数：180天；上半年因不与别人同住而受影响程度：0,情绪信息：生活满意度：有点满意；对子女满意度：很满意；因小事烦恼（过去一周）：有时/中等（3–4天）；感到抑郁（过去一周）：有时/中等（3–4天）；对未来抱有希望（过去一周）：少量（1–2天）；感到孤独（过去一周）：有时/中等（3–4天）；感到高兴（过去一周）：有时/中等（3–4天）；睡眠不安（过去一周）：几乎没有（<1天）,健康信息：自评健康状况：好；医生诊断慢性病：未报告上述疾病；身体疼痛程度：无；上月平均每天实际睡眠小时数：5小时；是否因健康/残疾不能工作：不能长时间工作；是否因健康/残疾不能做家事：不能长时间；多久接受他人帮助：从不,活动信息：高强度体力活动：否；中等强度体力活动：否；轻度体力活动：否；上月活动：以上都没有,上网信息：是否使用互联网：否,子女信息：子女总数：4个；健在子女数：4个；第1子女：是否工作/上学：都不；婚姻状况：已婚且配偶同住；过去一年同住月数：12个月；第2子女：是否工作/上学：都不；婚姻状况：已婚暂分居；过去一年同住月数：0个月；见面频率：每三月；电话/短信/微信联系频率：每两周,工作信息：是否从事农业/家庭农活：无；是否已办理退休：否；是否在工作：否；过去一年总工作天数：0天；上月是否在找工作：否,"基础信息：性别：女；年龄：82岁；城乡类型：城/镇中心
教育信息：教育程度：未受教育
婚姻信息：婚姻状况：丧偶；是否有人以配偶身份同住：否；上半年独自居住天数：180天；上半年因不与别人同住而受影响程度：0
情绪信息：生活满意度：有点满意；对子女满意度：很满意；因小事烦恼（过去一周）：有时/中等（3–4天）；感到抑郁（过去一周）：有时/中等（3–4天）；对未来抱有希望（过去一周）：少量（1–2天）；感到孤独（过去一周）：有时/中等（3–4天）；感到高兴（过去一周）：有时/中等（3–4天）；睡眠不安（过去一周）：几乎没有（<1天）
健康信息：自评健康状况：好；医生诊断慢性病：未报告上述疾病；身体疼痛程度：无；上月平均每天实际睡眠小时数：5小时；是否因健康/残疾不能工作：不能长时间工作；是否因健康/残疾不能做家事：不能长时间；多久接受他人帮助：从不
活动信息：高强度体力活动：否；中等强度体力活动：否；轻度体力活动：否；上月活动：以上都没有
上网信息：是否使用互联网：否
子女信息：子女总数：4个；健在子女数：4个；第1子女：是否工作/上学：都不；婚姻状况：已婚且配偶同住；过去一年同住月数：12个月；第2子女：是否工作/上学：都不；婚姻状况：已婚暂分居；过去一年同住月数：0个月；见面频率：每三月；电话/短信/微信联系频率：每两周
工作信息：是否从事农业/家庭农活：无；是否已办理退休：否；是否在工作：否；过去一年总工作天数：0天；上月是否在找工作：否"
172,30476203002,基础信息：性别：男；年龄：59岁；城乡类型：城乡结合部/镇乡,教育信息：教育程度：未读完小学,婚姻信息：婚姻状况：已婚且配偶同住；过去一年与配偶同住月数：6个月；上半年独自居住天数：0天；上半年仅与配偶同住天数：181天；上半年因不与别人同住而受影响程度：0,情绪信息：生活满意度：有点满意；对子女满意度：有点满意；因小事烦恼（过去一周）：几乎没有（<1天）；感到抑郁（过去一周）：几乎没有（<1天）；对未来抱有希望（过去一周）：少量（1–2天）；感到孤独（过去一周）：几乎没有（<1天）；感到高兴（过去一周）：大多数时候（5–7天）；睡眠不安（过去一周）：几乎没有（<1天）,健康信息：自评健康状况：很好；医生诊断慢性病：未报告上述疾病；身体疼痛程度：无；上月平均每天实际睡眠小时数：7小时；是否因健康/残疾不能工作：没问题；是否因健康/残疾不能做家事：没问题；多久接受他人帮助：从不,活动信息：高强度体力活动：否；中等强度体力活动：否；轻度体力活动：是；轻度体力活动目的：娱乐；上月活动：与朋友交往（几乎每周）,上网信息：是否使用互联网：是；上网设备：手机；上网用途：看视频；是否用手机支付：否；是否使用微信：是；是否使用微信朋友圈：是,子女信息：子女总数：3个；健在子女数：3个；第1子女：是否工作/上学：工作；婚姻状况：未婚；过去一年同住月数：0个月；见面频率：几乎不见/不联系；电话/短信/微信联系频率：几乎不见/不联系；第2子女：是否工作/上学：工作；婚姻状况：已婚且配偶同住；过去一年同住月数：0个月；见面频率：每三月；电话/短信/微信联系频率：每周1次,工作信息：是否从事农业/家庭农活：无；是否已办理退休：否；是否在工作：是；过去一年总工作天数：180天,"基础信息：性别：男；年龄：59岁；城乡类型：城乡结合部/镇乡
教育信息：教育程度：未读完小学
婚姻信息：婚姻状况：已婚且配偶同住；过去一年与配偶同住月数：6个月；上半年独自居住天数：0天；上半年仅与配偶同住天数：181天；上半年因不与别人同住而受影响程度：0
情绪信息：生活满意度：有点满意；对子女满意度：有点满意；因小事烦恼（过去一周）：几乎没有（<1天）；感到抑郁（过去一周）：几乎没有（<1天）；对未来抱有希望（过去一周）：少量（1–2天）；感到孤独（过去一周）：几乎没有（<1天）；感到高兴（过去一周）：大多数时候（5–7天）；睡眠不安（过去一周）：几乎没有（<1天）
健康信息：自评健康状况：很好；医生诊断慢性病：未报告上述疾病；身体疼痛程度：无；上月平均每天实际睡眠小时数：7小时；是否因健康/残疾不能工作：没问题；是否因健康/残疾不能做家事：没问题；多久接受他人帮助：从不
活动信息：高强度体力活动：否；中等强度体力活动：否；轻度体力活动：是；轻度体力活动目的：娱乐；上月活动：与朋友交往（几乎每周）
上网信息：是否使用互联网：是；上网设备：手机；上网用途：看视频；是否用手机支付：否；是否使用微信：是；是否使用微信朋友圈：是
子女信息：子女总数：3个；健在子女数：3个；第1子女：是否工作/上学：工作；婚姻状况：未婚；过去一年同住月数：0个月；见面频率：几乎不见/不联系；电话/短信/微信联系频率：几乎不见/不联系；第2子女：是否工作/上学：工作；婚姻状况：已婚且配偶同住；过去一年同住月数：0个月；见面频率：每三月；电话/短信/微信联系频率：每周1次
工作信息：是否从事农业/家庭农活：无；是否已办理退休：否；是否在工作：是；过去一年总工作天数：180天"
173,161159216001,基础信息：性别：女；年龄：77岁；城乡类型：农村,教育信息：教育程度：未读完小学,婚姻信息：婚姻状况：已婚且配偶同住；过去一年与配偶同住月数：12个月；上半年独自居住天数：0天；上半年仅与配偶同住天数：180天；上半年因不与别人同住而受影响程度：0,情绪信息：生活满意度：有点满意；对子女满意度：无子女；因小事烦恼（过去一周）：几乎没有（<1天）；感到抑郁（过去一周）：几乎没有（<1天）；对未来抱有希望（过去一周）：有时/中等（3–4天）；感到孤独（过去一周）：少量（1–2天）；感到高兴（过去一周）：几乎没有（<1天）；睡眠不安（过去一周）：有时/中等（3–4天）,健康信息：自评健康状况：一般；医生诊断慢性病：未报告上述疾病；身体疼痛程度：有些；上月平均每天实际睡眠小时数：6小时；是否因健康/残疾不能工作：没问题；是否因健康/残疾不能做家事：没问题；多久接受他人帮助：偶尔,活动信息：高强度体力活动：否；中等强度体力活动：否；轻度体力活动：是；轻度体力活动目的：工作需要；上月活动：与朋友交往（不规律）,上网信息：是否使用互联网：否,子女信息：子女总数：1个；健在子女数：0个,工作信息：是否从事农业/家庭农活：无；是否已办理退休：否；是否在工作：否；过去一年总工作天数：0天；上月是否在找工作：否,"基础信息：性别：女；年龄：77岁；城乡类型：农村
教育信息：教育程度：未读完小学
婚姻信息：婚姻状况：已婚且配偶同住；过去一年与配偶同住月数：12个月；上半年独自居住天数：0天；上半年仅与配偶同住天数：180天；上半年因不与别人同住而受影响程度：0
情绪信息：生活满意度：有点满意；对子女满意度：无子女；因小事烦恼（过去一周）：几乎没有（<1天）；感到抑郁（过去一周）：几乎没有（<1天）；对未来抱有希望（过去一周）：有时/中等（3–4天）；感到孤独（过去一周）：少量（1–2天）；感到高兴（过去一周）：几乎没有（<1天）；睡眠不安（过去一周）：有时/中等（3–4天）
健康信息：自评健康状况：一般；医生诊断慢性病：未报告上述疾病；身体疼痛程度：有些；上月平均每天实际睡眠小时数：6小时；是否因健康/残疾不能工作：没问题；是否因健康/残疾不能做家事：没问题；多久接受他人帮助：偶尔
活动信息：高强度体力活动：否；中等强度体力活动：否；轻度体力活动：是；轻度体力活动目的：工作需要；上月活动：与朋友交往（不规律）
上网信息：是否使用互联网：否
子女信息：子女总数：1个；健在子女数：0个
工作信息：是否从事农业/家庭农活：无；是否已办理退休：否；是否在工作：否；过去一年总工作天数：0天；上月是否在找工作：否"
174,296081128002,基础信息：性别：女；年龄：66岁；城乡类型：农村,教育信息：教育程度：未受教育,婚姻信息：婚姻状况：已婚且配偶同住；过去一年与配偶同住月数：12个月；上半年独自居住天数：0天；上半年仅与配偶同住天数：180天；上半年因不与别人同住而受影响程度：0,情绪信息：生活满意度：有点满意；对子女满意度：完全不满意；因小事烦恼（过去一周）：少量（1–2天）；感到抑郁（过去一周）：有时/中等（3–4天）；对未来抱有希望（过去一周）：大多数时候（5–7天）；感到孤独（过去一周）：大多数时候（5–7天）；感到高兴（过去一周）：少量（1–2天）；睡眠不安（过去一周）：大多数时候（5–7天）,健康信息：自评健康状况：很差；医生诊断慢性病：未报告上述疾病；身体疼痛程度：一点；上月平均每天实际睡眠小时数：7小时；是否因健康/残疾不能工作：不能长时间工作；是否因健康/残疾不能做家事：不能长时间；多久接受他人帮助：偶尔,活动信息：高强度体力活动：是；高强度体力活动目的：工作需要；中等强度体力活动：否；轻度体力活动：否；上月活动：以上都没有,上网信息：是否使用互联网：否,子女信息：子女总数：2个；健在子女数：2个；第1子女：是否工作/上学：都不；婚姻状况：未婚；过去一年同住月数：0个月；见面频率：每年；电话/短信/微信联系频率：几乎不见/不联系；第2子女：是否工作/上学：工作；婚姻状况：已婚且配偶同住；过去一年同住月数：0个月；见面频率：每三月；电话/短信/微信联系频率：其他,工作信息：是否从事农业/家庭农活：有；是否已办理退休：否；是否在工作：是；过去一年总工作天数：300天,"基础信息：性别：女；年龄：66岁；城乡类型：农村
教育信息：教育程度：未受教育
婚姻信息：婚姻状况：已婚且配偶同住；过去一年与配偶同住月数：12个月；上半年独自居住天数：0天；上半年仅与配偶同住天数：180天；上半年因不与别人同住而受影响程度：0
情绪信息：生活满意度：有点满意；对子女满意度：完全不满意；因小事烦恼（过去一周）：少量（1–2天）；感到抑郁（过去一周）：有时/中等（3–4天）；对未来抱有希望（过去一周）：大多数时候（5–7天）；感到孤独（过去一周）：大多数时候（5–7天）；感到高兴（过去一周）：少量（1–2天）；睡眠不安（过去一周）：大多数时候（5–7天）
健康信息：自评健康状况：很差；医生诊断慢性病：未报告上述疾病；身体疼痛程度：一点；上月平均每天实际睡眠小时数：7小时；是否因健康/残疾不能工作：不能长时间工作；是否因健康/残疾不能做家事：不能长时间；多久接受他人帮助：偶尔
活动信息：高强度体力活动：是；高强度体力活动目的：工作需要；中等强度体力活动：否；轻度体力活动：否；上月活动：以上都没有
上网信息：是否使用互联网：否
子女信息：子女总数：2个；健在子女数：2个；第1子女：是否工作/上学：都不；婚姻状况：未婚；过去一年同住月数：0个月；见面频率：每年；电话/短信/微信联系频率：几乎不见/不联系；第2子女：是否工作/上学：工作；婚姻状况：已婚且配偶同住；过去一年同住月数：0个月；见面频率：每三月；电话/短信/微信联系频率：其他
工作信息：是否从事农业/家庭农活：有；是否已办理退休：否；是否在工作：是；过去一年总工作天数：300天"
175,56043123001,基础信息：性别：男；年龄：69岁；城乡类型：农村,教育信息：教育程度：小学,婚姻信息：婚姻状况：未婚；是否有人以配偶身份同住：否；上半年独自居住天数：180天；上半年因不与别人同住而受影响程度：0,情绪信息：生活满意度：很满意；因小事烦恼（过去一周）：几乎没有（<1天）；感到抑郁（过去一周）：几乎没有（<1天）；对未来抱有希望（过去一周）：大多数时候（5–7天）；感到孤独（过去一周）：几乎没有（<1天）；感到高兴（过去一周）：大多数时候（5–7天）；睡眠不安（过去一周）：大多数时候（5–7天）,健康信息：自评健康状况：很好；医生诊断慢性病：未报告上述疾病；身体疼痛程度：无；上月平均每天实际睡眠小时数：5小时；是否因健康/残疾不能工作：没问题；是否因健康/残疾不能做家事：没问题；多久接受他人帮助：从不,活动信息：高强度体力活动：是；高强度体力活动目的：工作需要；中等强度体力活动：否；轻度体力活动：是；轻度体力活动目的：锻炼；上月活动：以上都没有,上网信息：是否使用互联网：否,子女信息：子女总数：0个；健在子女数：0个,工作信息：是否从事农业/家庭农活：有；是否已办理退休：否；是否在工作：是；过去一年总工作天数：365天,"基础信息：性别：男；年龄：69岁；城乡类型：农村
教育信息：教育程度：小学
婚姻信息：婚姻状况：未婚；是否有人以配偶身份同住：否；上半年独自居住天数：180天；上半年因不与别人同住而受影响程度：0
情绪信息：生活满意度：很满意；因小事烦恼（过去一周）：几乎没有（<1天）；感到抑郁（过去一周）：几乎没有（<1天）；对未来抱有希望（过去一周）：大多数时候（5–7天）；感到孤独（过去一周）：几乎没有（<1天）；感到高兴（过去一周）：大多数时候（5–7天）；睡眠不安（过去一周）：大多数时候（5–7天）
健康信息：自评健康状况：很好；医生诊断慢性病：未报告上述疾病；身体疼痛程度：无；上月平均每天实际睡眠小时数：5小时；是否因健康/残疾不能工作：没问题；是否因健康/残疾不能做家事：没问题；多久接受他人帮助：从不
活动信息：高强度体力活动：是；高强度体力活动目的：工作需要；中等强度体力活动：否；轻度体力活动：是；轻度体力活动目的：锻炼；上月活动：以上都没有
上网信息：是否使用互联网：否
子女信息：子女总数：0个；健在子女数：0个
工作信息：是否从事农业/家庭农活：有；是否已办理退休：否；是否在工作：是；过去一年总工作天数：365天"
176,334631128001,基础信息：性别：女；年龄：55岁；城乡类型：农村,教育信息：教育程度：小学,婚姻信息：婚姻状况：已婚且配偶同住；过去一年与配偶同住月数：12个月；上半年独自居住天数：0天；上半年仅与配偶同住天数：0天,情绪信息：生活满意度：有点满意；对子女满意度：很满意；因小事烦恼（过去一周）：有时/中等（3–4天）；感到抑郁（过去一周）：几乎没有（<1天）；对未来抱有希望（过去一周）：有时/中等（3–4天）；感到孤独（过去一周）：几乎没有（<1天）；感到高兴（过去一周）：有时/中等（3–4天）；睡眠不安（过去一周）：大多数时候（5–7天）,健康信息：自评健康状况：好；医生诊断慢性病：未报告上述疾病；身体疼痛程度：一点；上月平均每天实际睡眠小时数：5小时；是否因健康/残疾不能工作：没问题；是否因健康/残疾不能做家事：没问题；多久接受他人帮助：偶尔,活动信息：高强度体力活动：否；中等强度体力活动：是；中等强度体力活动目的：其他；轻度体力活动：是；轻度体力活动目的：锻炼；上月活动：与朋友交往（几乎每天）、打麻将/下棋/打牌/去社区活动室（几乎每周）、参加运动/社交等俱乐部（几乎每周）,上网信息：是否使用互联网：是；上网设备：手机；上网用途：聊天、看新闻、看视频、玩游戏；是否用手机支付：是；是否使用微信：是；是否使用微信朋友圈：是,子女信息：子女总数：2个；健在子女数：2个；第1子女：是否工作/上学：工作；婚姻状况：已婚暂分居；过去一年同住月数：0个月；见面频率：每年；电话/短信/微信联系频率：每周1次；第2子女：是否工作/上学：工作；婚姻状况：已婚暂分居；过去一年同住月数：1个月；见面频率：每月；电话/短信/微信联系频率：每周1次,工作信息：是否从事农业/家庭农活：无；是否已办理退休：否；是否在工作：否；过去一年总工作天数：0天；上月是否在找工作：否,"基础信息：性别：女；年龄：55岁；城乡类型：农村
教育信息：教育程度：小学
婚姻信息：婚姻状况：已婚且配偶同住；过去一年与配偶同住月数：12个月；上半年独自居住天数：0天；上半年仅与配偶同住天数：0天
情绪信息：生活满意度：有点满意；对子女满意度：很满意；因小事烦恼（过去一周）：有时/中等（3–4天）；感到抑郁（过去一周）：几乎没有（<1天）；对未来抱有希望（过去一周）：有时/中等（3–4天）；感到孤独（过去一周）：几乎没有（<1天）；感到高兴（过去一周）：有时/中等（3–4天）；睡眠不安（过去一周）：大多数时候（5–7天）
健康信息：自评健康状况：好；医生诊断慢性病：未报告上述疾病；身体疼痛程度：一点；上月平均每天实际睡眠小时数：5小时；是否因健康/残疾不能工作：没问题；是否因健康/残疾不能做家事：没问题；多久接受他人帮助：偶尔
活动信息：高强度体力活动：否；中等强度体力活动：是；中等强度体力活动目的：其他；轻度体力活动：是；轻度体力活动目的：锻炼；上月活动：与朋友交往（几乎每天）、打麻将/下棋/打牌/去社区活动室（几乎每周）、参加运动/社交等俱乐部（几乎每周）
上网信息：是否使用互联网：是；上网设备：手机；上网用途：聊天、看新闻、看视频、玩游戏；是否用手机支付：是；是否使用微信：是；是否使用微信朋友圈：是
子女信息：子女总数：2个；健在子女数：2个；第1子女：是否工作/上学：工作；婚姻状况：已婚暂分居；过去一年同住月数：0个月；见面频率：每年；电话/短信/微信联系频率：每周1次；第2子女：是否工作/上学：工作；婚姻状况：已婚暂分居；过去一年同住月数：1个月；见面频率：每月；电话/短信/微信联系频率：每周1次
工作信息：是否从事农业/家庭农活：无；是否已办理退休：否；是否在工作：否；过去一年总工作天数：0天；上月是否在找工作：否"
177,175531212002,基础信息：性别：女；年龄：65岁；城乡类型：农村,教育信息：教育程度：初中,婚姻信息：婚姻状况：已婚且配偶同住；过去一年与配偶同住月数：0个月；上半年独自居住天数：0天；上半年仅与配偶同住天数：0天,情绪信息：生活满意度：很满意；对子女满意度：很满意；因小事烦恼（过去一周）：几乎没有（<1天）；感到抑郁（过去一周）：几乎没有（<1天）；对未来抱有希望（过去一周）：大多数时候（5–7天）；感到孤独（过去一周）：几乎没有（<1天）；感到高兴（过去一周）：大多数时候（5–7天）；睡眠不安（过去一周）：几乎没有（<1天）,健康信息：自评健康状况：很好；医生诊断慢性病：未报告上述疾病；身体疼痛程度：无；上月平均每天实际睡眠小时数：1.5小时；是否因健康/残疾不能工作：没问题；是否因健康/残疾不能做家事：没问题；多久接受他人帮助：从不,活动信息：高强度体力活动：否；中等强度体力活动：否；轻度体力活动：否；上月活动：以上都没有,上网信息：是否使用互联网：否,子女信息：子女总数：3个；健在子女数：3个；第1子女：是否工作/上学：工作；婚姻状况：已婚暂分居；过去一年同住月数：12个月；第2子女：是否工作/上学：工作；婚姻状况：已婚且配偶同住；过去一年同住月数：0个月；见面频率：每周1次,工作信息：是否从事农业/家庭农活：无；是否已办理退休：否；是否在工作：否；过去一年总工作天数：0天；上月是否在找工作：否,"基础信息：性别：女；年龄：65岁；城乡类型：农村
教育信息：教育程度：初中
婚姻信息：婚姻状况：已婚且配偶同住；过去一年与配偶同住月数：0个月；上半年独自居住天数：0天；上半年仅与配偶同住天数：0天
情绪信息：生活满意度：很满意；对子女满意度：很满意；因小事烦恼（过去一周）：几乎没有（<1天）；感到抑郁（过去一周）：几乎没有（<1天）；对未来抱有希望（过去一周）：大多数时候（5–7天）；感到孤独（过去一周）：几乎没有（<1天）；感到高兴（过去一周）：大多数时候（5–7天）；睡眠不安（过去一周）：几乎没有（<1天）
健康信息：自评健康状况：很好；医生诊断慢性病：未报告上述疾病；身体疼痛程度：无；上月平均每天实际睡眠小时数：1.5小时；是否因健康/残疾不能工作：没问题；是否因健康/残疾不能做家事：没问题；多久接受他人帮助：从不
活动信息：高强度体力活动：否；中等强度体力活动：否；轻度体力活动：否；上月活动：以上都没有
上网信息：是否使用互联网：否
子女信息：子女总数：3个；健在子女数：3个；第1子女：是否工作/上学：工作；婚姻状况：已婚暂分居；过去一年同住月数：12个月；第2子女：是否工作/上学：工作；婚姻状况：已婚且配偶同住；过去一年同住月数：0个月；见面频率：每周1次
工作信息：是否从事农业/家庭农活：无；是否已办理退休：否；是否在工作：否；过去一年总工作天数：0天；上月是否在找工作：否"
178,56302136001,基础信息：性别：男；年龄：50岁；城乡类型：城/镇中心,教育信息：教育程度：高中,婚姻信息：婚姻状况：已婚且配偶同住；过去一年与配偶同住月数：12个月；上半年独自居住天数：0天；上半年仅与配偶同住天数：172天；上半年因不与别人同住而受影响程度：0,情绪信息：生活满意度：有点满意；对子女满意度：有点满意；因小事烦恼（过去一周）：少量（1–2天）；感到抑郁（过去一周）：几乎没有（<1天）；对未来抱有希望（过去一周）：大多数时候（5–7天）；感到孤独（过去一周）：几乎没有（<1天）；感到高兴（过去一周）：大多数时候（5–7天）；睡眠不安（过去一周）：几乎没有（<1天）,健康信息：自评健康状况：好；医生诊断慢性病：未报告上述疾病；身体疼痛程度：无；上月平均每天实际睡眠小时数：8小时；是否因健康/残疾不能工作：没问题；是否因健康/残疾不能做家事：没问题；多久接受他人帮助：从不,活动信息：高强度体力活动：是；高强度体力活动目的：工作需要；中等强度体力活动：是；中等强度体力活动目的：工作需要；轻度体力活动：是；轻度体力活动目的：工作需要；上月活动：以上都没有,上网信息：是否使用互联网：是；上网设备：手机；上网用途：看新闻、看视频；是否用手机支付：是；是否使用微信：是；是否使用微信朋友圈：是,子女信息：子女总数：2个；健在子女数：2个；第1子女：是否工作/上学：工作；婚姻状况：已婚且配偶同住；过去一年同住月数：0个月；见面频率：每月；电话/短信/微信联系频率：每周2–3次；第2子女：是否工作/上学：上学；婚姻状况：未婚；过去一年同住月数：3个月；见面频率：每月；电话/短信/微信联系频率：几乎不见/不联系,工作信息：是否从事农业/家庭农活：有；是否已办理退休：否；是否在工作：是；过去一年总工作天数：304天,"基础信息：性别：男；年龄：50岁；城乡类型：城/镇中心
教育信息：教育程度：高中
婚姻信息：婚姻状况：已婚且配偶同住；过去一年与配偶同住月数：12个月；上半年独自居住天数：0天；上半年仅与配偶同住天数：172天；上半年因不与别人同住而受影响程度：0
情绪信息：生活满意度：有点满意；对子女满意度：有点满意；因小事烦恼（过去一周）：少量（1–2天）；感到抑郁（过去一周）：几乎没有（<1天）；对未来抱有希望（过去一周）：大多数时候（5–7天）；感到孤独（过去一周）：几乎没有（<1天）；感到高兴（过去一周）：大多数时候（5–7天）；睡眠不安（过去一周）：几乎没有（<1天）
健康信息：自评健康状况：好；医生诊断慢性病：未报告上述疾病；身体疼痛程度：无；上月平均每天实际睡眠小时数：8小时；是否因健康/残疾不能工作：没问题；是否因健康/残疾不能做家事：没问题；多久接受他人帮助：从不
活动信息：高强度体力活动：是；高强度体力活动目的：工作需要；中等强度体力活动：是；中等强度体力活动目的：工作需要；轻度体力活动：是；轻度体力活动目的：工作需要；上月活动：以上都没有
上网信息：是否使用互联网：是；上网设备：手机；上网用途：看新闻、看视频；是否用手机支付：是；是否使用微信：是；是否使用微信朋友圈：是
子女信息：子女总数：2个；健在子女数：2个；第1子女：是否工作/上学：工作；婚姻状况：已婚且配偶同住；过去一年同住月数：0个月；见面频率：每月；电话/短信/微信联系频率：每周2–3次；第2子女：是否工作/上学：上学；婚姻状况：未婚；过去一年同住月数：3个月；见面频率：每月；电话/短信/微信联系频率：几乎不见/不联系
工作信息：是否从事农业/家庭农活：有；是否已办理退休：否；是否在工作：是；过去一年总工作天数：304天"
179,134902327001,基础信息：性别：男；年龄：62岁；城乡类型：农村,教育信息：教育程度：未受教育,婚姻信息：婚姻状况：已婚且配偶同住；过去一年与配偶同住月数：12个月；上半年独自居住天数：0天；上半年仅与配偶同住天数：180天；上半年因不与别人同住而受影响程度：20,情绪信息：生活满意度：有点满意；对子女满意度：很满意；因小事烦恼（过去一周）：有时/中等（3–4天）；感到抑郁（过去一周）：有时/中等（3–4天）；对未来抱有希望（过去一周）：大多数时候（5–7天）；感到孤独（过去一周）：大多数时候（5–7天）；感到高兴（过去一周）：有时/中等（3–4天）；睡眠不安（过去一周）：有时/中等（3–4天）,健康信息：自评健康状况：一般；医生诊断慢性病：未报告上述疾病；身体疼痛程度：一点；上月平均每天实际睡眠小时数：5小时；是否因健康/残疾不能工作：没问题；是否因健康/残疾不能做家事：不能长时间；多久接受他人帮助：从不,活动信息：高强度体力活动：是；高强度体力活动目的：工作需要；中等强度体力活动：是；中等强度体力活动目的：工作需要；轻度体力活动：是；轻度体力活动目的：工作需要；上月活动：帮助不住一起的家人朋友邻居（不规律）,上网信息：是否使用互联网：否,子女信息：子女总数：3个；健在子女数：3个；第1子女：是否工作/上学：工作；婚姻状况：已婚且配偶同住；过去一年同住月数：2个月；见面频率：每三月；电话/短信/微信联系频率：每月；第2子女：是否工作/上学：工作；婚姻状况：已婚且配偶同住；过去一年同住月数：1个月；见面频率：每月；电话/短信/微信联系频率：每月,工作信息：是否从事农业/家庭农活：有；是否已办理退休：否；是否在工作：是；过去一年总工作天数：360天,"基础信息：性别：男；年龄：62岁；城乡类型：农村
教育信息：教育程度：未受教育
婚姻信息：婚姻状况：已婚且配偶同住；过去一年与配偶同住月数：12个月；上半年独自居住天数：0天；上半年仅与配偶同住天数：180天；上半年因不与别人同住而受影响程度：20
情绪信息：生活满意度：有点满意；对子女满意度：很满意；因小事烦恼（过去一周）：有时/中等（3–4天）；感到抑郁（过去一周）：有时/中等（3–4天）；对未来抱有希望（过去一周）：大多数时候（5–7天）；感到孤独（过去一周）：大多数时候（5–7天）；感到高兴（过去一周）：有时/中等（3–4天）；睡眠不安（过去一周）：有时/中等（3–4天）
健康信息：自评健康状况：一般；医生诊断慢性病：未报告上述疾病；身体疼痛程度：一点；上月平均每天实际睡眠小时数：5小时；是否因健康/残疾不能工作：没问题；是否因健康/残疾不能做家事：不能长时间；多久接受他人帮助：从不
活动信息：高强度体力活动：是；高强度体力活动目的：工作需要；中等强度体力活动：是；中等强度体力活动目的：工作需要；轻度体力活动：是；轻度体力活动目的：工作需要；上月活动：帮助不住一起的家人朋友邻居（不规律）
上网信息：是否使用互联网：否
子女信息：子女总数：3个；健在子女数：3个；第1子女：是否工作/上学：工作；婚姻状况：已婚且配偶同住；过去一年同住月数：2个月；见面频率：每三月；电话/短信/微信联系频率：每月；第2子女：是否工作/上学：工作；婚姻状况：已婚且配偶同住；过去一年同住月数：1个月；见面频率：每月；电话/短信/微信联系频率：每月
工作信息：是否从事农业/家庭农活：有；是否已办理退休：否；是否在工作：是；过去一年总工作天数：360天"
180,74981218001,基础信息：性别：男；年龄：69岁；城乡类型：农村,教育信息：教育程度：未受教育,婚姻信息：婚姻状况：未婚；是否有人以配偶身份同住：否；上半年独自居住天数：180天；上半年因不与别人同住而受影响程度：0,情绪信息：生活满意度：很满意；因小事烦恼（过去一周）：几乎没有（<1天）；感到抑郁（过去一周）：几乎没有（<1天）；对未来抱有希望（过去一周）：几乎没有（<1天）；感到孤独（过去一周）：几乎没有（<1天）；感到高兴（过去一周）：几乎没有（<1天）；睡眠不安（过去一周）：大多数时候（5–7天）,健康信息：自评健康状况：一般；医生诊断慢性病：未报告上述疾病；身体疼痛程度：无；上月平均每天实际睡眠小时数：3小时；是否因健康/残疾不能工作：没问题；是否因健康/残疾不能做家事：没问题；多久接受他人帮助：从不,活动信息：高强度体力活动：否；中等强度体力活动：否；轻度体力活动：否；上月活动：打麻将/下棋/打牌/去社区活动室（几乎每天）,上网信息：是否使用互联网：否,子女信息：子女总数：0个；健在子女数：0个,工作信息：是否从事农业/家庭农活：无；是否已办理退休：否；是否在工作：否；过去一年总工作天数：0天；上月是否在找工作：否,"基础信息：性别：男；年龄：69岁；城乡类型：农村
教育信息：教育程度：未受教育
婚姻信息：婚姻状况：未婚；是否有人以配偶身份同住：否；上半年独自居住天数：180天；上半年因不与别人同住而受影响程度：0
情绪信息：生活满意度：很满意；因小事烦恼（过去一周）：几乎没有（<1天）；感到抑郁（过去一周）：几乎没有（<1天）；对未来抱有希望（过去一周）：几乎没有（<1天）；感到孤独（过去一周）：几乎没有（<1天）；感到高兴（过去一周）：几乎没有（<1天）；睡眠不安（过去一周）：大多数时候（5–7天）
健康信息：自评健康状况：一般；医生诊断慢性病：未报告上述疾病；身体疼痛程度：无；上月平均每天实际睡眠小时数：3小时；是否因健康/残疾不能工作：没问题；是否因健康/残疾不能做家事：没问题；多久接受他人帮助：从不
活动信息：高强度体力活动：否；中等强度体力活动：否；轻度体力活动：否；上月活动：打麻将/下棋/打牌/去社区活动室（几乎每天）
上网信息：是否使用互联网：否
子女信息：子女总数：0个；健在子女数：0个
工作信息：是否从事农业/家庭农活：无；是否已办理退休：否；是否在工作：否；过去一年总工作天数：0天；上月是否在找工作：否"
181,177402120001,基础信息：性别：女；年龄：67岁；城乡类型：城乡结合部/镇乡,教育信息：教育程度：未读完小学,婚姻信息：婚姻状况：丧偶；是否有人以配偶身份同住：否；上半年独自居住天数：0天,情绪信息：生活满意度：有点满意；对子女满意度：有点满意；因小事烦恼（过去一周）：几乎没有（<1天）；感到抑郁（过去一周）：几乎没有（<1天）；对未来抱有希望（过去一周）：几乎没有（<1天）；感到孤独（过去一周）：几乎没有（<1天）；感到高兴（过去一周）：几乎没有（<1天）；睡眠不安（过去一周）：几乎没有（<1天）,健康信息：自评健康状况：差；医生诊断慢性病：血脂异常；身体疼痛程度：一点；上月平均每天实际睡眠小时数：8小时；是否因健康/残疾不能工作：没问题；是否因健康/残疾不能做家事：没问题；多久接受他人帮助：从不,活动信息：高强度体力活动：否；中等强度体力活动：否；轻度体力活动：是；轻度体力活动目的：锻炼；上月活动：与朋友交往（几乎每天）,上网信息：是否使用互联网：否,子女信息：子女总数：3个；健在子女数：3个；第1子女：是否工作/上学：工作；婚姻状况：已婚且配偶同住；过去一年同住月数：1个月；见面频率：每年；电话/短信/微信联系频率：几乎每天,工作信息：是否从事农业/家庭农活：无；是否已办理退休：否；是否在工作：否；过去一年总工作天数：0天；上月是否在找工作：否,"基础信息：性别：女；年龄：67岁；城乡类型：城乡结合部/镇乡
教育信息：教育程度：未读完小学
婚姻信息：婚姻状况：丧偶；是否有人以配偶身份同住：否；上半年独自居住天数：0天
情绪信息：生活满意度：有点满意；对子女满意度：有点满意；因小事烦恼（过去一周）：几乎没有（<1天）；感到抑郁（过去一周）：几乎没有（<1天）；对未来抱有希望（过去一周）：几乎没有（<1天）；感到孤独（过去一周）：几乎没有（<1天）；感到高兴（过去一周）：几乎没有（<1天）；睡眠不安（过去一周）：几乎没有（<1天）
健康信息：自评健康状况：差；医生诊断慢性病：血脂异常；身体疼痛程度：一点；上月平均每天实际睡眠小时数：8小时；是否因健康/残疾不能工作：没问题；是否因健康/残疾不能做家事：没问题；多久接受他人帮助：从不
活动信息：高强度体力活动：否；中等强度体力活动：否；轻度体力活动：是；轻度体力活动目的：锻炼；上月活动：与朋友交往（几乎每天）
上网信息：是否使用互联网：否
子女信息：子女总数：3个；健在子女数：3个；第1子女：是否工作/上学：工作；婚姻状况：已婚且配偶同住；过去一年同住月数：1个月；见面频率：每年；电话/短信/微信联系频率：几乎每天
工作信息：是否从事农业/家庭农活：无；是否已办理退休：否；是否在工作：否；过去一年总工作天数：0天；上月是否在找工作：否"
182,154058322001,基础信息：性别：女；年龄：54岁；城乡类型：城/镇中心,教育信息：教育程度：高中,婚姻信息：婚姻状况：已婚且配偶同住；过去一年与配偶同住月数：12个月；上半年独自居住天数：0天；上半年仅与配偶同住天数：0天,情绪信息：生活满意度：完全不满意；对子女满意度：有点满意；因小事烦恼（过去一周）：有时/中等（3–4天）；感到抑郁（过去一周）：大多数时候（5–7天）；对未来抱有希望（过去一周）：几乎没有（<1天）；感到孤独（过去一周）：大多数时候（5–7天）；感到高兴（过去一周）：几乎没有（<1天）；睡眠不安（过去一周）：大多数时候（5–7天）,健康信息：自评健康状况：一般；医生诊断慢性病：高血压、血脂异常；身体疼痛程度：一点；上月平均每天实际睡眠小时数：6小时；是否因健康/残疾不能工作：没问题；是否因健康/残疾不能做家事：没问题；多久接受他人帮助：从不,活动信息：高强度体力活动：否；中等强度体力活动：是；中等强度体力活动目的：其他；轻度体力活动：是；轻度体力活动目的：锻炼；上月活动：以上都没有,上网信息：是否使用互联网：是；上网设备：手机；上网用途：聊天、看新闻、看视频、玩游戏；是否用手机支付：是；是否使用微信：是；是否使用微信朋友圈：是,子女信息：子女总数：2个；健在子女数：2个；第1子女：是否工作/上学：工作；婚姻状况：已婚且配偶同住；过去一年同住月数：6个月；见面频率：几乎每天；第2子女：是否工作/上学：工作；婚姻状况：已婚且配偶同住；过去一年同住月数：12个月,工作信息：是否从事农业/家庭农活：无；是否已办理退休：是；退休时间：2016年10月；是否在工作：否；过去一年总工作天数：0天；上月是否在找工作：否,"基础信息：性别：女；年龄：54岁；城乡类型：城/镇中心
教育信息：教育程度：高中
婚姻信息：婚姻状况：已婚且配偶同住；过去一年与配偶同住月数：12个月；上半年独自居住天数：0天；上半年仅与配偶同住天数：0天
情绪信息：生活满意度：完全不满意；对子女满意度：有点满意；因小事烦恼（过去一周）：有时/中等（3–4天）；感到抑郁（过去一周）：大多数时候（5–7天）；对未来抱有希望（过去一周）：几乎没有（<1天）；感到孤独（过去一周）：大多数时候（5–7天）；感到高兴（过去一周）：几乎没有（<1天）；睡眠不安（过去一周）：大多数时候（5–7天）
健康信息：自评健康状况：一般；医生诊断慢性病：高血压、血脂异常；身体疼痛程度：一点；上月平均每天实际睡眠小时数：6小时；是否因健康/残疾不能工作：没问题；是否因健康/残疾不能做家事：没问题；多久接受他人帮助：从不
活动信息：高强度体力活动：否；中等强度体力活动：是；中等强度体力活动目的：其他；轻度体力活动：是；轻度体力活动目的：锻炼；上月活动：以上都没有
上网信息：是否使用互联网：是；上网设备：手机；上网用途：聊天、看新闻、看视频、玩游戏；是否用手机支付：是；是否使用微信：是；是否使用微信朋友圈：是
子女信息：子女总数：2个；健在子女数：2个；第1子女：是否工作/上学：工作；婚姻状况：已婚且配偶同住；过去一年同住月数：6个月；见面频率：几乎每天；第2子女：是否工作/上学：工作；婚姻状况：已婚且配偶同住；过去一年同住月数：12个月
工作信息：是否从事农业/家庭农活：无；是否已办理退休：是；退休时间：2016年10月；是否在工作：否；过去一年总工作天数：0天；上月是否在找工作：否"
183,177402135002,基础信息：性别：男；年龄：50岁；城乡类型：农村,教育信息：教育程度：未读完小学,婚姻信息：婚姻状况：已婚暂分居；过去一年与配偶同住月数：1个月；上半年独自居住天数：180天；上半年仅与配偶同住天数：0天；上半年因不与别人同住而受影响程度：0,情绪信息：生活满意度：很满意；对子女满意度：很满意；因小事烦恼（过去一周）：几乎没有（<1天）；感到抑郁（过去一周）：几乎没有（<1天）；对未来抱有希望（过去一周）：大多数时候（5–7天）；感到孤独（过去一周）：几乎没有（<1天）；感到高兴（过去一周）：大多数时候（5–7天）；睡眠不安（过去一周）：几乎没有（<1天）,健康信息：自评健康状况：好；医生诊断慢性病：未报告上述疾病；身体疼痛程度：无；上月平均每天实际睡眠小时数：7小时；是否因健康/残疾不能工作：没问题；是否因健康/残疾不能做家事：没问题；多久接受他人帮助：从不,活动信息：高强度体力活动：否；中等强度体力活动：否；轻度体力活动：否；上月活动：与朋友交往（几乎每天）、帮助不住一起的家人朋友邻居（不规律）,上网信息：是否使用互联网：是；上网设备：手机；上网用途：聊天、看新闻、看视频；是否用手机支付：否；是否使用微信：否,子女信息：子女总数：2个；健在子女数：2个；第1子女：是否工作/上学：工作；婚姻状况：已婚且配偶同住；过去一年同住月数：0个月；见面频率：每月；电话/短信/微信联系频率：每月；第2子女：是否工作/上学：工作；婚姻状况：未婚；过去一年同住月数：1个月；见面频率：其他；电话/短信/微信联系频率：每三月,工作信息：是否从事农业/家庭农活：无；是否已办理退休：否；是否在工作：是；过去一年总工作天数：160天,"基础信息：性别：男；年龄：50岁；城乡类型：农村
教育信息：教育程度：未读完小学
婚姻信息：婚姻状况：已婚暂分居；过去一年与配偶同住月数：1个月；上半年独自居住天数：180天；上半年仅与配偶同住天数：0天；上半年因不与别人同住而受影响程度：0
情绪信息：生活满意度：很满意；对子女满意度：很满意；因小事烦恼（过去一周）：几乎没有（<1天）；感到抑郁（过去一周）：几乎没有（<1天）；对未来抱有希望（过去一周）：大多数时候（5–7天）；感到孤独（过去一周）：几乎没有（<1天）；感到高兴（过去一周）：大多数时候（5–7天）；睡眠不安（过去一周）：几乎没有（<1天）
健康信息：自评健康状况：好；医生诊断慢性病：未报告上述疾病；身体疼痛程度：无；上月平均每天实际睡眠小时数：7小时；是否因健康/残疾不能工作：没问题；是否因健康/残疾不能做家事：没问题；多久接受他人帮助：从不
活动信息：高强度体力活动：否；中等强度体力活动：否；轻度体力活动：否；上月活动：与朋友交往（几乎每天）、帮助不住一起的家人朋友邻居（不规律）
上网信息：是否使用互联网：是；上网设备：手机；上网用途：聊天、看新闻、看视频；是否用手机支付：否；是否使用微信：否
子女信息：子女总数：2个；健在子女数：2个；第1子女：是否工作/上学：工作；婚姻状况：已婚且配偶同住；过去一年同住月数：0个月；见面频率：每月；电话/短信/微信联系频率：每月；第2子女：是否工作/上学：工作；婚姻状况：未婚；过去一年同住月数：1个月；见面频率：其他；电话/短信/微信联系频率：每三月
工作信息：是否从事农业/家庭农活：无；是否已办理退休：否；是否在工作：是；过去一年总工作天数：160天"
184,151156318001,基础信息：性别：女；年龄：73岁；城乡类型：农村,教育信息：教育程度：初中,婚姻信息：婚姻状况：已婚且配偶同住；过去一年与配偶同住月数：12个月；上半年独自居住天数：0天；上半年仅与配偶同住天数：0天,情绪信息：生活满意度：有点满意；对子女满意度：有点满意；因小事烦恼（过去一周）：几乎没有（<1天）；感到抑郁（过去一周）：几乎没有（<1天）；对未来抱有希望（过去一周）：少量（1–2天）；感到孤独（过去一周）：几乎没有（<1天）；感到高兴（过去一周）：有时/中等（3–4天）；睡眠不安（过去一周）：有时/中等（3–4天）,健康信息：自评健康状况：好；医生诊断慢性病：未报告上述疾病；身体疼痛程度：有些；上月平均每天实际睡眠小时数：7.5小时；是否因健康/残疾不能工作：没问题；是否因健康/残疾不能做家事：没问题；多久接受他人帮助：从不,活动信息：高强度体力活动：否；中等强度体力活动：是；中等强度体力活动目的：工作需要；轻度体力活动：是；轻度体力活动目的：娱乐；上月活动：与朋友交往（几乎每周）、帮助不住一起的家人朋友邻居（不规律）、参加社区相关组织（几乎每周）,上网信息：是否使用互联网：否,子女信息：子女总数：4个；健在子女数：4个；第1子女：是否工作/上学：都不；婚姻状况：已婚且配偶同住；过去一年同住月数：0个月；见面频率：其他；电话/短信/微信联系频率：每周1次；第2子女：是否工作/上学：工作；婚姻状况：已婚且配偶同住；过去一年同住月数：0个月；见面频率：每周1次,工作信息：是否从事农业/家庭农活：有；是否已办理退休：否；是否在工作：是；过去一年总工作天数：365天,"基础信息：性别：女；年龄：73岁；城乡类型：农村
教育信息：教育程度：初中
婚姻信息：婚姻状况：已婚且配偶同住；过去一年与配偶同住月数：12个月；上半年独自居住天数：0天；上半年仅与配偶同住天数：0天
情绪信息：生活满意度：有点满意；对子女满意度：有点满意；因小事烦恼（过去一周）：几乎没有（<1天）；感到抑郁（过去一周）：几乎没有（<1天）；对未来抱有希望（过去一周）：少量（1–2天）；感到孤独（过去一周）：几乎没有（<1天）；感到高兴（过去一周）：有时/中等（3–4天）；睡眠不安（过去一周）：有时/中等（3–4天）
健康信息：自评健康状况：好；医生诊断慢性病：未报告上述疾病；身体疼痛程度：有些；上月平均每天实际睡眠小时数：7.5小时；是否因健康/残疾不能工作：没问题；是否因健康/残疾不能做家事：没问题；多久接受他人帮助：从不
活动信息：高强度体力活动：否；中等强度体力活动：是；中等强度体力活动目的：工作需要；轻度体力活动：是；轻度体力活动目的：娱乐；上月活动：与朋友交往（几乎每周）、帮助不住一起的家人朋友邻居（不规律）、参加社区相关组织（几乎每周）
上网信息：是否使用互联网：否
子女信息：子女总数：4个；健在子女数：4个；第1子女：是否工作/上学：都不；婚姻状况：已婚且配偶同住；过去一年同住月数：0个月；见面频率：其他；电话/短信/微信联系频率：每周1次；第2子女：是否工作/上学：工作；婚姻状况：已婚且配偶同住；过去一年同住月数：0个月；见面频率：每周1次
工作信息：是否从事农业/家庭农活：有；是否已办理退休：否；是否在工作：是；过去一年总工作天数：365天"
185,347763304002,基础信息：性别：男；年龄：69岁；城乡类型：城乡结合部/镇乡,教育信息：教育程度：初中,婚姻信息：婚姻状况：已婚且配偶同住；过去一年与配偶同住月数：12个月；上半年独自居住天数：0天；上半年仅与配偶同住天数：180天；上半年因不与别人同住而受影响程度：0,情绪信息：生活满意度：有点满意；对子女满意度：有点满意；因小事烦恼（过去一周）：几乎没有（<1天）；感到抑郁（过去一周）：几乎没有（<1天）；对未来抱有希望（过去一周）：有时/中等（3–4天）；感到孤独（过去一周）：几乎没有（<1天）；感到高兴（过去一周）：大多数时候（5–7天）；睡眠不安（过去一周）：大多数时候（5–7天）,健康信息：自评健康状况：一般；医生诊断慢性病：未报告上述疾病；身体疼痛程度：一点；上月平均每天实际睡眠小时数：4小时；是否因健康/残疾不能工作：没问题；是否因健康/残疾不能做家事：没问题；多久接受他人帮助：从不,活动信息：高强度体力活动：否；中等强度体力活动：是；中等强度体力活动目的：锻炼；轻度体力活动：是；轻度体力活动目的：锻炼；上月活动：打麻将/下棋/打牌/去社区活动室（几乎每天）,上网信息：是否使用互联网：否,子女信息：子女总数：2个；健在子女数：2个；第1子女：是否工作/上学：都不；婚姻状况：已婚且配偶同住；过去一年同住月数：0个月；见面频率：每两周；电话/短信/微信联系频率：几乎每天；第2子女：是否工作/上学：工作；婚姻状况：已婚且配偶同住；过去一年同住月数：0个月；见面频率：每月；电话/短信/微信联系频率：每两周,工作信息：是否从事农业/家庭农活：无；是否在工作：否；过去一年总工作天数：0天；上月是否在找工作：否,"基础信息：性别：男；年龄：69岁；城乡类型：城乡结合部/镇乡
教育信息：教育程度：初中
婚姻信息：婚姻状况：已婚且配偶同住；过去一年与配偶同住月数：12个月；上半年独自居住天数：0天；上半年仅与配偶同住天数：180天；上半年因不与别人同住而受影响程度：0
情绪信息：生活满意度：有点满意；对子女满意度：有点满意；因小事烦恼（过去一周）：几乎没有（<1天）；感到抑郁（过去一周）：几乎没有（<1天）；对未来抱有希望（过去一周）：有时/中等（3–4天）；感到孤独（过去一周）：几乎没有（<1天）；感到高兴（过去一周）：大多数时候（5–7天）；睡眠不安（过去一周）：大多数时候（5–7天）
健康信息：自评健康状况：一般；医生诊断慢性病：未报告上述疾病；身体疼痛程度：一点；上月平均每天实际睡眠小时数：4小时；是否因健康/残疾不能工作：没问题；是否因健康/残疾不能做家事：没问题；多久接受他人帮助：从不
活动信息：高强度体力活动：否；中等强度体力活动：是；中等强度体力活动目的：锻炼；轻度体力活动：是；轻度体力活动目的：锻炼；上月活动：打麻将/下棋/打牌/去社区活动室（几乎每天）
上网信息：是否使用互联网：否
子女信息：子女总数：2个；健在子女数：2个；第1子女：是否工作/上学：都不；婚姻状况：已婚且配偶同住；过去一年同住月数：0个月；见面频率：每两周；电话/短信/微信联系频率：几乎每天；第2子女：是否工作/上学：工作；婚姻状况：已婚且配偶同住；过去一年同住月数：0个月；见面频率：每月；电话/短信/微信联系频率：每两周
工作信息：是否从事农业/家庭农活：无；是否在工作：否；过去一年总工作天数：0天；上月是否在找工作：否"
186,65546132001,基础信息：性别：男；年龄：48岁；城乡类型：农村,教育信息：教育程度：小学,婚姻信息：婚姻状况：已婚且配偶同住；过去一年与配偶同住月数：12个月；上半年独自居住天数：0天；上半年仅与配偶同住天数：0天,情绪信息：生活满意度：有点满意；对子女满意度：很满意；因小事烦恼（过去一周）：几乎没有（<1天）；感到抑郁（过去一周）：几乎没有（<1天）；对未来抱有希望（过去一周）：大多数时候（5–7天）；感到孤独（过去一周）：几乎没有（<1天）；感到高兴（过去一周）：大多数时候（5–7天）；睡眠不安（过去一周）：几乎没有（<1天）,健康信息：自评健康状况：好；医生诊断慢性病：未报告上述疾病；身体疼痛程度：无；上月平均每天实际睡眠小时数：8小时；是否因健康/残疾不能工作：没问题；是否因健康/残疾不能做家事：没问题；多久接受他人帮助：从不,活动信息：高强度体力活动：否；中等强度体力活动：是；中等强度体力活动目的：娱乐；轻度体力活动：是；轻度体力活动目的：工作需要；上月活动：与朋友交往（不规律）、打麻将/下棋/打牌/去社区活动室（不规律）,上网信息：是否使用互联网：是；上网设备：手机；上网用途：看新闻；是否用手机支付：是；是否使用微信：是；是否使用微信朋友圈：否,子女信息：子女总数：3个；健在子女数：3个；第1子女：是否工作/上学：工作；婚姻状况：未婚；过去一年同住月数：12个月；第2子女：是否工作/上学：上学；过去一年同住月数：12个月,工作信息：是否从事农业/家庭农活：有；是否已办理退休：否；是否在工作：是；过去一年总工作天数：180天,"基础信息：性别：男；年龄：48岁；城乡类型：农村
教育信息：教育程度：小学
婚姻信息：婚姻状况：已婚且配偶同住；过去一年与配偶同住月数：12个月；上半年独自居住天数：0天；上半年仅与配偶同住天数：0天
情绪信息：生活满意度：有点满意；对子女满意度：很满意；因小事烦恼（过去一周）：几乎没有（<1天）；感到抑郁（过去一周）：几乎没有（<1天）；对未来抱有希望（过去一周）：大多数时候（5–7天）；感到孤独（过去一周）：几乎没有（<1天）；感到高兴（过去一周）：大多数时候（5–7天）；睡眠不安（过去一周）：几乎没有（<1天）
健康信息：自评健康状况：好；医生诊断慢性病：未报告上述疾病；身体疼痛程度：无；上月平均每天实际睡眠小时数：8小时；是否因健康/残疾不能工作：没问题；是否因健康/残疾不能做家事：没问题；多久接受他人帮助：从不
活动信息：高强度体力活动：否；中等强度体力活动：是；中等强度体力活动目的：娱乐；轻度体力活动：是；轻度体力活动目的：工作需要；上月活动：与朋友交往（不规律）、打麻将/下棋/打牌/去社区活动室（不规律）
上网信息：是否使用互联网：是；上网设备：手机；上网用途：看新闻；是否用手机支付：是；是否使用微信：是；是否使用微信朋友圈：否
子女信息：子女总数：3个；健在子女数：3个；第1子女：是否工作/上学：工作；婚姻状况：未婚；过去一年同住月数：12个月；第2子女：是否工作/上学：上学；过去一年同住月数：12个月
工作信息：是否从事农业/家庭农活：有；是否已办理退休：否；是否在工作：是；过去一年总工作天数：180天"
187,296081138001,基础信息：性别：男；年龄：52岁；现居住地地址类型：其他；城乡类型：城/镇中心,教育信息：教育程度：初中,婚姻信息：婚姻状况：已婚且配偶同住；过去一年与配偶同住月数：12个月；上半年独自居住天数：0天；上半年仅与配偶同住天数：180天；上半年因不与别人同住而受影响程度：0,情绪信息：生活满意度：很满意；对子女满意度：非常满意；因小事烦恼（过去一周）：几乎没有（<1天）；感到抑郁（过去一周）：少量（1–2天）；对未来抱有希望（过去一周）：有时/中等（3–4天）；感到孤独（过去一周）：几乎没有（<1天）；感到高兴（过去一周）：有时/中等（3–4天）；睡眠不安（过去一周）：几乎没有（<1天）,健康信息：自评健康状况：一般；医生诊断慢性病：未报告上述疾病；身体疼痛程度：一点；上月平均每天实际睡眠小时数：6小时；是否因健康/残疾不能工作：没问题；是否因健康/残疾不能做家事：没问题；多久接受他人帮助：偶尔,活动信息：高强度体力活动：否；中等强度体力活动：否；轻度体力活动：是；轻度体力活动目的：娱乐；上月活动：与朋友交往（几乎每周）、打麻将/下棋/打牌/去社区活动室（几乎每周）、帮助不住一起的家人朋友邻居（不规律）、做志愿/慈善或照顾不住一起的病弱者（不规律）,上网信息：是否使用互联网：是；上网设备：手机；上网用途：看新闻、看视频；是否用手机支付：是；是否使用微信：是；是否使用微信朋友圈：否,子女信息：子女总数：2个；健在子女数：2个；第1子女：是否工作/上学：上学；婚姻状况：未婚；过去一年同住月数：7个月；见面频率：每半年；电话/短信/微信联系频率：每月；第2子女：是否工作/上学：都不；婚姻状况：已婚暂分居；过去一年同住月数：0个月；见面频率：几乎每天,工作信息：是否从事农业/家庭农活：无；是否已办理退休：否；是否在工作：是；过去一年总工作天数：365天,"基础信息：性别：男；年龄：52岁；现居住地地址类型：其他；城乡类型：城/镇中心
教育信息：教育程度：初中
婚姻信息：婚姻状况：已婚且配偶同住；过去一年与配偶同住月数：12个月；上半年独自居住天数：0天；上半年仅与配偶同住天数：180天；上半年因不与别人同住而受影响程度：0
情绪信息：生活满意度：很满意；对子女满意度：非常满意；因小事烦恼（过去一周）：几乎没有（<1天）；感到抑郁（过去一周）：少量（1–2天）；对未来抱有希望（过去一周）：有时/中等（3–4天）；感到孤独（过去一周）：几乎没有（<1天）；感到高兴（过去一周）：有时/中等（3–4天）；睡眠不安（过去一周）：几乎没有（<1天）
健康信息：自评健康状况：一般；医生诊断慢性病：未报告上述疾病；身体疼痛程度：一点；上月平均每天实际睡眠小时数：6小时；是否因健康/残疾不能工作：没问题；是否因健康/残疾不能做家事：没问题；多久接受他人帮助：偶尔
活动信息：高强度体力活动：否；中等强度体力活动：否；轻度体力活动：是；轻度体力活动目的：娱乐；上月活动：与朋友交往（几乎每周）、打麻将/下棋/打牌/去社区活动室（几乎每周）、帮助不住一起的家人朋友邻居（不规律）、做志愿/慈善或照顾不住一起的病弱者（不规律）
上网信息：是否使用互联网：是；上网设备：手机；上网用途：看新闻、看视频；是否用手机支付：是；是否使用微信：是；是否使用微信朋友圈：否
子女信息：子女总数：2个；健在子女数：2个；第1子女：是否工作/上学：上学；婚姻状况：未婚；过去一年同住月数：7个月；见面频率：每半年；电话/短信/微信联系频率：每月；第2子女：是否工作/上学：都不；婚姻状况：已婚暂分居；过去一年同住月数：0个月；见面频率：几乎每天
工作信息：是否从事农业/家庭农活：无；是否已办理退休：否；是否在工作：是；过去一年总工作天数：365天"
188,57633117002,基础信息：性别：男；年龄：70岁；城乡类型：农村,教育信息：教育程度：未读完小学,婚姻信息：婚姻状况：已婚且配偶同住；过去一年与配偶同住月数：12个月；上半年独自居住天数：6天；上半年仅与配偶同住天数：0天；上半年因不与别人同住而受影响程度：0,情绪信息：生活满意度：很满意；对子女满意度：很满意；因小事烦恼（过去一周）：几乎没有（<1天）；感到抑郁（过去一周）：几乎没有（<1天）；对未来抱有希望（过去一周）：几乎没有（<1天）；感到孤独（过去一周）：少量（1–2天）；感到高兴（过去一周）：少量（1–2天）；睡眠不安（过去一周）：少量（1–2天）,健康信息：自评健康状况：一般；医生诊断慢性病：中风；身体疼痛程度：一点；上月平均每天实际睡眠小时数：6小时；是否因健康/残疾不能工作：没问题；是否因健康/残疾不能做家事：没问题；多久接受他人帮助：从不,活动信息：高强度体力活动：否；中等强度体力活动：否；轻度体力活动：否；上月活动：以上都没有,上网信息：是否使用互联网：否,子女信息：子女总数：5个；健在子女数：5个；第1子女：是否工作/上学：都不；婚姻状况：已婚且配偶同住；过去一年同住月数：12个月；第2子女：是否工作/上学：都不；婚姻状况：未婚；过去一年同住月数：12个月,工作信息：是否从事农业/家庭农活：无；是否已办理退休：是；退休时间：1983年6月；是否在工作：否；过去一年总工作天数：0天；上月是否在找工作：否,"基础信息：性别：男；年龄：70岁；城乡类型：农村
教育信息：教育程度：未读完小学
婚姻信息：婚姻状况：已婚且配偶同住；过去一年与配偶同住月数：12个月；上半年独自居住天数：6天；上半年仅与配偶同住天数：0天；上半年因不与别人同住而受影响程度：0
情绪信息：生活满意度：很满意；对子女满意度：很满意；因小事烦恼（过去一周）：几乎没有（<1天）；感到抑郁（过去一周）：几乎没有（<1天）；对未来抱有希望（过去一周）：几乎没有（<1天）；感到孤独（过去一周）：少量（1–2天）；感到高兴（过去一周）：少量（1–2天）；睡眠不安（过去一周）：少量（1–2天）
健康信息：自评健康状况：一般；医生诊断慢性病：中风；身体疼痛程度：一点；上月平均每天实际睡眠小时数：6小时；是否因健康/残疾不能工作：没问题；是否因健康/残疾不能做家事：没问题；多久接受他人帮助：从不
活动信息：高强度体力活动：否；中等强度体力活动：否；轻度体力活动：否；上月活动：以上都没有
上网信息：是否使用互联网：否
子女信息：子女总数：5个；健在子女数：5个；第1子女：是否工作/上学：都不；婚姻状况：已婚且配偶同住；过去一年同住月数：12个月；第2子女：是否工作/上学：都不；婚姻状况：未婚；过去一年同住月数：12个月
工作信息：是否从事农业/家庭农活：无；是否已办理退休：是；退休时间：1983年6月；是否在工作：否；过去一年总工作天数：0天；上月是否在找工作：否"
189,296006201002,基础信息：性别：男；年龄：58岁；城乡类型：城/镇中心,教育信息：教育程度：职高,婚姻信息：婚姻状况：已婚且配偶同住；过去一年与配偶同住月数：12个月；上半年独自居住天数：30天；上半年仅与配偶同住天数：180天；上半年因不与别人同住而受影响程度：0,情绪信息：生活满意度：有点满意；对子女满意度：有点满意；因小事烦恼（过去一周）：少量（1–2天）；感到抑郁（过去一周）：几乎没有（<1天）；对未来抱有希望（过去一周）：大多数时候（5–7天）；感到孤独（过去一周）：几乎没有（<1天）；感到高兴（过去一周）：大多数时候（5–7天）；睡眠不安（过去一周）：几乎没有（<1天）,健康信息：自评健康状况：一般；医生诊断慢性病：胃部或其他消化系统疾病；身体疼痛程度：无；上月平均每天实际睡眠小时数：6小时；是否因健康/残疾不能工作：没问题；是否因健康/残疾不能做家事：没问题；多久接受他人帮助：从不,活动信息：高强度体力活动：否；中等强度体力活动：是；中等强度体力活动目的：其他；轻度体力活动：是；轻度体力活动目的：锻炼；上月活动：打麻将/下棋/打牌/去社区活动室（几乎每周）,上网信息：是否使用互联网：否,子女信息：子女总数：2个；健在子女数：2个；第1子女：是否工作/上学：工作；婚姻状况：已婚且配偶同住；过去一年同住月数：0个月；见面频率：几乎每天；第2子女：是否工作/上学：都不；婚姻状况：已婚且配偶同住；过去一年同住月数：0个月；见面频率：每三月；电话/短信/微信联系频率：每周2–3次,工作信息：是否从事农业/家庭农活：有；是否已办理退休：是；退休时间：2020年6月；是否在工作：是；过去一年总工作天数：15天,"基础信息：性别：男；年龄：58岁；城乡类型：城/镇中心
教育信息：教育程度：职高
婚姻信息：婚姻状况：已婚且配偶同住；过去一年与配偶同住月数：12个月；上半年独自居住天数：30天；上半年仅与配偶同住天数：180天；上半年因不与别人同住而受影响程度：0
情绪信息：生活满意度：有点满意；对子女满意度：有点满意；因小事烦恼（过去一周）：少量（1–2天）；感到抑郁（过去一周）：几乎没有（<1天）；对未来抱有希望（过去一周）：大多数时候（5–7天）；感到孤独（过去一周）：几乎没有（<1天）；感到高兴（过去一周）：大多数时候（5–7天）；睡眠不安（过去一周）：几乎没有（<1天）
健康信息：自评健康状况：一般；医生诊断慢性病：胃部或其他消化系统疾病；身体疼痛程度：无；上月平均每天实际睡眠小时数：6小时；是否因健康/残疾不能工作：没问题；是否因健康/残疾不能做家事：没问题；多久接受他人帮助：从不
活动信息：高强度体力活动：否；中等强度体力活动：是；中等强度体力活动目的：其他；轻度体力活动：是；轻度体力活动目的：锻炼；上月活动：打麻将/下棋/打牌/去社区活动室（几乎每周）
上网信息：是否使用互联网：否
子女信息：子女总数：2个；健在子女数：2个；第1子女：是否工作/上学：工作；婚姻状况：已婚且配偶同住；过去一年同住月数：0个月；见面频率：几乎每天；第2子女：是否工作/上学：都不；婚姻状况：已婚且配偶同住；过去一年同住月数：0个月；见面频率：每三月；电话/短信/微信联系频率：每周2–3次
工作信息：是否从事农业/家庭农活：有；是否已办理退休：是；退休时间：2020年6月；是否在工作：是；过去一年总工作天数：15天"
190,112744211002,基础信息：性别：女；年龄：53岁；城乡类型：农村,教育信息：教育程度：小学,婚姻信息：婚姻状况：已婚且配偶同住；过去一年与配偶同住月数：12个月；上半年独自居住天数：0天；上半年仅与配偶同住天数：180天；上半年因不与别人同住而受影响程度：0,情绪信息：生活满意度：有点满意；对子女满意度：很满意；因小事烦恼（过去一周）：几乎没有（<1天）；感到抑郁（过去一周）：几乎没有（<1天）；对未来抱有希望（过去一周）：几乎没有（<1天）；感到孤独（过去一周）：几乎没有（<1天）；感到高兴（过去一周）：大多数时候（5–7天）；睡眠不安（过去一周）：几乎没有（<1天）,健康信息：自评健康状况：很好；医生诊断慢性病：未报告上述疾病；身体疼痛程度：无；上月平均每天实际睡眠小时数：10小时；是否因健康/残疾不能工作：没问题；是否因健康/残疾不能做家事：没问题；多久接受他人帮助：从不,活动信息：高强度体力活动：否；中等强度体力活动：是；中等强度体力活动目的：其他；轻度体力活动：是；轻度体力活动目的：娱乐；上月活动：以上都没有,上网信息：是否使用互联网：否,子女信息：子女总数：1个；健在子女数：1个；第1子女：是否工作/上学：工作；婚姻状况：已婚且配偶同住；过去一年同住月数：0个月；见面频率：每年；电话/短信/微信联系频率：每周2–3次,工作信息：是否从事农业/家庭农活：有；是否已办理退休：否；是否在工作：是；过去一年总工作天数：90天,"基础信息：性别：女；年龄：53岁；城乡类型：农村
教育信息：教育程度：小学
婚姻信息：婚姻状况：已婚且配偶同住；过去一年与配偶同住月数：12个月；上半年独自居住天数：0天；上半年仅与配偶同住天数：180天；上半年因不与别人同住而受影响程度：0
情绪信息：生活满意度：有点满意；对子女满意度：很满意；因小事烦恼（过去一周）：几乎没有（<1天）；感到抑郁（过去一周）：几乎没有（<1天）；对未来抱有希望（过去一周）：几乎没有（<1天）；感到孤独（过去一周）：几乎没有（<1天）；感到高兴（过去一周）：大多数时候（5–7天）；睡眠不安（过去一周）：几乎没有（<1天）
健康信息：自评健康状况：很好；医生诊断慢性病：未报告上述疾病；身体疼痛程度：无；上月平均每天实际睡眠小时数：10小时；是否因健康/残疾不能工作：没问题；是否因健康/残疾不能做家事：没问题；多久接受他人帮助：从不
活动信息：高强度体力活动：否；中等强度体力活动：是；中等强度体力活动目的：其他；轻度体力活动：是；轻度体力活动目的：娱乐；上月活动：以上都没有
上网信息：是否使用互联网：否
子女信息：子女总数：1个；健在子女数：1个；第1子女：是否工作/上学：工作；婚姻状况：已婚且配偶同住；过去一年同住月数：0个月；见面频率：每年；电话/短信/微信联系频率：每周2–3次
工作信息：是否从事农业/家庭农活：有；是否已办理退休：否；是否在工作：是；过去一年总工作天数：90天"
191,162431228001,基础信息：性别：女；年龄：70岁；城乡类型：农村,教育信息：教育程度：小学,婚姻信息：婚姻状况：已婚且配偶同住；过去一年与配偶同住月数：12个月；上半年独自居住天数：0天；上半年仅与配偶同住天数：0天,情绪信息：生活满意度：不太满意；对子女满意度：有点满意；因小事烦恼（过去一周）：有时/中等（3–4天）；感到抑郁（过去一周）：有时/中等（3–4天）；对未来抱有希望（过去一周）：有时/中等（3–4天）；感到孤独（过去一周）：几乎没有（<1天）；感到高兴（过去一周）：少量（1–2天）；睡眠不安（过去一周）：少量（1–2天）,健康信息：自评健康状况：一般；医生诊断慢性病：血脂异常、肝脏疾病；身体疼痛程度：有些；上月平均每天实际睡眠小时数：7小时；是否因健康/残疾不能工作：没问题；是否因健康/残疾不能做家事：没问题；多久接受他人帮助：从不,活动信息：高强度体力活动：是；高强度体力活动目的：工作需要；中等强度体力活动：否；轻度体力活动：否；上月活动：与朋友交往（几乎每周）、帮助不住一起的家人朋友邻居（不规律）,上网信息：是否使用互联网：否,子女信息：子女总数：3个；健在子女数：3个；第1子女：是否工作/上学：都不；婚姻状况：离婚；过去一年同住月数：8个月；见面频率：几乎不见/不联系；电话/短信/微信联系频率：几乎不见/不联系；第2子女：是否工作/上学：都不；婚姻状况：已婚且配偶同住；过去一年同住月数：0个月；见面频率：每月；电话/短信/微信联系频率：每周2–3次,工作信息：是否从事农业/家庭农活：有；是否已办理退休：否；是否在工作：是；过去一年总工作天数：72天,"基础信息：性别：女；年龄：70岁；城乡类型：农村
教育信息：教育程度：小学
婚姻信息：婚姻状况：已婚且配偶同住；过去一年与配偶同住月数：12个月；上半年独自居住天数：0天；上半年仅与配偶同住天数：0天
情绪信息：生活满意度：不太满意；对子女满意度：有点满意；因小事烦恼（过去一周）：有时/中等（3–4天）；感到抑郁（过去一周）：有时/中等（3–4天）；对未来抱有希望（过去一周）：有时/中等（3–4天）；感到孤独（过去一周）：几乎没有（<1天）；感到高兴（过去一周）：少量（1–2天）；睡眠不安（过去一周）：少量（1–2天）
健康信息：自评健康状况：一般；医生诊断慢性病：血脂异常、肝脏疾病；身体疼痛程度：有些；上月平均每天实际睡眠小时数：7小时；是否因健康/残疾不能工作：没问题；是否因健康/残疾不能做家事：没问题；多久接受他人帮助：从不
活动信息：高强度体力活动：是；高强度体力活动目的：工作需要；中等强度体力活动：否；轻度体力活动：否；上月活动：与朋友交往（几乎每周）、帮助不住一起的家人朋友邻居（不规律）
上网信息：是否使用互联网：否
子女信息：子女总数：3个；健在子女数：3个；第1子女：是否工作/上学：都不；婚姻状况：离婚；过去一年同住月数：8个月；见面频率：几乎不见/不联系；电话/短信/微信联系频率：几乎不见/不联系；第2子女：是否工作/上学：都不；婚姻状况：已婚且配偶同住；过去一年同住月数：0个月；见面频率：每月；电话/短信/微信联系频率：每周2–3次
工作信息：是否从事农业/家庭农活：有；是否已办理退休：否；是否在工作：是；过去一年总工作天数：72天"
192,241116116001,基础信息：性别：女；年龄：52岁；现居住地地址类型：家庭住房；城乡类型：城/镇中心,教育信息：教育程度：未受教育,婚姻信息：婚姻状况：丧偶；是否有人以配偶身份同住：否；上半年独自居住天数：180天；上半年因不与别人同住而受影响程度：0,情绪信息：生活满意度：很满意；对子女满意度：很满意；因小事烦恼（过去一周）：有时/中等（3–4天）；感到抑郁（过去一周）：几乎没有（<1天）；对未来抱有希望（过去一周）：大多数时候（5–7天）；感到孤独（过去一周）：几乎没有（<1天）；感到高兴（过去一周）：大多数时候（5–7天）；睡眠不安（过去一周）：几乎没有（<1天）,健康信息：自评健康状况：好；医生诊断慢性病：未报告上述疾病；身体疼痛程度：无；上月平均每天实际睡眠小时数：6小时；是否因健康/残疾不能工作：没问题；是否因健康/残疾不能做家事：没问题；多久接受他人帮助：从不,活动信息：高强度体力活动：否；中等强度体力活动：否；轻度体力活动：否；上月活动：以上都没有,上网信息：是否使用互联网：否,子女信息：子女总数：2个；健在子女数：2个；第1子女：是否工作/上学：工作；婚姻状况：未婚；过去一年同住月数：0个月；见面频率：其他；电话/短信/微信联系频率：其他；第2子女：是否工作/上学：工作；婚姻状况：已婚且配偶同住；过去一年同住月数：0个月；见面频率：每三月；电话/短信/微信联系频率：其他,工作信息：是否从事农业/家庭农活：无；是否已办理退休：否；是否在工作：是；过去一年总工作天数：358天,"基础信息：性别：女；年龄：52岁；现居住地地址类型：家庭住房；城乡类型：城/镇中心
教育信息：教育程度：未受教育
婚姻信息：婚姻状况：丧偶；是否有人以配偶身份同住：否；上半年独自居住天数：180天；上半年因不与别人同住而受影响程度：0
情绪信息：生活满意度：很满意；对子女满意度：很满意；因小事烦恼（过去一周）：有时/中等（3–4天）；感到抑郁（过去一周）：几乎没有（<1天）；对未来抱有希望（过去一周）：大多数时候（5–7天）；感到孤独（过去一周）：几乎没有（<1天）；感到高兴（过去一周）：大多数时候（5–7天）；睡眠不安（过去一周）：几乎没有（<1天）
健康信息：自评健康状况：好；医生诊断慢性病：未报告上述疾病；身体疼痛程度：无；上月平均每天实际睡眠小时数：6小时；是否因健康/残疾不能工作：没问题；是否因健康/残疾不能做家事：没问题；多久接受他人帮助：从不
活动信息：高强度体力活动：否；中等强度体力活动：否；轻度体力活动：否；上月活动：以上都没有
上网信息：是否使用互联网：否
子女信息：子女总数：2个；健在子女数：2个；第1子女：是否工作/上学：工作；婚姻状况：未婚；过去一年同住月数：0个月；见面频率：其他；电话/短信/微信联系频率：其他；第2子女：是否工作/上学：工作；婚姻状况：已婚且配偶同住；过去一年同住月数：0个月；见面频率：每三月；电话/短信/微信联系频率：其他
工作信息：是否从事农业/家庭农活：无；是否已办理退休：否；是否在工作：是；过去一年总工作天数：358天"
193,168231321002,基础信息：性别：男；年龄：70岁；城乡类型：城/镇中心,教育信息：教育程度：职高,婚姻信息：婚姻状况：已婚且配偶同住；过去一年与配偶同住月数：12个月；上半年独自居住天数：0天；上半年仅与配偶同住天数：180天；上半年因不与别人同住而受影响程度：0,情绪信息：生活满意度：很满意；对子女满意度：很满意；因小事烦恼（过去一周）：几乎没有（<1天）；感到抑郁（过去一周）：几乎没有（<1天）；对未来抱有希望（过去一周）：大多数时候（5–7天）；感到孤独（过去一周）：几乎没有（<1天）；感到高兴（过去一周）：大多数时候（5–7天）；睡眠不安（过去一周）：有时/中等（3–4天）,健康信息：自评健康状况：一般；医生诊断慢性病：未报告上述疾病；身体疼痛程度：无；上月平均每天实际睡眠小时数：4小时；是否因健康/残疾不能工作：没问题；是否因健康/残疾不能做家事：没问题；多久接受他人帮助：从不,活动信息：高强度体力活动：否；中等强度体力活动：是；中等强度体力活动目的：其他；轻度体力活动：是；轻度体力活动目的：锻炼；上月活动：以上都没有,上网信息：是否使用互联网：否,子女信息：子女总数：1个；健在子女数：1个；第1子女：是否工作/上学：工作；婚姻状况：已婚且配偶同住；过去一年同住月数：0个月；见面频率：几乎每天,工作信息：是否从事农业/家庭农活：无；是否在工作：否；过去一年总工作天数：0天；上月是否在找工作：否,"基础信息：性别：男；年龄：70岁；城乡类型：城/镇中心
教育信息：教育程度：职高
婚姻信息：婚姻状况：已婚且配偶同住；过去一年与配偶同住月数：12个月；上半年独自居住天数：0天；上半年仅与配偶同住天数：180天；上半年因不与别人同住而受影响程度：0
情绪信息：生活满意度：很满意；对子女满意度：很满意；因小事烦恼（过去一周）：几乎没有（<1天）；感到抑郁（过去一周）：几乎没有（<1天）；对未来抱有希望（过去一周）：大多数时候（5–7天）；感到孤独（过去一周）：几乎没有（<1天）；感到高兴（过去一周）：大多数时候（5–7天）；睡眠不安（过去一周）：有时/中等（3–4天）
健康信息：自评健康状况：一般；医生诊断慢性病：未报告上述疾病；身体疼痛程度：无；上月平均每天实际睡眠小时数：4小时；是否因健康/残疾不能工作：没问题；是否因健康/残疾不能做家事：没问题；多久接受他人帮助：从不
活动信息：高强度体力活动：否；中等强度体力活动：是；中等强度体力活动目的：其他；轻度体力活动：是；轻度体力活动目的：锻炼；上月活动：以上都没有
上网信息：是否使用互联网：否
子女信息：子女总数：1个；健在子女数：1个；第1子女：是否工作/上学：工作；婚姻状况：已婚且配偶同住；过去一年同住月数：0个月；见面频率：几乎每天
工作信息：是否从事农业/家庭农活：无；是否在工作：否；过去一年总工作天数：0天；上月是否在找工作：否"
194,330131314001,基础信息：性别：男；年龄：69岁；城乡类型：农村,教育信息：教育程度：未受教育,婚姻信息：婚姻状况：已婚且配偶同住；过去一年与配偶同住月数：12个月；上半年独自居住天数：0天；上半年仅与配偶同住天数：0天,情绪信息：生活满意度：很满意；对子女满意度：很满意；因小事烦恼（过去一周）：几乎没有（<1天）；感到抑郁（过去一周）：几乎没有（<1天）；对未来抱有希望（过去一周）：几乎没有（<1天）；感到孤独（过去一周）：几乎没有（<1天）；感到高兴（过去一周）：大多数时候（5–7天）；睡眠不安（过去一周）：几乎没有（<1天）,健康信息：自评健康状况：很好；医生诊断慢性病：未报告上述疾病；身体疼痛程度：无；上月平均每天实际睡眠小时数：8小时；是否因健康/残疾不能工作：没问题；是否因健康/残疾不能做家事：没问题；多久接受他人帮助：从不,活动信息：高强度体力活动：否；中等强度体力活动：否；轻度体力活动：是；轻度体力活动目的：锻炼；上月活动：以上都没有,上网信息：是否使用互联网：否,子女信息：子女总数：2个；健在子女数：2个；第1子女：是否工作/上学：工作；婚姻状况：分居；过去一年同住月数：0个月；见面频率：每年；电话/短信/微信联系频率：每周1次；第2子女：是否工作/上学：工作；婚姻状况：已婚且配偶同住；过去一年同住月数：0个月；见面频率：每年；电话/短信/微信联系频率：每周2–3次,工作信息：是否从事农业/家庭农活：有；是否已办理退休：否；是否在工作：是；过去一年总工作天数：180天,"基础信息：性别：男；年龄：69岁；城乡类型：农村
教育信息：教育程度：未受教育
婚姻信息：婚姻状况：已婚且配偶同住；过去一年与配偶同住月数：12个月；上半年独自居住天数：0天；上半年仅与配偶同住天数：0天
情绪信息：生活满意度：很满意；对子女满意度：很满意；因小事烦恼（过去一周）：几乎没有（<1天）；感到抑郁（过去一周）：几乎没有（<1天）；对未来抱有希望（过去一周）：几乎没有（<1天）；感到孤独（过去一周）：几乎没有（<1天）；感到高兴（过去一周）：大多数时候（5–7天）；睡眠不安（过去一周）：几乎没有（<1天）
健康信息：自评健康状况：很好；医生诊断慢性病：未报告上述疾病；身体疼痛程度：无；上月平均每天实际睡眠小时数：8小时；是否因健康/残疾不能工作：没问题；是否因健康/残疾不能做家事：没问题；多久接受他人帮助：从不
活动信息：高强度体力活动：否；中等强度体力活动：否；轻度体力活动：是；轻度体力活动目的：锻炼；上月活动：以上都没有
上网信息：是否使用互联网：否
子女信息：子女总数：2个；健在子女数：2个；第1子女：是否工作/上学：工作；婚姻状况：分居；过去一年同住月数：0个月；见面频率：每年；电话/短信/微信联系频率：每周1次；第2子女：是否工作/上学：工作；婚姻状况：已婚且配偶同住；过去一年同住月数：0个月；见面频率：每年；电话/短信/微信联系频率：每周2–3次
工作信息：是否从事农业/家庭农活：有；是否已办理退休：否；是否在工作：是；过去一年总工作天数：180天"
195,64604310002,基础信息：性别：女；年龄：61岁；城乡类型：城/镇中心,教育信息：教育程度：高中,婚姻信息：婚姻状况：已婚且配偶同住；过去一年与配偶同住月数：12个月；上半年独自居住天数：0天；上半年仅与配偶同住天数：0天,情绪信息：生活满意度：有点满意；对子女满意度：有点满意；因小事烦恼（过去一周）：几乎没有（<1天）；感到抑郁（过去一周）：几乎没有（<1天）；对未来抱有希望（过去一周）：几乎没有（<1天）；感到孤独（过去一周）：几乎没有（<1天）；感到高兴（过去一周）：几乎没有（<1天）；睡眠不安（过去一周）：少量（1–2天）,健康信息：自评健康状况：一般；医生诊断慢性病：未报告上述疾病；身体疼痛程度：一点；上月平均每天实际睡眠小时数：6小时；是否因健康/残疾不能工作：没问题；是否因健康/残疾不能做家事：不能长时间；多久接受他人帮助：从不,活动信息：高强度体力活动：否；中等强度体力活动：否；轻度体力活动：否；上月活动：以上都没有,上网信息：是否使用互联网：是；上网设备：手机；上网用途：聊天、看新闻、看视频、玩游戏；是否用手机支付：是；是否使用微信：是；是否使用微信朋友圈：否,子女信息：子女总数：2个；健在子女数：2个；第1子女：是否工作/上学：工作；婚姻状况：已婚且配偶同住；过去一年同住月数：12个月；第2子女：是否工作/上学：工作；婚姻状况：已婚且配偶同住；过去一年同住月数：0个月；见面频率：其他；电话/短信/微信联系频率：其他,工作信息：是否从事农业/家庭农活：无；是否在工作：否；过去一年总工作天数：0天；上月是否在找工作：否,"基础信息：性别：女；年龄：61岁；城乡类型：城/镇中心
教育信息：教育程度：高中
婚姻信息：婚姻状况：已婚且配偶同住；过去一年与配偶同住月数：12个月；上半年独自居住天数：0天；上半年仅与配偶同住天数：0天
情绪信息：生活满意度：有点满意；对子女满意度：有点满意；因小事烦恼（过去一周）：几乎没有（<1天）；感到抑郁（过去一周）：几乎没有（<1天）；对未来抱有希望（过去一周）：几乎没有（<1天）；感到孤独（过去一周）：几乎没有（<1天）；感到高兴（过去一周）：几乎没有（<1天）；睡眠不安（过去一周）：少量（1–2天）
健康信息：自评健康状况：一般；医生诊断慢性病：未报告上述疾病；身体疼痛程度：一点；上月平均每天实际睡眠小时数：6小时；是否因健康/残疾不能工作：没问题；是否因健康/残疾不能做家事：不能长时间；多久接受他人帮助：从不
活动信息：高强度体力活动：否；中等强度体力活动：否；轻度体力活动：否；上月活动：以上都没有
上网信息：是否使用互联网：是；上网设备：手机；上网用途：聊天、看新闻、看视频、玩游戏；是否用手机支付：是；是否使用微信：是；是否使用微信朋友圈：否
子女信息：子女总数：2个；健在子女数：2个；第1子女：是否工作/上学：工作；婚姻状况：已婚且配偶同住；过去一年同住月数：12个月；第2子女：是否工作/上学：工作；婚姻状况：已婚且配偶同住；过去一年同住月数：0个月；见面频率：其他；电话/短信/微信联系频率：其他
工作信息：是否从事农业/家庭农活：无；是否在工作：否；过去一年总工作天数：0天；上月是否在找工作：否"
196,324078327001,基础信息：性别：男；年龄：75岁；城乡类型：城/镇中心,教育信息：教育程度：大专,婚姻信息：婚姻状况：已婚且配偶同住；过去一年与配偶同住月数：12个月；上半年独自居住天数：30天；上半年仅与配偶同住天数：30天；上半年因不与别人同住而受影响程度：0,情绪信息：生活满意度：有点满意；对子女满意度：有点满意；因小事烦恼（过去一周）：少量（1–2天）；感到抑郁（过去一周）：有时/中等（3–4天）；对未来抱有希望（过去一周）：大多数时候（5–7天）；感到孤独（过去一周）：几乎没有（<1天）；感到高兴（过去一周）：大多数时候（5–7天）；睡眠不安（过去一周）：几乎没有（<1天）,健康信息：自评健康状况：很差；医生诊断慢性病：慢性肺部疾病、关节炎或风湿病、哮喘；身体疼痛程度：无；上月平均每天实际睡眠小时数：8小时；是否因健康/残疾不能工作：不能长时间工作；是否因健康/残疾不能做家事：没问题；多久接受他人帮助：从不,活动信息：高强度体力活动：是；高强度体力活动目的：锻炼；中等强度体力活动：否；轻度体力活动：是；轻度体力活动目的：锻炼；上月活动：与朋友交往（不规律）、帮助不住一起的家人朋友邻居（不规律）、参加社区相关组织（不规律）,上网信息：是否使用互联网：否,子女信息：子女总数：1个；健在子女数：1个；第2子女：是否工作/上学：都不；婚姻状况：已婚且配偶同住；过去一年同住月数：10个月；见面频率：每月；电话/短信/微信联系频率：几乎不见/不联系,工作信息：是否从事农业/家庭农活：无；是否在工作：否；过去一年总工作天数：0天；上月是否在找工作：否,"基础信息：性别：男；年龄：75岁；城乡类型：城/镇中心
教育信息：教育程度：大专
婚姻信息：婚姻状况：已婚且配偶同住；过去一年与配偶同住月数：12个月；上半年独自居住天数：30天；上半年仅与配偶同住天数：30天；上半年因不与别人同住而受影响程度：0
情绪信息：生活满意度：有点满意；对子女满意度：有点满意；因小事烦恼（过去一周）：少量（1–2天）；感到抑郁（过去一周）：有时/中等（3–4天）；对未来抱有希望（过去一周）：大多数时候（5–7天）；感到孤独（过去一周）：几乎没有（<1天）；感到高兴（过去一周）：大多数时候（5–7天）；睡眠不安（过去一周）：几乎没有（<1天）
健康信息：自评健康状况：很差；医生诊断慢性病：慢性肺部疾病、关节炎或风湿病、哮喘；身体疼痛程度：无；上月平均每天实际睡眠小时数：8小时；是否因健康/残疾不能工作：不能长时间工作；是否因健康/残疾不能做家事：没问题；多久接受他人帮助：从不
活动信息：高强度体力活动：是；高强度体力活动目的：锻炼；中等强度体力活动：否；轻度体力活动：是；轻度体力活动目的：锻炼；上月活动：与朋友交往（不规律）、帮助不住一起的家人朋友邻居（不规律）、参加社区相关组织（不规律）
上网信息：是否使用互联网：否
子女信息：子女总数：1个；健在子女数：1个；第2子女：是否工作/上学：都不；婚姻状况：已婚且配偶同住；过去一年同住月数：10个月；见面频率：每月；电话/短信/微信联系频率：几乎不见/不联系
工作信息：是否从事农业/家庭农活：无；是否在工作：否；过去一年总工作天数：0天；上月是否在找工作：否"
197,241116129001,基础信息：性别：女；年龄：65岁；城乡类型：城/镇中心,教育信息：教育程度：职高,婚姻信息：婚姻状况：已婚且配偶同住；过去一年与配偶同住月数：12个月；上半年独自居住天数：0天；上半年仅与配偶同住天数：0天；上半年因不与别人同住而受影响程度：0,情绪信息：生活满意度：有点满意；对子女满意度：有点满意；因小事烦恼（过去一周）：几乎没有（<1天）；感到抑郁（过去一周）：少量（1–2天）；对未来抱有希望（过去一周）：大多数时候（5–7天）；感到孤独（过去一周）：几乎没有（<1天）；感到高兴（过去一周）：大多数时候（5–7天）；睡眠不安（过去一周）：几乎没有（<1天）,健康信息：自评健康状况：好；医生诊断慢性病：中风、肾脏疾病；身体疼痛程度：无；上月平均每天实际睡眠小时数：6小时；是否因健康/残疾不能工作：没问题；是否因健康/残疾不能做家事：没问题；多久接受他人帮助：偶尔,活动信息：高强度体力活动：否；中等强度体力活动：是；中等强度体力活动目的：娱乐；轻度体力活动：是；轻度体力活动目的：锻炼；上月活动：与朋友交往（几乎每天）、帮助不住一起的家人朋友邻居（不规律）、参加运动/社交等俱乐部（几乎每天）,上网信息：是否使用互联网：否,子女信息：子女总数：1个；健在子女数：1个；第1子女：是否工作/上学：工作；婚姻状况：未婚；过去一年同住月数：12个月,工作信息：是否从事农业/家庭农活：无；是否在工作：否；过去一年总工作天数：0天；上月是否在找工作：否,"基础信息：性别：女；年龄：65岁；城乡类型：城/镇中心
教育信息：教育程度：职高
婚姻信息：婚姻状况：已婚且配偶同住；过去一年与配偶同住月数：12个月；上半年独自居住天数：0天；上半年仅与配偶同住天数：0天；上半年因不与别人同住而受影响程度：0
情绪信息：生活满意度：有点满意；对子女满意度：有点满意；因小事烦恼（过去一周）：几乎没有（<1天）；感到抑郁（过去一周）：少量（1–2天）；对未来抱有希望（过去一周）：大多数时候（5–7天）；感到孤独（过去一周）：几乎没有（<1天）；感到高兴（过去一周）：大多数时候（5–7天）；睡眠不安（过去一周）：几乎没有（<1天）
健康信息：自评健康状况：好；医生诊断慢性病：中风、肾脏疾病；身体疼痛程度：无；上月平均每天实际睡眠小时数：6小时；是否因健康/残疾不能工作：没问题；是否因健康/残疾不能做家事：没问题；多久接受他人帮助：偶尔
活动信息：高强度体力活动：否；中等强度体力活动：是；中等强度体力活动目的：娱乐；轻度体力活动：是；轻度体力活动目的：锻炼；上月活动：与朋友交往（几乎每天）、帮助不住一起的家人朋友邻居（不规律）、参加运动/社交等俱乐部（几乎每天）
上网信息：是否使用互联网：否
子女信息：子女总数：1个；健在子女数：1个；第1子女：是否工作/上学：工作；婚姻状况：未婚；过去一年同住月数：12个月
工作信息：是否从事农业/家庭农活：无；是否在工作：否；过去一年总工作天数：0天；上月是否在找工作：否"
198,324045138002,基础信息：性别：男；年龄：54岁；城乡类型：农村,教育信息：教育程度：未受教育,婚姻信息：婚姻状况：已婚且配偶同住；过去一年与配偶同住月数：2个月；上半年独自居住天数：0天；上半年仅与配偶同住天数：0天,情绪信息：生活满意度：有点满意；对子女满意度：很满意；因小事烦恼（过去一周）：少量（1–2天）；感到抑郁（过去一周）：少量（1–2天）；对未来抱有希望（过去一周）：大多数时候（5–7天）；感到孤独（过去一周）：几乎没有（<1天）；感到高兴（过去一周）：大多数时候（5–7天）；睡眠不安（过去一周）：几乎没有（<1天）,健康信息：自评健康状况：一般；医生诊断慢性病：记忆相关疾病；身体疼痛程度：无；上月平均每天实际睡眠小时数：8小时；是否因健康/残疾不能工作：没问题；是否因健康/残疾不能做家事：没问题；多久接受他人帮助：从不,活动信息：高强度体力活动：否；中等强度体力活动：是；中等强度体力活动目的：工作需要；轻度体力活动：是；轻度体力活动目的：锻炼；上月活动：与朋友交往（几乎每天）、帮助不住一起的家人朋友邻居（几乎每周）,上网信息：是否使用互联网：是；上网设备：手机；上网用途：看新闻、看视频；是否用手机支付：否；是否使用微信：否,子女信息：子女总数：3个；健在子女数：3个；第1子女：是否工作/上学：工作；婚姻状况：已婚且配偶同住；过去一年同住月数：2个月；见面频率：每周1次；第2子女：是否工作/上学：工作；婚姻状况：已婚且配偶同住；过去一年同住月数：12个月,工作信息：是否从事农业/家庭农活：无；是否已办理退休：否；是否在工作：否；过去一年总工作天数：200天；上月是否在找工作：否,"基础信息：性别：男；年龄：54岁；城乡类型：农村
教育信息：教育程度：未受教育
婚姻信息：婚姻状况：已婚且配偶同住；过去一年与配偶同住月数：2个月；上半年独自居住天数：0天；上半年仅与配偶同住天数：0天
情绪信息：生活满意度：有点满意；对子女满意度：很满意；因小事烦恼（过去一周）：少量（1–2天）；感到抑郁（过去一周）：少量（1–2天）；对未来抱有希望（过去一周）：大多数时候（5–7天）；感到孤独（过去一周）：几乎没有（<1天）；感到高兴（过去一周）：大多数时候（5–7天）；睡眠不安（过去一周）：几乎没有（<1天）
健康信息：自评健康状况：一般；医生诊断慢性病：记忆相关疾病；身体疼痛程度：无；上月平均每天实际睡眠小时数：8小时；是否因健康/残疾不能工作：没问题；是否因健康/残疾不能做家事：没问题；多久接受他人帮助：从不
活动信息：高强度体力活动：否；中等强度体力活动：是；中等强度体力活动目的：工作需要；轻度体力活动：是；轻度体力活动目的：锻炼；上月活动：与朋友交往（几乎每天）、帮助不住一起的家人朋友邻居（几乎每周）
上网信息：是否使用互联网：是；上网设备：手机；上网用途：看新闻、看视频；是否用手机支付：否；是否使用微信：否
子女信息：子女总数：3个；健在子女数：3个；第1子女：是否工作/上学：工作；婚姻状况：已婚且配偶同住；过去一年同住月数：2个月；见面频率：每周1次；第2子女：是否工作/上学：工作；婚姻状况：已婚且配偶同住；过去一年同住月数：12个月
工作信息：是否从事农业/家庭农活：无；是否已办理退休：否；是否在工作：否；过去一年总工作天数：200天；上月是否在找工作：否"
199,175531317002,基础信息：性别：女；年龄：55岁；城乡类型：农村,教育信息：教育程度：未读完小学,婚姻信息：婚姻状况：已婚且配偶同住；过去一年与配偶同住月数：12个月；上半年独自居住天数：0天；上半年仅与配偶同住天数：0天,情绪信息：生活满意度：很满意；对子女满意度：很满意；因小事烦恼（过去一周）：几乎没有（<1天）；感到抑郁（过去一周）：几乎没有（<1天）；对未来抱有希望（过去一周）：几乎没有（<1天）；感到孤独（过去一周）：几乎没有（<1天）；感到高兴（过去一周）：大多数时候（5–7天）；睡眠不安（过去一周）：几乎没有（<1天）,健康信息：自评健康状况：好；医生诊断慢性病：未报告上述疾病；身体疼痛程度：无；上月平均每天实际睡眠小时数：9小时；是否因健康/残疾不能工作：没问题；是否因健康/残疾不能做家事：没问题；多久接受他人帮助：从不,活动信息：高强度体力活动：是；高强度体力活动目的：工作需要；中等强度体力活动：是；中等强度体力活动目的：工作需要；轻度体力活动：否；上月活动：以上都没有,上网信息：是否使用互联网：否,子女信息：子女总数：2个；健在子女数：2个；第1子女：是否工作/上学：工作；婚姻状况：已婚且配偶同住；过去一年同住月数：5个月；见面频率：每年；电话/短信/微信联系频率：每月；第2子女：是否工作/上学：工作；婚姻状况：已婚且配偶同住；过去一年同住月数：0个月；见面频率：每年；电话/短信/微信联系频率：其他,工作信息：是否从事农业/家庭农活：有；是否已办理退休：否；是否在工作：是；过去一年总工作天数：75天,"基础信息：性别：女；年龄：55岁；城乡类型：农村
教育信息：教育程度：未读完小学
婚姻信息：婚姻状况：已婚且配偶同住；过去一年与配偶同住月数：12个月；上半年独自居住天数：0天；上半年仅与配偶同住天数：0天
情绪信息：生活满意度：很满意；对子女满意度：很满意；因小事烦恼（过去一周）：几乎没有（<1天）；感到抑郁（过去一周）：几乎没有（<1天）；对未来抱有希望（过去一周）：几乎没有（<1天）；感到孤独（过去一周）：几乎没有（<1天）；感到高兴（过去一周）：大多数时候（5–7天）；睡眠不安（过去一周）：几乎没有（<1天）
健康信息：自评健康状况：好；医生诊断慢性病：未报告上述疾病；身体疼痛程度：无；上月平均每天实际睡眠小时数：9小时；是否因健康/残疾不能工作：没问题；是否因健康/残疾不能做家事：没问题；多久接受他人帮助：从不
活动信息：高强度体力活动：是；高强度体力活动目的：工作需要；中等强度体力活动：是；中等强度体力活动目的：工作需要；轻度体力活动：否；上月活动：以上都没有
上网信息：是否使用互联网：否
子女信息：子女总数：2个；健在子女数：2个；第1子女：是否工作/上学：工作；婚姻状况：已婚且配偶同住；过去一年同住月数：5个月；见面频率：每年；电话/短信/微信联系频率：每月；第2子女：是否工作/上学：工作；婚姻状况：已婚且配偶同住；过去一年同住月数：0个月；见面频率：每年；电话/短信/微信联系频率：其他
工作信息：是否从事农业/家庭农活：有；是否已办理退休：否；是否在工作：是；过去一年总工作天数：75天"
200,297439202001,基础信息：性别：女；年龄：75岁；城乡类型：农村,教育信息：教育程度：小学,婚姻信息：婚姻状况：已婚且配偶同住；过去一年与配偶同住月数：12个月；上半年独自居住天数：0天；上半年仅与配偶同住天数：180天；上半年因不与别人同住而受影响程度：0,情绪信息：生活满意度：完全不满意；对子女满意度：很满意；因小事烦恼（过去一周）：有时/中等（3–4天）；感到抑郁（过去一周）：大多数时候（5–7天）；对未来抱有希望（过去一周）：几乎没有（<1天）；感到孤独（过去一周）：大多数时候（5–7天）；感到高兴（过去一周）：大多数时候（5–7天）；睡眠不安（过去一周）：几乎没有（<1天）,健康信息：自评健康状况：差；医生诊断慢性病：关节炎或风湿病；身体疼痛程度：无；上月平均每天实际睡眠小时数：-1小时；是否因健康/残疾不能工作：不能长时间工作；是否因健康/残疾不能做家事：不能长时间；多久接受他人帮助：从不,活动信息：高强度体力活动：否；中等强度体力活动：否；轻度体力活动：是；轻度体力活动目的：锻炼；上月活动：以上都没有,上网信息：是否使用互联网：否,子女信息：子女总数：3个；健在子女数：3个；第1子女：是否工作/上学：都不；婚姻状况：已婚且配偶同住；过去一年同住月数：0个月；见面频率：每月；电话/短信/微信联系频率：每两周；第2子女：是否工作/上学：工作；婚姻状况：已婚且配偶同住；过去一年同住月数：0个月；见面频率：每半年；电话/短信/微信联系频率：几乎不见/不联系,工作信息：是否从事农业/家庭农活：无；是否已办理退休：否；是否在工作：否；过去一年总工作天数：0天；上月是否在找工作：否,"基础信息：性别：女；年龄：75岁；城乡类型：农村
教育信息：教育程度：小学
婚姻信息：婚姻状况：已婚且配偶同住；过去一年与配偶同住月数：12个月；上半年独自居住天数：0天；上半年仅与配偶同住天数：180天；上半年因不与别人同住而受影响程度：0
情绪信息：生活满意度：完全不满意；对子女满意度：很满意；因小事烦恼（过去一周）：有时/中等（3–4天）；感到抑郁（过去一周）：大多数时候（5–7天）；对未来抱有希望（过去一周）：几乎没有（<1天）；感到孤独（过去一周）：大多数时候（5–7天）；感到高兴（过去一周）：大多数时候（5–7天）；睡眠不安（过去一周）：几乎没有（<1天）
健康信息：自评健康状况：差；医生诊断慢性病：关节炎或风湿病；身体疼痛程度：无；上月平均每天实际睡眠小时数：-1小时；是否因健康/残疾不能工作：不能长时间工作；是否因健康/残疾不能做家事：不能长时间；多久接受他人帮助：从不
活动信息：高强度体力活动：否；中等强度体力活动：否；轻度体力活动：是；轻度体力活动目的：锻炼；上月活动：以上都没有
上网信息：是否使用互联网：否
子女信息：子女总数：3个；健在子女数：3个；第1子女：是否工作/上学：都不；婚姻状况：已婚且配偶同住；过去一年同住月数：0个月；见面频率：每月；电话/短信/微信联系频率：每两周；第2子女：是否工作/上学：工作；婚姻状况：已婚且配偶同住；过去一年同住月数：0个月；见面频率：每半年；电话/短信/微信联系频率：几乎不见/不联系
工作信息：是否从事农业/家庭农活：无；是否已办理退休：否；是否在工作：否；过去一年总工作天数：0天；上月是否在找工作：否"
201,330102318002,基础信息：性别：男；年龄：72岁；城乡类型：城/镇中心,教育信息：教育程度：小学,婚姻信息：婚姻状况：已婚暂分居；过去一年与配偶同住月数：0个月；上半年独自居住天数：180天；上半年仅与配偶同住天数：0天；上半年因不与别人同住而受影响程度：0,情绪信息：生活满意度：很满意；对子女满意度：很满意；因小事烦恼（过去一周）：大多数时候（5–7天）；感到抑郁（过去一周）：大多数时候（5–7天）；对未来抱有希望（过去一周）：有时/中等（3–4天）；感到孤独（过去一周）：大多数时候（5–7天）；感到高兴（过去一周）：大多数时候（5–7天）；睡眠不安（过去一周）：几乎没有（<1天）,健康信息：自评健康状况：一般；医生诊断慢性病：记忆相关疾病；身体疼痛程度：有些；上月平均每天实际睡眠小时数：7小时；是否因健康/残疾不能工作：没问题；是否因健康/残疾不能做家事：没问题；多久接受他人帮助：偶尔,活动信息：高强度体力活动：是；高强度体力活动目的：工作需要；中等强度体力活动：否；轻度体力活动：是；轻度体力活动目的：工作需要；上月活动：以上都没有,上网信息：是否使用互联网：否,子女信息：子女总数：4个；健在子女数：4个；第1子女：是否工作/上学：工作；婚姻状况：已婚且配偶同住；过去一年同住月数：1个月；见面频率：每年；电话/短信/微信联系频率：每两周；第2子女：最高学历：小学；是否工作/上学：工作；婚姻状况：已婚且配偶同住；过去一年同住月数：0个月；见面频率：每两周；电话/短信/微信联系频率：每半年,工作信息：是否从事农业/家庭农活：无；是否已办理退休：否；是否在工作：是；过去一年总工作天数：365天,"基础信息：性别：男；年龄：72岁；城乡类型：城/镇中心
教育信息：教育程度：小学
婚姻信息：婚姻状况：已婚暂分居；过去一年与配偶同住月数：0个月；上半年独自居住天数：180天；上半年仅与配偶同住天数：0天；上半年因不与别人同住而受影响程度：0
情绪信息：生活满意度：很满意；对子女满意度：很满意；因小事烦恼（过去一周）：大多数时候（5–7天）；感到抑郁（过去一周）：大多数时候（5–7天）；对未来抱有希望（过去一周）：有时/中等（3–4天）；感到孤独（过去一周）：大多数时候（5–7天）；感到高兴（过去一周）：大多数时候（5–7天）；睡眠不安（过去一周）：几乎没有（<1天）
健康信息：自评健康状况：一般；医生诊断慢性病：记忆相关疾病；身体疼痛程度：有些；上月平均每天实际睡眠小时数：7小时；是否因健康/残疾不能工作：没问题；是否因健康/残疾不能做家事：没问题；多久接受他人帮助：偶尔
活动信息：高强度体力活动：是；高强度体力活动目的：工作需要；中等强度体力活动：否；轻度体力活动：是；轻度体力活动目的：工作需要；上月活动：以上都没有
上网信息：是否使用互联网：否
子女信息：子女总数：4个；健在子女数：4个；第1子女：是否工作/上学：工作；婚姻状况：已婚且配偶同住；过去一年同住月数：1个月；见面频率：每年；电话/短信/微信联系频率：每两周；第2子女：最高学历：小学；是否工作/上学：工作；婚姻状况：已婚且配偶同住；过去一年同住月数：0个月；见面频率：每两周；电话/短信/微信联系频率：每半年
工作信息：是否从事农业/家庭农活：无；是否已办理退休：否；是否在工作：是；过去一年总工作天数：365天"
202,296081128001,基础信息：性别：男；年龄：67岁；城乡类型：农村,教育信息：教育程度：未受教育,婚姻信息：婚姻状况：已婚且配偶同住；过去一年与配偶同住月数：12个月；上半年独自居住天数：0天；上半年仅与配偶同住天数：180天；上半年因不与别人同住而受影响程度：0,情绪信息：生活满意度：很满意；对子女满意度：有点满意；因小事烦恼（过去一周）：大多数时候（5–7天）；感到抑郁（过去一周）：有时/中等（3–4天）；对未来抱有希望（过去一周）：几乎没有（<1天）；感到孤独（过去一周）：有时/中等（3–4天）；感到高兴（过去一周）：少量（1–2天）；睡眠不安（过去一周）：少量（1–2天）,健康信息：自评健康状况：差；医生诊断慢性病：未报告上述疾病；身体疼痛程度：一点；上月平均每天实际睡眠小时数：5小时；是否因健康/残疾不能工作：不能长时间工作；是否因健康/残疾不能做家事：没问题；多久接受他人帮助：偶尔,活动信息：高强度体力活动：是；高强度体力活动目的：工作需要；中等强度体力活动：否；轻度体力活动：否；上月活动：与朋友交往（不规律）,上网信息：是否使用互联网：否,子女信息：子女总数：2个；健在子女数：2个；第1子女：是否工作/上学：都不；婚姻状况：未婚；过去一年同住月数：0个月；见面频率：每年；电话/短信/微信联系频率：几乎不见/不联系；第2子女：是否工作/上学：工作；婚姻状况：已婚且配偶同住；过去一年同住月数：0个月；见面频率：每三月；电话/短信/微信联系频率：其他,工作信息：是否从事农业/家庭农活：有；是否已办理退休：否；是否在工作：是；过去一年总工作天数：180天,"基础信息：性别：男；年龄：67岁；城乡类型：农村
教育信息：教育程度：未受教育
婚姻信息：婚姻状况：已婚且配偶同住；过去一年与配偶同住月数：12个月；上半年独自居住天数：0天；上半年仅与配偶同住天数：180天；上半年因不与别人同住而受影响程度：0
情绪信息：生活满意度：很满意；对子女满意度：有点满意；因小事烦恼（过去一周）：大多数时候（5–7天）；感到抑郁（过去一周）：有时/中等（3–4天）；对未来抱有希望（过去一周）：几乎没有（<1天）；感到孤独（过去一周）：有时/中等（3–4天）；感到高兴（过去一周）：少量（1–2天）；睡眠不安（过去一周）：少量（1–2天）
健康信息：自评健康状况：差；医生诊断慢性病：未报告上述疾病；身体疼痛程度：一点；上月平均每天实际睡眠小时数：5小时；是否因健康/残疾不能工作：不能长时间工作；是否因健康/残疾不能做家事：没问题；多久接受他人帮助：偶尔
活动信息：高强度体力活动：是；高强度体力活动目的：工作需要；中等强度体力活动：否；轻度体力活动：否；上月活动：与朋友交往（不规律）
上网信息：是否使用互联网：否
子女信息：子女总数：2个；健在子女数：2个；第1子女：是否工作/上学：都不；婚姻状况：未婚；过去一年同住月数：0个月；见面频率：每年；电话/短信/微信联系频率：几乎不见/不联系；第2子女：是否工作/上学：工作；婚姻状况：已婚且配偶同住；过去一年同住月数：0个月；见面频率：每三月；电话/短信/微信联系频率：其他
工作信息：是否从事农业/家庭农活：有；是否已办理退休：否；是否在工作：是；过去一年总工作天数：180天"
203,321116208002,基础信息：性别：女；年龄：56岁；城乡类型：城/镇中心,教育信息：教育程度：初中,婚姻信息：婚姻状况：已婚且配偶同住；过去一年与配偶同住月数：1个月；上半年独自居住天数：180天；上半年仅与配偶同住天数：0天；上半年因不与别人同住而受影响程度：0,情绪信息：生活满意度：有点满意；对子女满意度：有点满意；因小事烦恼（过去一周）：几乎没有（<1天）；感到抑郁（过去一周）：几乎没有（<1天）；对未来抱有希望（过去一周）：大多数时候（5–7天）；感到孤独（过去一周）：几乎没有（<1天）；感到高兴（过去一周）：大多数时候（5–7天）；睡眠不安（过去一周）：有时/中等（3–4天）,健康信息：自评健康状况：一般；医生诊断慢性病：未报告上述疾病；身体疼痛程度：一点；上月平均每天实际睡眠小时数：6小时；是否因健康/残疾不能工作：没问题；是否因健康/残疾不能做家事：没问题；多久接受他人帮助：从不,活动信息：高强度体力活动：否；中等强度体力活动：是；中等强度体力活动目的：娱乐；轻度体力活动：是；轻度体力活动目的：娱乐；上月活动：帮助不住一起的家人朋友邻居（几乎每天）,上网信息：是否使用互联网：是；上网设备：台式电脑、手机；上网用途：聊天、看新闻、看视频、理财；是否用手机支付：否；是否使用微信：是；是否使用微信朋友圈：是,子女信息：子女总数：2个；健在子女数：2个；第1子女：是否工作/上学：工作；婚姻状况：已婚暂分居；过去一年同住月数：0个月；见面频率：每年；电话/短信/微信联系频率：每月；第2子女：是否工作/上学：都不；婚姻状况：已婚且配偶同住；过去一年同住月数：2个月；见面频率：几乎每天,工作信息：是否从事农业/家庭农活：有；是否在工作：是；过去一年总工作天数：25天,"基础信息：性别：女；年龄：56岁；城乡类型：城/镇中心
教育信息：教育程度：初中
婚姻信息：婚姻状况：已婚且配偶同住；过去一年与配偶同住月数：1个月；上半年独自居住天数：180天；上半年仅与配偶同住天数：0天；上半年因不与别人同住而受影响程度：0
情绪信息：生活满意度：有点满意；对子女满意度：有点满意；因小事烦恼（过去一周）：几乎没有（<1天）；感到抑郁（过去一周）：几乎没有（<1天）；对未来抱有希望（过去一周）：大多数时候（5–7天）；感到孤独（过去一周）：几乎没有（<1天）；感到高兴（过去一周）：大多数时候（5–7天）；睡眠不安（过去一周）：有时/中等（3–4天）
健康信息：自评健康状况：一般；医生诊断慢性病：未报告上述疾病；身体疼痛程度：一点；上月平均每天实际睡眠小时数：6小时；是否因健康/残疾不能工作：没问题；是否因健康/残疾不能做家事：没问题；多久接受他人帮助：从不
活动信息：高强度体力活动：否；中等强度体力活动：是；中等强度体力活动目的：娱乐；轻度体力活动：是；轻度体力活动目的：娱乐；上月活动：帮助不住一起的家人朋友邻居（几乎每天）
上网信息：是否使用互联网：是；上网设备：台式电脑、手机；上网用途：聊天、看新闻、看视频、理财；是否用手机支付：否；是否使用微信：是；是否使用微信朋友圈：是
子女信息：子女总数：2个；健在子女数：2个；第1子女：是否工作/上学：工作；婚姻状况：已婚暂分居；过去一年同住月数：0个月；见面频率：每年；电话/短信/微信联系频率：每月；第2子女：是否工作/上学：都不；婚姻状况：已婚且配偶同住；过去一年同住月数：2个月；见面频率：几乎每天
工作信息：是否从事农业/家庭农活：有；是否在工作：是；过去一年总工作天数：25天"
204,321659309002,基础信息：性别：男；年龄：65岁；城乡类型：农村,教育信息：教育程度：高中,婚姻信息：婚姻状况：已婚且配偶同住；过去一年与配偶同住月数：12个月；上半年独自居住天数：0天；上半年仅与配偶同住天数：0天；上半年因不与别人同住而受影响程度：0,情绪信息：生活满意度：有点满意；对子女满意度：有点满意；因小事烦恼（过去一周）：几乎没有（<1天）；感到抑郁（过去一周）：几乎没有（<1天）；对未来抱有希望（过去一周）：大多数时候（5–7天）；感到孤独（过去一周）：几乎没有（<1天）；感到高兴（过去一周）：大多数时候（5–7天）；睡眠不安（过去一周）：几乎没有（<1天）,健康信息：自评健康状况：一般；医生诊断慢性病：未报告上述疾病；身体疼痛程度：无；上月平均每天实际睡眠小时数：5小时；是否因健康/残疾不能工作：没问题；是否因健康/残疾不能做家事：没问题；多久接受他人帮助：从不,活动信息：高强度体力活动：否；中等强度体力活动：否；轻度体力活动：是；轻度体力活动目的：工作需要；上月活动：与朋友交往（几乎每天）、帮助不住一起的家人朋友邻居（不规律）,上网信息：是否使用互联网：否,子女信息：子女总数：2个；健在子女数：2个；第1子女：是否工作/上学：工作；婚姻状况：已婚且配偶同住；过去一年同住月数：0个月；见面频率：每年；电话/短信/微信联系频率：每月；第2子女：是否工作/上学：工作；婚姻状况：已婚且配偶同住；过去一年同住月数：2个月；见面频率：每年；电话/短信/微信联系频率：每年,工作信息：是否从事农业/家庭农活：有；是否已办理退休：否；是否在工作：是；过去一年总工作天数：180天,"基础信息：性别：男；年龄：65岁；城乡类型：农村
教育信息：教育程度：高中
婚姻信息：婚姻状况：已婚且配偶同住；过去一年与配偶同住月数：12个月；上半年独自居住天数：0天；上半年仅与配偶同住天数：0天；上半年因不与别人同住而受影响程度：0
情绪信息：生活满意度：有点满意；对子女满意度：有点满意；因小事烦恼（过去一周）：几乎没有（<1天）；感到抑郁（过去一周）：几乎没有（<1天）；对未来抱有希望（过去一周）：大多数时候（5–7天）；感到孤独（过去一周）：几乎没有（<1天）；感到高兴（过去一周）：大多数时候（5–7天）；睡眠不安（过去一周）：几乎没有（<1天）
健康信息：自评健康状况：一般；医生诊断慢性病：未报告上述疾病；身体疼痛程度：无；上月平均每天实际睡眠小时数：5小时；是否因健康/残疾不能工作：没问题；是否因健康/残疾不能做家事：没问题；多久接受他人帮助：从不
活动信息：高强度体力活动：否；中等强度体力活动：否；轻度体力活动：是；轻度体力活动目的：工作需要；上月活动：与朋友交往（几乎每天）、帮助不住一起的家人朋友邻居（不规律）
上网信息：是否使用互联网：否
子女信息：子女总数：2个；健在子女数：2个；第1子女：是否工作/上学：工作；婚姻状况：已婚且配偶同住；过去一年同住月数：0个月；见面频率：每年；电话/短信/微信联系频率：每月；第2子女：是否工作/上学：工作；婚姻状况：已婚且配偶同住；过去一年同住月数：2个月；见面频率：每年；电话/短信/微信联系频率：每年
工作信息：是否从事农业/家庭农活：有；是否已办理退休：否；是否在工作：是；过去一年总工作天数：180天"
205,261676239001,基础信息：性别：男；年龄：49岁；城乡类型：城/镇中心,教育信息：教育程度：初中,婚姻信息：婚姻状况：已婚且配偶同住；过去一年与配偶同住月数：12个月；上半年独自居住天数：0天；上半年仅与配偶同住天数：0天,情绪信息：生活满意度：有点满意；对子女满意度：有点满意；因小事烦恼（过去一周）：几乎没有（<1天）；感到抑郁（过去一周）：几乎没有（<1天）；对未来抱有希望（过去一周）：大多数时候（5–7天）；感到孤独（过去一周）：几乎没有（<1天）；感到高兴（过去一周）：几乎没有（<1天）；睡眠不安（过去一周）：少量（1–2天）,健康信息：自评健康状况：好；医生诊断慢性病：血脂异常；身体疼痛程度：一点；上月平均每天实际睡眠小时数：5小时；是否因健康/残疾不能工作：没问题；是否因健康/残疾不能做家事：没问题；多久接受他人帮助：从不,活动信息：高强度体力活动：否；中等强度体力活动：是；中等强度体力活动目的：工作需要；轻度体力活动：是；轻度体力活动目的：锻炼；上月活动：以上都没有,上网信息：是否使用互联网：否,子女信息：子女总数：2个；健在子女数：2个；第1子女：是否工作/上学：都不；婚姻状况：已婚且配偶同住；过去一年同住月数：12个月；第2子女：是否工作/上学：工作；婚姻状况：已婚且配偶同住；过去一年同住月数：0个月；见面频率：几乎每天,工作信息：是否从事农业/家庭农活：无；是否已办理退休：否；是否在工作：是；过去一年总工作天数：365天,"基础信息：性别：男；年龄：49岁；城乡类型：城/镇中心
教育信息：教育程度：初中
婚姻信息：婚姻状况：已婚且配偶同住；过去一年与配偶同住月数：12个月；上半年独自居住天数：0天；上半年仅与配偶同住天数：0天
情绪信息：生活满意度：有点满意；对子女满意度：有点满意；因小事烦恼（过去一周）：几乎没有（<1天）；感到抑郁（过去一周）：几乎没有（<1天）；对未来抱有希望（过去一周）：大多数时候（5–7天）；感到孤独（过去一周）：几乎没有（<1天）；感到高兴（过去一周）：几乎没有（<1天）；睡眠不安（过去一周）：少量（1–2天）
健康信息：自评健康状况：好；医生诊断慢性病：血脂异常；身体疼痛程度：一点；上月平均每天实际睡眠小时数：5小时；是否因健康/残疾不能工作：没问题；是否因健康/残疾不能做家事：没问题；多久接受他人帮助：从不
活动信息：高强度体力活动：否；中等强度体力活动：是；中等强度体力活动目的：工作需要；轻度体力活动：是；轻度体力活动目的：锻炼；上月活动：以上都没有
上网信息：是否使用互联网：否
子女信息：子女总数：2个；健在子女数：2个；第1子女：是否工作/上学：都不；婚姻状况：已婚且配偶同住；过去一年同住月数：12个月；第2子女：是否工作/上学：工作；婚姻状况：已婚且配偶同住；过去一年同住月数：0个月；见面频率：几乎每天
工作信息：是否从事农业/家庭农活：无；是否已办理退休：否；是否在工作：是；过去一年总工作天数：365天"
206,78233308001,基础信息：性别：女；年龄：70岁；城乡类型：农村,教育信息：教育程度：未受教育,婚姻信息：婚姻状况：已婚且配偶同住；过去一年与配偶同住月数：12个月；上半年独自居住天数：0天；上半年仅与配偶同住天数：0天；上半年因不与别人同住而受影响程度：0,情绪信息：生活满意度：很满意；对子女满意度：很满意；因小事烦恼（过去一周）：有时/中等（3–4天）；感到抑郁（过去一周）：有时/中等（3–4天）；对未来抱有希望（过去一周）：大多数时候（5–7天）；感到孤独（过去一周）：几乎没有（<1天）；感到高兴（过去一周）：有时/中等（3–4天）；睡眠不安（过去一周）：大多数时候（5–7天）,健康信息：自评健康状况：差；医生诊断慢性病：高血压；身体疼痛程度：相当；上月平均每天实际睡眠小时数：5小时；是否因健康/残疾不能工作：完全不能工作；多久接受他人帮助：偶尔,活动信息：高强度体力活动：否；中等强度体力活动：否；轻度体力活动：否；上月活动：以上都没有,上网信息：是否使用互联网：否,子女信息：子女总数：4个；健在子女数：4个；第1子女：是否工作/上学：工作；婚姻状况：丧偶；过去一年同住月数：4个月；见面频率：每三月；电话/短信/微信联系频率：每两周；第2子女：是否工作/上学：都不；婚姻状况：已婚且配偶同住；过去一年同住月数：0个月；见面频率：每三月；电话/短信/微信联系频率：每三月,工作信息：是否从事农业/家庭农活：无；是否已办理退休：否；是否在工作：是；过去一年总工作天数：365天,"基础信息：性别：女；年龄：70岁；城乡类型：农村
教育信息：教育程度：未受教育
婚姻信息：婚姻状况：已婚且配偶同住；过去一年与配偶同住月数：12个月；上半年独自居住天数：0天；上半年仅与配偶同住天数：0天；上半年因不与别人同住而受影响程度：0
情绪信息：生活满意度：很满意；对子女满意度：很满意；因小事烦恼（过去一周）：有时/中等（3–4天）；感到抑郁（过去一周）：有时/中等（3–4天）；对未来抱有希望（过去一周）：大多数时候（5–7天）；感到孤独（过去一周）：几乎没有（<1天）；感到高兴（过去一周）：有时/中等（3–4天）；睡眠不安（过去一周）：大多数时候（5–7天）
健康信息：自评健康状况：差；医生诊断慢性病：高血压；身体疼痛程度：相当；上月平均每天实际睡眠小时数：5小时；是否因健康/残疾不能工作：完全不能工作；多久接受他人帮助：偶尔
活动信息：高强度体力活动：否；中等强度体力活动：否；轻度体力活动：否；上月活动：以上都没有
上网信息：是否使用互联网：否
子女信息：子女总数：4个；健在子女数：4个；第1子女：是否工作/上学：工作；婚姻状况：丧偶；过去一年同住月数：4个月；见面频率：每三月；电话/短信/微信联系频率：每两周；第2子女：是否工作/上学：都不；婚姻状况：已婚且配偶同住；过去一年同住月数：0个月；见面频率：每三月；电话/短信/微信联系频率：每三月
工作信息：是否从事农业/家庭农活：无；是否已办理退休：否；是否在工作：是；过去一年总工作天数：365天"
207,117489210001,基础信息：性别：女；年龄：52岁；城乡类型：农村,教育信息：教育程度：小学,婚姻信息：婚姻状况：已婚暂分居；过去一年与配偶同住月数：1.5个月；上半年独自居住天数：0天；上半年仅与配偶同住天数：0天,情绪信息：生活满意度：很满意；对子女满意度：很满意；因小事烦恼（过去一周）：几乎没有（<1天）；感到抑郁（过去一周）：几乎没有（<1天）；对未来抱有希望（过去一周）：有时/中等（3–4天）；感到孤独（过去一周）：几乎没有（<1天）；感到高兴（过去一周）：大多数时候（5–7天）；睡眠不安（过去一周）：几乎没有（<1天）,健康信息：自评健康状况：好；医生诊断慢性病：未报告上述疾病；身体疼痛程度：无；上月平均每天实际睡眠小时数：6小时；是否因健康/残疾不能工作：没问题；是否因健康/残疾不能做家事：没问题；多久接受他人帮助：从不,活动信息：高强度体力活动：是；高强度体力活动目的：工作需要；中等强度体力活动：是；中等强度体力活动目的：工作需要；轻度体力活动：是；轻度体力活动目的：工作需要；上月活动：以上都没有,上网信息：是否使用互联网：否,子女信息：子女总数：1个；健在子女数：1个；第1子女：是否工作/上学：都不；婚姻状况：已婚且配偶同住；过去一年同住月数：0个月；见面频率：每周1次,工作信息：是否从事农业/家庭农活：有；是否已办理退休：否；是否在工作：是；过去一年总工作天数：216天,"基础信息：性别：女；年龄：52岁；城乡类型：农村
教育信息：教育程度：小学
婚姻信息：婚姻状况：已婚暂分居；过去一年与配偶同住月数：1.5个月；上半年独自居住天数：0天；上半年仅与配偶同住天数：0天
情绪信息：生活满意度：很满意；对子女满意度：很满意；因小事烦恼（过去一周）：几乎没有（<1天）；感到抑郁（过去一周）：几乎没有（<1天）；对未来抱有希望（过去一周）：有时/中等（3–4天）；感到孤独（过去一周）：几乎没有（<1天）；感到高兴（过去一周）：大多数时候（5–7天）；睡眠不安（过去一周）：几乎没有（<1天）
健康信息：自评健康状况：好；医生诊断慢性病：未报告上述疾病；身体疼痛程度：无；上月平均每天实际睡眠小时数：6小时；是否因健康/残疾不能工作：没问题；是否因健康/残疾不能做家事：没问题；多久接受他人帮助：从不
活动信息：高强度体力活动：是；高强度体力活动目的：工作需要；中等强度体力活动：是；中等强度体力活动目的：工作需要；轻度体力活动：是；轻度体力活动目的：工作需要；上月活动：以上都没有
上网信息：是否使用互联网：否
子女信息：子女总数：1个；健在子女数：1个；第1子女：是否工作/上学：都不；婚姻状况：已婚且配偶同住；过去一年同住月数：0个月；见面频率：每周1次
工作信息：是否从事农业/家庭农活：有；是否已办理退休：否；是否在工作：是；过去一年总工作天数：216天"
208,116006208001,基础信息：性别：男；年龄：75岁；城乡类型：农村,教育信息：教育程度：未受教育,婚姻信息：婚姻状况：已婚且配偶同住；过去一年与配偶同住月数：12个月；上半年独自居住天数：0天；上半年仅与配偶同住天数：180天；上半年因不与别人同住而受影响程度：0,情绪信息：生活满意度：不太满意；对子女满意度：很满意；因小事烦恼（过去一周）：几乎没有（<1天）；感到抑郁（过去一周）：几乎没有（<1天）；对未来抱有希望（过去一周）：几乎没有（<1天）；感到孤独（过去一周）：几乎没有（<1天）；感到高兴（过去一周）：几乎没有（<1天）；睡眠不安（过去一周）：大多数时候（5–7天）,健康信息：自评健康状况：很差；医生诊断慢性病：未报告上述疾病；身体疼痛程度：一点；上月平均每天实际睡眠小时数：10小时；是否因健康/残疾不能工作：不能长时间工作；是否因健康/残疾不能做家事：不能长时间；多久接受他人帮助：从不,活动信息：高强度体力活动：否；中等强度体力活动：否；轻度体力活动：是；轻度体力活动目的：娱乐；上月活动：与朋友交往（几乎每天）、打麻将/下棋/打牌/去社区活动室（几乎每天）,上网信息：是否使用互联网：否,子女信息：子女总数：5个；健在子女数：5个；第1子女：是否工作/上学：工作；婚姻状况：未婚；过去一年同住月数：0个月；见面频率：每年；电话/短信/微信联系频率：每三月；第2子女：是否工作/上学：工作；婚姻状况：已婚且配偶同住；过去一年同住月数：0个月；见面频率：几乎每天,工作信息：是否从事农业/家庭农活：无；是否已办理退休：否；是否在工作：否；过去一年总工作天数：0天；上月是否在找工作：否,"基础信息：性别：男；年龄：75岁；城乡类型：农村
教育信息：教育程度：未受教育
婚姻信息：婚姻状况：已婚且配偶同住；过去一年与配偶同住月数：12个月；上半年独自居住天数：0天；上半年仅与配偶同住天数：180天；上半年因不与别人同住而受影响程度：0
情绪信息：生活满意度：不太满意；对子女满意度：很满意；因小事烦恼（过去一周）：几乎没有（<1天）；感到抑郁（过去一周）：几乎没有（<1天）；对未来抱有希望（过去一周）：几乎没有（<1天）；感到孤独（过去一周）：几乎没有（<1天）；感到高兴（过去一周）：几乎没有（<1天）；睡眠不安（过去一周）：大多数时候（5–7天）
健康信息：自评健康状况：很差；医生诊断慢性病：未报告上述疾病；身体疼痛程度：一点；上月平均每天实际睡眠小时数：10小时；是否因健康/残疾不能工作：不能长时间工作；是否因健康/残疾不能做家事：不能长时间；多久接受他人帮助：从不
活动信息：高强度体力活动：否；中等强度体力活动：否；轻度体力活动：是；轻度体力活动目的：娱乐；上月活动：与朋友交往（几乎每天）、打麻将/下棋/打牌/去社区活动室（几乎每天）
上网信息：是否使用互联网：否
子女信息：子女总数：5个；健在子女数：5个；第1子女：是否工作/上学：工作；婚姻状况：未婚；过去一年同住月数：0个月；见面频率：每年；电话/短信/微信联系频率：每三月；第2子女：是否工作/上学：工作；婚姻状况：已婚且配偶同住；过去一年同住月数：0个月；见面频率：几乎每天
工作信息：是否从事农业/家庭农活：无；是否已办理退休：否；是否在工作：否；过去一年总工作天数：0天；上月是否在找工作：否"
209,110131308002,基础信息：性别：女；年龄：67岁；城乡类型：农村,教育信息：教育程度：未受教育,婚姻信息：婚姻状况：已婚且配偶同住；过去一年与配偶同住月数：12个月；上半年独自居住天数：0天；上半年仅与配偶同住天数：120天；上半年因不与别人同住而受影响程度：0,情绪信息：生活满意度：很满意；对子女满意度：很满意；因小事烦恼（过去一周）：几乎没有（<1天）；感到抑郁（过去一周）：几乎没有（<1天）；对未来抱有希望（过去一周）：大多数时候（5–7天）；感到孤独（过去一周）：几乎没有（<1天）；感到高兴（过去一周）：大多数时候（5–7天）；睡眠不安（过去一周）：少量（1–2天）,健康信息：自评健康状况：一般；医生诊断慢性病：未报告上述疾病；身体疼痛程度：无；上月平均每天实际睡眠小时数：8小时；是否因健康/残疾不能工作：没问题；是否因健康/残疾不能做家事：没问题；多久接受他人帮助：从不,活动信息：高强度体力活动：是；高强度体力活动目的：工作需要；中等强度体力活动：是；中等强度体力活动目的：其他；轻度体力活动：是；轻度体力活动目的：工作需要；上月活动：以上都没有,上网信息：是否使用互联网：否,子女信息：子女总数：1个；健在子女数：1个；第1子女：是否工作/上学：工作；婚姻状况：已婚且配偶同住；过去一年同住月数：10个月；见面频率：几乎每天,工作信息：是否从事农业/家庭农活：有；是否已办理退休：否；是否在工作：是；过去一年总工作天数：72天,"基础信息：性别：女；年龄：67岁；城乡类型：农村
教育信息：教育程度：未受教育
婚姻信息：婚姻状况：已婚且配偶同住；过去一年与配偶同住月数：12个月；上半年独自居住天数：0天；上半年仅与配偶同住天数：120天；上半年因不与别人同住而受影响程度：0
情绪信息：生活满意度：很满意；对子女满意度：很满意；因小事烦恼（过去一周）：几乎没有（<1天）；感到抑郁（过去一周）：几乎没有（<1天）；对未来抱有希望（过去一周）：大多数时候（5–7天）；感到孤独（过去一周）：几乎没有（<1天）；感到高兴（过去一周）：大多数时候（5–7天）；睡眠不安（过去一周）：少量（1–2天）
健康信息：自评健康状况：一般；医生诊断慢性病：未报告上述疾病；身体疼痛程度：无；上月平均每天实际睡眠小时数：8小时；是否因健康/残疾不能工作：没问题；是否因健康/残疾不能做家事：没问题；多久接受他人帮助：从不
活动信息：高强度体力活动：是；高强度体力活动目的：工作需要；中等强度体力活动：是；中等强度体力活动目的：其他；轻度体力活动：是；轻度体力活动目的：工作需要；上月活动：以上都没有
上网信息：是否使用互联网：否
子女信息：子女总数：1个；健在子女数：1个；第1子女：是否工作/上学：工作；婚姻状况：已婚且配偶同住；过去一年同住月数：10个月；见面频率：几乎每天
工作信息：是否从事农业/家庭农活：有；是否已办理退休：否；是否在工作：是；过去一年总工作天数：72天"
210,204906235001,基础信息：性别：女；年龄：68岁；城乡类型：农村,教育信息：教育程度：未受教育,婚姻信息：婚姻状况：已婚且配偶同住；过去一年与配偶同住月数：12个月；上半年独自居住天数：0天；上半年仅与配偶同住天数：0天；上半年因不与别人同住而受影响程度：0,情绪信息：生活满意度：很满意；对子女满意度：有点满意；因小事烦恼（过去一周）：几乎没有（<1天）；感到抑郁（过去一周）：几乎没有（<1天）；对未来抱有希望（过去一周）：几乎没有（<1天）；感到孤独（过去一周）：几乎没有（<1天）；感到高兴（过去一周）：少量（1–2天）；睡眠不安（过去一周）：大多数时候（5–7天）,健康信息：自评健康状况：差；医生诊断慢性病：高血压、糖尿病或高血糖；身体疼痛程度：无；上月平均每天实际睡眠小时数：6小时；是否因健康/残疾不能工作：没问题；是否因健康/残疾不能做家事：没问题；多久接受他人帮助：偶尔,活动信息：高强度体力活动：是；高强度体力活动目的：其他；中等强度体力活动：否；轻度体力活动：是；轻度体力活动目的：锻炼；上月活动：以上都没有,上网信息：是否使用互联网：否,子女信息：子女总数：3个；健在子女数：3个；第2子女：是否工作/上学：工作；婚姻状况：已婚且配偶同住；过去一年同住月数：0个月；见面频率：几乎每天,工作信息：是否从事农业/家庭农活：有；是否已办理退休：否；是否在工作：是；过去一年总工作天数：40天,"基础信息：性别：女；年龄：68岁；城乡类型：农村
教育信息：教育程度：未受教育
婚姻信息：婚姻状况：已婚且配偶同住；过去一年与配偶同住月数：12个月；上半年独自居住天数：0天；上半年仅与配偶同住天数：0天；上半年因不与别人同住而受影响程度：0
情绪信息：生活满意度：很满意；对子女满意度：有点满意；因小事烦恼（过去一周）：几乎没有（<1天）；感到抑郁（过去一周）：几乎没有（<1天）；对未来抱有希望（过去一周）：几乎没有（<1天）；感到孤独（过去一周）：几乎没有（<1天）；感到高兴（过去一周）：少量（1–2天）；睡眠不安（过去一周）：大多数时候（5–7天）
健康信息：自评健康状况：差；医生诊断慢性病：高血压、糖尿病或高血糖；身体疼痛程度：无；上月平均每天实际睡眠小时数：6小时；是否因健康/残疾不能工作：没问题；是否因健康/残疾不能做家事：没问题；多久接受他人帮助：偶尔
活动信息：高强度体力活动：是；高强度体力活动目的：其他；中等强度体力活动：否；轻度体力活动：是；轻度体力活动目的：锻炼；上月活动：以上都没有
上网信息：是否使用互联网：否
子女信息：子女总数：3个；健在子女数：3个；第2子女：是否工作/上学：工作；婚姻状况：已婚且配偶同住；过去一年同住月数：0个月；见面频率：几乎每天
工作信息：是否从事农业/家庭农活：有；是否已办理退休：否；是否在工作：是；过去一年总工作天数：40天"
211,122490107002,基础信息：性别：女；年龄：53岁；城乡类型：农村,教育信息：教育程度：未读完小学,婚姻信息：婚姻状况：已婚且配偶同住；过去一年与配偶同住月数：12个月；上半年独自居住天数：0天；上半年仅与配偶同住天数：0天,情绪信息：生活满意度：有点满意；对子女满意度：很满意；因小事烦恼（过去一周）：有时/中等（3–4天）；感到抑郁（过去一周）：几乎没有（<1天）；对未来抱有希望（过去一周）：几乎没有（<1天）；感到孤独（过去一周）：几乎没有（<1天）；感到高兴（过去一周）：几乎没有（<1天）；睡眠不安（过去一周）：有时/中等（3–4天）,健康信息：自评健康状况：很差；医生诊断慢性病：未报告上述疾病；身体疼痛程度：非常；上月平均每天实际睡眠小时数：6小时；是否因健康/残疾不能工作：完全不能工作；多久接受他人帮助：偶尔,活动信息：高强度体力活动：否；中等强度体力活动：是；中等强度体力活动目的：其他；轻度体力活动：是；轻度体力活动目的：锻炼；上月活动：以上都没有,上网信息：是否使用互联网：是；上网设备：手机；上网用途：聊天；是否用手机支付：否；是否使用微信：是；是否使用微信朋友圈：否,子女信息：子女总数：2个；健在子女数：2个；第1子女：是否工作/上学：都不；婚姻状况：已婚且配偶同住；过去一年同住月数：8个月；见面频率：几乎不见/不联系；电话/短信/微信联系频率：几乎每天；第2子女：是否工作/上学：工作；婚姻状况：已婚且配偶同住；过去一年同住月数：4个月；见面频率：几乎不见/不联系；电话/短信/微信联系频率：几乎每天,工作信息：是否从事农业/家庭农活：无；是否已办理退休：否；是否在工作：否；过去一年总工作天数：0天；上月是否在找工作：否,"基础信息：性别：女；年龄：53岁；城乡类型：农村
教育信息：教育程度：未读完小学
婚姻信息：婚姻状况：已婚且配偶同住；过去一年与配偶同住月数：12个月；上半年独自居住天数：0天；上半年仅与配偶同住天数：0天
情绪信息：生活满意度：有点满意；对子女满意度：很满意；因小事烦恼（过去一周）：有时/中等（3–4天）；感到抑郁（过去一周）：几乎没有（<1天）；对未来抱有希望（过去一周）：几乎没有（<1天）；感到孤独（过去一周）：几乎没有（<1天）；感到高兴（过去一周）：几乎没有（<1天）；睡眠不安（过去一周）：有时/中等（3–4天）
健康信息：自评健康状况：很差；医生诊断慢性病：未报告上述疾病；身体疼痛程度：非常；上月平均每天实际睡眠小时数：6小时；是否因健康/残疾不能工作：完全不能工作；多久接受他人帮助：偶尔
活动信息：高强度体力活动：否；中等强度体力活动：是；中等强度体力活动目的：其他；轻度体力活动：是；轻度体力活动目的：锻炼；上月活动：以上都没有
上网信息：是否使用互联网：是；上网设备：手机；上网用途：聊天；是否用手机支付：否；是否使用微信：是；是否使用微信朋友圈：否
子女信息：子女总数：2个；健在子女数：2个；第1子女：是否工作/上学：都不；婚姻状况：已婚且配偶同住；过去一年同住月数：8个月；见面频率：几乎不见/不联系；电话/短信/微信联系频率：几乎每天；第2子女：是否工作/上学：工作；婚姻状况：已婚且配偶同住；过去一年同住月数：4个月；见面频率：几乎不见/不联系；电话/短信/微信联系频率：几乎每天
工作信息：是否从事农业/家庭农活：无；是否已办理退休：否；是否在工作：否；过去一年总工作天数：0天；上月是否在找工作：否"
212,202454119001,基础信息：性别：女；年龄：86岁；城乡类型：农村,教育信息：教育程度：未读完小学,婚姻信息：婚姻状况：丧偶；是否有人以配偶身份同住：否；上半年独自居住天数：180天；上半年因不与别人同住而受影响程度：0,情绪信息：生活满意度：有点满意；对子女满意度：有点满意；因小事烦恼（过去一周）：几乎没有（<1天）；感到抑郁（过去一周）：几乎没有（<1天）；对未来抱有希望（过去一周）：几乎没有（<1天）；感到孤独（过去一周）：几乎没有（<1天）；感到高兴（过去一周）：大多数时候（5–7天）；睡眠不安（过去一周）：大多数时候（5–7天）,健康信息：自评健康状况：一般；医生诊断慢性病：血脂异常；身体疼痛程度：无；上月平均每天实际睡眠小时数：0小时；是否因健康/残疾不能工作：不能长时间工作；是否因健康/残疾不能做家事：不能长时间；多久接受他人帮助：从不,活动信息：高强度体力活动：否；中等强度体力活动：否；轻度体力活动：否；上月活动：以上都没有,上网信息：是否使用互联网：否,子女信息：子女总数：5个；健在子女数：5个；第1子女：是否工作/上学：工作；婚姻状况：已婚且配偶同住；过去一年同住月数：12个月；第2子女：是否工作/上学：工作；婚姻状况：已婚且配偶同住；过去一年同住月数：0个月；见面频率：几乎每天,工作信息：是否从事农业/家庭农活：无；是否已办理退休：否；是否在工作：否；过去一年总工作天数：0天；上月是否在找工作：否,"基础信息：性别：女；年龄：86岁；城乡类型：农村
教育信息：教育程度：未读完小学
婚姻信息：婚姻状况：丧偶；是否有人以配偶身份同住：否；上半年独自居住天数：180天；上半年因不与别人同住而受影响程度：0
情绪信息：生活满意度：有点满意；对子女满意度：有点满意；因小事烦恼（过去一周）：几乎没有（<1天）；感到抑郁（过去一周）：几乎没有（<1天）；对未来抱有希望（过去一周）：几乎没有（<1天）；感到孤独（过去一周）：几乎没有（<1天）；感到高兴（过去一周）：大多数时候（5–7天）；睡眠不安（过去一周）：大多数时候（5–7天）
健康信息：自评健康状况：一般；医生诊断慢性病：血脂异常；身体疼痛程度：无；上月平均每天实际睡眠小时数：0小时；是否因健康/残疾不能工作：不能长时间工作；是否因健康/残疾不能做家事：不能长时间；多久接受他人帮助：从不
活动信息：高强度体力活动：否；中等强度体力活动：否；轻度体力活动：否；上月活动：以上都没有
上网信息：是否使用互联网：否
子女信息：子女总数：5个；健在子女数：5个；第1子女：是否工作/上学：工作；婚姻状况：已婚且配偶同住；过去一年同住月数：12个月；第2子女：是否工作/上学：工作；婚姻状况：已婚且配偶同住；过去一年同住月数：0个月；见面频率：几乎每天
工作信息：是否从事农业/家庭农活：无；是否已办理退休：否；是否在工作：否；过去一年总工作天数：0天；上月是否在找工作：否"
213,281104122001,基础信息：性别：男；年龄：55岁；现居住地地址类型：家庭住房；城乡类型：城乡结合部/镇乡,教育信息：教育程度：本科,婚姻信息：婚姻状况：已婚暂分居；过去一年与配偶同住月数：3个月；上半年独自居住天数：92天；上半年仅与配偶同住天数：75天；上半年因不与别人同住而受影响程度：100,情绪信息：生活满意度：有点满意；对子女满意度：有点满意；因小事烦恼（过去一周）：几乎没有（<1天）；感到抑郁（过去一周）：少量（1–2天）；对未来抱有希望（过去一周）：大多数时候（5–7天）；感到孤独（过去一周）：有时/中等（3–4天）；感到高兴（过去一周）：少量（1–2天）；睡眠不安（过去一周）：几乎没有（<1天）,健康信息：自评健康状况：一般；医生诊断慢性病：高血压；身体疼痛程度：无；上月平均每天实际睡眠小时数：6小时；是否因健康/残疾不能工作：没问题；是否因健康/残疾不能做家事：没问题；多久接受他人帮助：从不,活动信息：高强度体力活动：否；中等强度体力活动：是；中等强度体力活动目的：锻炼；轻度体力活动：是；轻度体力活动目的：锻炼；上月活动：与朋友交往（不规律）、打麻将/下棋/打牌/去社区活动室（几乎每周）、帮助不住一起的家人朋友邻居（不规律）、参加运动/社交等俱乐部（几乎每天）,上网信息：是否使用互联网：是；上网设备：台式电脑、平板、手机；上网用途：聊天、看新闻、看视频、玩游戏；是否用手机支付：是；是否使用微信：是；是否使用微信朋友圈：是,子女信息：子女总数：1个；健在子女数：1个；第1子女：是否工作/上学：工作；婚姻状况：未婚；过去一年同住月数：0个月；见面频率：每三月；电话/短信/微信联系频率：每周1次,工作信息：是否从事农业/家庭农活：无；是否已办理退休：否；是否在工作：是；过去一年总工作天数：280天,"基础信息：性别：男；年龄：55岁；现居住地地址类型：家庭住房；城乡类型：城乡结合部/镇乡
教育信息：教育程度：本科
婚姻信息：婚姻状况：已婚暂分居；过去一年与配偶同住月数：3个月；上半年独自居住天数：92天；上半年仅与配偶同住天数：75天；上半年因不与别人同住而受影响程度：100
情绪信息：生活满意度：有点满意；对子女满意度：有点满意；因小事烦恼（过去一周）：几乎没有（<1天）；感到抑郁（过去一周）：少量（1–2天）；对未来抱有希望（过去一周）：大多数时候（5–7天）；感到孤独（过去一周）：有时/中等（3–4天）；感到高兴（过去一周）：少量（1–2天）；睡眠不安（过去一周）：几乎没有（<1天）
健康信息：自评健康状况：一般；医生诊断慢性病：高血压；身体疼痛程度：无；上月平均每天实际睡眠小时数：6小时；是否因健康/残疾不能工作：没问题；是否因健康/残疾不能做家事：没问题；多久接受他人帮助：从不
活动信息：高强度体力活动：否；中等强度体力活动：是；中等强度体力活动目的：锻炼；轻度体力活动：是；轻度体力活动目的：锻炼；上月活动：与朋友交往（不规律）、打麻将/下棋/打牌/去社区活动室（几乎每周）、帮助不住一起的家人朋友邻居（不规律）、参加运动/社交等俱乐部（几乎每天）
上网信息：是否使用互联网：是；上网设备：台式电脑、平板、手机；上网用途：聊天、看新闻、看视频、玩游戏；是否用手机支付：是；是否使用微信：是；是否使用微信朋友圈：是
子女信息：子女总数：1个；健在子女数：1个；第1子女：是否工作/上学：工作；婚姻状况：未婚；过去一年同住月数：0个月；见面频率：每三月；电话/短信/微信联系频率：每周1次
工作信息：是否从事农业/家庭农活：无；是否已办理退休：否；是否在工作：是；过去一年总工作天数：280天"
214,60481225001,基础信息：性别：男；年龄：69岁；城乡类型：农村,教育信息：教育程度：小学,婚姻信息：婚姻状况：已婚且配偶同住；过去一年与配偶同住月数：12个月；上半年独自居住天数：0天；上半年仅与配偶同住天数：90天；上半年因不与别人同住而受影响程度：0,情绪信息：生活满意度：有点满意；对子女满意度：很满意；因小事烦恼（过去一周）：有时/中等（3–4天）；感到抑郁（过去一周）：几乎没有（<1天）；对未来抱有希望（过去一周）：几乎没有（<1天）；感到孤独（过去一周）：几乎没有（<1天）；感到高兴（过去一周）：有时/中等（3–4天）；睡眠不安（过去一周）：有时/中等（3–4天）,健康信息：自评健康状况：一般；医生诊断慢性病：血脂异常、心脏病、关节炎或风湿病；身体疼痛程度：一点；上月平均每天实际睡眠小时数：5小时；是否因健康/残疾不能工作：不能长时间工作；是否因健康/残疾不能做家事：不能长时间；多久接受他人帮助：从不,活动信息：高强度体力活动：是；高强度体力活动目的：锻炼；中等强度体力活动：否；轻度体力活动：否；上月活动：以上都没有,上网信息：是否使用互联网：否,子女信息：子女总数：4个；健在子女数：4个；第1子女：是否工作/上学：工作；婚姻状况：离婚；过去一年同住月数：0个月；见面频率：每周2–3次；第2子女：是否工作/上学：工作；婚姻状况：已婚且配偶同住；过去一年同住月数：0个月；见面频率：每周1次,工作信息：是否从事农业/家庭农活：有；是否已办理退休：否；是否在工作：是；过去一年总工作天数：180天,"基础信息：性别：男；年龄：69岁；城乡类型：农村
教育信息：教育程度：小学
婚姻信息：婚姻状况：已婚且配偶同住；过去一年与配偶同住月数：12个月；上半年独自居住天数：0天；上半年仅与配偶同住天数：90天；上半年因不与别人同住而受影响程度：0
情绪信息：生活满意度：有点满意；对子女满意度：很满意；因小事烦恼（过去一周）：有时/中等（3–4天）；感到抑郁（过去一周）：几乎没有（<1天）；对未来抱有希望（过去一周）：几乎没有（<1天）；感到孤独（过去一周）：几乎没有（<1天）；感到高兴（过去一周）：有时/中等（3–4天）；睡眠不安（过去一周）：有时/中等（3–4天）
健康信息：自评健康状况：一般；医生诊断慢性病：血脂异常、心脏病、关节炎或风湿病；身体疼痛程度：一点；上月平均每天实际睡眠小时数：5小时；是否因健康/残疾不能工作：不能长时间工作；是否因健康/残疾不能做家事：不能长时间；多久接受他人帮助：从不
活动信息：高强度体力活动：是；高强度体力活动目的：锻炼；中等强度体力活动：否；轻度体力活动：否；上月活动：以上都没有
上网信息：是否使用互联网：否
子女信息：子女总数：4个；健在子女数：4个；第1子女：是否工作/上学：工作；婚姻状况：离婚；过去一年同住月数：0个月；见面频率：每周2–3次；第2子女：是否工作/上学：工作；婚姻状况：已婚且配偶同住；过去一年同住月数：0个月；见面频率：每周1次
工作信息：是否从事农业/家庭农活：有；是否已办理退休：否；是否在工作：是；过去一年总工作天数：180天"
215,184037316002,基础信息：性别：男；年龄：63岁；城乡类型：城/镇中心,教育信息：教育程度：高中,婚姻信息：婚姻状况：已婚且配偶同住；过去一年与配偶同住月数：12个月；上半年独自居住天数：0天；上半年仅与配偶同住天数：14天；上半年因不与别人同住而受影响程度：0,情绪信息：生活满意度：有点满意；对子女满意度：有点满意；因小事烦恼（过去一周）：大多数时候（5–7天）；感到抑郁（过去一周）：有时/中等（3–4天）；对未来抱有希望（过去一周）：大多数时候（5–7天）；感到孤独（过去一周）：几乎没有（<1天）；感到高兴（过去一周）：大多数时候（5–7天）；睡眠不安（过去一周）：有时/中等（3–4天）,健康信息：自评健康状况：很好；医生诊断慢性病：未报告上述疾病；身体疼痛程度：无；上月平均每天实际睡眠小时数：4小时；是否因健康/残疾不能工作：没问题；是否因健康/残疾不能做家事：没问题；多久接受他人帮助：从不,活动信息：高强度体力活动：是；高强度体力活动目的：锻炼；中等强度体力活动：是；中等强度体力活动目的：锻炼；轻度体力活动：是；轻度体力活动目的：娱乐；上月活动：以上都没有,上网信息：是否使用互联网：否,子女信息：子女总数：1个；健在子女数：1个；第1子女：是否工作/上学：工作；婚姻状况：未婚；过去一年同住月数：12个月,工作信息：是否从事农业/家庭农活：无；是否在工作：否；过去一年总工作天数：0天；上月是否在找工作：否,"基础信息：性别：男；年龄：63岁；城乡类型：城/镇中心
教育信息：教育程度：高中
婚姻信息：婚姻状况：已婚且配偶同住；过去一年与配偶同住月数：12个月；上半年独自居住天数：0天；上半年仅与配偶同住天数：14天；上半年因不与别人同住而受影响程度：0
情绪信息：生活满意度：有点满意；对子女满意度：有点满意；因小事烦恼（过去一周）：大多数时候（5–7天）；感到抑郁（过去一周）：有时/中等（3–4天）；对未来抱有希望（过去一周）：大多数时候（5–7天）；感到孤独（过去一周）：几乎没有（<1天）；感到高兴（过去一周）：大多数时候（5–7天）；睡眠不安（过去一周）：有时/中等（3–4天）
健康信息：自评健康状况：很好；医生诊断慢性病：未报告上述疾病；身体疼痛程度：无；上月平均每天实际睡眠小时数：4小时；是否因健康/残疾不能工作：没问题；是否因健康/残疾不能做家事：没问题；多久接受他人帮助：从不
活动信息：高强度体力活动：是；高强度体力活动目的：锻炼；中等强度体力活动：是；中等强度体力活动目的：锻炼；轻度体力活动：是；轻度体力活动目的：娱乐；上月活动：以上都没有
上网信息：是否使用互联网：否
子女信息：子女总数：1个；健在子女数：1个；第1子女：是否工作/上学：工作；婚姻状况：未婚；过去一年同住月数：12个月
工作信息：是否从事农业/家庭农活：无；是否在工作：否；过去一年总工作天数：0天；上月是否在找工作：否"
216,134004327001,基础信息：性别：男；年龄：68岁；城乡类型：城/镇中心,教育信息：教育程度：初中,婚姻信息：婚姻状况：已婚且配偶同住；过去一年与配偶同住月数：12个月；上半年独自居住天数：0天；上半年仅与配偶同住天数：180天；上半年因不与别人同住而受影响程度：0,情绪信息：生活满意度：不太满意；对子女满意度：很满意；因小事烦恼（过去一周）：大多数时候（5–7天）；感到抑郁（过去一周）：有时/中等（3–4天）；对未来抱有希望（过去一周）：几乎没有（<1天）；感到孤独（过去一周）：几乎没有（<1天）；感到高兴（过去一周）：少量（1–2天）；睡眠不安（过去一周）：少量（1–2天）,健康信息：自评健康状况：一般；医生诊断慢性病：血脂异常；身体疼痛程度：无；上月平均每天实际睡眠小时数：5小时；是否因健康/残疾不能工作：不能长时间工作；是否因健康/残疾不能做家事：没问题；多久接受他人帮助：从不,活动信息：高强度体力活动：否；中等强度体力活动：否；轻度体力活动：是；轻度体力活动目的：锻炼；上月活动：以上都没有,上网信息：是否使用互联网：否,子女信息：子女总数：1个；健在子女数：1个；第1子女：是否工作/上学：工作；婚姻状况：未婚；过去一年同住月数：12个月,工作信息：是否从事农业/家庭农活：无；是否在工作：否；过去一年总工作天数：0天；上月是否在找工作：否,"基础信息：性别：男；年龄：68岁；城乡类型：城/镇中心
教育信息：教育程度：初中
婚姻信息：婚姻状况：已婚且配偶同住；过去一年与配偶同住月数：12个月；上半年独自居住天数：0天；上半年仅与配偶同住天数：180天；上半年因不与别人同住而受影响程度：0
情绪信息：生活满意度：不太满意；对子女满意度：很满意；因小事烦恼（过去一周）：大多数时候（5–7天）；感到抑郁（过去一周）：有时/中等（3–4天）；对未来抱有希望（过去一周）：几乎没有（<1天）；感到孤独（过去一周）：几乎没有（<1天）；感到高兴（过去一周）：少量（1–2天）；睡眠不安（过去一周）：少量（1–2天）
健康信息：自评健康状况：一般；医生诊断慢性病：血脂异常；身体疼痛程度：无；上月平均每天实际睡眠小时数：5小时；是否因健康/残疾不能工作：不能长时间工作；是否因健康/残疾不能做家事：没问题；多久接受他人帮助：从不
活动信息：高强度体力活动：否；中等强度体力活动：否；轻度体力活动：是；轻度体力活动目的：锻炼；上月活动：以上都没有
上网信息：是否使用互联网：否
子女信息：子女总数：1个；健在子女数：1个；第1子女：是否工作/上学：工作；婚姻状况：未婚；过去一年同住月数：12个月
工作信息：是否从事农业/家庭农活：无；是否在工作：否；过去一年总工作天数：0天；上月是否在找工作：否"
217,326346326002,基础信息：性别：女；年龄：47岁；城乡类型：农村,教育信息：教育程度：未读完小学,婚姻信息：婚姻状况：已婚且配偶同住；过去一年与配偶同住月数：12个月；上半年独自居住天数：0天；上半年仅与配偶同住天数：0天,情绪信息：生活满意度：有点满意；对子女满意度：很满意；因小事烦恼（过去一周）：有时/中等（3–4天）；感到抑郁（过去一周）：几乎没有（<1天）；对未来抱有希望（过去一周）：少量（1–2天）；感到孤独（过去一周）：几乎没有（<1天）；感到高兴（过去一周）：有时/中等（3–4天）；睡眠不安（过去一周）：几乎没有（<1天）,健康信息：自评健康状况：差；医生诊断慢性病：未报告上述疾病；身体疼痛程度：相当；上月平均每天实际睡眠小时数：5小时；是否因健康/残疾不能工作：没问题；是否因健康/残疾不能做家事：没问题；多久接受他人帮助：从不,活动信息：高强度体力活动：否；中等强度体力活动：是；中等强度体力活动目的：娱乐；轻度体力活动：是；轻度体力活动目的：锻炼；上月活动：与朋友交往（几乎每天）、打麻将/下棋/打牌/去社区活动室（不规律）、参加运动/社交等俱乐部（几乎每天）,上网信息：是否使用互联网：是；上网设备：手机；上网用途：聊天、看视频；是否用手机支付：是；是否使用微信：是；是否使用微信朋友圈：是,子女信息：子女总数：3个；健在子女数：3个；第1子女：是否工作/上学：都不；婚姻状况：已婚且配偶同住；过去一年同住月数：0个月；见面频率：每三月；电话/短信/微信联系频率：每两周；第2子女：是否工作/上学：都不；婚姻状况：未婚；过去一年同住月数：6个月；见面频率：每半年；电话/短信/微信联系频率：每两周,工作信息：是否从事农业/家庭农活：有；是否已办理退休：否；是否在工作：是；过去一年总工作天数：180天,"基础信息：性别：女；年龄：47岁；城乡类型：农村
教育信息：教育程度：未读完小学
婚姻信息：婚姻状况：已婚且配偶同住；过去一年与配偶同住月数：12个月；上半年独自居住天数：0天；上半年仅与配偶同住天数：0天
情绪信息：生活满意度：有点满意；对子女满意度：很满意；因小事烦恼（过去一周）：有时/中等（3–4天）；感到抑郁（过去一周）：几乎没有（<1天）；对未来抱有希望（过去一周）：少量（1–2天）；感到孤独（过去一周）：几乎没有（<1天）；感到高兴（过去一周）：有时/中等（3–4天）；睡眠不安（过去一周）：几乎没有（<1天）
健康信息：自评健康状况：差；医生诊断慢性病：未报告上述疾病；身体疼痛程度：相当；上月平均每天实际睡眠小时数：5小时；是否因健康/残疾不能工作：没问题；是否因健康/残疾不能做家事：没问题；多久接受他人帮助：从不
活动信息：高强度体力活动：否；中等强度体力活动：是；中等强度体力活动目的：娱乐；轻度体力活动：是；轻度体力活动目的：锻炼；上月活动：与朋友交往（几乎每天）、打麻将/下棋/打牌/去社区活动室（不规律）、参加运动/社交等俱乐部（几乎每天）
上网信息：是否使用互联网：是；上网设备：手机；上网用途：聊天、看视频；是否用手机支付：是；是否使用微信：是；是否使用微信朋友圈：是
子女信息：子女总数：3个；健在子女数：3个；第1子女：是否工作/上学：都不；婚姻状况：已婚且配偶同住；过去一年同住月数：0个月；见面频率：每三月；电话/短信/微信联系频率：每两周；第2子女：是否工作/上学：都不；婚姻状况：未婚；过去一年同住月数：6个月；见面频率：每半年；电话/短信/微信联系频率：每两周
工作信息：是否从事农业/家庭农活：有；是否已办理退休：否；是否在工作：是；过去一年总工作天数：180天"
218,56059316001,基础信息：性别：女；年龄：71岁；城乡类型：农村,教育信息：教育程度：小学,婚姻信息：婚姻状况：已婚且配偶同住；过去一年与配偶同住月数：12个月；上半年独自居住天数：0天；上半年仅与配偶同住天数：180天；上半年因不与别人同住而受影响程度：0,情绪信息：生活满意度：有点满意；对子女满意度：有点满意；因小事烦恼（过去一周）：少量（1–2天）；感到抑郁（过去一周）：有时/中等（3–4天）；对未来抱有希望（过去一周）：少量（1–2天）；感到孤独（过去一周）：少量（1–2天）；感到高兴（过去一周）：大多数时候（5–7天）；睡眠不安（过去一周）：少量（1–2天）,健康信息：自评健康状况：差；医生诊断慢性病：高血压、心脏病、关节炎或风湿病；身体疼痛程度：相当；上月平均每天实际睡眠小时数：5小时；是否因健康/残疾不能工作：不能长时间工作；是否因健康/残疾不能做家事：不能长时间；多久接受他人帮助：大多时候,活动信息：高强度体力活动：否；中等强度体力活动：是；中等强度体力活动目的：工作需要；轻度体力活动：是；轻度体力活动目的：工作需要；上月活动：以上都没有,上网信息：是否使用互联网：否,子女信息：子女总数：4个；健在子女数：4个；第1子女：是否工作/上学：工作；婚姻状况：已婚暂分居；过去一年同住月数：0个月；见面频率：每年；电话/短信/微信联系频率：每周2–3次；第2子女：是否工作/上学：工作；婚姻状况：已婚且配偶同住；过去一年同住月数：0个月；见面频率：每年；电话/短信/微信联系频率：每周1次,工作信息：是否从事农业/家庭农活：有；是否已办理退休：否；是否在工作：是；过去一年总工作天数：365天,"基础信息：性别：女；年龄：71岁；城乡类型：农村
教育信息：教育程度：小学
婚姻信息：婚姻状况：已婚且配偶同住；过去一年与配偶同住月数：12个月；上半年独自居住天数：0天；上半年仅与配偶同住天数：180天；上半年因不与别人同住而受影响程度：0
情绪信息：生活满意度：有点满意；对子女满意度：有点满意；因小事烦恼（过去一周）：少量（1–2天）；感到抑郁（过去一周）：有时/中等（3–4天）；对未来抱有希望（过去一周）：少量（1–2天）；感到孤独（过去一周）：少量（1–2天）；感到高兴（过去一周）：大多数时候（5–7天）；睡眠不安（过去一周）：少量（1–2天）
健康信息：自评健康状况：差；医生诊断慢性病：高血压、心脏病、关节炎或风湿病；身体疼痛程度：相当；上月平均每天实际睡眠小时数：5小时；是否因健康/残疾不能工作：不能长时间工作；是否因健康/残疾不能做家事：不能长时间；多久接受他人帮助：大多时候
活动信息：高强度体力活动：否；中等强度体力活动：是；中等强度体力活动目的：工作需要；轻度体力活动：是；轻度体力活动目的：工作需要；上月活动：以上都没有
上网信息：是否使用互联网：否
子女信息：子女总数：4个；健在子女数：4个；第1子女：是否工作/上学：工作；婚姻状况：已婚暂分居；过去一年同住月数：0个月；见面频率：每年；电话/短信/微信联系频率：每周2–3次；第2子女：是否工作/上学：工作；婚姻状况：已婚且配偶同住；过去一年同住月数：0个月；见面频率：每年；电话/短信/微信联系频率：每周1次
工作信息：是否从事农业/家庭农活：有；是否已办理退休：否；是否在工作：是；过去一年总工作天数：365天"
219,158278316001,基础信息：性别：男；年龄：54岁；城乡类型：农村,教育信息：教育程度：未读完小学,婚姻信息：婚姻状况：已婚且配偶同住；过去一年与配偶同住月数：12个月；上半年独自居住天数：0天；上半年仅与配偶同住天数：0天,情绪信息：生活满意度：有点满意；对子女满意度：有点满意；因小事烦恼（过去一周）：几乎没有（<1天）；感到抑郁（过去一周）：几乎没有（<1天）；对未来抱有希望（过去一周）：少量（1–2天）；感到孤独（过去一周）：几乎没有（<1天）；感到高兴（过去一周）：少量（1–2天）；睡眠不安（过去一周）：有时/中等（3–4天）,健康信息：自评健康状况：一般；医生诊断慢性病：血脂异常；身体疼痛程度：一点；上月平均每天实际睡眠小时数：4小时；是否因健康/残疾不能工作：不能长时间工作；是否因健康/残疾不能做家事：没问题；多久接受他人帮助：从不,活动信息：高强度体力活动：否；中等强度体力活动：是；中等强度体力活动目的：工作需要；轻度体力活动：否；上月活动：以上都没有,上网信息：是否使用互联网：否,子女信息：子女总数：3个；健在子女数：3个；第1子女：是否工作/上学：都不；婚姻状况：已婚且配偶同住；过去一年同住月数：0个月；见面频率：每两周；电话/短信/微信联系频率：每两周；第2子女：是否工作/上学：工作；婚姻状况：未婚；过去一年同住月数：0个月；见面频率：每两周；电话/短信/微信联系频率：每周1次,工作信息：是否从事农业/家庭农活：有；是否已办理退休：否；是否在工作：是；过去一年总工作天数：120天,"基础信息：性别：男；年龄：54岁；城乡类型：农村
教育信息：教育程度：未读完小学
婚姻信息：婚姻状况：已婚且配偶同住；过去一年与配偶同住月数：12个月；上半年独自居住天数：0天；上半年仅与配偶同住天数：0天
情绪信息：生活满意度：有点满意；对子女满意度：有点满意；因小事烦恼（过去一周）：几乎没有（<1天）；感到抑郁（过去一周）：几乎没有（<1天）；对未来抱有希望（过去一周）：少量（1–2天）；感到孤独（过去一周）：几乎没有（<1天）；感到高兴（过去一周）：少量（1–2天）；睡眠不安（过去一周）：有时/中等（3–4天）
健康信息：自评健康状况：一般；医生诊断慢性病：血脂异常；身体疼痛程度：一点；上月平均每天实际睡眠小时数：4小时；是否因健康/残疾不能工作：不能长时间工作；是否因健康/残疾不能做家事：没问题；多久接受他人帮助：从不
活动信息：高强度体力活动：否；中等强度体力活动：是；中等强度体力活动目的：工作需要；轻度体力活动：否；上月活动：以上都没有
上网信息：是否使用互联网：否
子女信息：子女总数：3个；健在子女数：3个；第1子女：是否工作/上学：都不；婚姻状况：已婚且配偶同住；过去一年同住月数：0个月；见面频率：每两周；电话/短信/微信联系频率：每两周；第2子女：是否工作/上学：工作；婚姻状况：未婚；过去一年同住月数：0个月；见面频率：每两周；电话/短信/微信联系频率：每周1次
工作信息：是否从事农业/家庭农活：有；是否已办理退休：否；是否在工作：是；过去一年总工作天数：120天"
220,324681112001,基础信息：性别：女；年龄：73岁；城乡类型：农村,教育信息：教育程度：小学,婚姻信息：婚姻状况：已婚且配偶同住；过去一年与配偶同住月数：12个月；上半年独自居住天数：0天；上半年仅与配偶同住天数：0天,情绪信息：生活满意度：有点满意；对子女满意度：有点满意；因小事烦恼（过去一周）：几乎没有（<1天）；感到抑郁（过去一周）：几乎没有（<1天）；对未来抱有希望（过去一周）：几乎没有（<1天）；感到孤独（过去一周）：几乎没有（<1天）；感到高兴（过去一周）：少量（1–2天）；睡眠不安（过去一周）：有时/中等（3–4天）,健康信息：自评健康状况：好；医生诊断慢性病：高血压；身体疼痛程度：无；上月平均每天实际睡眠小时数：6小时；是否因健康/残疾不能工作：不能长时间工作；是否因健康/残疾不能做家事：没问题；多久接受他人帮助：从不,活动信息：高强度体力活动：否；中等强度体力活动：否；轻度体力活动：是；轻度体力活动目的：锻炼；上月活动：与朋友交往（不规律）,上网信息：是否使用互联网：否,子女信息：子女总数：4个；健在子女数：4个；第1子女：是否工作/上学：工作；婚姻状况：丧偶；过去一年同住月数：12个月；第2子女：是否工作/上学：工作；婚姻状况：已婚且配偶同住；过去一年同住月数：0个月；见面频率：每月；电话/短信/微信联系频率：每两周,工作信息：是否从事农业/家庭农活：无；是否已办理退休：否；是否在工作：否；过去一年总工作天数：0天；上月是否在找工作：否,"基础信息：性别：女；年龄：73岁；城乡类型：农村
教育信息：教育程度：小学
婚姻信息：婚姻状况：已婚且配偶同住；过去一年与配偶同住月数：12个月；上半年独自居住天数：0天；上半年仅与配偶同住天数：0天
情绪信息：生活满意度：有点满意；对子女满意度：有点满意；因小事烦恼（过去一周）：几乎没有（<1天）；感到抑郁（过去一周）：几乎没有（<1天）；对未来抱有希望（过去一周）：几乎没有（<1天）；感到孤独（过去一周）：几乎没有（<1天）；感到高兴（过去一周）：少量（1–2天）；睡眠不安（过去一周）：有时/中等（3–4天）
健康信息：自评健康状况：好；医生诊断慢性病：高血压；身体疼痛程度：无；上月平均每天实际睡眠小时数：6小时；是否因健康/残疾不能工作：不能长时间工作；是否因健康/残疾不能做家事：没问题；多久接受他人帮助：从不
活动信息：高强度体力活动：否；中等强度体力活动：否；轻度体力活动：是；轻度体力活动目的：锻炼；上月活动：与朋友交往（不规律）
上网信息：是否使用互联网：否
子女信息：子女总数：4个；健在子女数：4个；第1子女：是否工作/上学：工作；婚姻状况：丧偶；过去一年同住月数：12个月；第2子女：是否工作/上学：工作；婚姻状况：已婚且配偶同住；过去一年同住月数：0个月；见面频率：每月；电话/短信/微信联系频率：每两周
工作信息：是否从事农业/家庭农活：无；是否已办理退休：否；是否在工作：否；过去一年总工作天数：0天；上月是否在找工作：否"
221,10451307002,基础信息：性别：男；年龄：80岁；城乡类型：农村,教育信息：教育程度：未受教育,婚姻信息：婚姻状况：已婚且配偶同住；过去一年与配偶同住月数：12个月；上半年独自居住天数：0天；上半年仅与配偶同住天数：180天；上半年因不与别人同住而受影响程度：0,情绪信息：生活满意度：很满意；对子女满意度：很满意；因小事烦恼（过去一周）：几乎没有（<1天）；感到抑郁（过去一周）：几乎没有（<1天）；对未来抱有希望（过去一周）：几乎没有（<1天）；感到孤独（过去一周）：几乎没有（<1天）；感到高兴（过去一周）：大多数时候（5–7天）；睡眠不安（过去一周）：几乎没有（<1天）,健康信息：自评健康状况：差；医生诊断慢性病：未报告上述疾病；身体疼痛程度：无；上月平均每天实际睡眠小时数：8小时；是否因健康/残疾不能工作：没问题；是否因健康/残疾不能做家事：没问题；多久接受他人帮助：从不,活动信息：高强度体力活动：否；中等强度体力活动：否；轻度体力活动：是；轻度体力活动目的：锻炼；上月活动：以上都没有,上网信息：是否使用互联网：否,子女信息：子女总数：5个；健在子女数：5个；第1子女：是否工作/上学：工作；婚姻状况：已婚且配偶同住；过去一年同住月数：0个月；见面频率：每半年；电话/短信/微信联系频率：每三月；第2子女：是否工作/上学：工作；婚姻状况：已婚且配偶同住；过去一年同住月数：6个月；见面频率：每半年；电话/短信/微信联系频率：每月,工作信息：是否从事农业/家庭农活：无；是否已办理退休：否；是否在工作：否；过去一年总工作天数：0天；上月是否在找工作：否,"基础信息：性别：男；年龄：80岁；城乡类型：农村
教育信息：教育程度：未受教育
婚姻信息：婚姻状况：已婚且配偶同住；过去一年与配偶同住月数：12个月；上半年独自居住天数：0天；上半年仅与配偶同住天数：180天；上半年因不与别人同住而受影响程度：0
情绪信息：生活满意度：很满意；对子女满意度：很满意；因小事烦恼（过去一周）：几乎没有（<1天）；感到抑郁（过去一周）：几乎没有（<1天）；对未来抱有希望（过去一周）：几乎没有（<1天）；感到孤独（过去一周）：几乎没有（<1天）；感到高兴（过去一周）：大多数时候（5–7天）；睡眠不安（过去一周）：几乎没有（<1天）
健康信息：自评健康状况：差；医生诊断慢性病：未报告上述疾病；身体疼痛程度：无；上月平均每天实际睡眠小时数：8小时；是否因健康/残疾不能工作：没问题；是否因健康/残疾不能做家事：没问题；多久接受他人帮助：从不
活动信息：高强度体力活动：否；中等强度体力活动：否；轻度体力活动：是；轻度体力活动目的：锻炼；上月活动：以上都没有
上网信息：是否使用互联网：否
子女信息：子女总数：5个；健在子女数：5个；第1子女：是否工作/上学：工作；婚姻状况：已婚且配偶同住；过去一年同住月数：0个月；见面频率：每半年；电话/短信/微信联系频率：每三月；第2子女：是否工作/上学：工作；婚姻状况：已婚且配偶同住；过去一年同住月数：6个月；见面频率：每半年；电话/短信/微信联系频率：每月
工作信息：是否从事农业/家庭农活：无；是否已办理退休：否；是否在工作：否；过去一年总工作天数：0天；上月是否在找工作：否"
222,111154234001,基础信息：性别：女；年龄：50岁；城乡类型：农村,教育信息：教育程度：未受教育,婚姻信息：婚姻状况：已婚且配偶同住；过去一年与配偶同住月数：9个月；上半年独自居住天数：0天；上半年仅与配偶同住天数：60天；上半年因不与别人同住而受影响程度：0,情绪信息：生活满意度：不太满意；对子女满意度：很满意；因小事烦恼（过去一周）：几乎没有（<1天）；感到抑郁（过去一周）：几乎没有（<1天）；对未来抱有希望（过去一周）：少量（1–2天）；感到孤独（过去一周）：几乎没有（<1天）；感到高兴（过去一周）：少量（1–2天）；睡眠不安（过去一周）：几乎没有（<1天）,健康信息：自评健康状况：一般；医生诊断慢性病：未报告上述疾病；身体疼痛程度：无；上月平均每天实际睡眠小时数：7小时；是否因健康/残疾不能工作：没问题；是否因健康/残疾不能做家事：没问题；多久接受他人帮助：从不,活动信息：高强度体力活动：是；高强度体力活动目的：工作需要；中等强度体力活动：否；轻度体力活动：否；上月活动：以上都没有,上网信息：是否使用互联网：否,子女信息：子女总数：2个；健在子女数：2个；第1子女：是否工作/上学：工作；婚姻状况：未婚；过去一年同住月数：3个月；见面频率：每月；电话/短信/微信联系频率：每周1次；第2子女：是否工作/上学：上学；婚姻状况：未婚；过去一年同住月数：3个月；见面频率：每月；电话/短信/微信联系频率：几乎不见/不联系,工作信息：是否从事农业/家庭农活：无；是否已办理退休：否；是否在工作：是；过去一年总工作天数：90天,"基础信息：性别：女；年龄：50岁；城乡类型：农村
教育信息：教育程度：未受教育
婚姻信息：婚姻状况：已婚且配偶同住；过去一年与配偶同住月数：9个月；上半年独自居住天数：0天；上半年仅与配偶同住天数：60天；上半年因不与别人同住而受影响程度：0
情绪信息：生活满意度：不太满意；对子女满意度：很满意；因小事烦恼（过去一周）：几乎没有（<1天）；感到抑郁（过去一周）：几乎没有（<1天）；对未来抱有希望（过去一周）：少量（1–2天）；感到孤独（过去一周）：几乎没有（<1天）；感到高兴（过去一周）：少量（1–2天）；睡眠不安（过去一周）：几乎没有（<1天）
健康信息：自评健康状况：一般；医生诊断慢性病：未报告上述疾病；身体疼痛程度：无；上月平均每天实际睡眠小时数：7小时；是否因健康/残疾不能工作：没问题；是否因健康/残疾不能做家事：没问题；多久接受他人帮助：从不
活动信息：高强度体力活动：是；高强度体力活动目的：工作需要；中等强度体力活动：否；轻度体力活动：否；上月活动：以上都没有
上网信息：是否使用互联网：否
子女信息：子女总数：2个；健在子女数：2个；第1子女：是否工作/上学：工作；婚姻状况：未婚；过去一年同住月数：3个月；见面频率：每月；电话/短信/微信联系频率：每周1次；第2子女：是否工作/上学：上学；婚姻状况：未婚；过去一年同住月数：3个月；见面频率：每月；电话/短信/微信联系频率：几乎不见/不联系
工作信息：是否从事农业/家庭农活：无；是否已办理退休：否；是否在工作：是；过去一年总工作天数：90天"
223,122490332001,基础信息：性别：女；年龄：55岁；现居住地地址类型：家庭住房；城乡类型：城/镇中心,教育信息：教育程度：初中,婚姻信息：婚姻状况：已婚暂分居；过去一年与配偶同住月数：7个月；上半年独自居住天数：150天；上半年仅与配偶同住天数：30天；上半年因不与别人同住而受影响程度：0,情绪信息：生活满意度：有点满意；对子女满意度：有点满意；因小事烦恼（过去一周）：几乎没有（<1天）；感到抑郁（过去一周）：有时/中等（3–4天）；对未来抱有希望（过去一周）：有时/中等（3–4天）；感到孤独（过去一周）：有时/中等（3–4天）；感到高兴（过去一周）：有时/中等（3–4天）；睡眠不安（过去一周）：几乎没有（<1天）,健康信息：自评健康状况：很好；医生诊断慢性病：未报告上述疾病；身体疼痛程度：一点；上月平均每天实际睡眠小时数：8小时；是否因健康/残疾不能工作：没问题；是否因健康/残疾不能做家事：没问题；多久接受他人帮助：从不,活动信息：高强度体力活动：是；高强度体力活动目的：工作需要；中等强度体力活动：否；轻度体力活动：是；轻度体力活动目的：工作需要；上月活动：以上都没有,上网信息：是否使用互联网：否,子女信息：子女总数：1个；健在子女数：1个；第1子女：是否工作/上学：工作；婚姻状况：未婚；过去一年同住月数：6个月；见面频率：每半年；电话/短信/微信联系频率：每周1次,工作信息：是否从事农业/家庭农活：无；是否已办理退休：否；是否在工作：是；过去一年总工作天数：300天,"基础信息：性别：女；年龄：55岁；现居住地地址类型：家庭住房；城乡类型：城/镇中心
教育信息：教育程度：初中
婚姻信息：婚姻状况：已婚暂分居；过去一年与配偶同住月数：7个月；上半年独自居住天数：150天；上半年仅与配偶同住天数：30天；上半年因不与别人同住而受影响程度：0
情绪信息：生活满意度：有点满意；对子女满意度：有点满意；因小事烦恼（过去一周）：几乎没有（<1天）；感到抑郁（过去一周）：有时/中等（3–4天）；对未来抱有希望（过去一周）：有时/中等（3–4天）；感到孤独（过去一周）：有时/中等（3–4天）；感到高兴（过去一周）：有时/中等（3–4天）；睡眠不安（过去一周）：几乎没有（<1天）
健康信息：自评健康状况：很好；医生诊断慢性病：未报告上述疾病；身体疼痛程度：一点；上月平均每天实际睡眠小时数：8小时；是否因健康/残疾不能工作：没问题；是否因健康/残疾不能做家事：没问题；多久接受他人帮助：从不
活动信息：高强度体力活动：是；高强度体力活动目的：工作需要；中等强度体力活动：否；轻度体力活动：是；轻度体力活动目的：工作需要；上月活动：以上都没有
上网信息：是否使用互联网：否
子女信息：子女总数：1个；健在子女数：1个；第1子女：是否工作/上学：工作；婚姻状况：未婚；过去一年同住月数：6个月；见面频率：每半年；电话/短信/微信联系频率：每周1次
工作信息：是否从事农业/家庭农活：无；是否已办理退休：否；是否在工作：是；过去一年总工作天数：300天"
224,262728314002,基础信息：性别：女；年龄：69岁；城乡类型：农村,教育信息：教育程度：未读完小学,婚姻信息：婚姻状况：已婚且配偶同住；过去一年与配偶同住月数：12个月；上半年独自居住天数：0天；上半年仅与配偶同住天数：100天；上半年因不与别人同住而受影响程度：0,情绪信息：生活满意度：有点满意；对子女满意度：有点满意；因小事烦恼（过去一周）：有时/中等（3–4天）；感到抑郁（过去一周）：有时/中等（3–4天）；对未来抱有希望（过去一周）：少量（1–2天）；感到孤独（过去一周）：几乎没有（<1天）；感到高兴（过去一周）：少量（1–2天）；睡眠不安（过去一周）：几乎没有（<1天）,健康信息：自评健康状况：很差；医生诊断慢性病：未报告上述疾病；身体疼痛程度：非常；上月平均每天实际睡眠小时数：8小时；是否因健康/残疾不能工作：不能长时间工作；是否因健康/残疾不能做家事：没问题；多久接受他人帮助：从不,活动信息：高强度体力活动：否；中等强度体力活动：是；中等强度体力活动目的：工作需要；轻度体力活动：是；轻度体力活动目的：锻炼；上月活动：以上都没有,上网信息：是否使用互联网：否,子女信息：子女总数：3个；健在子女数：3个；第1子女：是否工作/上学：工作；婚姻状况：已婚且配偶同住；过去一年同住月数：0个月；见面频率：每年；电话/短信/微信联系频率：每两周；第2子女：是否工作/上学：工作；婚姻状况：已婚且配偶同住；过去一年同住月数：0个月；见面频率：几乎每天,工作信息：是否从事农业/家庭农活：无；是否已办理退休：否；是否在工作：否；过去一年总工作天数：7天；上月是否在找工作：否,"基础信息：性别：女；年龄：69岁；城乡类型：农村
教育信息：教育程度：未读完小学
婚姻信息：婚姻状况：已婚且配偶同住；过去一年与配偶同住月数：12个月；上半年独自居住天数：0天；上半年仅与配偶同住天数：100天；上半年因不与别人同住而受影响程度：0
情绪信息：生活满意度：有点满意；对子女满意度：有点满意；因小事烦恼（过去一周）：有时/中等（3–4天）；感到抑郁（过去一周）：有时/中等（3–4天）；对未来抱有希望（过去一周）：少量（1–2天）；感到孤独（过去一周）：几乎没有（<1天）；感到高兴（过去一周）：少量（1–2天）；睡眠不安（过去一周）：几乎没有（<1天）
健康信息：自评健康状况：很差；医生诊断慢性病：未报告上述疾病；身体疼痛程度：非常；上月平均每天实际睡眠小时数：8小时；是否因健康/残疾不能工作：不能长时间工作；是否因健康/残疾不能做家事：没问题；多久接受他人帮助：从不
活动信息：高强度体力活动：否；中等强度体力活动：是；中等强度体力活动目的：工作需要；轻度体力活动：是；轻度体力活动目的：锻炼；上月活动：以上都没有
上网信息：是否使用互联网：否
子女信息：子女总数：3个；健在子女数：3个；第1子女：是否工作/上学：工作；婚姻状况：已婚且配偶同住；过去一年同住月数：0个月；见面频率：每年；电话/短信/微信联系频率：每两周；第2子女：是否工作/上学：工作；婚姻状况：已婚且配偶同住；过去一年同住月数：0个月；见面频率：几乎每天
工作信息：是否从事农业/家庭农活：无；是否已办理退休：否；是否在工作：否；过去一年总工作天数：7天；上月是否在找工作：否"
225,57457105001,基础信息：性别：女；年龄：63岁；城乡类型：农村,教育信息：教育程度：未读完小学,婚姻信息：婚姻状况：已婚且配偶同住；过去一年与配偶同住月数：12个月；上半年独自居住天数：0天；上半年仅与配偶同住天数：180天；上半年因不与别人同住而受影响程度：0,情绪信息：生活满意度：有点满意；对子女满意度：很满意；因小事烦恼（过去一周）：几乎没有（<1天）；感到抑郁（过去一周）：几乎没有（<1天）；对未来抱有希望（过去一周）：几乎没有（<1天）；感到孤独（过去一周）：几乎没有（<1天）；感到高兴（过去一周）：有时/中等（3–4天）；睡眠不安（过去一周）：几乎没有（<1天）,健康信息：自评健康状况：一般；医生诊断慢性病：血脂异常；身体疼痛程度：无；上月平均每天实际睡眠小时数：3小时；是否因健康/残疾不能工作：没问题；是否因健康/残疾不能做家事：没问题；多久接受他人帮助：从不,活动信息：高强度体力活动：是；高强度体力活动目的：工作需要；中等强度体力活动：是；中等强度体力活动目的：工作需要；轻度体力活动：是；轻度体力活动目的：工作需要；上月活动：以上都没有,上网信息：是否使用互联网：否,子女信息：子女总数：2个；健在子女数：2个；第1子女：是否工作/上学：工作；婚姻状况：离婚；过去一年同住月数：0个月；见面频率：每年；电话/短信/微信联系频率：每周1次；第2子女：是否工作/上学：工作；婚姻状况：已婚且配偶同住；过去一年同住月数：0个月；见面频率：每周2–3次,工作信息：是否从事农业/家庭农活：有；是否已办理退休：否；是否在工作：是；过去一年总工作天数：72天,"基础信息：性别：女；年龄：63岁；城乡类型：农村
教育信息：教育程度：未读完小学
婚姻信息：婚姻状况：已婚且配偶同住；过去一年与配偶同住月数：12个月；上半年独自居住天数：0天；上半年仅与配偶同住天数：180天；上半年因不与别人同住而受影响程度：0
情绪信息：生活满意度：有点满意；对子女满意度：很满意；因小事烦恼（过去一周）：几乎没有（<1天）；感到抑郁（过去一周）：几乎没有（<1天）；对未来抱有希望（过去一周）：几乎没有（<1天）；感到孤独（过去一周）：几乎没有（<1天）；感到高兴（过去一周）：有时/中等（3–4天）；睡眠不安（过去一周）：几乎没有（<1天）
健康信息：自评健康状况：一般；医生诊断慢性病：血脂异常；身体疼痛程度：无；上月平均每天实际睡眠小时数：3小时；是否因健康/残疾不能工作：没问题；是否因健康/残疾不能做家事：没问题；多久接受他人帮助：从不
活动信息：高强度体力活动：是；高强度体力活动目的：工作需要；中等强度体力活动：是；中等强度体力活动目的：工作需要；轻度体力活动：是；轻度体力活动目的：工作需要；上月活动：以上都没有
上网信息：是否使用互联网：否
子女信息：子女总数：2个；健在子女数：2个；第1子女：是否工作/上学：工作；婚姻状况：离婚；过去一年同住月数：0个月；见面频率：每年；电话/短信/微信联系频率：每周1次；第2子女：是否工作/上学：工作；婚姻状况：已婚且配偶同住；过去一年同住月数：0个月；见面频率：每周2–3次
工作信息：是否从事农业/家庭农活：有；是否已办理退休：否；是否在工作：是；过去一年总工作天数：72天"
226,184037118001,基础信息：性别：女；年龄：69岁；城乡类型：城/镇中心,教育信息：教育程度：小学,婚姻信息：婚姻状况：已婚且配偶同住；过去一年与配偶同住月数：12个月；上半年独自居住天数：0天；上半年仅与配偶同住天数：180天；上半年因不与别人同住而受影响程度：0,情绪信息：生活满意度：有点满意；对子女满意度：有点满意；因小事烦恼（过去一周）：几乎没有（<1天）；感到抑郁（过去一周）：几乎没有（<1天）；对未来抱有希望（过去一周）：大多数时候（5–7天）；感到孤独（过去一周）：几乎没有（<1天）；感到高兴（过去一周）：大多数时候（5–7天）；睡眠不安（过去一周）：几乎没有（<1天）,健康信息：自评健康状况：差；医生诊断慢性病：未报告上述疾病；身体疼痛程度：有些；上月平均每天实际睡眠小时数：5小时；是否因健康/残疾不能工作：完全不能工作；多久接受他人帮助：从不,活动信息：高强度体力活动：否；中等强度体力活动：否；轻度体力活动：是；轻度体力活动目的：娱乐；上月活动：以上都没有,上网信息：是否使用互联网：否,子女信息：子女总数：2个；健在子女数：2个；第1子女：是否工作/上学：工作；婚姻状况：已婚且配偶同住；过去一年同住月数：12个月；第2子女：是否工作/上学：工作；婚姻状况：已婚且配偶同住；过去一年同住月数：0个月；见面频率：几乎每天,工作信息：是否从事农业/家庭农活：无；是否在工作：否；过去一年总工作天数：0天；上月是否在找工作：否,"基础信息：性别：女；年龄：69岁；城乡类型：城/镇中心
教育信息：教育程度：小学
婚姻信息：婚姻状况：已婚且配偶同住；过去一年与配偶同住月数：12个月；上半年独自居住天数：0天；上半年仅与配偶同住天数：180天；上半年因不与别人同住而受影响程度：0
情绪信息：生活满意度：有点满意；对子女满意度：有点满意；因小事烦恼（过去一周）：几乎没有（<1天）；感到抑郁（过去一周）：几乎没有（<1天）；对未来抱有希望（过去一周）：大多数时候（5–7天）；感到孤独（过去一周）：几乎没有（<1天）；感到高兴（过去一周）：大多数时候（5–7天）；睡眠不安（过去一周）：几乎没有（<1天）
健康信息：自评健康状况：差；医生诊断慢性病：未报告上述疾病；身体疼痛程度：有些；上月平均每天实际睡眠小时数：5小时；是否因健康/残疾不能工作：完全不能工作；多久接受他人帮助：从不
活动信息：高强度体力活动：否；中等强度体力活动：否；轻度体力活动：是；轻度体力活动目的：娱乐；上月活动：以上都没有
上网信息：是否使用互联网：否
子女信息：子女总数：2个；健在子女数：2个；第1子女：是否工作/上学：工作；婚姻状况：已婚且配偶同住；过去一年同住月数：12个月；第2子女：是否工作/上学：工作；婚姻状况：已婚且配偶同住；过去一年同住月数：0个月；见面频率：几乎每天
工作信息：是否从事农业/家庭农活：无；是否在工作：否；过去一年总工作天数：0天；上月是否在找工作：否"
227,294099321001,基础信息：性别：男；年龄：70岁；城乡类型：农村,教育信息：教育程度：未读完小学,婚姻信息：婚姻状况：已婚且配偶同住；过去一年与配偶同住月数：11个月；上半年独自居住天数：0天；上半年仅与配偶同住天数：180天；上半年因不与别人同住而受影响程度：0,情绪信息：生活满意度：有点满意；对子女满意度：很满意；因小事烦恼（过去一周）：少量（1–2天）；感到抑郁（过去一周）：几乎没有（<1天）；对未来抱有希望（过去一周）：大多数时候（5–7天）；感到孤独（过去一周）：几乎没有（<1天）；感到高兴（过去一周）：大多数时候（5–7天）；睡眠不安（过去一周）：几乎没有（<1天）,健康信息：自评健康状况：很好；医生诊断慢性病：记忆相关疾病；身体疼痛程度：无；上月平均每天实际睡眠小时数：7小时；是否因健康/残疾不能工作：没问题；是否因健康/残疾不能做家事：没问题；多久接受他人帮助：从不,活动信息：高强度体力活动：否；中等强度体力活动：否；轻度体力活动：否；上月活动：与朋友交往（不规律）,上网信息：是否使用互联网：否,子女信息：子女总数：4个；健在子女数：4个；第1子女：是否工作/上学：工作；婚姻状况：已婚且配偶同住；过去一年同住月数：0个月；见面频率：每三月；电话/短信/微信联系频率：每两周；第2子女：是否工作/上学：工作；婚姻状况：已婚且配偶同住；过去一年同住月数：0个月；见面频率：每月；电话/短信/微信联系频率：每月,工作信息：是否从事农业/家庭农活：有；是否已办理退休：否；是否在工作：是；过去一年总工作天数：275天,"基础信息：性别：男；年龄：70岁；城乡类型：农村
教育信息：教育程度：未读完小学
婚姻信息：婚姻状况：已婚且配偶同住；过去一年与配偶同住月数：11个月；上半年独自居住天数：0天；上半年仅与配偶同住天数：180天；上半年因不与别人同住而受影响程度：0
情绪信息：生活满意度：有点满意；对子女满意度：很满意；因小事烦恼（过去一周）：少量（1–2天）；感到抑郁（过去一周）：几乎没有（<1天）；对未来抱有希望（过去一周）：大多数时候（5–7天）；感到孤独（过去一周）：几乎没有（<1天）；感到高兴（过去一周）：大多数时候（5–7天）；睡眠不安（过去一周）：几乎没有（<1天）
健康信息：自评健康状况：很好；医生诊断慢性病：记忆相关疾病；身体疼痛程度：无；上月平均每天实际睡眠小时数：7小时；是否因健康/残疾不能工作：没问题；是否因健康/残疾不能做家事：没问题；多久接受他人帮助：从不
活动信息：高强度体力活动：否；中等强度体力活动：否；轻度体力活动：否；上月活动：与朋友交往（不规律）
上网信息：是否使用互联网：否
子女信息：子女总数：4个；健在子女数：4个；第1子女：是否工作/上学：工作；婚姻状况：已婚且配偶同住；过去一年同住月数：0个月；见面频率：每三月；电话/短信/微信联系频率：每两周；第2子女：是否工作/上学：工作；婚姻状况：已婚且配偶同住；过去一年同住月数：0个月；见面频率：每月；电话/短信/微信联系频率：每月
工作信息：是否从事农业/家庭农活：有；是否已办理退休：否；是否在工作：是；过去一年总工作天数：275天"
228,265359305001,基础信息：性别：女；年龄：65岁；城乡类型：农村,教育信息：教育程度：未受教育,婚姻信息：婚姻状况：丧偶；是否有人以配偶身份同住：是；过去一年与配偶同住月数：0个月；上半年独自居住天数：180天；上半年仅与配偶同住天数：0天；上半年因不与别人同住而受影响程度：0,情绪信息：生活满意度：有点满意；对子女满意度：有点满意；因小事烦恼（过去一周）：大多数时候（5–7天）；感到抑郁（过去一周）：大多数时候（5–7天）；对未来抱有希望（过去一周）：大多数时候（5–7天）；感到孤独（过去一周）：几乎没有（<1天）；感到高兴（过去一周）：大多数时候（5–7天）；睡眠不安（过去一周）：大多数时候（5–7天）,健康信息：自评健康状况：一般；医生诊断慢性病：未报告上述疾病；身体疼痛程度：一点；上月平均每天实际睡眠小时数：3小时；是否因健康/残疾不能工作：没问题；是否因健康/残疾不能做家事：不能长时间；多久接受他人帮助：从不,活动信息：高强度体力活动：是；高强度体力活动目的：工作需要；中等强度体力活动：是；中等强度体力活动目的：工作需要；轻度体力活动：是；轻度体力活动目的：工作需要；上月活动：与朋友交往（不规律）、帮助不住一起的家人朋友邻居（不规律）,上网信息：是否使用互联网：否,子女信息：子女总数：3个；健在子女数：3个；第1子女：是否工作/上学：工作；婚姻状况：已婚且配偶同住；过去一年同住月数：0个月；见面频率：每周2–3次；第2子女：是否工作/上学：工作；婚姻状况：已婚且配偶同住；过去一年同住月数：0个月；见面频率：几乎不见/不联系；电话/短信/微信联系频率：几乎不见/不联系,工作信息：是否从事农业/家庭农活：有；是否已办理退休：否；是否在工作：是；过去一年总工作天数：30天,"基础信息：性别：女；年龄：65岁；城乡类型：农村
教育信息：教育程度：未受教育
婚姻信息：婚姻状况：丧偶；是否有人以配偶身份同住：是；过去一年与配偶同住月数：0个月；上半年独自居住天数：180天；上半年仅与配偶同住天数：0天；上半年因不与别人同住而受影响程度：0
情绪信息：生活满意度：有点满意；对子女满意度：有点满意；因小事烦恼（过去一周）：大多数时候（5–7天）；感到抑郁（过去一周）：大多数时候（5–7天）；对未来抱有希望（过去一周）：大多数时候（5–7天）；感到孤独（过去一周）：几乎没有（<1天）；感到高兴（过去一周）：大多数时候（5–7天）；睡眠不安（过去一周）：大多数时候（5–7天）
健康信息：自评健康状况：一般；医生诊断慢性病：未报告上述疾病；身体疼痛程度：一点；上月平均每天实际睡眠小时数：3小时；是否因健康/残疾不能工作：没问题；是否因健康/残疾不能做家事：不能长时间；多久接受他人帮助：从不
活动信息：高强度体力活动：是；高强度体力活动目的：工作需要；中等强度体力活动：是；中等强度体力活动目的：工作需要；轻度体力活动：是；轻度体力活动目的：工作需要；上月活动：与朋友交往（不规律）、帮助不住一起的家人朋友邻居（不规律）
上网信息：是否使用互联网：否
子女信息：子女总数：3个；健在子女数：3个；第1子女：是否工作/上学：工作；婚姻状况：已婚且配偶同住；过去一年同住月数：0个月；见面频率：每周2–3次；第2子女：是否工作/上学：工作；婚姻状况：已婚且配偶同住；过去一年同住月数：0个月；见面频率：几乎不见/不联系；电话/短信/微信联系频率：几乎不见/不联系
工作信息：是否从事农业/家庭农活：有；是否已办理退休：否；是否在工作：是；过去一年总工作天数：30天"
229,162431203001,基础信息：性别：男；年龄：80岁；城乡类型：农村,教育信息：教育程度：小学,婚姻信息：婚姻状况：丧偶；是否有人以配偶身份同住：否；上半年独自居住天数：180天；上半年因不与别人同住而受影响程度：0,情绪信息：生活满意度：有点满意；对子女满意度：很满意；因小事烦恼（过去一周）：几乎没有（<1天）；感到抑郁（过去一周）：几乎没有（<1天）；对未来抱有希望（过去一周）：几乎没有（<1天）；感到孤独（过去一周）：大多数时候（5–7天）；感到高兴（过去一周）：大多数时候（5–7天）；睡眠不安（过去一周）：大多数时候（5–7天）,健康信息：自评健康状况：差；医生诊断慢性病：高血压、慢性肺部疾病、白内障或其他视力问题；身体疼痛程度：有些；上月平均每天实际睡眠小时数：5小时；是否因健康/残疾不能工作：完全不能工作；多久接受他人帮助：从不,活动信息：高强度体力活动：否；中等强度体力活动：否；轻度体力活动：否；上月活动：以上都没有,上网信息：是否使用互联网：否,子女信息：子女总数：5个；健在子女数：5个；第1子女：是否工作/上学：都不；婚姻状况：已婚且配偶同住；过去一年同住月数：0个月；见面频率：几乎每天；第2子女：是否工作/上学：工作；婚姻状况：已婚且配偶同住；过去一年同住月数：0个月；见面频率：每两周；电话/短信/微信联系频率：几乎不见/不联系,工作信息：是否从事农业/家庭农活：无；是否已办理退休：否；是否在工作：否；过去一年总工作天数：0天；上月是否在找工作：否,"基础信息：性别：男；年龄：80岁；城乡类型：农村
教育信息：教育程度：小学
婚姻信息：婚姻状况：丧偶；是否有人以配偶身份同住：否；上半年独自居住天数：180天；上半年因不与别人同住而受影响程度：0
情绪信息：生活满意度：有点满意；对子女满意度：很满意；因小事烦恼（过去一周）：几乎没有（<1天）；感到抑郁（过去一周）：几乎没有（<1天）；对未来抱有希望（过去一周）：几乎没有（<1天）；感到孤独（过去一周）：大多数时候（5–7天）；感到高兴（过去一周）：大多数时候（5–7天）；睡眠不安（过去一周）：大多数时候（5–7天）
健康信息：自评健康状况：差；医生诊断慢性病：高血压、慢性肺部疾病、白内障或其他视力问题；身体疼痛程度：有些；上月平均每天实际睡眠小时数：5小时；是否因健康/残疾不能工作：完全不能工作；多久接受他人帮助：从不
活动信息：高强度体力活动：否；中等强度体力活动：否；轻度体力活动：否；上月活动：以上都没有
上网信息：是否使用互联网：否
子女信息：子女总数：5个；健在子女数：5个；第1子女：是否工作/上学：都不；婚姻状况：已婚且配偶同住；过去一年同住月数：0个月；见面频率：几乎每天；第2子女：是否工作/上学：工作；婚姻状况：已婚且配偶同住；过去一年同住月数：0个月；见面频率：每两周；电话/短信/微信联系频率：几乎不见/不联系
工作信息：是否从事农业/家庭农活：无；是否已办理退休：否；是否在工作：否；过去一年总工作天数：0天；上月是否在找工作：否"
230,10104310001,基础信息：性别：女；年龄：67岁；城乡类型：农村,教育信息：教育程度：未受教育,婚姻信息：婚姻状况：丧偶；是否有人以配偶身份同住：否；上半年独自居住天数：0天,情绪信息：生活满意度：有点满意；对子女满意度：很满意；因小事烦恼（过去一周）：有时/中等（3–4天）；感到抑郁（过去一周）：有时/中等（3–4天）；对未来抱有希望（过去一周）：几乎没有（<1天）；感到孤独（过去一周）：大多数时候（5–7天）；感到高兴（过去一周）：几乎没有（<1天）；睡眠不安（过去一周）：大多数时候（5–7天）,健康信息：自评健康状况：很差；医生诊断慢性病：肝脏疾病、中风、肾脏疾病；身体疼痛程度：非常；上月平均每天实际睡眠小时数：3小时；是否因健康/残疾不能工作：不能长时间工作；是否因健康/残疾不能做家事：不能长时间；多久接受他人帮助：从不,活动信息：高强度体力活动：否；中等强度体力活动：是；中等强度体力活动目的：锻炼；轻度体力活动：是；轻度体力活动目的：锻炼；上月活动：以上都没有,上网信息：是否使用互联网：否,子女信息：子女总数：3个；健在子女数：3个；第1子女：是否工作/上学：工作；婚姻状况：已婚且配偶同住；过去一年同住月数：2个月；见面频率：每月；电话/短信/微信联系频率：每周2–3次；第2子女：是否工作/上学：工作；婚姻状况：已婚且配偶同住；过去一年同住月数：8个月；见面频率：每年；电话/短信/微信联系频率：每周1次,工作信息：是否从事农业/家庭农活：有；是否已办理退休：否；是否在工作：是；过去一年总工作天数：240天,"基础信息：性别：女；年龄：67岁；城乡类型：农村
教育信息：教育程度：未受教育
婚姻信息：婚姻状况：丧偶；是否有人以配偶身份同住：否；上半年独自居住天数：0天
情绪信息：生活满意度：有点满意；对子女满意度：很满意；因小事烦恼（过去一周）：有时/中等（3–4天）；感到抑郁（过去一周）：有时/中等（3–4天）；对未来抱有希望（过去一周）：几乎没有（<1天）；感到孤独（过去一周）：大多数时候（5–7天）；感到高兴（过去一周）：几乎没有（<1天）；睡眠不安（过去一周）：大多数时候（5–7天）
健康信息：自评健康状况：很差；医生诊断慢性病：肝脏疾病、中风、肾脏疾病；身体疼痛程度：非常；上月平均每天实际睡眠小时数：3小时；是否因健康/残疾不能工作：不能长时间工作；是否因健康/残疾不能做家事：不能长时间；多久接受他人帮助：从不
活动信息：高强度体力活动：否；中等强度体力活动：是；中等强度体力活动目的：锻炼；轻度体力活动：是；轻度体力活动目的：锻炼；上月活动：以上都没有
上网信息：是否使用互联网：否
子女信息：子女总数：3个；健在子女数：3个；第1子女：是否工作/上学：工作；婚姻状况：已婚且配偶同住；过去一年同住月数：2个月；见面频率：每月；电话/短信/微信联系频率：每周2–3次；第2子女：是否工作/上学：工作；婚姻状况：已婚且配偶同住；过去一年同住月数：8个月；见面频率：每年；电话/短信/微信联系频率：每周1次
工作信息：是否从事农业/家庭农活：有；是否已办理退休：否；是否在工作：是；过去一年总工作天数：240天"
231,271806309001,基础信息：性别：男；年龄：75岁；城乡类型：农村,教育信息：教育程度：小学,婚姻信息：婚姻状况：已婚且配偶同住；过去一年与配偶同住月数：12个月；上半年独自居住天数：0天；上半年仅与配偶同住天数：180天；上半年因不与别人同住而受影响程度：0,情绪信息：生活满意度：有点满意；对子女满意度：有点满意；因小事烦恼（过去一周）：少量（1–2天）；感到抑郁（过去一周）：少量（1–2天）；对未来抱有希望（过去一周）：少量（1–2天）；感到孤独（过去一周）：少量（1–2天）；感到高兴（过去一周）：少量（1–2天）；睡眠不安（过去一周）：有时/中等（3–4天）,健康信息：自评健康状况：差；医生诊断慢性病：未报告上述疾病；身体疼痛程度：有些；上月平均每天实际睡眠小时数：3小时；是否因健康/残疾不能工作：完全不能工作；多久接受他人帮助：偶尔,活动信息：高强度体力活动：否；中等强度体力活动：否；轻度体力活动：是；轻度体力活动目的：锻炼；上月活动：参加运动/社交等俱乐部（几乎每天）,上网信息：是否使用互联网：否,子女信息：子女总数：3个；健在子女数：3个；第1子女：是否工作/上学：工作；婚姻状况：已婚且配偶同住；过去一年同住月数：0个月；见面频率：每半年；电话/短信/微信联系频率：几乎不见/不联系；第2子女：是否工作/上学：都不；婚姻状况：已婚且配偶同住；过去一年同住月数：8个月；见面频率：每两周；电话/短信/微信联系频率：每两周,工作信息：是否从事农业/家庭农活：无；是否在工作：否；过去一年总工作天数：0天；上月是否在找工作：否,"基础信息：性别：男；年龄：75岁；城乡类型：农村
教育信息：教育程度：小学
婚姻信息：婚姻状况：已婚且配偶同住；过去一年与配偶同住月数：12个月；上半年独自居住天数：0天；上半年仅与配偶同住天数：180天；上半年因不与别人同住而受影响程度：0
情绪信息：生活满意度：有点满意；对子女满意度：有点满意；因小事烦恼（过去一周）：少量（1–2天）；感到抑郁（过去一周）：少量（1–2天）；对未来抱有希望（过去一周）：少量（1–2天）；感到孤独（过去一周）：少量（1–2天）；感到高兴（过去一周）：少量（1–2天）；睡眠不安（过去一周）：有时/中等（3–4天）
健康信息：自评健康状况：差；医生诊断慢性病：未报告上述疾病；身体疼痛程度：有些；上月平均每天实际睡眠小时数：3小时；是否因健康/残疾不能工作：完全不能工作；多久接受他人帮助：偶尔
活动信息：高强度体力活动：否；中等强度体力活动：否；轻度体力活动：是；轻度体力活动目的：锻炼；上月活动：参加运动/社交等俱乐部（几乎每天）
上网信息：是否使用互联网：否
子女信息：子女总数：3个；健在子女数：3个；第1子女：是否工作/上学：工作；婚姻状况：已婚且配偶同住；过去一年同住月数：0个月；见面频率：每半年；电话/短信/微信联系频率：几乎不见/不联系；第2子女：是否工作/上学：都不；婚姻状况：已婚且配偶同住；过去一年同住月数：8个月；见面频率：每两周；电话/短信/微信联系频率：每两周
工作信息：是否从事农业/家庭农活：无；是否在工作：否；过去一年总工作天数：0天；上月是否在找工作：否"
232,154676127001,基础信息：性别：男；年龄：57岁；城乡类型：城乡结合部/镇乡,教育信息：教育程度：未读完小学,婚姻信息：婚姻状况：已婚且配偶同住；过去一年与配偶同住月数：12个月；上半年独自居住天数：0天；上半年仅与配偶同住天数：120天；上半年因不与别人同住而受影响程度：0,情绪信息：生活满意度：很满意；对子女满意度：很满意；因小事烦恼（过去一周）：有时/中等（3–4天）；感到抑郁（过去一周）：少量（1–2天）；对未来抱有希望（过去一周）：大多数时候（5–7天）；感到孤独（过去一周）：几乎没有（<1天）；感到高兴（过去一周）：大多数时候（5–7天）；睡眠不安（过去一周）：几乎没有（<1天）,健康信息：自评健康状况：好；医生诊断慢性病：未报告上述疾病；身体疼痛程度：无；上月平均每天实际睡眠小时数：6小时；是否因健康/残疾不能工作：没问题；是否因健康/残疾不能做家事：没问题；多久接受他人帮助：从不,活动信息：高强度体力活动：否；中等强度体力活动：否；轻度体力活动：否；上月活动：以上都没有,上网信息：是否使用互联网：是；上网设备：手机；上网用途：看视频；是否用手机支付：是；是否使用微信：是；是否使用微信朋友圈：否,子女信息：子女总数：4个；健在子女数：4个；第1子女：是否工作/上学：工作；婚姻状况：未婚；过去一年同住月数：2个月；见面频率：每三月；电话/短信/微信联系频率：每两周；第2子女：是否工作/上学：工作；婚姻状况：已婚且配偶同住；过去一年同住月数：2个月；见面频率：每年；电话/短信/微信联系频率：每两周,工作信息：是否从事农业/家庭农活：无；是否已办理退休：否；是否在工作：是；过去一年总工作天数：365天,"基础信息：性别：男；年龄：57岁；城乡类型：城乡结合部/镇乡
教育信息：教育程度：未读完小学
婚姻信息：婚姻状况：已婚且配偶同住；过去一年与配偶同住月数：12个月；上半年独自居住天数：0天；上半年仅与配偶同住天数：120天；上半年因不与别人同住而受影响程度：0
情绪信息：生活满意度：很满意；对子女满意度：很满意；因小事烦恼（过去一周）：有时/中等（3–4天）；感到抑郁（过去一周）：少量（1–2天）；对未来抱有希望（过去一周）：大多数时候（5–7天）；感到孤独（过去一周）：几乎没有（<1天）；感到高兴（过去一周）：大多数时候（5–7天）；睡眠不安（过去一周）：几乎没有（<1天）
健康信息：自评健康状况：好；医生诊断慢性病：未报告上述疾病；身体疼痛程度：无；上月平均每天实际睡眠小时数：6小时；是否因健康/残疾不能工作：没问题；是否因健康/残疾不能做家事：没问题；多久接受他人帮助：从不
活动信息：高强度体力活动：否；中等强度体力活动：否；轻度体力活动：否；上月活动：以上都没有
上网信息：是否使用互联网：是；上网设备：手机；上网用途：看视频；是否用手机支付：是；是否使用微信：是；是否使用微信朋友圈：否
子女信息：子女总数：4个；健在子女数：4个；第1子女：是否工作/上学：工作；婚姻状况：未婚；过去一年同住月数：2个月；见面频率：每三月；电话/短信/微信联系频率：每两周；第2子女：是否工作/上学：工作；婚姻状况：已婚且配偶同住；过去一年同住月数：2个月；见面频率：每年；电话/短信/微信联系频率：每两周
工作信息：是否从事农业/家庭农活：无；是否已办理退休：否；是否在工作：是；过去一年总工作天数：365天"
233,265576234002,基础信息：性别：男；年龄：49岁；城乡类型：城乡结合部/镇乡,教育信息：教育程度：初中,婚姻信息：婚姻状况：已婚且配偶同住；过去一年与配偶同住月数：12个月；上半年独自居住天数：0天；上半年仅与配偶同住天数：0天,情绪信息：生活满意度：很满意；对子女满意度：有点满意；因小事烦恼（过去一周）：几乎没有（<1天）；感到抑郁（过去一周）：几乎没有（<1天）；对未来抱有希望（过去一周）：大多数时候（5–7天）；感到孤独（过去一周）：几乎没有（<1天）；感到高兴（过去一周）：大多数时候（5–7天）；睡眠不安（过去一周）：大多数时候（5–7天）,健康信息：自评健康状况：一般；医生诊断慢性病：未报告上述疾病；身体疼痛程度：一点；上月平均每天实际睡眠小时数：5小时；是否因健康/残疾不能工作：没问题；是否因健康/残疾不能做家事：没问题；多久接受他人帮助：从不,活动信息：高强度体力活动：否；中等强度体力活动：是；中等强度体力活动目的：工作需要；轻度体力活动：是；轻度体力活动目的：工作需要；上月活动：与朋友交往（不规律）、帮助不住一起的家人朋友邻居（不规律）、做志愿/慈善或照顾不住一起的病弱者（不规律）,上网信息：是否使用互联网：是；上网设备：手机；上网用途：看新闻、其他；是否用手机支付：是；是否使用微信：是；是否使用微信朋友圈：是,子女信息：子女总数：2个；健在子女数：2个；第1子女：是否工作/上学：工作；婚姻状况：已婚且配偶同住；过去一年同住月数：12个月；第2子女：是否工作/上学：工作；婚姻状况：未婚；过去一年同住月数：0个月；见面频率：每三月；电话/短信/微信联系频率：每周1次,工作信息：是否从事农业/家庭农活：无；是否已办理退休：否；是否在工作：是；过去一年总工作天数：340天,"基础信息：性别：男；年龄：49岁；城乡类型：城乡结合部/镇乡
教育信息：教育程度：初中
婚姻信息：婚姻状况：已婚且配偶同住；过去一年与配偶同住月数：12个月；上半年独自居住天数：0天；上半年仅与配偶同住天数：0天
情绪信息：生活满意度：很满意；对子女满意度：有点满意；因小事烦恼（过去一周）：几乎没有（<1天）；感到抑郁（过去一周）：几乎没有（<1天）；对未来抱有希望（过去一周）：大多数时候（5–7天）；感到孤独（过去一周）：几乎没有（<1天）；感到高兴（过去一周）：大多数时候（5–7天）；睡眠不安（过去一周）：大多数时候（5–7天）
健康信息：自评健康状况：一般；医生诊断慢性病：未报告上述疾病；身体疼痛程度：一点；上月平均每天实际睡眠小时数：5小时；是否因健康/残疾不能工作：没问题；是否因健康/残疾不能做家事：没问题；多久接受他人帮助：从不
活动信息：高强度体力活动：否；中等强度体力活动：是；中等强度体力活动目的：工作需要；轻度体力活动：是；轻度体力活动目的：工作需要；上月活动：与朋友交往（不规律）、帮助不住一起的家人朋友邻居（不规律）、做志愿/慈善或照顾不住一起的病弱者（不规律）
上网信息：是否使用互联网：是；上网设备：手机；上网用途：看新闻、其他；是否用手机支付：是；是否使用微信：是；是否使用微信朋友圈：是
子女信息：子女总数：2个；健在子女数：2个；第1子女：是否工作/上学：工作；婚姻状况：已婚且配偶同住；过去一年同住月数：12个月；第2子女：是否工作/上学：工作；婚姻状况：未婚；过去一年同住月数：0个月；见面频率：每三月；电话/短信/微信联系频率：每周1次
工作信息：是否从事农业/家庭农活：无；是否已办理退休：否；是否在工作：是；过去一年总工作天数：340天"
234,65546306002,基础信息：性别：男；年龄：62岁；城乡类型：农村,教育信息：教育程度：未读完小学,婚姻信息：婚姻状况：已婚且配偶同住；过去一年与配偶同住月数：12个月；上半年独自居住天数：0天；上半年仅与配偶同住天数：0天,情绪信息：生活满意度：很满意；对子女满意度：很满意；因小事烦恼（过去一周）：几乎没有（<1天）；感到抑郁（过去一周）：有时/中等（3–4天）；对未来抱有希望（过去一周）：少量（1–2天）；感到孤独（过去一周）：有时/中等（3–4天）；感到高兴（过去一周）：有时/中等（3–4天）；睡眠不安（过去一周）：几乎没有（<1天）,健康信息：自评健康状况：很差；医生诊断慢性病：未报告上述疾病；身体疼痛程度：非常；上月平均每天实际睡眠小时数：6小时；是否因健康/残疾不能工作：完全不能工作；多久接受他人帮助：从不,活动信息：高强度体力活动：否；中等强度体力活动：否；轻度体力活动：否；上月活动：与朋友交往（几乎每周）,上网信息：是否使用互联网：否,子女信息：子女总数：2个；健在子女数：2个；第1子女：是否工作/上学：工作；婚姻状况：已婚且配偶同住；过去一年同住月数：12个月；第2子女：是否工作/上学：工作；婚姻状况：已婚且配偶同住；过去一年同住月数：0个月；见面频率：每月；电话/短信/微信联系频率：每周2–3次,工作信息：是否从事农业/家庭农活：无；是否已办理退休：否；是否在工作：否；过去一年总工作天数：0天；上月是否在找工作：否,"基础信息：性别：男；年龄：62岁；城乡类型：农村
教育信息：教育程度：未读完小学
婚姻信息：婚姻状况：已婚且配偶同住；过去一年与配偶同住月数：12个月；上半年独自居住天数：0天；上半年仅与配偶同住天数：0天
情绪信息：生活满意度：很满意；对子女满意度：很满意；因小事烦恼（过去一周）：几乎没有（<1天）；感到抑郁（过去一周）：有时/中等（3–4天）；对未来抱有希望（过去一周）：少量（1–2天）；感到孤独（过去一周）：有时/中等（3–4天）；感到高兴（过去一周）：有时/中等（3–4天）；睡眠不安（过去一周）：几乎没有（<1天）
健康信息：自评健康状况：很差；医生诊断慢性病：未报告上述疾病；身体疼痛程度：非常；上月平均每天实际睡眠小时数：6小时；是否因健康/残疾不能工作：完全不能工作；多久接受他人帮助：从不
活动信息：高强度体力活动：否；中等强度体力活动：否；轻度体力活动：否；上月活动：与朋友交往（几乎每周）
上网信息：是否使用互联网：否
子女信息：子女总数：2个；健在子女数：2个；第1子女：是否工作/上学：工作；婚姻状况：已婚且配偶同住；过去一年同住月数：12个月；第2子女：是否工作/上学：工作；婚姻状况：已婚且配偶同住；过去一年同住月数：0个月；见面频率：每月；电话/短信/微信联系频率：每周2–3次
工作信息：是否从事农业/家庭农活：无；是否已办理退休：否；是否在工作：否；过去一年总工作天数：0天；上月是否在找工作：否"
235,334002302001,基础信息：性别：男；年龄：63岁；城乡类型：农村,教育信息：教育程度：未读完小学,婚姻信息：婚姻状况：已婚暂分居；过去一年与配偶同住月数：0个月；上半年独自居住天数：0天；上半年仅与配偶同住天数：0天,情绪信息：生活满意度：有点满意；对子女满意度：有点满意；因小事烦恼（过去一周）：几乎没有（<1天）；感到抑郁（过去一周）：几乎没有（<1天）；对未来抱有希望（过去一周）：几乎没有（<1天）；感到孤独（过去一周）：几乎没有（<1天）；感到高兴（过去一周）：几乎没有（<1天）；睡眠不安（过去一周）：几乎没有（<1天）,健康信息：自评健康状况：差；医生诊断慢性病：未报告上述疾病；身体疼痛程度：一点；上月平均每天实际睡眠小时数：8小时；是否因健康/残疾不能工作：没问题；是否因健康/残疾不能做家事：没问题；多久接受他人帮助：从不,活动信息：高强度体力活动：否；中等强度体力活动：是；中等强度体力活动目的：工作需要；轻度体力活动：否；上月活动：以上都没有,上网信息：是否使用互联网：否,子女信息：子女总数：2个；健在子女数：2个；第1子女：是否工作/上学：工作；婚姻状况：已婚且配偶同住；过去一年同住月数：12个月；第2子女：是否工作/上学：工作；婚姻状况：已婚且配偶同住；过去一年同住月数：0个月；见面频率：每周1次,工作信息：是否从事农业/家庭农活：有；是否已办理退休：否；是否在工作：是；过去一年总工作天数：365天,"基础信息：性别：男；年龄：63岁；城乡类型：农村
教育信息：教育程度：未读完小学
婚姻信息：婚姻状况：已婚暂分居；过去一年与配偶同住月数：0个月；上半年独自居住天数：0天；上半年仅与配偶同住天数：0天
情绪信息：生活满意度：有点满意；对子女满意度：有点满意；因小事烦恼（过去一周）：几乎没有（<1天）；感到抑郁（过去一周）：几乎没有（<1天）；对未来抱有希望（过去一周）：几乎没有（<1天）；感到孤独（过去一周）：几乎没有（<1天）；感到高兴（过去一周）：几乎没有（<1天）；睡眠不安（过去一周）：几乎没有（<1天）
健康信息：自评健康状况：差；医生诊断慢性病：未报告上述疾病；身体疼痛程度：一点；上月平均每天实际睡眠小时数：8小时；是否因健康/残疾不能工作：没问题；是否因健康/残疾不能做家事：没问题；多久接受他人帮助：从不
活动信息：高强度体力活动：否；中等强度体力活动：是；中等强度体力活动目的：工作需要；轻度体力活动：否；上月活动：以上都没有
上网信息：是否使用互联网：否
子女信息：子女总数：2个；健在子女数：2个；第1子女：是否工作/上学：工作；婚姻状况：已婚且配偶同住；过去一年同住月数：12个月；第2子女：是否工作/上学：工作；婚姻状况：已婚且配偶同住；过去一年同住月数：0个月；见面频率：每周1次
工作信息：是否从事农业/家庭农活：有；是否已办理退休：否；是否在工作：是；过去一年总工作天数：365天"
236,271806301002,基础信息：性别：女；年龄：67岁；城乡类型：农村,教育信息：教育程度：未受教育,婚姻信息：婚姻状况：丧偶；是否有人以配偶身份同住：否；上半年独自居住天数：0天；上半年因不与别人同住而受影响程度：0,情绪信息：生活满意度：很满意；对子女满意度：很满意；因小事烦恼（过去一周）：几乎没有（<1天）；感到抑郁（过去一周）：几乎没有（<1天）；对未来抱有希望（过去一周）：几乎没有（<1天）；感到孤独（过去一周）：有时/中等（3–4天）；感到高兴（过去一周）：有时/中等（3–4天）；睡眠不安（过去一周）：大多数时候（5–7天）,健康信息：自评健康状况：很差；医生诊断慢性病：未报告上述疾病；身体疼痛程度：非常；上月平均每天实际睡眠小时数：4小时；是否因健康/残疾不能工作：不能长时间工作；是否因健康/残疾不能做家事：不能长时间；多久接受他人帮助：从不,活动信息：高强度体力活动：否；中等强度体力活动：否；轻度体力活动：是；轻度体力活动目的：锻炼；上月活动：与朋友交往（几乎每周）,上网信息：是否使用互联网：否,子女信息：子女总数：1个；健在子女数：1个；第1子女：是否工作/上学：工作；婚姻状况：已婚且配偶同住；过去一年同住月数：12个月,工作信息：是否从事农业/家庭农活：有；是否已办理退休：否；是否在工作：是；过去一年总工作天数：36天,"基础信息：性别：女；年龄：67岁；城乡类型：农村
教育信息：教育程度：未受教育
婚姻信息：婚姻状况：丧偶；是否有人以配偶身份同住：否；上半年独自居住天数：0天；上半年因不与别人同住而受影响程度：0
情绪信息：生活满意度：很满意；对子女满意度：很满意；因小事烦恼（过去一周）：几乎没有（<1天）；感到抑郁（过去一周）：几乎没有（<1天）；对未来抱有希望（过去一周）：几乎没有（<1天）；感到孤独（过去一周）：有时/中等（3–4天）；感到高兴（过去一周）：有时/中等（3–4天）；睡眠不安（过去一周）：大多数时候（5–7天）
健康信息：自评健康状况：很差；医生诊断慢性病：未报告上述疾病；身体疼痛程度：非常；上月平均每天实际睡眠小时数：4小时；是否因健康/残疾不能工作：不能长时间工作；是否因健康/残疾不能做家事：不能长时间；多久接受他人帮助：从不
活动信息：高强度体力活动：否；中等强度体力活动：否；轻度体力活动：是；轻度体力活动目的：锻炼；上月活动：与朋友交往（几乎每周）
上网信息：是否使用互联网：否
子女信息：子女总数：1个；健在子女数：1个；第1子女：是否工作/上学：工作；婚姻状况：已婚且配偶同住；过去一年同住月数：12个月
工作信息：是否从事农业/家庭农活：有；是否已办理退休：否；是否在工作：是；过去一年总工作天数：36天"
237,14643121001,基础信息：性别：女；年龄：60岁；城乡类型：农村,教育信息：教育程度：未受教育,婚姻信息：婚姻状况：丧偶；是否有人以配偶身份同住：否；上半年独自居住天数：0天；上半年因不与别人同住而受影响程度：0,情绪信息：生活满意度：很满意；对子女满意度：有点满意；因小事烦恼（过去一周）：几乎没有（<1天）；对未来抱有希望（过去一周）：大多数时候（5–7天）；感到孤独（过去一周）：几乎没有（<1天）；感到高兴（过去一周）：几乎没有（<1天）；睡眠不安（过去一周）：大多数时候（5–7天）,健康信息：自评健康状况：差；医生诊断慢性病：糖尿病或高血糖；身体疼痛程度：非常；上月平均每天实际睡眠小时数：3小时；是否因健康/残疾不能工作：没问题；是否因健康/残疾不能做家事：没问题；多久接受他人帮助：从不,活动信息：高强度体力活动：否；中等强度体力活动：是；中等强度体力活动目的：锻炼；轻度体力活动：是；轻度体力活动目的：其他；上月活动：以上都没有,上网信息：是否使用互联网：否,子女信息：子女总数：2个；健在子女数：2个；第1子女：是否工作/上学：工作；婚姻状况：已婚且配偶同住；过去一年同住月数：12个月；第2子女：是否工作/上学：工作；婚姻状况：已婚且配偶同住；过去一年同住月数：0个月；见面频率：几乎每天,工作信息：是否从事农业/家庭农活：有；是否已办理退休：否；是否在工作：是,"基础信息：性别：女；年龄：60岁；城乡类型：农村
教育信息：教育程度：未受教育
婚姻信息：婚姻状况：丧偶；是否有人以配偶身份同住：否；上半年独自居住天数：0天；上半年因不与别人同住而受影响程度：0
情绪信息：生活满意度：很满意；对子女满意度：有点满意；因小事烦恼（过去一周）：几乎没有（<1天）；对未来抱有希望（过去一周）：大多数时候（5–7天）；感到孤独（过去一周）：几乎没有（<1天）；感到高兴（过去一周）：几乎没有（<1天）；睡眠不安（过去一周）：大多数时候（5–7天）
健康信息：自评健康状况：差；医生诊断慢性病：糖尿病或高血糖；身体疼痛程度：非常；上月平均每天实际睡眠小时数：3小时；是否因健康/残疾不能工作：没问题；是否因健康/残疾不能做家事：没问题；多久接受他人帮助：从不
活动信息：高强度体力活动：否；中等强度体力活动：是；中等强度体力活动目的：锻炼；轻度体力活动：是；轻度体力活动目的：其他；上月活动：以上都没有
上网信息：是否使用互联网：否
子女信息：子女总数：2个；健在子女数：2个；第1子女：是否工作/上学：工作；婚姻状况：已婚且配偶同住；过去一年同住月数：12个月；第2子女：是否工作/上学：工作；婚姻状况：已婚且配偶同住；过去一年同住月数：0个月；见面频率：几乎每天
工作信息：是否从事农业/家庭农活：有；是否已办理退休：否；是否在工作：是"
238,154058312001,基础信息：性别：女；年龄：59岁；城乡类型：城/镇中心,教育信息：教育程度：初中,婚姻信息：婚姻状况：离婚；是否有人以配偶身份同住：否；上半年独自居住天数：92天；上半年因不与别人同住而受影响程度：0,情绪信息：生活满意度：有点满意；对子女满意度：很满意；因小事烦恼（过去一周）：几乎没有（<1天）；感到抑郁（过去一周）：几乎没有（<1天）；对未来抱有希望（过去一周）：大多数时候（5–7天）；感到孤独（过去一周）：少量（1–2天）；感到高兴（过去一周）：大多数时候（5–7天）；睡眠不安（过去一周）：几乎没有（<1天）,健康信息：自评健康状况：一般；医生诊断慢性病：糖尿病或高血糖；身体疼痛程度：一点；上月平均每天实际睡眠小时数：6小时；是否因健康/残疾不能工作：没问题；是否因健康/残疾不能做家事：没问题；多久接受他人帮助：从不,活动信息：高强度体力活动：否；中等强度体力活动：是；中等强度体力活动目的：锻炼；轻度体力活动：是；轻度体力活动目的：锻炼；上月活动：与朋友交往（几乎每天）、参加运动/社交等俱乐部（几乎每天）,上网信息：是否使用互联网：是；上网设备：平板、手机；上网用途：聊天、看新闻、看视频、玩游戏、其他；是否用手机支付：是；是否使用微信：是；是否使用微信朋友圈：是,子女信息：子女总数：1个；健在子女数：1个；第1子女：是否工作/上学：工作；婚姻状况：已婚且配偶同住；过去一年同住月数：7个月；见面频率：每月；电话/短信/微信联系频率：每周2–3次,工作信息：是否从事农业/家庭农活：无；是否在工作：否；过去一年总工作天数：0天；上月是否在找工作：否,"基础信息：性别：女；年龄：59岁；城乡类型：城/镇中心
教育信息：教育程度：初中
婚姻信息：婚姻状况：离婚；是否有人以配偶身份同住：否；上半年独自居住天数：92天；上半年因不与别人同住而受影响程度：0
情绪信息：生活满意度：有点满意；对子女满意度：很满意；因小事烦恼（过去一周）：几乎没有（<1天）；感到抑郁（过去一周）：几乎没有（<1天）；对未来抱有希望（过去一周）：大多数时候（5–7天）；感到孤独（过去一周）：少量（1–2天）；感到高兴（过去一周）：大多数时候（5–7天）；睡眠不安（过去一周）：几乎没有（<1天）
健康信息：自评健康状况：一般；医生诊断慢性病：糖尿病或高血糖；身体疼痛程度：一点；上月平均每天实际睡眠小时数：6小时；是否因健康/残疾不能工作：没问题；是否因健康/残疾不能做家事：没问题；多久接受他人帮助：从不
活动信息：高强度体力活动：否；中等强度体力活动：是；中等强度体力活动目的：锻炼；轻度体力活动：是；轻度体力活动目的：锻炼；上月活动：与朋友交往（几乎每天）、参加运动/社交等俱乐部（几乎每天）
上网信息：是否使用互联网：是；上网设备：平板、手机；上网用途：聊天、看新闻、看视频、玩游戏、其他；是否用手机支付：是；是否使用微信：是；是否使用微信朋友圈：是
子女信息：子女总数：1个；健在子女数：1个；第1子女：是否工作/上学：工作；婚姻状况：已婚且配偶同住；过去一年同住月数：7个月；见面频率：每月；电话/短信/微信联系频率：每周2–3次
工作信息：是否从事农业/家庭农活：无；是否在工作：否；过去一年总工作天数：0天；上月是否在找工作：否"
239,54054211001,基础信息：性别：男；年龄：53岁；城乡类型：农村,教育信息：教育程度：未读完小学,婚姻信息：婚姻状况：已婚且配偶同住；过去一年与配偶同住月数：12个月；上半年独自居住天数：0天；上半年仅与配偶同住天数：15天；上半年因不与别人同住而受影响程度：0,情绪信息：生活满意度：非常满意；对子女满意度：很满意；因小事烦恼（过去一周）：几乎没有（<1天）；感到抑郁（过去一周）：大多数时候（5–7天）；对未来抱有希望（过去一周）：几乎没有（<1天）；感到孤独（过去一周）：几乎没有（<1天）；感到高兴（过去一周）：有时/中等（3–4天）；睡眠不安（过去一周）：几乎没有（<1天）,健康信息：自评健康状况：一般；医生诊断慢性病：未报告上述疾病；身体疼痛程度：无；上月平均每天实际睡眠小时数：3小时；是否因健康/残疾不能工作：不能长时间工作；是否因健康/残疾不能做家事：不能长时间；多久接受他人帮助：从不,活动信息：高强度体力活动：否；中等强度体力活动：否；轻度体力活动：是；轻度体力活动目的：锻炼；上月活动：以上都没有,上网信息：是否使用互联网：否,子女信息：子女总数：2个；健在子女数：2个；第1子女：是否工作/上学：都不；婚姻状况：已婚且配偶同住；过去一年同住月数：0个月；见面频率：每年；电话/短信/微信联系频率：每周1次；第2子女：是否工作/上学：都不；婚姻状况：已婚暂分居；过去一年同住月数：2个月；见面频率：每月；电话/短信/微信联系频率：每两周,工作信息：是否从事农业/家庭农活：有；是否已办理退休：否；是否在工作：是；过去一年总工作天数：15天,"基础信息：性别：男；年龄：53岁；城乡类型：农村
教育信息：教育程度：未读完小学
婚姻信息：婚姻状况：已婚且配偶同住；过去一年与配偶同住月数：12个月；上半年独自居住天数：0天；上半年仅与配偶同住天数：15天；上半年因不与别人同住而受影响程度：0
情绪信息：生活满意度：非常满意；对子女满意度：很满意；因小事烦恼（过去一周）：几乎没有（<1天）；感到抑郁（过去一周）：大多数时候（5–7天）；对未来抱有希望（过去一周）：几乎没有（<1天）；感到孤独（过去一周）：几乎没有（<1天）；感到高兴（过去一周）：有时/中等（3–4天）；睡眠不安（过去一周）：几乎没有（<1天）
健康信息：自评健康状况：一般；医生诊断慢性病：未报告上述疾病；身体疼痛程度：无；上月平均每天实际睡眠小时数：3小时；是否因健康/残疾不能工作：不能长时间工作；是否因健康/残疾不能做家事：不能长时间；多久接受他人帮助：从不
活动信息：高强度体力活动：否；中等强度体力活动：否；轻度体力活动：是；轻度体力活动目的：锻炼；上月活动：以上都没有
上网信息：是否使用互联网：否
子女信息：子女总数：2个；健在子女数：2个；第1子女：是否工作/上学：都不；婚姻状况：已婚且配偶同住；过去一年同住月数：0个月；见面频率：每年；电话/短信/微信联系频率：每周1次；第2子女：是否工作/上学：都不；婚姻状况：已婚暂分居；过去一年同住月数：2个月；见面频率：每月；电话/短信/微信联系频率：每两周
工作信息：是否从事农业/家庭农活：有；是否已办理退休：否；是否在工作：是；过去一年总工作天数：15天"
240,338231228001,基础信息：性别：女；年龄：68岁；城乡类型：城/镇中心,教育信息：教育程度：职高,婚姻信息：婚姻状况：已婚且配偶同住；过去一年与配偶同住月数：12个月；上半年独自居住天数：0天；上半年仅与配偶同住天数：0天,情绪信息：生活满意度：有点满意；对子女满意度：有点满意；因小事烦恼（过去一周）：几乎没有（<1天）；感到抑郁（过去一周）：几乎没有（<1天）；对未来抱有希望（过去一周）：几乎没有（<1天）；感到孤独（过去一周）：几乎没有（<1天）；感到高兴（过去一周）：大多数时候（5–7天）；睡眠不安（过去一周）：大多数时候（5–7天）,健康信息：自评健康状况：差；医生诊断慢性病：糖尿病或高血糖；身体疼痛程度：相当；上月平均每天实际睡眠小时数：6小时；是否因健康/残疾不能工作：完全不能工作；多久接受他人帮助：从不,活动信息：高强度体力活动：否；中等强度体力活动：否；轻度体力活动：是；轻度体力活动目的：锻炼；上月活动：打麻将/下棋/打牌/去社区活动室（不规律）、参加运动/社交等俱乐部（不规律）,上网信息：是否使用互联网：是；上网设备：手机；上网用途：聊天、看新闻、看视频；是否用手机支付：否；是否使用微信：是；是否使用微信朋友圈：是,子女信息：子女总数：2个；健在子女数：2个；第1子女：是否工作/上学：都不；婚姻状况：离婚；过去一年同住月数：12个月；第2子女：是否工作/上学：工作；婚姻状况：已婚且配偶同住；过去一年同住月数：0个月；见面频率：每三月；电话/短信/微信联系频率：每两周,工作信息：是否从事农业/家庭农活：无；是否在工作：否；过去一年总工作天数：0天；上月是否在找工作：否,"基础信息：性别：女；年龄：68岁；城乡类型：城/镇中心
教育信息：教育程度：职高
婚姻信息：婚姻状况：已婚且配偶同住；过去一年与配偶同住月数：12个月；上半年独自居住天数：0天；上半年仅与配偶同住天数：0天
情绪信息：生活满意度：有点满意；对子女满意度：有点满意；因小事烦恼（过去一周）：几乎没有（<1天）；感到抑郁（过去一周）：几乎没有（<1天）；对未来抱有希望（过去一周）：几乎没有（<1天）；感到孤独（过去一周）：几乎没有（<1天）；感到高兴（过去一周）：大多数时候（5–7天）；睡眠不安（过去一周）：大多数时候（5–7天）
健康信息：自评健康状况：差；医生诊断慢性病：糖尿病或高血糖；身体疼痛程度：相当；上月平均每天实际睡眠小时数：6小时；是否因健康/残疾不能工作：完全不能工作；多久接受他人帮助：从不
活动信息：高强度体力活动：否；中等强度体力活动：否；轻度体力活动：是；轻度体力活动目的：锻炼；上月活动：打麻将/下棋/打牌/去社区活动室（不规律）、参加运动/社交等俱乐部（不规律）
上网信息：是否使用互联网：是；上网设备：手机；上网用途：聊天、看新闻、看视频；是否用手机支付：否；是否使用微信：是；是否使用微信朋友圈：是
子女信息：子女总数：2个；健在子女数：2个；第1子女：是否工作/上学：都不；婚姻状况：离婚；过去一年同住月数：12个月；第2子女：是否工作/上学：工作；婚姻状况：已婚且配偶同住；过去一年同住月数：0个月；见面频率：每三月；电话/短信/微信联系频率：每两周
工作信息：是否从事农业/家庭农活：无；是否在工作：否；过去一年总工作天数：0天；上月是否在找工作：否"
241,330102222003,基础信息：性别：男；年龄：53岁；城乡类型：农村,教育信息：教育程度：未受教育,婚姻信息：婚姻状况：已婚且配偶同住；过去一年与配偶同住月数：12个月；上半年独自居住天数：0天；上半年仅与配偶同住天数：0天；上半年因不与别人同住而受影响程度：0,情绪信息：生活满意度：有点满意；对子女满意度：很满意；因小事烦恼（过去一周）：几乎没有（<1天）；感到抑郁（过去一周）：几乎没有（<1天）；对未来抱有希望（过去一周）：几乎没有（<1天）；感到孤独（过去一周）：几乎没有（<1天）；感到高兴（过去一周）：有时/中等（3–4天）；睡眠不安（过去一周）：几乎没有（<1天）,健康信息：自评健康状况：很好；医生诊断慢性病：未报告上述疾病；身体疼痛程度：无；上月平均每天实际睡眠小时数：6小时；是否因健康/残疾不能工作：没问题；是否因健康/残疾不能做家事：没问题；多久接受他人帮助：偶尔,活动信息：高强度体力活动：否；中等强度体力活动：否；轻度体力活动：是；轻度体力活动目的：工作需要；上月活动：与朋友交往（不规律）,上网信息：是否使用互联网：否,子女信息：子女总数：3个；健在子女数：3个；第1子女：是否工作/上学：都不；婚姻状况：已婚且配偶同住；过去一年同住月数：12个月；第2子女：是否工作/上学：上学；过去一年同住月数：12个月,工作信息：是否从事农业/家庭农活：有；是否已办理退休：否；是否在工作：是；过去一年总工作天数：250天,"基础信息：性别：男；年龄：53岁；城乡类型：农村
教育信息：教育程度：未受教育
婚姻信息：婚姻状况：已婚且配偶同住；过去一年与配偶同住月数：12个月；上半年独自居住天数：0天；上半年仅与配偶同住天数：0天；上半年因不与别人同住而受影响程度：0
情绪信息：生活满意度：有点满意；对子女满意度：很满意；因小事烦恼（过去一周）：几乎没有（<1天）；感到抑郁（过去一周）：几乎没有（<1天）；对未来抱有希望（过去一周）：几乎没有（<1天）；感到孤独（过去一周）：几乎没有（<1天）；感到高兴（过去一周）：有时/中等（3–4天）；睡眠不安（过去一周）：几乎没有（<1天）
健康信息：自评健康状况：很好；医生诊断慢性病：未报告上述疾病；身体疼痛程度：无；上月平均每天实际睡眠小时数：6小时；是否因健康/残疾不能工作：没问题；是否因健康/残疾不能做家事：没问题；多久接受他人帮助：偶尔
活动信息：高强度体力活动：否；中等强度体力活动：否；轻度体力活动：是；轻度体力活动目的：工作需要；上月活动：与朋友交往（不规律）
上网信息：是否使用互联网：否
子女信息：子女总数：3个；健在子女数：3个；第1子女：是否工作/上学：都不；婚姻状况：已婚且配偶同住；过去一年同住月数：12个月；第2子女：是否工作/上学：上学；过去一年同住月数：12个月
工作信息：是否从事农业/家庭农活：有；是否已办理退休：否；是否在工作：是；过去一年总工作天数：250天"
242,274951108001,基础信息：性别：女；年龄：60岁；城乡类型：农村,教育信息：教育程度：未受教育,婚姻信息：婚姻状况：已婚且配偶同住；过去一年与配偶同住月数：12个月；上半年独自居住天数：0天；上半年仅与配偶同住天数：120天；上半年因不与别人同住而受影响程度：0,情绪信息：生活满意度：有点满意；对子女满意度：有点满意；因小事烦恼（过去一周）：大多数时候（5–7天）；感到抑郁（过去一周）：有时/中等（3–4天）；对未来抱有希望（过去一周）：大多数时候（5–7天）；感到孤独（过去一周）：大多数时候（5–7天）；感到高兴（过去一周）：几乎没有（<1天）；睡眠不安（过去一周）：有时/中等（3–4天）,健康信息：自评健康状况：好；医生诊断慢性病：胃部或其他消化系统疾病；身体疼痛程度：有些；上月平均每天实际睡眠小时数：3小时；是否因健康/残疾不能工作：没问题；是否因健康/残疾不能做家事：没问题；多久接受他人帮助：从不,活动信息：高强度体力活动：是；高强度体力活动目的：其他；中等强度体力活动：是；中等强度体力活动目的：其他；轻度体力活动：否；上月活动：与朋友交往（几乎每天）,上网信息：是否使用互联网：否,子女信息：子女总数：2个；健在子女数：2个；第1子女：是否工作/上学：工作；婚姻状况：已婚且配偶同住；过去一年同住月数：2个月；见面频率：每两周；电话/短信/微信联系频率：每两周；第2子女：是否工作/上学：都不；婚姻状况：已婚暂分居；过去一年同住月数：0个月；见面频率：每月；电话/短信/微信联系频率：每月,工作信息：是否从事农业/家庭农活：有；是否已办理退休：否；是否在工作：是；过去一年总工作天数：180天,"基础信息：性别：女；年龄：60岁；城乡类型：农村
教育信息：教育程度：未受教育
婚姻信息：婚姻状况：已婚且配偶同住；过去一年与配偶同住月数：12个月；上半年独自居住天数：0天；上半年仅与配偶同住天数：120天；上半年因不与别人同住而受影响程度：0
情绪信息：生活满意度：有点满意；对子女满意度：有点满意；因小事烦恼（过去一周）：大多数时候（5–7天）；感到抑郁（过去一周）：有时/中等（3–4天）；对未来抱有希望（过去一周）：大多数时候（5–7天）；感到孤独（过去一周）：大多数时候（5–7天）；感到高兴（过去一周）：几乎没有（<1天）；睡眠不安（过去一周）：有时/中等（3–4天）
健康信息：自评健康状况：好；医生诊断慢性病：胃部或其他消化系统疾病；身体疼痛程度：有些；上月平均每天实际睡眠小时数：3小时；是否因健康/残疾不能工作：没问题；是否因健康/残疾不能做家事：没问题；多久接受他人帮助：从不
活动信息：高强度体力活动：是；高强度体力活动目的：其他；中等强度体力活动：是；中等强度体力活动目的：其他；轻度体力活动：否；上月活动：与朋友交往（几乎每天）
上网信息：是否使用互联网：否
子女信息：子女总数：2个；健在子女数：2个；第1子女：是否工作/上学：工作；婚姻状况：已婚且配偶同住；过去一年同住月数：2个月；见面频率：每两周；电话/短信/微信联系频率：每两周；第2子女：是否工作/上学：都不；婚姻状况：已婚暂分居；过去一年同住月数：0个月；见面频率：每月；电话/短信/微信联系频率：每月
工作信息：是否从事农业/家庭农活：有；是否已办理退休：否；是否在工作：是；过去一年总工作天数：180天"
243,74981206001,基础信息：性别：男；年龄：71岁；城乡类型：农村,教育信息：教育程度：未读完小学,婚姻信息：婚姻状况：已婚且配偶同住；过去一年与配偶同住月数：12个月；上半年独自居住天数：0天；上半年仅与配偶同住天数：0天,情绪信息：生活满意度：很满意；对子女满意度：很满意；因小事烦恼（过去一周）：几乎没有（<1天）；感到抑郁（过去一周）：有时/中等（3–4天）；对未来抱有希望（过去一周）：大多数时候（5–7天）；感到孤独（过去一周）：有时/中等（3–4天）；感到高兴（过去一周）：大多数时候（5–7天）；睡眠不安（过去一周）：几乎没有（<1天）,健康信息：自评健康状况：一般；医生诊断慢性病：未报告上述疾病；身体疼痛程度：一点；上月平均每天实际睡眠小时数：8小时；是否因健康/残疾不能工作：不能长时间工作；是否因健康/残疾不能做家事：没问题；多久接受他人帮助：从不,活动信息：高强度体力活动：否；中等强度体力活动：是；中等强度体力活动目的：其他；轻度体力活动：否；上月活动：打麻将/下棋/打牌/去社区活动室（几乎每天）,上网信息：是否使用互联网：否,子女信息：子女总数：7个；健在子女数：7个；第1子女：是否工作/上学：工作；婚姻状况：离婚；过去一年同住月数：0个月；见面频率：每年；电话/短信/微信联系频率：每两周；第2子女：是否工作/上学：工作；婚姻状况：已婚且配偶同住；过去一年同住月数：0个月；见面频率：每年；电话/短信/微信联系频率：其他,工作信息：是否从事农业/家庭农活：有；是否已办理退休：否；是否在工作：是；过去一年总工作天数：20天,"基础信息：性别：男；年龄：71岁；城乡类型：农村
教育信息：教育程度：未读完小学
婚姻信息：婚姻状况：已婚且配偶同住；过去一年与配偶同住月数：12个月；上半年独自居住天数：0天；上半年仅与配偶同住天数：0天
情绪信息：生活满意度：很满意；对子女满意度：很满意；因小事烦恼（过去一周）：几乎没有（<1天）；感到抑郁（过去一周）：有时/中等（3–4天）；对未来抱有希望（过去一周）：大多数时候（5–7天）；感到孤独（过去一周）：有时/中等（3–4天）；感到高兴（过去一周）：大多数时候（5–7天）；睡眠不安（过去一周）：几乎没有（<1天）
健康信息：自评健康状况：一般；医生诊断慢性病：未报告上述疾病；身体疼痛程度：一点；上月平均每天实际睡眠小时数：8小时；是否因健康/残疾不能工作：不能长时间工作；是否因健康/残疾不能做家事：没问题；多久接受他人帮助：从不
活动信息：高强度体力活动：否；中等强度体力活动：是；中等强度体力活动目的：其他；轻度体力活动：否；上月活动：打麻将/下棋/打牌/去社区活动室（几乎每天）
上网信息：是否使用互联网：否
子女信息：子女总数：7个；健在子女数：7个；第1子女：是否工作/上学：工作；婚姻状况：离婚；过去一年同住月数：0个月；见面频率：每年；电话/短信/微信联系频率：每两周；第2子女：是否工作/上学：工作；婚姻状况：已婚且配偶同住；过去一年同住月数：0个月；见面频率：每年；电话/短信/微信联系频率：其他
工作信息：是否从事农业/家庭农活：有；是否已办理退休：否；是否在工作：是；过去一年总工作天数：20天"
244,154044136002,基础信息：性别：男；年龄：51岁；城乡类型：农村,教育信息：教育程度：小学,婚姻信息：婚姻状况：已婚且配偶同住；过去一年与配偶同住月数：12个月；上半年独自居住天数：0天；上半年仅与配偶同住天数：0天,情绪信息：生活满意度：很满意；对子女满意度：很满意；因小事烦恼（过去一周）：几乎没有（<1天）；感到抑郁（过去一周）：几乎没有（<1天）；对未来抱有希望（过去一周）：大多数时候（5–7天）；感到孤独（过去一周）：几乎没有（<1天）；感到高兴（过去一周）：大多数时候（5–7天）；睡眠不安（过去一周）：几乎没有（<1天）,健康信息：自评健康状况：很好；医生诊断慢性病：未报告上述疾病；身体疼痛程度：一点；上月平均每天实际睡眠小时数：7小时；是否因健康/残疾不能工作：没问题；是否因健康/残疾不能做家事：没问题；多久接受他人帮助：从不,活动信息：高强度体力活动：否；中等强度体力活动：否；轻度体力活动：是；轻度体力活动目的：锻炼；上月活动：与朋友交往（不规律）,上网信息：是否使用互联网：是；上网设备：手机；上网用途：聊天、看视频；是否用手机支付：是；是否使用微信：是；是否使用微信朋友圈：否,子女信息：子女总数：2个；健在子女数：2个；第1子女：是否工作/上学：都不；婚姻状况：已婚且配偶同住；过去一年同住月数：0个月；见面频率：每两周；电话/短信/微信联系频率：几乎每天；第2子女：是否工作/上学：工作；婚姻状况：已婚且配偶同住；过去一年同住月数：12个月,工作信息：是否从事农业/家庭农活：有；是否已办理退休：否；是否在工作：是；过去一年总工作天数：27天,"基础信息：性别：男；年龄：51岁；城乡类型：农村
教育信息：教育程度：小学
婚姻信息：婚姻状况：已婚且配偶同住；过去一年与配偶同住月数：12个月；上半年独自居住天数：0天；上半年仅与配偶同住天数：0天
情绪信息：生活满意度：很满意；对子女满意度：很满意；因小事烦恼（过去一周）：几乎没有（<1天）；感到抑郁（过去一周）：几乎没有（<1天）；对未来抱有希望（过去一周）：大多数时候（5–7天）；感到孤独（过去一周）：几乎没有（<1天）；感到高兴（过去一周）：大多数时候（5–7天）；睡眠不安（过去一周）：几乎没有（<1天）
健康信息：自评健康状况：很好；医生诊断慢性病：未报告上述疾病；身体疼痛程度：一点；上月平均每天实际睡眠小时数：7小时；是否因健康/残疾不能工作：没问题；是否因健康/残疾不能做家事：没问题；多久接受他人帮助：从不
活动信息：高强度体力活动：否；中等强度体力活动：否；轻度体力活动：是；轻度体力活动目的：锻炼；上月活动：与朋友交往（不规律）
上网信息：是否使用互联网：是；上网设备：手机；上网用途：聊天、看视频；是否用手机支付：是；是否使用微信：是；是否使用微信朋友圈：否
子女信息：子女总数：2个；健在子女数：2个；第1子女：是否工作/上学：都不；婚姻状况：已婚且配偶同住；过去一年同住月数：0个月；见面频率：每两周；电话/短信/微信联系频率：几乎每天；第2子女：是否工作/上学：工作；婚姻状况：已婚且配偶同住；过去一年同住月数：12个月
工作信息：是否从事农业/家庭农活：有；是否已办理退休：否；是否在工作：是；过去一年总工作天数：27天"
245,134902229001,基础信息：性别：男；年龄：66岁；城乡类型：农村,教育信息：教育程度：小学,婚姻信息：婚姻状况：已婚且配偶同住；过去一年与配偶同住月数：12个月；上半年独自居住天数：0天；上半年仅与配偶同住天数：180天；上半年因不与别人同住而受影响程度：0,情绪信息：生活满意度：完全不满意；对子女满意度：有点满意；因小事烦恼（过去一周）：大多数时候（5–7天）；感到抑郁（过去一周）：大多数时候（5–7天）；对未来抱有希望（过去一周）：几乎没有（<1天）；感到孤独（过去一周）：几乎没有（<1天）；感到高兴（过去一周）：几乎没有（<1天）；睡眠不安（过去一周）：大多数时候（5–7天）,健康信息：自评健康状况：很差；医生诊断慢性病：记忆相关疾病；身体疼痛程度：无；上月平均每天实际睡眠小时数：4小时；是否因健康/残疾不能工作：完全不能工作；多久接受他人帮助：从不,活动信息：高强度体力活动：否；中等强度体力活动：否；轻度体力活动：是；轻度体力活动目的：锻炼；上月活动：以上都没有,上网信息：是否使用互联网：否,子女信息：子女总数：4个；健在子女数：4个；第1子女：是否工作/上学：工作；婚姻状况：已婚暂分居；过去一年同住月数：5个月；见面频率：其他；电话/短信/微信联系频率：每月；第2子女：是否工作/上学：工作；婚姻状况：已婚且配偶同住；过去一年同住月数：0个月；见面频率：几乎每天,工作信息：是否从事农业/家庭农活：无；是否已办理退休：否；是否在工作：否；过去一年总工作天数：0天；上月是否在找工作：否,"基础信息：性别：男；年龄：66岁；城乡类型：农村
教育信息：教育程度：小学
婚姻信息：婚姻状况：已婚且配偶同住；过去一年与配偶同住月数：12个月；上半年独自居住天数：0天；上半年仅与配偶同住天数：180天；上半年因不与别人同住而受影响程度：0
情绪信息：生活满意度：完全不满意；对子女满意度：有点满意；因小事烦恼（过去一周）：大多数时候（5–7天）；感到抑郁（过去一周）：大多数时候（5–7天）；对未来抱有希望（过去一周）：几乎没有（<1天）；感到孤独（过去一周）：几乎没有（<1天）；感到高兴（过去一周）：几乎没有（<1天）；睡眠不安（过去一周）：大多数时候（5–7天）
健康信息：自评健康状况：很差；医生诊断慢性病：记忆相关疾病；身体疼痛程度：无；上月平均每天实际睡眠小时数：4小时；是否因健康/残疾不能工作：完全不能工作；多久接受他人帮助：从不
活动信息：高强度体力活动：否；中等强度体力活动：否；轻度体力活动：是；轻度体力活动目的：锻炼；上月活动：以上都没有
上网信息：是否使用互联网：否
子女信息：子女总数：4个；健在子女数：4个；第1子女：是否工作/上学：工作；婚姻状况：已婚暂分居；过去一年同住月数：5个月；见面频率：其他；电话/短信/微信联系频率：每月；第2子女：是否工作/上学：工作；婚姻状况：已婚且配偶同住；过去一年同住月数：0个月；见面频率：几乎每天
工作信息：是否从事农业/家庭农活：无；是否已办理退休：否；是否在工作：否；过去一年总工作天数：0天；上月是否在找工作：否"
246,74004305001,基础信息：性别：女；年龄：51岁；城乡类型：城/镇中心,教育信息：教育程度：高中,婚姻信息：婚姻状况：已婚暂分居；过去一年与配偶同住月数：5个月；上半年独自居住天数：120天；上半年仅与配偶同住天数：30天；上半年因不与别人同住而受影响程度：0,情绪信息：生活满意度：不太满意；对子女满意度：有点满意；因小事烦恼（过去一周）：有时/中等（3–4天）；感到抑郁（过去一周）：少量（1–2天）；对未来抱有希望（过去一周）：有时/中等（3–4天）；感到孤独（过去一周）：大多数时候（5–7天）；感到高兴（过去一周）：少量（1–2天）；睡眠不安（过去一周）：大多数时候（5–7天）,健康信息：自评健康状况：一般；医生诊断慢性病：未报告上述疾病；身体疼痛程度：无；上月平均每天实际睡眠小时数：8小时；是否因健康/残疾不能工作：没问题；是否因健康/残疾不能做家事：没问题；多久接受他人帮助：从不,活动信息：高强度体力活动：否；中等强度体力活动：是；中等强度体力活动目的：锻炼；轻度体力活动：是；轻度体力活动目的：锻炼；上月活动：与朋友交往（几乎每天）、参加运动/社交等俱乐部（几乎每天）,上网信息：是否使用互联网：是；上网设备：台式电脑、手机；上网用途：聊天、看新闻、看视频；是否用手机支付：是；是否使用微信：是；是否使用微信朋友圈：是,子女信息：子女总数：1个；健在子女数：1个；第1子女：是否工作/上学：工作；婚姻状况：未婚；过去一年同住月数：1个月；见面频率：每半年；电话/短信/微信联系频率：几乎每天,工作信息：是否从事农业/家庭农活：无；是否在工作：是；过去一年总工作天数：260天,"基础信息：性别：女；年龄：51岁；城乡类型：城/镇中心
教育信息：教育程度：高中
婚姻信息：婚姻状况：已婚暂分居；过去一年与配偶同住月数：5个月；上半年独自居住天数：120天；上半年仅与配偶同住天数：30天；上半年因不与别人同住而受影响程度：0
情绪信息：生活满意度：不太满意；对子女满意度：有点满意；因小事烦恼（过去一周）：有时/中等（3–4天）；感到抑郁（过去一周）：少量（1–2天）；对未来抱有希望（过去一周）：有时/中等（3–4天）；感到孤独（过去一周）：大多数时候（5–7天）；感到高兴（过去一周）：少量（1–2天）；睡眠不安（过去一周）：大多数时候（5–7天）
健康信息：自评健康状况：一般；医生诊断慢性病：未报告上述疾病；身体疼痛程度：无；上月平均每天实际睡眠小时数：8小时；是否因健康/残疾不能工作：没问题；是否因健康/残疾不能做家事：没问题；多久接受他人帮助：从不
活动信息：高强度体力活动：否；中等强度体力活动：是；中等强度体力活动目的：锻炼；轻度体力活动：是；轻度体力活动目的：锻炼；上月活动：与朋友交往（几乎每天）、参加运动/社交等俱乐部（几乎每天）
上网信息：是否使用互联网：是；上网设备：台式电脑、手机；上网用途：聊天、看新闻、看视频；是否用手机支付：是；是否使用微信：是；是否使用微信朋友圈：是
子女信息：子女总数：1个；健在子女数：1个；第1子女：是否工作/上学：工作；婚姻状况：未婚；过去一年同住月数：1个月；见面频率：每半年；电话/短信/微信联系频率：几乎每天
工作信息：是否从事农业/家庭农活：无；是否在工作：是；过去一年总工作天数：260天"
247,296006236002,基础信息：性别：女；年龄：49岁；现居住地地址类型：家庭住房；城乡类型：农村,教育信息：教育程度：小学,婚姻信息：婚姻状况：已婚暂分居；过去一年与配偶同住月数：7个月；上半年独自居住天数：0天；上半年仅与配偶同住天数：0天,情绪信息：生活满意度：非常满意；对子女满意度：很满意；因小事烦恼（过去一周）：有时/中等（3–4天）；感到抑郁（过去一周）：几乎没有（<1天）；对未来抱有希望（过去一周）：大多数时候（5–7天）；感到孤独（过去一周）：几乎没有（<1天）；感到高兴（过去一周）：大多数时候（5–7天）；睡眠不安（过去一周）：有时/中等（3–4天）,健康信息：自评健康状况：一般；医生诊断慢性病：未报告上述疾病；身体疼痛程度：一点；上月平均每天实际睡眠小时数：8小时；是否因健康/残疾不能工作：没问题；是否因健康/残疾不能做家事：没问题；多久接受他人帮助：从不,活动信息：高强度体力活动：否；中等强度体力活动：是；中等强度体力活动目的：其他；轻度体力活动：否；上月活动：以上都没有,上网信息：是否使用互联网：是；上网设备：手机；上网用途：聊天、看新闻、看视频；是否用手机支付：是；是否使用微信：是；是否使用微信朋友圈：是,子女信息：子女总数：2个；健在子女数：2个；第1子女：是否工作/上学：工作；婚姻状况：已婚且配偶同住；过去一年同住月数：0个月；见面频率：每月；电话/短信/微信联系频率：每周2–3次；第2子女：是否工作/上学：上学；过去一年同住月数：12个月,工作信息：是否从事农业/家庭农活：无；是否已办理退休：否；是否在工作：是；过去一年总工作天数：156天,"基础信息：性别：女；年龄：49岁；现居住地地址类型：家庭住房；城乡类型：农村
教育信息：教育程度：小学
婚姻信息：婚姻状况：已婚暂分居；过去一年与配偶同住月数：7个月；上半年独自居住天数：0天；上半年仅与配偶同住天数：0天
情绪信息：生活满意度：非常满意；对子女满意度：很满意；因小事烦恼（过去一周）：有时/中等（3–4天）；感到抑郁（过去一周）：几乎没有（<1天）；对未来抱有希望（过去一周）：大多数时候（5–7天）；感到孤独（过去一周）：几乎没有（<1天）；感到高兴（过去一周）：大多数时候（5–7天）；睡眠不安（过去一周）：有时/中等（3–4天）
健康信息：自评健康状况：一般；医生诊断慢性病：未报告上述疾病；身体疼痛程度：一点；上月平均每天实际睡眠小时数：8小时；是否因健康/残疾不能工作：没问题；是否因健康/残疾不能做家事：没问题；多久接受他人帮助：从不
活动信息：高强度体力活动：否；中等强度体力活动：是；中等强度体力活动目的：其他；轻度体力活动：否；上月活动：以上都没有
上网信息：是否使用互联网：是；上网设备：手机；上网用途：聊天、看新闻、看视频；是否用手机支付：是；是否使用微信：是；是否使用微信朋友圈：是
子女信息：子女总数：2个；健在子女数：2个；第1子女：是否工作/上学：工作；婚姻状况：已婚且配偶同住；过去一年同住月数：0个月；见面频率：每月；电话/短信/微信联系频率：每周2–3次；第2子女：是否工作/上学：上学；过去一年同住月数：12个月
工作信息：是否从事农业/家庭农活：无；是否已办理退休：否；是否在工作：是；过去一年总工作天数：156天"
248,64604120001,基础信息：性别：女；年龄：65岁；城乡类型：城/镇中心,教育信息：教育程度：未读完小学,婚姻信息：婚姻状况：丧偶；是否有人以配偶身份同住：否；上半年独自居住天数：182天；上半年因不与别人同住而受影响程度：0,情绪信息：生活满意度：有点满意；对子女满意度：有点满意；因小事烦恼（过去一周）：有时/中等（3–4天）；感到抑郁（过去一周）：有时/中等（3–4天）；对未来抱有希望（过去一周）：几乎没有（<1天）；感到孤独（过去一周）：大多数时候（5–7天）；感到高兴（过去一周）：有时/中等（3–4天）；睡眠不安（过去一周）：大多数时候（5–7天）,健康信息：自评健康状况：一般；医生诊断慢性病：未报告上述疾病；身体疼痛程度：一点；上月平均每天实际睡眠小时数：6小时；是否因健康/残疾不能工作：完全不能工作；多久接受他人帮助：从不,活动信息：高强度体力活动：否；中等强度体力活动：是；中等强度体力活动目的：其他；轻度体力活动：是；轻度体力活动目的：锻炼；上月活动：与朋友交往（不规律）,上网信息：是否使用互联网：是；上网设备：手机；上网用途：看视频；是否用手机支付：否；是否使用微信：是；是否使用微信朋友圈：否,子女信息：子女总数：3个；健在子女数：3个；第1子女：是否工作/上学：工作；婚姻状况：已婚且配偶同住；过去一年同住月数：12个月；第2子女：是否工作/上学：工作；婚姻状况：已婚且配偶同住；过去一年同住月数：0个月；见面频率：每两周；电话/短信/微信联系频率：每两周,工作信息：是否从事农业/家庭农活：无；是否已办理退休：否；是否在工作：否；过去一年总工作天数：0天；上月是否在找工作：否,"基础信息：性别：女；年龄：65岁；城乡类型：城/镇中心
教育信息：教育程度：未读完小学
婚姻信息：婚姻状况：丧偶；是否有人以配偶身份同住：否；上半年独自居住天数：182天；上半年因不与别人同住而受影响程度：0
情绪信息：生活满意度：有点满意；对子女满意度：有点满意；因小事烦恼（过去一周）：有时/中等（3–4天）；感到抑郁（过去一周）：有时/中等（3–4天）；对未来抱有希望（过去一周）：几乎没有（<1天）；感到孤独（过去一周）：大多数时候（5–7天）；感到高兴（过去一周）：有时/中等（3–4天）；睡眠不安（过去一周）：大多数时候（5–7天）
健康信息：自评健康状况：一般；医生诊断慢性病：未报告上述疾病；身体疼痛程度：一点；上月平均每天实际睡眠小时数：6小时；是否因健康/残疾不能工作：完全不能工作；多久接受他人帮助：从不
活动信息：高强度体力活动：否；中等强度体力活动：是；中等强度体力活动目的：其他；轻度体力活动：是；轻度体力活动目的：锻炼；上月活动：与朋友交往（不规律）
上网信息：是否使用互联网：是；上网设备：手机；上网用途：看视频；是否用手机支付：否；是否使用微信：是；是否使用微信朋友圈：否
子女信息：子女总数：3个；健在子女数：3个；第1子女：是否工作/上学：工作；婚姻状况：已婚且配偶同住；过去一年同住月数：12个月；第2子女：是否工作/上学：工作；婚姻状况：已婚且配偶同住；过去一年同住月数：0个月；见面频率：每两周；电话/短信/微信联系频率：每两周
工作信息：是否从事农业/家庭农活：无；是否已办理退休：否；是否在工作：否；过去一年总工作天数：0天；上月是否在找工作：否"
249,292458229001,基础信息：性别：男；年龄：49岁；现居住地地址类型：家庭住房；城乡类型：城/镇中心,教育信息：教育程度：初中,婚姻信息：婚姻状况：已婚且配偶同住；过去一年与配偶同住月数：12个月；上半年独自居住天数：0天；上半年仅与配偶同住天数：23天；上半年因不与别人同住而受影响程度：100,情绪信息：生活满意度：很满意；对子女满意度：很满意；因小事烦恼（过去一周）：少量（1–2天）；感到抑郁（过去一周）：少量（1–2天）；对未来抱有希望（过去一周）：大多数时候（5–7天）；感到孤独（过去一周）：几乎没有（<1天）；感到高兴（过去一周）：大多数时候（5–7天）；睡眠不安（过去一周）：几乎没有（<1天）,健康信息：自评健康状况：很好；医生诊断慢性病：未报告上述疾病；身体疼痛程度：无；上月平均每天实际睡眠小时数：6.5小时；是否因健康/残疾不能工作：没问题；是否因健康/残疾不能做家事：没问题；多久接受他人帮助：从不,活动信息：高强度体力活动：否；中等强度体力活动：是；中等强度体力活动目的：锻炼；轻度体力活动：是；轻度体力活动目的：工作需要；上月活动：与朋友交往（几乎每天）、帮助不住一起的家人朋友邻居（不规律）,上网信息：是否使用互联网：是；上网设备：手机；上网用途：聊天、看新闻、看视频；是否用手机支付：是；是否使用微信：是；是否使用微信朋友圈：是,子女信息：子女总数：2个；健在子女数：2个；第1子女：是否工作/上学：都不；婚姻状况：已婚且配偶同住；过去一年同住月数：0个月；见面频率：每周1次；第2子女：是否工作/上学：上学；婚姻状况：未婚；过去一年同住月数：6个月；见面频率：每半年；电话/短信/微信联系频率：每周1次,工作信息：是否从事农业/家庭农活：有；是否已办理退休：否；是否在工作：是；过去一年总工作天数：365天,"基础信息：性别：男；年龄：49岁；现居住地地址类型：家庭住房；城乡类型：城/镇中心
教育信息：教育程度：初中
婚姻信息：婚姻状况：已婚且配偶同住；过去一年与配偶同住月数：12个月；上半年独自居住天数：0天；上半年仅与配偶同住天数：23天；上半年因不与别人同住而受影响程度：100
情绪信息：生活满意度：很满意；对子女满意度：很满意；因小事烦恼（过去一周）：少量（1–2天）；感到抑郁（过去一周）：少量（1–2天）；对未来抱有希望（过去一周）：大多数时候（5–7天）；感到孤独（过去一周）：几乎没有（<1天）；感到高兴（过去一周）：大多数时候（5–7天）；睡眠不安（过去一周）：几乎没有（<1天）
健康信息：自评健康状况：很好；医生诊断慢性病：未报告上述疾病；身体疼痛程度：无；上月平均每天实际睡眠小时数：6.5小时；是否因健康/残疾不能工作：没问题；是否因健康/残疾不能做家事：没问题；多久接受他人帮助：从不
活动信息：高强度体力活动：否；中等强度体力活动：是；中等强度体力活动目的：锻炼；轻度体力活动：是；轻度体力活动目的：工作需要；上月活动：与朋友交往（几乎每天）、帮助不住一起的家人朋友邻居（不规律）
上网信息：是否使用互联网：是；上网设备：手机；上网用途：聊天、看新闻、看视频；是否用手机支付：是；是否使用微信：是；是否使用微信朋友圈：是
子女信息：子女总数：2个；健在子女数：2个；第1子女：是否工作/上学：都不；婚姻状况：已婚且配偶同住；过去一年同住月数：0个月；见面频率：每周1次；第2子女：是否工作/上学：上学；婚姻状况：未婚；过去一年同住月数：6个月；见面频率：每半年；电话/短信/微信联系频率：每周1次
工作信息：是否从事农业/家庭农活：有；是否已办理退休：否；是否在工作：是；过去一年总工作天数：365天"
250,296331223002,基础信息：性别：男；年龄：52岁；城乡类型：农村,教育信息：教育程度：初中,婚姻信息：婚姻状况：已婚暂分居；过去一年与配偶同住月数：9个月；上半年独自居住天数：112天；上半年仅与配偶同住天数：120天；上半年因不与别人同住而受影响程度：0,情绪信息：生活满意度：有点满意；对子女满意度：有点满意；因小事烦恼（过去一周）：几乎没有（<1天）；感到抑郁（过去一周）：少量（1–2天）；对未来抱有希望（过去一周）：大多数时候（5–7天）；感到孤独（过去一周）：少量（1–2天）；感到高兴（过去一周）：有时/中等（3–4天）；睡眠不安（过去一周）：大多数时候（5–7天）,健康信息：自评健康状况：差；医生诊断慢性病：未报告上述疾病；身体疼痛程度：有些；上月平均每天实际睡眠小时数：6小时；是否因健康/残疾不能工作：完全不能工作；多久接受他人帮助：从不,活动信息：高强度体力活动：否；中等强度体力活动：否；轻度体力活动：是；轻度体力活动目的：工作需要；上月活动：与朋友交往（几乎每周）、帮助不住一起的家人朋友邻居（不规律）,上网信息：是否使用互联网：是；上网设备：手机；上网用途：看新闻、看视频、玩游戏、其他；是否用手机支付：是；是否使用微信：是；是否使用微信朋友圈：是,子女信息：子女总数：2个；健在子女数：2个；第1子女：是否工作/上学：工作；婚姻状况：已婚且配偶同住；过去一年同住月数：0个月；见面频率：每年；电话/短信/微信联系频率：每月；第2子女：是否工作/上学：工作；婚姻状况：已婚且配偶同住；过去一年同住月数：0个月；见面频率：每年；电话/短信/微信联系频率：每两周,工作信息：是否从事农业/家庭农活：有；是否已办理退休：否；是否在工作：是；过去一年总工作天数：20天,"基础信息：性别：男；年龄：52岁；城乡类型：农村
教育信息：教育程度：初中
婚姻信息：婚姻状况：已婚暂分居；过去一年与配偶同住月数：9个月；上半年独自居住天数：112天；上半年仅与配偶同住天数：120天；上半年因不与别人同住而受影响程度：0
情绪信息：生活满意度：有点满意；对子女满意度：有点满意；因小事烦恼（过去一周）：几乎没有（<1天）；感到抑郁（过去一周）：少量（1–2天）；对未来抱有希望（过去一周）：大多数时候（5–7天）；感到孤独（过去一周）：少量（1–2天）；感到高兴（过去一周）：有时/中等（3–4天）；睡眠不安（过去一周）：大多数时候（5–7天）
健康信息：自评健康状况：差；医生诊断慢性病：未报告上述疾病；身体疼痛程度：有些；上月平均每天实际睡眠小时数：6小时；是否因健康/残疾不能工作：完全不能工作；多久接受他人帮助：从不
活动信息：高强度体力活动：否；中等强度体力活动：否；轻度体力活动：是；轻度体力活动目的：工作需要；上月活动：与朋友交往（几乎每周）、帮助不住一起的家人朋友邻居（不规律）
上网信息：是否使用互联网：是；上网设备：手机；上网用途：看新闻、看视频、玩游戏、其他；是否用手机支付：是；是否使用微信：是；是否使用微信朋友圈：是
子女信息：子女总数：2个；健在子女数：2个；第1子女：是否工作/上学：工作；婚姻状况：已婚且配偶同住；过去一年同住月数：0个月；见面频率：每年；电话/短信/微信联系频率：每月；第2子女：是否工作/上学：工作；婚姻状况：已婚且配偶同住；过去一年同住月数：0个月；见面频率：每年；电话/短信/微信联系频率：每两周
工作信息：是否从事农业/家庭农活：有；是否已办理退休：否；是否在工作：是；过去一年总工作天数：20天"
251,104004124001,基础信息：性别：女；年龄：64岁；城乡类型：城/镇中心,教育信息：教育程度：高中,婚姻信息：婚姻状况：已婚且配偶同住；过去一年与配偶同住月数：12个月；上半年独自居住天数：0天；上半年仅与配偶同住天数：0天,情绪信息：生活满意度：很满意；对子女满意度：有点满意；因小事烦恼（过去一周）：几乎没有（<1天）；感到抑郁（过去一周）：几乎没有（<1天）；对未来抱有希望（过去一周）：有时/中等（3–4天）；感到孤独（过去一周）：几乎没有（<1天）；感到高兴（过去一周）：大多数时候（5–7天）；睡眠不安（过去一周）：几乎没有（<1天）,健康信息：自评健康状况：一般；医生诊断慢性病：未报告上述疾病；身体疼痛程度：一点；上月平均每天实际睡眠小时数：7小时；是否因健康/残疾不能工作：没问题；是否因健康/残疾不能做家事：没问题；多久接受他人帮助：偶尔,活动信息：高强度体力活动：否；中等强度体力活动：是；中等强度体力活动目的：锻炼；轻度体力活动：是；轻度体力活动目的：锻炼；上月活动：与朋友交往（不规律）、帮助不住一起的家人朋友邻居（不规律）,上网信息：是否使用互联网：否,子女信息：子女总数：1个；健在子女数：1个；第1子女：是否工作/上学：工作；婚姻状况：未婚；过去一年同住月数：12个月,工作信息：是否从事农业/家庭农活：无；是否在工作：否；过去一年总工作天数：0天；上月是否在找工作：否,"基础信息：性别：女；年龄：64岁；城乡类型：城/镇中心
教育信息：教育程度：高中
婚姻信息：婚姻状况：已婚且配偶同住；过去一年与配偶同住月数：12个月；上半年独自居住天数：0天；上半年仅与配偶同住天数：0天
情绪信息：生活满意度：很满意；对子女满意度：有点满意；因小事烦恼（过去一周）：几乎没有（<1天）；感到抑郁（过去一周）：几乎没有（<1天）；对未来抱有希望（过去一周）：有时/中等（3–4天）；感到孤独（过去一周）：几乎没有（<1天）；感到高兴（过去一周）：大多数时候（5–7天）；睡眠不安（过去一周）：几乎没有（<1天）
健康信息：自评健康状况：一般；医生诊断慢性病：未报告上述疾病；身体疼痛程度：一点；上月平均每天实际睡眠小时数：7小时；是否因健康/残疾不能工作：没问题；是否因健康/残疾不能做家事：没问题；多久接受他人帮助：偶尔
活动信息：高强度体力活动：否；中等强度体力活动：是；中等强度体力活动目的：锻炼；轻度体力活动：是；轻度体力活动目的：锻炼；上月活动：与朋友交往（不规律）、帮助不住一起的家人朋友邻居（不规律）
上网信息：是否使用互联网：否
子女信息：子女总数：1个；健在子女数：1个；第1子女：是否工作/上学：工作；婚姻状况：未婚；过去一年同住月数：12个月
工作信息：是否从事农业/家庭农活：无；是否在工作：否；过去一年总工作天数：0天；上月是否在找工作：否"
252,320146209002,基础信息：性别：男；年龄：55岁；城乡类型：农村,教育信息：教育程度：初中,婚姻信息：婚姻状况：已婚且配偶同住；过去一年与配偶同住月数：12个月；上半年独自居住天数：0天；上半年仅与配偶同住天数：0天,情绪信息：生活满意度：有点满意；对子女满意度：很满意；因小事烦恼（过去一周）：大多数时候（5–7天）；感到抑郁（过去一周）：有时/中等（3–4天）；对未来抱有希望（过去一周）：少量（1–2天）；感到孤独（过去一周）：几乎没有（<1天）；感到高兴（过去一周）：有时/中等（3–4天）；睡眠不安（过去一周）：有时/中等（3–4天）,健康信息：自评健康状况：一般；医生诊断慢性病：未报告上述疾病；身体疼痛程度：无；上月平均每天实际睡眠小时数：2小时；是否因健康/残疾不能工作：没问题；是否因健康/残疾不能做家事：不能长时间；多久接受他人帮助：从不,活动信息：高强度体力活动：否；中等强度体力活动：否；轻度体力活动：是；轻度体力活动目的：锻炼；上月活动：以上都没有,上网信息：是否使用互联网：否,子女信息：子女总数：3个；健在子女数：3个；第1子女：是否工作/上学：工作；婚姻状况：已婚暂分居；过去一年同住月数：0个月；见面频率：每半年；电话/短信/微信联系频率：每周1次；第2子女：是否工作/上学：工作；婚姻状况：已婚暂分居；过去一年同住月数：0个月；见面频率：每半年；电话/短信/微信联系频率：每周1次,工作信息：是否从事农业/家庭农活：无；是否已办理退休：否；是否在工作：是；过去一年总工作天数：300天,"基础信息：性别：男；年龄：55岁；城乡类型：农村
教育信息：教育程度：初中
婚姻信息：婚姻状况：已婚且配偶同住；过去一年与配偶同住月数：12个月；上半年独自居住天数：0天；上半年仅与配偶同住天数：0天
情绪信息：生活满意度：有点满意；对子女满意度：很满意；因小事烦恼（过去一周）：大多数时候（5–7天）；感到抑郁（过去一周）：有时/中等（3–4天）；对未来抱有希望（过去一周）：少量（1–2天）；感到孤独（过去一周）：几乎没有（<1天）；感到高兴（过去一周）：有时/中等（3–4天）；睡眠不安（过去一周）：有时/中等（3–4天）
健康信息：自评健康状况：一般；医生诊断慢性病：未报告上述疾病；身体疼痛程度：无；上月平均每天实际睡眠小时数：2小时；是否因健康/残疾不能工作：没问题；是否因健康/残疾不能做家事：不能长时间；多久接受他人帮助：从不
活动信息：高强度体力活动：否；中等强度体力活动：否；轻度体力活动：是；轻度体力活动目的：锻炼；上月活动：以上都没有
上网信息：是否使用互联网：否
子女信息：子女总数：3个；健在子女数：3个；第1子女：是否工作/上学：工作；婚姻状况：已婚暂分居；过去一年同住月数：0个月；见面频率：每半年；电话/短信/微信联系频率：每周1次；第2子女：是否工作/上学：工作；婚姻状况：已婚暂分居；过去一年同住月数：0个月；见面频率：每半年；电话/短信/微信联系频率：每周1次
工作信息：是否从事农业/家庭农活：无；是否已办理退休：否；是否在工作：是；过去一年总工作天数：300天"
253,58202217002,基础信息：性别：女；年龄：61岁；城乡类型：农村,教育信息：教育程度：未受教育,婚姻信息：婚姻状况：已婚且配偶同住；过去一年与配偶同住月数：12个月；上半年独自居住天数：15天；上半年仅与配偶同住天数：167天；上半年因不与别人同住而受影响程度：0,情绪信息：生活满意度：有点满意；对子女满意度：有点满意；因小事烦恼（过去一周）：有时/中等（3–4天）；感到抑郁（过去一周）：几乎没有（<1天）；对未来抱有希望（过去一周）：少量（1–2天）；感到孤独（过去一周）：有时/中等（3–4天）；感到高兴（过去一周）：有时/中等（3–4天）；睡眠不安（过去一周）：少量（1–2天）,健康信息：自评健康状况：一般；医生诊断慢性病：未报告上述疾病；身体疼痛程度：一点；上月平均每天实际睡眠小时数：4小时；是否因健康/残疾不能工作：完全不能工作；多久接受他人帮助：偶尔,活动信息：高强度体力活动：是；高强度体力活动目的：锻炼；中等强度体力活动：是；中等强度体力活动目的：锻炼；轻度体力活动：是；轻度体力活动目的：工作需要；上月活动：以上都没有,上网信息：是否使用互联网：否,子女信息：子女总数：2个；健在子女数：2个；第1子女：是否工作/上学：工作；婚姻状况：已婚且配偶同住；过去一年同住月数：0个月；见面频率：每年；电话/短信/微信联系频率：每三月；第2子女：是否工作/上学：工作；婚姻状况：已婚且配偶同住；过去一年同住月数：0个月；见面频率：每年；电话/短信/微信联系频率：每三月,工作信息：是否从事农业/家庭农活：有；是否已办理退休：否；是否在工作：是；过去一年总工作天数：246天,"基础信息：性别：女；年龄：61岁；城乡类型：农村
教育信息：教育程度：未受教育
婚姻信息：婚姻状况：已婚且配偶同住；过去一年与配偶同住月数：12个月；上半年独自居住天数：15天；上半年仅与配偶同住天数：167天；上半年因不与别人同住而受影响程度：0
情绪信息：生活满意度：有点满意；对子女满意度：有点满意；因小事烦恼（过去一周）：有时/中等（3–4天）；感到抑郁（过去一周）：几乎没有（<1天）；对未来抱有希望（过去一周）：少量（1–2天）；感到孤独（过去一周）：有时/中等（3–4天）；感到高兴（过去一周）：有时/中等（3–4天）；睡眠不安（过去一周）：少量（1–2天）
健康信息：自评健康状况：一般；医生诊断慢性病：未报告上述疾病；身体疼痛程度：一点；上月平均每天实际睡眠小时数：4小时；是否因健康/残疾不能工作：完全不能工作；多久接受他人帮助：偶尔
活动信息：高强度体力活动：是；高强度体力活动目的：锻炼；中等强度体力活动：是；中等强度体力活动目的：锻炼；轻度体力活动：是；轻度体力活动目的：工作需要；上月活动：以上都没有
上网信息：是否使用互联网：否
子女信息：子女总数：2个；健在子女数：2个；第1子女：是否工作/上学：工作；婚姻状况：已婚且配偶同住；过去一年同住月数：0个月；见面频率：每年；电话/短信/微信联系频率：每三月；第2子女：是否工作/上学：工作；婚姻状况：已婚且配偶同住；过去一年同住月数：0个月；见面频率：每年；电话/短信/微信联系频率：每三月
工作信息：是否从事农业/家庭农活：有；是否已办理退休：否；是否在工作：是；过去一年总工作天数：246天"
254,56043320001,基础信息：性别：男；年龄：53岁；城乡类型：农村,教育信息：教育程度：高中,婚姻信息：婚姻状况：已婚且配偶同住；过去一年与配偶同住月数：12个月；上半年独自居住天数：8天；上半年仅与配偶同住天数：0天；上半年因不与别人同住而受影响程度：0,情绪信息：生活满意度：有点满意；对子女满意度：有点满意；因小事烦恼（过去一周）：几乎没有（<1天）；感到抑郁（过去一周）：几乎没有（<1天）；对未来抱有希望（过去一周）：大多数时候（5–7天）；感到孤独（过去一周）：几乎没有（<1天）；感到高兴（过去一周）：大多数时候（5–7天）；睡眠不安（过去一周）：几乎没有（<1天）,健康信息：自评健康状况：一般；医生诊断慢性病：未报告上述疾病；身体疼痛程度：一点；上月平均每天实际睡眠小时数：7小时；是否因健康/残疾不能工作：没问题；是否因健康/残疾不能做家事：没问题；多久接受他人帮助：从不,活动信息：高强度体力活动：否；中等强度体力活动：是；中等强度体力活动目的：锻炼；轻度体力活动：是；轻度体力活动目的：锻炼；上月活动：以上都没有,上网信息：是否使用互联网：是；上网设备：手机；上网用途：看新闻、看视频；是否用手机支付：是；是否使用微信：是；是否使用微信朋友圈：是,子女信息：子女总数：1个；健在子女数：1个；第1子女：是否工作/上学：工作；婚姻状况：已婚且配偶同住；过去一年同住月数：1个月；见面频率：每年；电话/短信/微信联系频率：每周2–3次,工作信息：是否从事农业/家庭农活：有；是否已办理退休：否；是否在工作：是；过去一年总工作天数：60天,"基础信息：性别：男；年龄：53岁；城乡类型：农村
教育信息：教育程度：高中
婚姻信息：婚姻状况：已婚且配偶同住；过去一年与配偶同住月数：12个月；上半年独自居住天数：8天；上半年仅与配偶同住天数：0天；上半年因不与别人同住而受影响程度：0
情绪信息：生活满意度：有点满意；对子女满意度：有点满意；因小事烦恼（过去一周）：几乎没有（<1天）；感到抑郁（过去一周）：几乎没有（<1天）；对未来抱有希望（过去一周）：大多数时候（5–7天）；感到孤独（过去一周）：几乎没有（<1天）；感到高兴（过去一周）：大多数时候（5–7天）；睡眠不安（过去一周）：几乎没有（<1天）
健康信息：自评健康状况：一般；医生诊断慢性病：未报告上述疾病；身体疼痛程度：一点；上月平均每天实际睡眠小时数：7小时；是否因健康/残疾不能工作：没问题；是否因健康/残疾不能做家事：没问题；多久接受他人帮助：从不
活动信息：高强度体力活动：否；中等强度体力活动：是；中等强度体力活动目的：锻炼；轻度体力活动：是；轻度体力活动目的：锻炼；上月活动：以上都没有
上网信息：是否使用互联网：是；上网设备：手机；上网用途：看新闻、看视频；是否用手机支付：是；是否使用微信：是；是否使用微信朋友圈：是
子女信息：子女总数：1个；健在子女数：1个；第1子女：是否工作/上学：工作；婚姻状况：已婚且配偶同住；过去一年同住月数：1个月；见面频率：每年；电话/短信/微信联系频率：每周2–3次
工作信息：是否从事农业/家庭农活：有；是否已办理退休：否；是否在工作：是；过去一年总工作天数：60天"
255,34676202001,基础信息：性别：女；年龄：56岁；城乡类型：农村,教育信息：教育程度：未受教育,婚姻信息：婚姻状况：丧偶；是否有人以配偶身份同住：否；上半年独自居住天数：0天,情绪信息：生活满意度：有点满意；对子女满意度：有点满意；因小事烦恼（过去一周）：少量（1–2天）；感到抑郁（过去一周）：有时/中等（3–4天）；对未来抱有希望（过去一周）：几乎没有（<1天）；感到孤独（过去一周）：少量（1–2天）；感到高兴（过去一周）：几乎没有（<1天）；睡眠不安（过去一周）：少量（1–2天）,健康信息：自评健康状况：差；医生诊断慢性病：记忆相关疾病；身体疼痛程度：一点；上月平均每天实际睡眠小时数：8小时；是否因健康/残疾不能工作：不能长时间工作；是否因健康/残疾不能做家事：不能长时间；多久接受他人帮助：偶尔,活动信息：高强度体力活动：否；中等强度体力活动：是；中等强度体力活动目的：锻炼；轻度体力活动：是；轻度体力活动目的：锻炼；上月活动：与朋友交往（几乎每周）、帮助不住一起的家人朋友邻居（几乎每周）、参加运动/社交等俱乐部（几乎每天）、参加社区相关组织（不规律）,上网信息：是否使用互联网：否,子女信息：子女总数：3个；健在子女数：3个；第1子女：是否工作/上学：工作；婚姻状况：已婚且配偶同住；过去一年同住月数：12个月；第2子女：是否工作/上学：都不；婚姻状况：已婚且配偶同住；过去一年同住月数：1个月；见面频率：每月；电话/短信/微信联系频率：每周2–3次,工作信息：是否从事农业/家庭农活：无；是否已办理退休：否；是否在工作：否；过去一年总工作天数：0天；上月是否在找工作：否,"基础信息：性别：女；年龄：56岁；城乡类型：农村
教育信息：教育程度：未受教育
婚姻信息：婚姻状况：丧偶；是否有人以配偶身份同住：否；上半年独自居住天数：0天
情绪信息：生活满意度：有点满意；对子女满意度：有点满意；因小事烦恼（过去一周）：少量（1–2天）；感到抑郁（过去一周）：有时/中等（3–4天）；对未来抱有希望（过去一周）：几乎没有（<1天）；感到孤独（过去一周）：少量（1–2天）；感到高兴（过去一周）：几乎没有（<1天）；睡眠不安（过去一周）：少量（1–2天）
健康信息：自评健康状况：差；医生诊断慢性病：记忆相关疾病；身体疼痛程度：一点；上月平均每天实际睡眠小时数：8小时；是否因健康/残疾不能工作：不能长时间工作；是否因健康/残疾不能做家事：不能长时间；多久接受他人帮助：偶尔
活动信息：高强度体力活动：否；中等强度体力活动：是；中等强度体力活动目的：锻炼；轻度体力活动：是；轻度体力活动目的：锻炼；上月活动：与朋友交往（几乎每周）、帮助不住一起的家人朋友邻居（几乎每周）、参加运动/社交等俱乐部（几乎每天）、参加社区相关组织（不规律）
上网信息：是否使用互联网：否
子女信息：子女总数：3个；健在子女数：3个；第1子女：是否工作/上学：工作；婚姻状况：已婚且配偶同住；过去一年同住月数：12个月；第2子女：是否工作/上学：都不；婚姻状况：已婚且配偶同住；过去一年同住月数：1个月；见面频率：每月；电话/短信/微信联系频率：每周2–3次
工作信息：是否从事农业/家庭农活：无；是否已办理退休：否；是否在工作：否；过去一年总工作天数：0天；上月是否在找工作：否"
256,151156304001,基础信息：性别：男；年龄：56岁；城乡类型：农村,教育信息：教育程度：初中,婚姻信息：婚姻状况：已婚且配偶同住；过去一年与配偶同住月数：12个月；上半年独自居住天数：0天；上半年仅与配偶同住天数：0天,情绪信息：生活满意度：有点满意；对子女满意度：很满意；因小事烦恼（过去一周）：大多数时候（5–7天）；感到抑郁（过去一周）：几乎没有（<1天）；对未来抱有希望（过去一周）：大多数时候（5–7天）；感到孤独（过去一周）：几乎没有（<1天）；感到高兴（过去一周）：有时/中等（3–4天）；睡眠不安（过去一周）：几乎没有（<1天）,健康信息：自评健康状况：一般；医生诊断慢性病：未报告上述疾病；身体疼痛程度：非常；上月平均每天实际睡眠小时数：9小时；是否因健康/残疾不能工作：不能长时间工作；是否因健康/残疾不能做家事：没问题；多久接受他人帮助：从不,活动信息：高强度体力活动：是；高强度体力活动目的：锻炼；中等强度体力活动：是；中等强度体力活动目的：锻炼；轻度体力活动：是；轻度体力活动目的：锻炼；上月活动：与朋友交往（不规律）,上网信息：是否使用互联网：是；上网设备：手机；上网用途：看新闻；是否用手机支付：否；是否使用微信：是；是否使用微信朋友圈：是,子女信息：子女总数：2个；健在子女数：2个；第1子女：是否工作/上学：工作；婚姻状况：已婚且配偶同住；过去一年同住月数：1个月；见面频率：每年；电话/短信/微信联系频率：每月；第2子女：是否工作/上学：工作；婚姻状况：已婚且配偶同住；过去一年同住月数：0个月；见面频率：每三月；电话/短信/微信联系频率：每月,工作信息：是否从事农业/家庭农活：有；是否已办理退休：否；是否在工作：是；过去一年总工作天数：200天,"基础信息：性别：男；年龄：56岁；城乡类型：农村
教育信息：教育程度：初中
婚姻信息：婚姻状况：已婚且配偶同住；过去一年与配偶同住月数：12个月；上半年独自居住天数：0天；上半年仅与配偶同住天数：0天
情绪信息：生活满意度：有点满意；对子女满意度：很满意；因小事烦恼（过去一周）：大多数时候（5–7天）；感到抑郁（过去一周）：几乎没有（<1天）；对未来抱有希望（过去一周）：大多数时候（5–7天）；感到孤独（过去一周）：几乎没有（<1天）；感到高兴（过去一周）：有时/中等（3–4天）；睡眠不安（过去一周）：几乎没有（<1天）
健康信息：自评健康状况：一般；医生诊断慢性病：未报告上述疾病；身体疼痛程度：非常；上月平均每天实际睡眠小时数：9小时；是否因健康/残疾不能工作：不能长时间工作；是否因健康/残疾不能做家事：没问题；多久接受他人帮助：从不
活动信息：高强度体力活动：是；高强度体力活动目的：锻炼；中等强度体力活动：是；中等强度体力活动目的：锻炼；轻度体力活动：是；轻度体力活动目的：锻炼；上月活动：与朋友交往（不规律）
上网信息：是否使用互联网：是；上网设备：手机；上网用途：看新闻；是否用手机支付：否；是否使用微信：是；是否使用微信朋友圈：是
子女信息：子女总数：2个；健在子女数：2个；第1子女：是否工作/上学：工作；婚姻状况：已婚且配偶同住；过去一年同住月数：1个月；见面频率：每年；电话/短信/微信联系频率：每月；第2子女：是否工作/上学：工作；婚姻状况：已婚且配偶同住；过去一年同住月数：0个月；见面频率：每三月；电话/短信/微信联系频率：每月
工作信息：是否从事农业/家庭农活：有；是否已办理退休：否；是否在工作：是；过去一年总工作天数：200天"
257,105381333002,基础信息：性别：男；年龄：48岁；城乡类型：农村,教育信息：教育程度：小学,婚姻信息：婚姻状况：已婚且配偶同住；过去一年与配偶同住月数：12个月；上半年独自居住天数：0天；上半年仅与配偶同住天数：140天；上半年因不与别人同住而受影响程度：100,情绪信息：生活满意度：有点满意；对子女满意度：有点满意；感到抑郁（过去一周）：几乎没有（<1天）；对未来抱有希望（过去一周）：几乎没有（<1天）；感到孤独（过去一周）：几乎没有（<1天）；感到高兴（过去一周）：大多数时候（5–7天）；睡眠不安（过去一周）：少量（1–2天）,健康信息：自评健康状况：一般；医生诊断慢性病：慢性肺部疾病；身体疼痛程度：相当；上月平均每天实际睡眠小时数：7小时；是否因健康/残疾不能工作：不能长时间工作；是否因健康/残疾不能做家事：没问题；多久接受他人帮助：从不,活动信息：高强度体力活动：是；高强度体力活动目的：工作需要；中等强度体力活动：否；轻度体力活动：是；轻度体力活动目的：娱乐；上月活动：与朋友交往（不规律）,上网信息：是否使用互联网：是；上网设备：手机；上网用途：聊天、看视频；是否用手机支付：否；是否使用微信：是；是否使用微信朋友圈：否,子女信息：子女总数：2个；健在子女数：2个；第1子女：是否工作/上学：都不；婚姻状况：已婚且配偶同住；过去一年同住月数：0个月；见面频率：每半年；电话/短信/微信联系频率：每周1次；第2子女：是否工作/上学：工作；婚姻状况：已婚且配偶同住；过去一年同住月数：0个月；见面频率：每三月；电话/短信/微信联系频率：每周1次,工作信息：是否从事农业/家庭农活：有；是否已办理退休：否；是否在工作：是；过去一年总工作天数：240天,"基础信息：性别：男；年龄：48岁；城乡类型：农村
教育信息：教育程度：小学
婚姻信息：婚姻状况：已婚且配偶同住；过去一年与配偶同住月数：12个月；上半年独自居住天数：0天；上半年仅与配偶同住天数：140天；上半年因不与别人同住而受影响程度：100
情绪信息：生活满意度：有点满意；对子女满意度：有点满意；感到抑郁（过去一周）：几乎没有（<1天）；对未来抱有希望（过去一周）：几乎没有（<1天）；感到孤独（过去一周）：几乎没有（<1天）；感到高兴（过去一周）：大多数时候（5–7天）；睡眠不安（过去一周）：少量（1–2天）
健康信息：自评健康状况：一般；医生诊断慢性病：慢性肺部疾病；身体疼痛程度：相当；上月平均每天实际睡眠小时数：7小时；是否因健康/残疾不能工作：不能长时间工作；是否因健康/残疾不能做家事：没问题；多久接受他人帮助：从不
活动信息：高强度体力活动：是；高强度体力活动目的：工作需要；中等强度体力活动：否；轻度体力活动：是；轻度体力活动目的：娱乐；上月活动：与朋友交往（不规律）
上网信息：是否使用互联网：是；上网设备：手机；上网用途：聊天、看视频；是否用手机支付：否；是否使用微信：是；是否使用微信朋友圈：否
子女信息：子女总数：2个；健在子女数：2个；第1子女：是否工作/上学：都不；婚姻状况：已婚且配偶同住；过去一年同住月数：0个月；见面频率：每半年；电话/短信/微信联系频率：每周1次；第2子女：是否工作/上学：工作；婚姻状况：已婚且配偶同住；过去一年同住月数：0个月；见面频率：每三月；电话/短信/微信联系频率：每周1次
工作信息：是否从事农业/家庭农活：有；是否已办理退休：否；是否在工作：是；过去一年总工作天数：240天"
258,194037120001,基础信息：性别：女；年龄：57岁；城乡类型：农村,教育信息：教育程度：初中,婚姻信息：婚姻状况：已婚且配偶同住；过去一年与配偶同住月数：12个月；上半年独自居住天数：0天；上半年仅与配偶同住天数：180天；上半年因不与别人同住而受影响程度：100,情绪信息：生活满意度：有点满意；对子女满意度：很满意；因小事烦恼（过去一周）：几乎没有（<1天）；感到抑郁（过去一周）：几乎没有（<1天）；对未来抱有希望（过去一周）：大多数时候（5–7天）；感到孤独（过去一周）：几乎没有（<1天）；感到高兴（过去一周）：大多数时候（5–7天）；睡眠不安（过去一周）：几乎没有（<1天）,健康信息：自评健康状况：差；医生诊断慢性病：慢性肺部疾病；身体疼痛程度：非常；上月平均每天实际睡眠小时数：6小时；是否因健康/残疾不能工作：不能长时间工作；是否因健康/残疾不能做家事：没问题；多久接受他人帮助：从不,活动信息：高强度体力活动：是；高强度体力活动目的：其他；中等强度体力活动：是；中等强度体力活动目的：其他；轻度体力活动：是；轻度体力活动目的：其他；上月活动：以上都没有,上网信息：是否使用互联网：是；上网设备：手机；上网用途：聊天、看新闻、看视频；是否用手机支付：否；是否使用微信：是；是否使用微信朋友圈：否,子女信息：子女总数：2个；健在子女数：2个；第1子女：是否工作/上学：工作；婚姻状况：未婚；过去一年同住月数：3个月；见面频率：每两周；电话/短信/微信联系频率：每周2–3次；第2子女：是否工作/上学：工作；婚姻状况：离婚；过去一年同住月数：2个月；见面频率：每周1次,工作信息：是否从事农业/家庭农活：有；是否已办理退休：否；是否在工作：是；过去一年总工作天数：12天,"基础信息：性别：女；年龄：57岁；城乡类型：农村
教育信息：教育程度：初中
婚姻信息：婚姻状况：已婚且配偶同住；过去一年与配偶同住月数：12个月；上半年独自居住天数：0天；上半年仅与配偶同住天数：180天；上半年因不与别人同住而受影响程度：100
情绪信息：生活满意度：有点满意；对子女满意度：很满意；因小事烦恼（过去一周）：几乎没有（<1天）；感到抑郁（过去一周）：几乎没有（<1天）；对未来抱有希望（过去一周）：大多数时候（5–7天）；感到孤独（过去一周）：几乎没有（<1天）；感到高兴（过去一周）：大多数时候（5–7天）；睡眠不安（过去一周）：几乎没有（<1天）
健康信息：自评健康状况：差；医生诊断慢性病：慢性肺部疾病；身体疼痛程度：非常；上月平均每天实际睡眠小时数：6小时；是否因健康/残疾不能工作：不能长时间工作；是否因健康/残疾不能做家事：没问题；多久接受他人帮助：从不
活动信息：高强度体力活动：是；高强度体力活动目的：其他；中等强度体力活动：是；中等强度体力活动目的：其他；轻度体力活动：是；轻度体力活动目的：其他；上月活动：以上都没有
上网信息：是否使用互联网：是；上网设备：手机；上网用途：聊天、看新闻、看视频；是否用手机支付：否；是否使用微信：是；是否使用微信朋友圈：否
子女信息：子女总数：2个；健在子女数：2个；第1子女：是否工作/上学：工作；婚姻状况：未婚；过去一年同住月数：3个月；见面频率：每两周；电话/短信/微信联系频率：每周2–3次；第2子女：是否工作/上学：工作；婚姻状况：离婚；过去一年同住月数：2个月；见面频率：每周1次
工作信息：是否从事农业/家庭农活：有；是否已办理退休：否；是否在工作：是；过去一年总工作天数：12天"
259,154676113001,基础信息：性别：女；年龄：87岁；城乡类型：农村,教育信息：教育程度：未受教育,婚姻信息：婚姻状况：丧偶；是否有人以配偶身份同住：否；上半年独自居住天数：180天；上半年因不与别人同住而受影响程度：0,情绪信息：生活满意度：非常满意；对子女满意度：非常满意；因小事烦恼（过去一周）：几乎没有（<1天）；感到抑郁（过去一周）：几乎没有（<1天）；对未来抱有希望（过去一周）：几乎没有（<1天）；感到孤独（过去一周）：几乎没有（<1天）；感到高兴（过去一周）：大多数时候（5–7天）；睡眠不安（过去一周）：几乎没有（<1天）,健康信息：自评健康状况：好；医生诊断慢性病：未报告上述疾病；身体疼痛程度：无；上月平均每天实际睡眠小时数：8小时；是否因健康/残疾不能工作：没问题；是否因健康/残疾不能做家事：没问题；多久接受他人帮助：偶尔,活动信息：高强度体力活动：否；中等强度体力活动：否；轻度体力活动：否；上月活动：以上都没有,上网信息：是否使用互联网：否,子女信息：子女总数：4个；健在子女数：4个；第1子女：是否工作/上学：工作；婚姻状况：已婚且配偶同住；过去一年同住月数：0个月；见面频率：几乎每天；第2子女：是否工作/上学：工作；婚姻状况：已婚且配偶同住；过去一年同住月数：0个月；见面频率：几乎每天,工作信息：是否从事农业/家庭农活：无；是否已办理退休：否；是否在工作：否；过去一年总工作天数：0天；上月是否在找工作：否,"基础信息：性别：女；年龄：87岁；城乡类型：农村
教育信息：教育程度：未受教育
婚姻信息：婚姻状况：丧偶；是否有人以配偶身份同住：否；上半年独自居住天数：180天；上半年因不与别人同住而受影响程度：0
情绪信息：生活满意度：非常满意；对子女满意度：非常满意；因小事烦恼（过去一周）：几乎没有（<1天）；感到抑郁（过去一周）：几乎没有（<1天）；对未来抱有希望（过去一周）：几乎没有（<1天）；感到孤独（过去一周）：几乎没有（<1天）；感到高兴（过去一周）：大多数时候（5–7天）；睡眠不安（过去一周）：几乎没有（<1天）
健康信息：自评健康状况：好；医生诊断慢性病：未报告上述疾病；身体疼痛程度：无；上月平均每天实际睡眠小时数：8小时；是否因健康/残疾不能工作：没问题；是否因健康/残疾不能做家事：没问题；多久接受他人帮助：偶尔
活动信息：高强度体力活动：否；中等强度体力活动：否；轻度体力活动：否；上月活动：以上都没有
上网信息：是否使用互联网：否
子女信息：子女总数：4个；健在子女数：4个；第1子女：是否工作/上学：工作；婚姻状况：已婚且配偶同住；过去一年同住月数：0个月；见面频率：几乎每天；第2子女：是否工作/上学：工作；婚姻状况：已婚且配偶同住；过去一年同住月数：0个月；见面频率：几乎每天
工作信息：是否从事农业/家庭农活：无；是否已办理退休：否；是否在工作：否；过去一年总工作天数：0天；上月是否在找工作：否"
260,166006327001,基础信息：性别：男；年龄：58岁；现居住地地址类型：其他；城乡类型：特殊地区,教育信息：教育程度：初中,婚姻信息：婚姻状况：已婚暂分居；过去一年与配偶同住月数：2个月；上半年独自居住天数：131天；上半年仅与配偶同住天数：49天；上半年因不与别人同住而受影响程度：16,情绪信息：生活满意度：完全不满意；对子女满意度：有点满意；因小事烦恼（过去一周）：少量（1–2天）；感到抑郁（过去一周）：少量（1–2天）；对未来抱有希望（过去一周）：少量（1–2天）；感到孤独（过去一周）：少量（1–2天）；感到高兴（过去一周）：少量（1–2天）；睡眠不安（过去一周）：几乎没有（<1天）,健康信息：自评健康状况：一般；医生诊断慢性病：记忆相关疾病；身体疼痛程度：无；上月平均每天实际睡眠小时数：8小时；是否因健康/残疾不能工作：没问题；是否因健康/残疾不能做家事：没问题；多久接受他人帮助：从不,活动信息：高强度体力活动：否；中等强度体力活动：是；中等强度体力活动目的：工作需要；轻度体力活动：是；轻度体力活动目的：工作需要；上月活动：与朋友交往（几乎每天）,上网信息：是否使用互联网：是；上网设备：手机；上网用途：聊天、看新闻、看视频；是否用手机支付：否；是否使用微信：是；是否使用微信朋友圈：否,子女信息：子女总数：2个；健在子女数：2个；第1子女：是否工作/上学：工作；婚姻状况：未婚；过去一年同住月数：5个月；见面频率：每半年；电话/短信/微信联系频率：每两周；第2子女：是否工作/上学：都不；婚姻状况：已婚暂分居；过去一年同住月数：0个月；见面频率：每半年；电话/短信/微信联系频率：每两周,工作信息：是否从事农业/家庭农活：无；是否已办理退休：否；是否在工作：是；过去一年总工作天数：200天,"基础信息：性别：男；年龄：58岁；现居住地地址类型：其他；城乡类型：特殊地区
教育信息：教育程度：初中
婚姻信息：婚姻状况：已婚暂分居；过去一年与配偶同住月数：2个月；上半年独自居住天数：131天；上半年仅与配偶同住天数：49天；上半年因不与别人同住而受影响程度：16
情绪信息：生活满意度：完全不满意；对子女满意度：有点满意；因小事烦恼（过去一周）：少量（1–2天）；感到抑郁（过去一周）：少量（1–2天）；对未来抱有希望（过去一周）：少量（1–2天）；感到孤独（过去一周）：少量（1–2天）；感到高兴（过去一周）：少量（1–2天）；睡眠不安（过去一周）：几乎没有（<1天）
健康信息：自评健康状况：一般；医生诊断慢性病：记忆相关疾病；身体疼痛程度：无；上月平均每天实际睡眠小时数：8小时；是否因健康/残疾不能工作：没问题；是否因健康/残疾不能做家事：没问题；多久接受他人帮助：从不
活动信息：高强度体力活动：否；中等强度体力活动：是；中等强度体力活动目的：工作需要；轻度体力活动：是；轻度体力活动目的：工作需要；上月活动：与朋友交往（几乎每天）
上网信息：是否使用互联网：是；上网设备：手机；上网用途：聊天、看新闻、看视频；是否用手机支付：否；是否使用微信：是；是否使用微信朋友圈：否
子女信息：子女总数：2个；健在子女数：2个；第1子女：是否工作/上学：工作；婚姻状况：未婚；过去一年同住月数：5个月；见面频率：每半年；电话/短信/微信联系频率：每两周；第2子女：是否工作/上学：都不；婚姻状况：已婚暂分居；过去一年同住月数：0个月；见面频率：每半年；电话/短信/微信联系频率：每两周
工作信息：是否从事农业/家庭农活：无；是否已办理退休：否；是否在工作：是；过去一年总工作天数：200天"
261,105102207001,基础信息：性别：女；年龄：56岁；城乡类型：城/镇中心,教育信息：教育程度：初中,婚姻信息：婚姻状况：已婚且配偶同住；过去一年与配偶同住月数：12个月；上半年独自居住天数：0天；上半年仅与配偶同住天数：180天；上半年因不与别人同住而受影响程度：0,情绪信息：生活满意度：有点满意；对子女满意度：很满意；因小事烦恼（过去一周）：有时/中等（3–4天）；感到抑郁（过去一周）：有时/中等（3–4天）；对未来抱有希望（过去一周）：有时/中等（3–4天）；感到孤独（过去一周）：有时/中等（3–4天）；感到高兴（过去一周）：有时/中等（3–4天）；睡眠不安（过去一周）：大多数时候（5–7天）,健康信息：自评健康状况：一般；医生诊断慢性病：血脂异常、白内障或其他视力问题；身体疼痛程度：相当；上月平均每天实际睡眠小时数：4小时；是否因健康/残疾不能工作：没问题；是否因健康/残疾不能做家事：不能长时间；多久接受他人帮助：偶尔,活动信息：高强度体力活动：否；中等强度体力活动：是；中等强度体力活动目的：其他；轻度体力活动：是；轻度体力活动目的：锻炼；上月活动：与朋友交往（几乎每天）、帮助不住一起的家人朋友邻居（不规律）、参加社区相关组织（不规律）、做志愿/慈善或照顾不住一起的病弱者（不规律）,上网信息：是否使用互联网：是；上网设备：手机；上网用途：聊天、看新闻、看视频、玩游戏；是否用手机支付：是；是否使用微信：是；是否使用微信朋友圈：是,子女信息：子女总数：1个；健在子女数：1个；第1子女：是否工作/上学：工作；婚姻状况：未婚；过去一年同住月数：1个月；见面频率：每半年；电话/短信/微信联系频率：几乎每天,工作信息：是否从事农业/家庭农活：无；是否在工作：否；过去一年总工作天数：0天；上月是否在找工作：否,"基础信息：性别：女；年龄：56岁；城乡类型：城/镇中心
教育信息：教育程度：初中
婚姻信息：婚姻状况：已婚且配偶同住；过去一年与配偶同住月数：12个月；上半年独自居住天数：0天；上半年仅与配偶同住天数：180天；上半年因不与别人同住而受影响程度：0
情绪信息：生活满意度：有点满意；对子女满意度：很满意；因小事烦恼（过去一周）：有时/中等（3–4天）；感到抑郁（过去一周）：有时/中等（3–4天）；对未来抱有希望（过去一周）：有时/中等（3–4天）；感到孤独（过去一周）：有时/中等（3–4天）；感到高兴（过去一周）：有时/中等（3–4天）；睡眠不安（过去一周）：大多数时候（5–7天）
健康信息：自评健康状况：一般；医生诊断慢性病：血脂异常、白内障或其他视力问题；身体疼痛程度：相当；上月平均每天实际睡眠小时数：4小时；是否因健康/残疾不能工作：没问题；是否因健康/残疾不能做家事：不能长时间；多久接受他人帮助：偶尔
活动信息：高强度体力活动：否；中等强度体力活动：是；中等强度体力活动目的：其他；轻度体力活动：是；轻度体力活动目的：锻炼；上月活动：与朋友交往（几乎每天）、帮助不住一起的家人朋友邻居（不规律）、参加社区相关组织（不规律）、做志愿/慈善或照顾不住一起的病弱者（不规律）
上网信息：是否使用互联网：是；上网设备：手机；上网用途：聊天、看新闻、看视频、玩游戏；是否用手机支付：是；是否使用微信：是；是否使用微信朋友圈：是
子女信息：子女总数：1个；健在子女数：1个；第1子女：是否工作/上学：工作；婚姻状况：未婚；过去一年同住月数：1个月；见面频率：每半年；电话/短信/微信联系频率：几乎每天
工作信息：是否从事农业/家庭农活：无；是否在工作：否；过去一年总工作天数：0天；上月是否在找工作：否"
262,56604114001,基础信息：性别：男；年龄：65岁；城乡类型：农村,教育信息：教育程度：未读完小学,婚姻信息：婚姻状况：已婚且配偶同住；过去一年与配偶同住月数：12个月；上半年独自居住天数：0天；上半年仅与配偶同住天数：90天；上半年因不与别人同住而受影响程度：0,情绪信息：生活满意度：有点满意；对子女满意度：有点满意；因小事烦恼（过去一周）：少量（1–2天）；感到抑郁（过去一周）：有时/中等（3–4天）；对未来抱有希望（过去一周）：有时/中等（3–4天）；感到孤独（过去一周）：少量（1–2天）；感到高兴（过去一周）：有时/中等（3–4天）；睡眠不安（过去一周）：少量（1–2天）,健康信息：自评健康状况：一般；医生诊断慢性病：慢性肺部疾病；身体疼痛程度：无；上月平均每天实际睡眠小时数：5小时；是否因健康/残疾不能工作：没问题；是否因健康/残疾不能做家事：没问题；多久接受他人帮助：从不,活动信息：高强度体力活动：是；高强度体力活动目的：工作需要；中等强度体力活动：否；轻度体力活动：是；轻度体力活动目的：娱乐；上月活动：以上都没有,上网信息：是否使用互联网：否,子女信息：子女总数：3个；健在子女数：3个；第1子女：是否工作/上学：工作；婚姻状况：未婚；过去一年同住月数：0个月；见面频率：每年；电话/短信/微信联系频率：每两周；第2子女：是否工作/上学：工作；婚姻状况：已婚且配偶同住；过去一年同住月数：0个月；见面频率：每年；电话/短信/微信联系频率：每两周,工作信息：是否从事农业/家庭农活：有；是否已办理退休：否；是否在工作：是；过去一年总工作天数：336天,"基础信息：性别：男；年龄：65岁；城乡类型：农村
教育信息：教育程度：未读完小学
婚姻信息：婚姻状况：已婚且配偶同住；过去一年与配偶同住月数：12个月；上半年独自居住天数：0天；上半年仅与配偶同住天数：90天；上半年因不与别人同住而受影响程度：0
情绪信息：生活满意度：有点满意；对子女满意度：有点满意；因小事烦恼（过去一周）：少量（1–2天）；感到抑郁（过去一周）：有时/中等（3–4天）；对未来抱有希望（过去一周）：有时/中等（3–4天）；感到孤独（过去一周）：少量（1–2天）；感到高兴（过去一周）：有时/中等（3–4天）；睡眠不安（过去一周）：少量（1–2天）
健康信息：自评健康状况：一般；医生诊断慢性病：慢性肺部疾病；身体疼痛程度：无；上月平均每天实际睡眠小时数：5小时；是否因健康/残疾不能工作：没问题；是否因健康/残疾不能做家事：没问题；多久接受他人帮助：从不
活动信息：高强度体力活动：是；高强度体力活动目的：工作需要；中等强度体力活动：否；轻度体力活动：是；轻度体力活动目的：娱乐；上月活动：以上都没有
上网信息：是否使用互联网：否
子女信息：子女总数：3个；健在子女数：3个；第1子女：是否工作/上学：工作；婚姻状况：未婚；过去一年同住月数：0个月；见面频率：每年；电话/短信/微信联系频率：每两周；第2子女：是否工作/上学：工作；婚姻状况：已婚且配偶同住；过去一年同住月数：0个月；见面频率：每年；电话/短信/微信联系频率：每两周
工作信息：是否从事农业/家庭农活：有；是否已办理退休：否；是否在工作：是；过去一年总工作天数：336天"
263,151156309002,基础信息：性别：女；年龄：61岁；城乡类型：城/镇中心,教育信息：教育程度：大专,婚姻信息：婚姻状况：已婚且配偶同住；过去一年与配偶同住月数：12个月；上半年独自居住天数：30天；上半年仅与配偶同住天数：180天；上半年因不与别人同住而受影响程度：0,情绪信息：生活满意度：有点满意；对子女满意度：有点满意；因小事烦恼（过去一周）：有时/中等（3–4天）；感到抑郁（过去一周）：几乎没有（<1天）；对未来抱有希望（过去一周）：大多数时候（5–7天）；感到孤独（过去一周）：几乎没有（<1天）；感到高兴（过去一周）：大多数时候（5–7天）；睡眠不安（过去一周）：少量（1–2天）,健康信息：自评健康状况：好；医生诊断慢性病：未报告上述疾病；身体疼痛程度：无；上月平均每天实际睡眠小时数：6小时；是否因健康/残疾不能工作：没问题；是否因健康/残疾不能做家事：没问题；多久接受他人帮助：从不,活动信息：高强度体力活动：否；中等强度体力活动：是；中等强度体力活动目的：锻炼；轻度体力活动：是；轻度体力活动目的：锻炼；上月活动：与朋友交往（几乎每天）、参加社区相关组织（不规律）、做志愿/慈善或照顾不住一起的病弱者（几乎每天）,上网信息：是否使用互联网：是；上网设备：台式电脑、手机；上网用途：聊天、看新闻、看视频、理财；是否用手机支付：是；是否使用微信：是；是否使用微信朋友圈：是,子女信息：子女总数：2个；健在子女数：2个；第1子女：是否工作/上学：工作；婚姻状况：未婚；过去一年同住月数：0个月；见面频率：每年；电话/短信/微信联系频率：每两周；第2子女：是否工作/上学：工作；婚姻状况：已婚且配偶同住；过去一年同住月数：0个月；见面频率：每半年；电话/短信/微信联系频率：每三月,工作信息：是否从事农业/家庭农活：无；是否在工作：否；过去一年总工作天数：0天；上月是否在找工作：否,"基础信息：性别：女；年龄：61岁；城乡类型：城/镇中心
教育信息：教育程度：大专
婚姻信息：婚姻状况：已婚且配偶同住；过去一年与配偶同住月数：12个月；上半年独自居住天数：30天；上半年仅与配偶同住天数：180天；上半年因不与别人同住而受影响程度：0
情绪信息：生活满意度：有点满意；对子女满意度：有点满意；因小事烦恼（过去一周）：有时/中等（3–4天）；感到抑郁（过去一周）：几乎没有（<1天）；对未来抱有希望（过去一周）：大多数时候（5–7天）；感到孤独（过去一周）：几乎没有（<1天）；感到高兴（过去一周）：大多数时候（5–7天）；睡眠不安（过去一周）：少量（1–2天）
健康信息：自评健康状况：好；医生诊断慢性病：未报告上述疾病；身体疼痛程度：无；上月平均每天实际睡眠小时数：6小时；是否因健康/残疾不能工作：没问题；是否因健康/残疾不能做家事：没问题；多久接受他人帮助：从不
活动信息：高强度体力活动：否；中等强度体力活动：是；中等强度体力活动目的：锻炼；轻度体力活动：是；轻度体力活动目的：锻炼；上月活动：与朋友交往（几乎每天）、参加社区相关组织（不规律）、做志愿/慈善或照顾不住一起的病弱者（几乎每天）
上网信息：是否使用互联网：是；上网设备：台式电脑、手机；上网用途：聊天、看新闻、看视频、理财；是否用手机支付：是；是否使用微信：是；是否使用微信朋友圈：是
子女信息：子女总数：2个；健在子女数：2个；第1子女：是否工作/上学：工作；婚姻状况：未婚；过去一年同住月数：0个月；见面频率：每年；电话/短信/微信联系频率：每两周；第2子女：是否工作/上学：工作；婚姻状况：已婚且配偶同住；过去一年同住月数：0个月；见面频率：每半年；电话/短信/微信联系频率：每三月
工作信息：是否从事农业/家庭农活：无；是否在工作：否；过去一年总工作天数：0天；上月是否在找工作：否"
264,321131217001,基础信息：性别：女；年龄：58岁；城乡类型：农村,教育信息：教育程度：初中,婚姻信息：婚姻状况：已婚且配偶同住；过去一年与配偶同住月数：12个月；上半年独自居住天数：0天；上半年仅与配偶同住天数：0天,情绪信息：生活满意度：很满意；对子女满意度：很满意；因小事烦恼（过去一周）：几乎没有（<1天）；感到抑郁（过去一周）：几乎没有（<1天）；对未来抱有希望（过去一周）：几乎没有（<1天）；感到孤独（过去一周）：几乎没有（<1天）；感到高兴（过去一周）：大多数时候（5–7天）；睡眠不安（过去一周）：几乎没有（<1天）,健康信息：自评健康状况：一般；医生诊断慢性病：未报告上述疾病；身体疼痛程度：一点；上月平均每天实际睡眠小时数：8小时；是否因健康/残疾不能工作：没问题；是否因健康/残疾不能做家事：没问题；多久接受他人帮助：从不,活动信息：高强度体力活动：否；中等强度体力活动：是；中等强度体力活动目的：其他；轻度体力活动：是；轻度体力活动目的：锻炼；上月活动：以上都没有,上网信息：是否使用互联网：是；上网设备：手机；上网用途：看视频；是否用手机支付：否；是否使用微信：是；是否使用微信朋友圈：否,子女信息：子女总数：2个；健在子女数：2个；第1子女：是否工作/上学：工作；婚姻状况：已婚且配偶同住；过去一年同住月数：12个月；第2子女：是否工作/上学：工作；婚姻状况：已婚且配偶同住；过去一年同住月数：0个月；见面频率：每周1次,工作信息：是否从事农业/家庭农活：有；是否已办理退休：否；是否在工作：是；过去一年总工作天数：60天,"基础信息：性别：女；年龄：58岁；城乡类型：农村
教育信息：教育程度：初中
婚姻信息：婚姻状况：已婚且配偶同住；过去一年与配偶同住月数：12个月；上半年独自居住天数：0天；上半年仅与配偶同住天数：0天
情绪信息：生活满意度：很满意；对子女满意度：很满意；因小事烦恼（过去一周）：几乎没有（<1天）；感到抑郁（过去一周）：几乎没有（<1天）；对未来抱有希望（过去一周）：几乎没有（<1天）；感到孤独（过去一周）：几乎没有（<1天）；感到高兴（过去一周）：大多数时候（5–7天）；睡眠不安（过去一周）：几乎没有（<1天）
健康信息：自评健康状况：一般；医生诊断慢性病：未报告上述疾病；身体疼痛程度：一点；上月平均每天实际睡眠小时数：8小时；是否因健康/残疾不能工作：没问题；是否因健康/残疾不能做家事：没问题；多久接受他人帮助：从不
活动信息：高强度体力活动：否；中等强度体力活动：是；中等强度体力活动目的：其他；轻度体力活动：是；轻度体力活动目的：锻炼；上月活动：以上都没有
上网信息：是否使用互联网：是；上网设备：手机；上网用途：看视频；是否用手机支付：否；是否使用微信：是；是否使用微信朋友圈：否
子女信息：子女总数：2个；健在子女数：2个；第1子女：是否工作/上学：工作；婚姻状况：已婚且配偶同住；过去一年同住月数：12个月；第2子女：是否工作/上学：工作；婚姻状况：已婚且配偶同住；过去一年同住月数：0个月；见面频率：每周1次
工作信息：是否从事农业/家庭农活：有；是否已办理退休：否；是否在工作：是；过去一年总工作天数：60天"
265,202454324002,基础信息：性别：男；年龄：75岁；城乡类型：农村,教育信息：教育程度：未读完小学,婚姻信息：婚姻状况：已婚且配偶同住；过去一年与配偶同住月数：12个月；上半年独自居住天数：0天；上半年仅与配偶同住天数：180天；上半年因不与别人同住而受影响程度：0,情绪信息：生活满意度：有点满意；对子女满意度：有点满意；因小事烦恼（过去一周）：几乎没有（<1天）；感到抑郁（过去一周）：几乎没有（<1天）；对未来抱有希望（过去一周）：几乎没有（<1天）；感到孤独（过去一周）：几乎没有（<1天）；感到高兴（过去一周）：几乎没有（<1天）；睡眠不安（过去一周）：几乎没有（<1天）,健康信息：自评健康状况：很差；医生诊断慢性病：肝脏疾病；身体疼痛程度：相当；上月平均每天实际睡眠小时数：6小时；是否因健康/残疾不能工作：完全不能工作；多久接受他人帮助：从不,活动信息：高强度体力活动：否；中等强度体力活动：否；轻度体力活动：否；上月活动：打麻将/下棋/打牌/去社区活动室（几乎每天）,上网信息：是否使用互联网：否,子女信息：子女总数：2个；健在子女数：2个；第1子女：是否工作/上学：工作；婚姻状况：已婚且配偶同住；过去一年同住月数：0个月；见面频率：每半年；电话/短信/微信联系频率：几乎不见/不联系；第2子女：是否工作/上学：工作；婚姻状况：已婚且配偶同住；过去一年同住月数：0个月；见面频率：每两周；电话/短信/微信联系频率：几乎不见/不联系,工作信息：是否从事农业/家庭农活：无；是否已办理退休：否；是否在工作：否；过去一年总工作天数：0天；上月是否在找工作：否,"基础信息：性别：男；年龄：75岁；城乡类型：农村
教育信息：教育程度：未读完小学
婚姻信息：婚姻状况：已婚且配偶同住；过去一年与配偶同住月数：12个月；上半年独自居住天数：0天；上半年仅与配偶同住天数：180天；上半年因不与别人同住而受影响程度：0
情绪信息：生活满意度：有点满意；对子女满意度：有点满意；因小事烦恼（过去一周）：几乎没有（<1天）；感到抑郁（过去一周）：几乎没有（<1天）；对未来抱有希望（过去一周）：几乎没有（<1天）；感到孤独（过去一周）：几乎没有（<1天）；感到高兴（过去一周）：几乎没有（<1天）；睡眠不安（过去一周）：几乎没有（<1天）
健康信息：自评健康状况：很差；医生诊断慢性病：肝脏疾病；身体疼痛程度：相当；上月平均每天实际睡眠小时数：6小时；是否因健康/残疾不能工作：完全不能工作；多久接受他人帮助：从不
活动信息：高强度体力活动：否；中等强度体力活动：否；轻度体力活动：否；上月活动：打麻将/下棋/打牌/去社区活动室（几乎每天）
上网信息：是否使用互联网：否
子女信息：子女总数：2个；健在子女数：2个；第1子女：是否工作/上学：工作；婚姻状况：已婚且配偶同住；过去一年同住月数：0个月；见面频率：每半年；电话/短信/微信联系频率：几乎不见/不联系；第2子女：是否工作/上学：工作；婚姻状况：已婚且配偶同住；过去一年同住月数：0个月；见面频率：每两周；电话/短信/微信联系频率：几乎不见/不联系
工作信息：是否从事农业/家庭农活：无；是否已办理退休：否；是否在工作：否；过去一年总工作天数：0天；上月是否在找工作：否"
266,288251116001,基础信息：性别：男；年龄：60岁；现居住地地址类型：家庭住房；城乡类型：城/镇中心,教育信息：教育程度：大专,婚姻信息：婚姻状况：已婚且配偶同住；过去一年与配偶同住月数：12个月；上半年独自居住天数：0天；上半年仅与配偶同住天数：0天,情绪信息：生活满意度：很满意；对子女满意度：很满意；因小事烦恼（过去一周）：几乎没有（<1天）；感到抑郁（过去一周）：几乎没有（<1天）；对未来抱有希望（过去一周）：大多数时候（5–7天）；感到孤独（过去一周）：几乎没有（<1天）；感到高兴（过去一周）：大多数时候（5–7天）；睡眠不安（过去一周）：几乎没有（<1天）,健康信息：自评健康状况：好；医生诊断慢性病：糖尿病或高血糖；身体疼痛程度：无；上月平均每天实际睡眠小时数：8小时；是否因健康/残疾不能工作：没问题；是否因健康/残疾不能做家事：没问题；多久接受他人帮助：从不,活动信息：高强度体力活动：否；中等强度体力活动：否；轻度体力活动：是；轻度体力活动目的：锻炼；上月活动：与朋友交往（几乎每周）,上网信息：是否使用互联网：是；上网设备：台式电脑、手机；上网用途：看新闻、看视频、玩游戏；是否用手机支付：是；是否使用微信：是；是否使用微信朋友圈：是,子女信息：子女总数：1个；健在子女数：1个；第1子女：是否工作/上学：工作；婚姻状况：已婚且配偶同住；过去一年同住月数：12个月,工作信息：是否从事农业/家庭农活：无；是否在工作：是；过去一年总工作天数：260天,"基础信息：性别：男；年龄：60岁；现居住地地址类型：家庭住房；城乡类型：城/镇中心
教育信息：教育程度：大专
婚姻信息：婚姻状况：已婚且配偶同住；过去一年与配偶同住月数：12个月；上半年独自居住天数：0天；上半年仅与配偶同住天数：0天
情绪信息：生活满意度：很满意；对子女满意度：很满意；因小事烦恼（过去一周）：几乎没有（<1天）；感到抑郁（过去一周）：几乎没有（<1天）；对未来抱有希望（过去一周）：大多数时候（5–7天）；感到孤独（过去一周）：几乎没有（<1天）；感到高兴（过去一周）：大多数时候（5–7天）；睡眠不安（过去一周）：几乎没有（<1天）
健康信息：自评健康状况：好；医生诊断慢性病：糖尿病或高血糖；身体疼痛程度：无；上月平均每天实际睡眠小时数：8小时；是否因健康/残疾不能工作：没问题；是否因健康/残疾不能做家事：没问题；多久接受他人帮助：从不
活动信息：高强度体力活动：否；中等强度体力活动：否；轻度体力活动：是；轻度体力活动目的：锻炼；上月活动：与朋友交往（几乎每周）
上网信息：是否使用互联网：是；上网设备：台式电脑、手机；上网用途：看新闻、看视频、玩游戏；是否用手机支付：是；是否使用微信：是；是否使用微信朋友圈：是
子女信息：子女总数：1个；健在子女数：1个；第1子女：是否工作/上学：工作；婚姻状况：已婚且配偶同住；过去一年同住月数：12个月
工作信息：是否从事农业/家庭农活：无；是否在工作：是；过去一年总工作天数：260天"
267,94004216001,基础信息：性别：女；年龄：70岁；城乡类型：城/镇中心,教育信息：教育程度：初中,婚姻信息：婚姻状况：已婚且配偶同住；过去一年与配偶同住月数：12个月；上半年独自居住天数：0天；上半年仅与配偶同住天数：180天；上半年因不与别人同住而受影响程度：0,情绪信息：生活满意度：有点满意；对子女满意度：有点满意；因小事烦恼（过去一周）：有时/中等（3–4天）；感到抑郁（过去一周）：有时/中等（3–4天）；对未来抱有希望（过去一周）：大多数时候（5–7天）；感到孤独（过去一周）：几乎没有（<1天）；感到高兴（过去一周）：大多数时候（5–7天）；睡眠不安（过去一周）：有时/中等（3–4天）,健康信息：自评健康状况：好；医生诊断慢性病：未报告上述疾病；身体疼痛程度：一点；上月平均每天实际睡眠小时数：6小时；是否因健康/残疾不能工作：没问题；是否因健康/残疾不能做家事：没问题；多久接受他人帮助：从不,活动信息：高强度体力活动：否；中等强度体力活动：否；轻度体力活动：是；轻度体力活动目的：锻炼；上月活动：以上都没有,上网信息：是否使用互联网：是；上网设备：手机；上网用途：聊天、看新闻、看视频、玩游戏；是否用手机支付：是；是否使用微信：是；是否使用微信朋友圈：是,子女信息：子女总数：1个；健在子女数：1个；第1子女：是否工作/上学：工作；婚姻状况：已婚且配偶同住；过去一年同住月数：0个月；见面频率：每周1次,工作信息：是否从事农业/家庭农活：无；是否在工作：否；过去一年总工作天数：0天；上月是否在找工作：否,"基础信息：性别：女；年龄：70岁；城乡类型：城/镇中心
教育信息：教育程度：初中
婚姻信息：婚姻状况：已婚且配偶同住；过去一年与配偶同住月数：12个月；上半年独自居住天数：0天；上半年仅与配偶同住天数：180天；上半年因不与别人同住而受影响程度：0
情绪信息：生活满意度：有点满意；对子女满意度：有点满意；因小事烦恼（过去一周）：有时/中等（3–4天）；感到抑郁（过去一周）：有时/中等（3–4天）；对未来抱有希望（过去一周）：大多数时候（5–7天）；感到孤独（过去一周）：几乎没有（<1天）；感到高兴（过去一周）：大多数时候（5–7天）；睡眠不安（过去一周）：有时/中等（3–4天）
健康信息：自评健康状况：好；医生诊断慢性病：未报告上述疾病；身体疼痛程度：一点；上月平均每天实际睡眠小时数：6小时；是否因健康/残疾不能工作：没问题；是否因健康/残疾不能做家事：没问题；多久接受他人帮助：从不
活动信息：高强度体力活动：否；中等强度体力活动：否；轻度体力活动：是；轻度体力活动目的：锻炼；上月活动：以上都没有
上网信息：是否使用互联网：是；上网设备：手机；上网用途：聊天、看新闻、看视频、玩游戏；是否用手机支付：是；是否使用微信：是；是否使用微信朋友圈：是
子女信息：子女总数：1个；健在子女数：1个；第1子女：是否工作/上学：工作；婚姻状况：已婚且配偶同住；过去一年同住月数：0个月；见面频率：每周1次
工作信息：是否从事农业/家庭农活：无；是否在工作：否；过去一年总工作天数：0天；上月是否在找工作：否"
268,54054234001,基础信息：性别：男；年龄：51岁；城乡类型：农村,教育信息：教育程度：初中,婚姻信息：婚姻状况：已婚且配偶同住；过去一年与配偶同住月数：12个月；上半年独自居住天数：0天；上半年仅与配偶同住天数：0天,情绪信息：生活满意度：有点满意；对子女满意度：有点满意；因小事烦恼（过去一周）：少量（1–2天）；感到抑郁（过去一周）：几乎没有（<1天）；对未来抱有希望（过去一周）：大多数时候（5–7天）；感到孤独（过去一周）：几乎没有（<1天）；感到高兴（过去一周）：大多数时候（5–7天）；睡眠不安（过去一周）：大多数时候（5–7天）,健康信息：自评健康状况：一般；医生诊断慢性病：血脂异常；身体疼痛程度：有些；上月平均每天实际睡眠小时数：6小时；是否因健康/残疾不能工作：不能长时间工作；是否因健康/残疾不能做家事：不能长时间；多久接受他人帮助：从不,活动信息：高强度体力活动：是；高强度体力活动目的：工作需要；中等强度体力活动：是；中等强度体力活动目的：工作需要；轻度体力活动：是；轻度体力活动目的：锻炼；上月活动：与朋友交往（不规律）,上网信息：是否使用互联网：是；上网设备：手机；上网用途：聊天、看新闻、看视频；是否用手机支付：是；是否使用微信：是；是否使用微信朋友圈：否,子女信息：子女总数：1个；健在子女数：1个；第1子女：是否工作/上学：工作；婚姻状况：已婚且配偶同住；过去一年同住月数：10个月；见面频率：每两周；电话/短信/微信联系频率：几乎每天,工作信息：是否从事农业/家庭农活：有；是否已办理退休：否；是否在工作：是；过去一年总工作天数：200天,"基础信息：性别：男；年龄：51岁；城乡类型：农村
教育信息：教育程度：初中
婚姻信息：婚姻状况：已婚且配偶同住；过去一年与配偶同住月数：12个月；上半年独自居住天数：0天；上半年仅与配偶同住天数：0天
情绪信息：生活满意度：有点满意；对子女满意度：有点满意；因小事烦恼（过去一周）：少量（1–2天）；感到抑郁（过去一周）：几乎没有（<1天）；对未来抱有希望（过去一周）：大多数时候（5–7天）；感到孤独（过去一周）：几乎没有（<1天）；感到高兴（过去一周）：大多数时候（5–7天）；睡眠不安（过去一周）：大多数时候（5–7天）
健康信息：自评健康状况：一般；医生诊断慢性病：血脂异常；身体疼痛程度：有些；上月平均每天实际睡眠小时数：6小时；是否因健康/残疾不能工作：不能长时间工作；是否因健康/残疾不能做家事：不能长时间；多久接受他人帮助：从不
活动信息：高强度体力活动：是；高强度体力活动目的：工作需要；中等强度体力活动：是；中等强度体力活动目的：工作需要；轻度体力活动：是；轻度体力活动目的：锻炼；上月活动：与朋友交往（不规律）
上网信息：是否使用互联网：是；上网设备：手机；上网用途：聊天、看新闻、看视频；是否用手机支付：是；是否使用微信：是；是否使用微信朋友圈：否
子女信息：子女总数：1个；健在子女数：1个；第1子女：是否工作/上学：工作；婚姻状况：已婚且配偶同住；过去一年同住月数：10个月；见面频率：每两周；电话/短信/微信联系频率：几乎每天
工作信息：是否从事农业/家庭农活：有；是否已办理退休：否；是否在工作：是；过去一年总工作天数：200天"
269,275559211001,基础信息：性别：男；年龄：67岁；城乡类型：城/镇中心,教育信息：教育程度：职高,婚姻信息：婚姻状况：已婚且配偶同住；过去一年与配偶同住月数：12个月；上半年独自居住天数：0天；上半年仅与配偶同住天数：0天,情绪信息：生活满意度：有点满意；对子女满意度：很满意；因小事烦恼（过去一周）：几乎没有（<1天）；感到抑郁（过去一周）：几乎没有（<1天）；对未来抱有希望（过去一周）：大多数时候（5–7天）；感到孤独（过去一周）：几乎没有（<1天）；感到高兴（过去一周）：大多数时候（5–7天）；睡眠不安（过去一周）：有时/中等（3–4天）,健康信息：自评健康状况：一般；医生诊断慢性病：未报告上述疾病；身体疼痛程度：一点；上月平均每天实际睡眠小时数：6小时；是否因健康/残疾不能工作：不能长时间工作；是否因健康/残疾不能做家事：没问题；多久接受他人帮助：从不,活动信息：高强度体力活动：否；中等强度体力活动：是；中等强度体力活动目的：锻炼；轻度体力活动：是；轻度体力活动目的：锻炼；上月活动：与朋友交往（几乎每周）、打麻将/下棋/打牌/去社区活动室（几乎每天）,上网信息：是否使用互联网：是；上网设备：台式电脑、手机；上网用途：看新闻、玩游戏、其他；是否用手机支付：否；是否使用微信：是；是否使用微信朋友圈：是,子女信息：子女总数：2个；健在子女数：2个；第1子女：是否工作/上学：工作；婚姻状况：已婚且配偶同住；过去一年同住月数：0个月；见面频率：每月；电话/短信/微信联系频率：每周1次；第2子女：是否工作/上学：工作；婚姻状况：已婚且配偶同住；过去一年同住月数：12个月,工作信息：是否从事农业/家庭农活：无；是否在工作：否；过去一年总工作天数：0天；上月是否在找工作：否,"基础信息：性别：男；年龄：67岁；城乡类型：城/镇中心
教育信息：教育程度：职高
婚姻信息：婚姻状况：已婚且配偶同住；过去一年与配偶同住月数：12个月；上半年独自居住天数：0天；上半年仅与配偶同住天数：0天
情绪信息：生活满意度：有点满意；对子女满意度：很满意；因小事烦恼（过去一周）：几乎没有（<1天）；感到抑郁（过去一周）：几乎没有（<1天）；对未来抱有希望（过去一周）：大多数时候（5–7天）；感到孤独（过去一周）：几乎没有（<1天）；感到高兴（过去一周）：大多数时候（5–7天）；睡眠不安（过去一周）：有时/中等（3–4天）
健康信息：自评健康状况：一般；医生诊断慢性病：未报告上述疾病；身体疼痛程度：一点；上月平均每天实际睡眠小时数：6小时；是否因健康/残疾不能工作：不能长时间工作；是否因健康/残疾不能做家事：没问题；多久接受他人帮助：从不
活动信息：高强度体力活动：否；中等强度体力活动：是；中等强度体力活动目的：锻炼；轻度体力活动：是；轻度体力活动目的：锻炼；上月活动：与朋友交往（几乎每周）、打麻将/下棋/打牌/去社区活动室（几乎每天）
上网信息：是否使用互联网：是；上网设备：台式电脑、手机；上网用途：看新闻、玩游戏、其他；是否用手机支付：否；是否使用微信：是；是否使用微信朋友圈：是
子女信息：子女总数：2个；健在子女数：2个；第1子女：是否工作/上学：工作；婚姻状况：已婚且配偶同住；过去一年同住月数：0个月；见面频率：每月；电话/短信/微信联系频率：每周1次；第2子女：是否工作/上学：工作；婚姻状况：已婚且配偶同住；过去一年同住月数：12个月
工作信息：是否从事农业/家庭农活：无；是否在工作：否；过去一年总工作天数：0天；上月是否在找工作：否"
270,244604211001,基础信息：性别：女；年龄：64岁；城乡类型：农村,教育信息：教育程度：高中,婚姻信息：婚姻状况：已婚且配偶同住；过去一年与配偶同住月数：12个月；上半年独自居住天数：0天；上半年仅与配偶同住天数：0天；上半年因不与别人同住而受影响程度：0,情绪信息：生活满意度：有点满意；对子女满意度：有点满意；因小事烦恼（过去一周）：少量（1–2天）；感到抑郁（过去一周）：几乎没有（<1天）；对未来抱有希望（过去一周）：大多数时候（5–7天）；感到孤独（过去一周）：几乎没有（<1天）；感到高兴（过去一周）：有时/中等（3–4天）；睡眠不安（过去一周）：几乎没有（<1天）,健康信息：自评健康状况：好；医生诊断慢性病：心脏病；身体疼痛程度：无；上月平均每天实际睡眠小时数：6小时；是否因健康/残疾不能工作：没问题；是否因健康/残疾不能做家事：没问题；多久接受他人帮助：从不,活动信息：高强度体力活动：是；高强度体力活动目的：工作需要；中等强度体力活动：是；中等强度体力活动目的：工作需要；轻度体力活动：否；上月活动：参加运动/社交等俱乐部（几乎每天）,上网信息：是否使用互联网：是；上网设备：手机；上网用途：聊天；是否用手机支付：否；是否使用微信：是；是否使用微信朋友圈：否,子女信息：子女总数：4个；健在子女数：4个；第1子女：是否工作/上学：工作；婚姻状况：已婚且配偶同住；过去一年同住月数：12个月；第2子女：是否工作/上学：工作；婚姻状况：已婚且配偶同住；过去一年同住月数：0.3个月；见面频率：每三月；电话/短信/微信联系频率：每周1次,工作信息：是否从事农业/家庭农活：有；是否已办理退休：否；是否在工作：是；过去一年总工作天数：365天,"基础信息：性别：女；年龄：64岁；城乡类型：农村
教育信息：教育程度：高中
婚姻信息：婚姻状况：已婚且配偶同住；过去一年与配偶同住月数：12个月；上半年独自居住天数：0天；上半年仅与配偶同住天数：0天；上半年因不与别人同住而受影响程度：0
情绪信息：生活满意度：有点满意；对子女满意度：有点满意；因小事烦恼（过去一周）：少量（1–2天）；感到抑郁（过去一周）：几乎没有（<1天）；对未来抱有希望（过去一周）：大多数时候（5–7天）；感到孤独（过去一周）：几乎没有（<1天）；感到高兴（过去一周）：有时/中等（3–4天）；睡眠不安（过去一周）：几乎没有（<1天）
健康信息：自评健康状况：好；医生诊断慢性病：心脏病；身体疼痛程度：无；上月平均每天实际睡眠小时数：6小时；是否因健康/残疾不能工作：没问题；是否因健康/残疾不能做家事：没问题；多久接受他人帮助：从不
活动信息：高强度体力活动：是；高强度体力活动目的：工作需要；中等强度体力活动：是；中等强度体力活动目的：工作需要；轻度体力活动：否；上月活动：参加运动/社交等俱乐部（几乎每天）
上网信息：是否使用互联网：是；上网设备：手机；上网用途：聊天；是否用手机支付：否；是否使用微信：是；是否使用微信朋友圈：否
子女信息：子女总数：4个；健在子女数：4个；第1子女：是否工作/上学：工作；婚姻状况：已婚且配偶同住；过去一年同住月数：12个月；第2子女：是否工作/上学：工作；婚姻状况：已婚且配偶同住；过去一年同住月数：0.3个月；见面频率：每三月；电话/短信/微信联系频率：每周1次
工作信息：是否从事农业/家庭农活：有；是否已办理退休：否；是否在工作：是；过去一年总工作天数：365天"
271,117489216001,基础信息：性别：女；年龄：80岁；城乡类型：农村,教育信息：教育程度：未受教育,婚姻信息：婚姻状况：已婚且配偶同住；过去一年与配偶同住月数：12个月；上半年独自居住天数：0天；上半年仅与配偶同住天数：105天；上半年因不与别人同住而受影响程度：0,情绪信息：生活满意度：有点满意；对子女满意度：很满意；因小事烦恼（过去一周）：几乎没有（<1天）；感到抑郁（过去一周）：几乎没有（<1天）；对未来抱有希望（过去一周）：少量（1–2天）；感到孤独（过去一周）：几乎没有（<1天）；感到高兴（过去一周）：有时/中等（3–4天）；睡眠不安（过去一周）：几乎没有（<1天）,健康信息：自评健康状况：一般；医生诊断慢性病：未报告上述疾病；身体疼痛程度：无；上月平均每天实际睡眠小时数：6小时；是否因健康/残疾不能工作：没问题；是否因健康/残疾不能做家事：没问题；多久接受他人帮助：从不,活动信息：高强度体力活动：否；中等强度体力活动：是；中等强度体力活动目的：其他；轻度体力活动：是；轻度体力活动目的：其他；上月活动：与朋友交往（几乎每周）,上网信息：是否使用互联网：否,子女信息：子女总数：3个；健在子女数：3个；第1子女：是否工作/上学：都不；婚姻状况：已婚且配偶同住；过去一年同住月数：8个月；见面频率：每半年；电话/短信/微信联系频率：每两周；第2子女：是否工作/上学：都不；婚姻状况：已婚且配偶同住；过去一年同住月数：3个月；见面频率：每两周；电话/短信/微信联系频率：每周2–3次,工作信息：是否从事农业/家庭农活：无；是否已办理退休：否；是否在工作：否；过去一年总工作天数：0天；上月是否在找工作：否,"基础信息：性别：女；年龄：80岁；城乡类型：农村
教育信息：教育程度：未受教育
婚姻信息：婚姻状况：已婚且配偶同住；过去一年与配偶同住月数：12个月；上半年独自居住天数：0天；上半年仅与配偶同住天数：105天；上半年因不与别人同住而受影响程度：0
情绪信息：生活满意度：有点满意；对子女满意度：很满意；因小事烦恼（过去一周）：几乎没有（<1天）；感到抑郁（过去一周）：几乎没有（<1天）；对未来抱有希望（过去一周）：少量（1–2天）；感到孤独（过去一周）：几乎没有（<1天）；感到高兴（过去一周）：有时/中等（3–4天）；睡眠不安（过去一周）：几乎没有（<1天）
健康信息：自评健康状况：一般；医生诊断慢性病：未报告上述疾病；身体疼痛程度：无；上月平均每天实际睡眠小时数：6小时；是否因健康/残疾不能工作：没问题；是否因健康/残疾不能做家事：没问题；多久接受他人帮助：从不
活动信息：高强度体力活动：否；中等强度体力活动：是；中等强度体力活动目的：其他；轻度体力活动：是；轻度体力活动目的：其他；上月活动：与朋友交往（几乎每周）
上网信息：是否使用互联网：否
子女信息：子女总数：3个；健在子女数：3个；第1子女：是否工作/上学：都不；婚姻状况：已婚且配偶同住；过去一年同住月数：8个月；见面频率：每半年；电话/短信/微信联系频率：每两周；第2子女：是否工作/上学：都不；婚姻状况：已婚且配偶同住；过去一年同住月数：3个月；见面频率：每两周；电话/短信/微信联系频率：每周2–3次
工作信息：是否从事农业/家庭农活：无；是否已办理退休：否；是否在工作：否；过去一年总工作天数：0天；上月是否在找工作：否"
272,184037317001,基础信息：性别：男；年龄：80岁；城乡类型：城/镇中心,教育信息：教育程度：初中,婚姻信息：婚姻状况：已婚且配偶同住；过去一年与配偶同住月数：12个月；上半年独自居住天数：0天；上半年仅与配偶同住天数：180天；上半年因不与别人同住而受影响程度：0,情绪信息：生活满意度：有点满意；对子女满意度：很满意；因小事烦恼（过去一周）：几乎没有（<1天）；感到抑郁（过去一周）：几乎没有（<1天）；对未来抱有希望（过去一周）：少量（1–2天）；感到孤独（过去一周）：几乎没有（<1天）；感到高兴（过去一周）：大多数时候（5–7天）；睡眠不安（过去一周）：大多数时候（5–7天）,健康信息：自评健康状况：很好；医生诊断慢性病：未报告上述疾病；身体疼痛程度：无；上月平均每天实际睡眠小时数：5小时；是否因健康/残疾不能工作：没问题；是否因健康/残疾不能做家事：没问题；多久接受他人帮助：从不,活动信息：高强度体力活动：否；中等强度体力活动：是；中等强度体力活动目的：其他；轻度体力活动：是；轻度体力活动目的：锻炼；上月活动：以上都没有,上网信息：是否使用互联网：否,子女信息：子女总数：2个；健在子女数：2个；第1子女：是否工作/上学：工作；婚姻状况：已婚且配偶同住；过去一年同住月数：0个月；见面频率：每周1次；第2子女：是否工作/上学：工作；婚姻状况：已婚且配偶同住；过去一年同住月数：0个月；见面频率：几乎不见/不联系；电话/短信/微信联系频率：每周1次,工作信息：是否从事农业/家庭农活：无；是否在工作：否；过去一年总工作天数：0天；上月是否在找工作：否,"基础信息：性别：男；年龄：80岁；城乡类型：城/镇中心
教育信息：教育程度：初中
婚姻信息：婚姻状况：已婚且配偶同住；过去一年与配偶同住月数：12个月；上半年独自居住天数：0天；上半年仅与配偶同住天数：180天；上半年因不与别人同住而受影响程度：0
情绪信息：生活满意度：有点满意；对子女满意度：很满意；因小事烦恼（过去一周）：几乎没有（<1天）；感到抑郁（过去一周）：几乎没有（<1天）；对未来抱有希望（过去一周）：少量（1–2天）；感到孤独（过去一周）：几乎没有（<1天）；感到高兴（过去一周）：大多数时候（5–7天）；睡眠不安（过去一周）：大多数时候（5–7天）
健康信息：自评健康状况：很好；医生诊断慢性病：未报告上述疾病；身体疼痛程度：无；上月平均每天实际睡眠小时数：5小时；是否因健康/残疾不能工作：没问题；是否因健康/残疾不能做家事：没问题；多久接受他人帮助：从不
活动信息：高强度体力活动：否；中等强度体力活动：是；中等强度体力活动目的：其他；轻度体力活动：是；轻度体力活动目的：锻炼；上月活动：以上都没有
上网信息：是否使用互联网：否
子女信息：子女总数：2个；健在子女数：2个；第1子女：是否工作/上学：工作；婚姻状况：已婚且配偶同住；过去一年同住月数：0个月；见面频率：每周1次；第2子女：是否工作/上学：工作；婚姻状况：已婚且配偶同住；过去一年同住月数：0个月；见面频率：几乎不见/不联系；电话/短信/微信联系频率：每周1次
工作信息：是否从事农业/家庭农活：无；是否在工作：否；过去一年总工作天数：0天；上月是否在找工作：否"
273,151156304002,基础信息：性别：女；年龄：54岁；城乡类型：农村,教育信息：教育程度：初中,婚姻信息：婚姻状况：已婚且配偶同住；过去一年与配偶同住月数：12个月；上半年独自居住天数：0天；上半年仅与配偶同住天数：0天,情绪信息：生活满意度：很满意；对子女满意度：很满意；因小事烦恼（过去一周）：大多数时候（5–7天）；感到抑郁（过去一周）：大多数时候（5–7天）；对未来抱有希望（过去一周）：大多数时候（5–7天）；感到孤独（过去一周）：有时/中等（3–4天）；感到高兴（过去一周）：大多数时候（5–7天）；睡眠不安（过去一周）：大多数时候（5–7天）,健康信息：自评健康状况：一般；医生诊断慢性病：未报告上述疾病；身体疼痛程度：有些；上月平均每天实际睡眠小时数：6小时；是否因健康/残疾不能工作：没问题；是否因健康/残疾不能做家事：没问题；多久接受他人帮助：从不,活动信息：高强度体力活动：是；高强度体力活动目的：工作需要；中等强度体力活动：是；中等强度体力活动目的：工作需要；轻度体力活动：是；轻度体力活动目的：工作需要；上月活动：以上都没有,上网信息：是否使用互联网：否,子女信息：子女总数：2个；健在子女数：2个；第1子女：是否工作/上学：工作；婚姻状况：已婚且配偶同住；过去一年同住月数：1个月；见面频率：每年；电话/短信/微信联系频率：每月；第2子女：是否工作/上学：工作；婚姻状况：已婚且配偶同住；过去一年同住月数：0个月；见面频率：每三月；电话/短信/微信联系频率：每月,工作信息：是否从事农业/家庭农活：有；是否已办理退休：否；是否在工作：是；过去一年总工作天数：200天,"基础信息：性别：女；年龄：54岁；城乡类型：农村
教育信息：教育程度：初中
婚姻信息：婚姻状况：已婚且配偶同住；过去一年与配偶同住月数：12个月；上半年独自居住天数：0天；上半年仅与配偶同住天数：0天
情绪信息：生活满意度：很满意；对子女满意度：很满意；因小事烦恼（过去一周）：大多数时候（5–7天）；感到抑郁（过去一周）：大多数时候（5–7天）；对未来抱有希望（过去一周）：大多数时候（5–7天）；感到孤独（过去一周）：有时/中等（3–4天）；感到高兴（过去一周）：大多数时候（5–7天）；睡眠不安（过去一周）：大多数时候（5–7天）
健康信息：自评健康状况：一般；医生诊断慢性病：未报告上述疾病；身体疼痛程度：有些；上月平均每天实际睡眠小时数：6小时；是否因健康/残疾不能工作：没问题；是否因健康/残疾不能做家事：没问题；多久接受他人帮助：从不
活动信息：高强度体力活动：是；高强度体力活动目的：工作需要；中等强度体力活动：是；中等强度体力活动目的：工作需要；轻度体力活动：是；轻度体力活动目的：工作需要；上月活动：以上都没有
上网信息：是否使用互联网：否
子女信息：子女总数：2个；健在子女数：2个；第1子女：是否工作/上学：工作；婚姻状况：已婚且配偶同住；过去一年同住月数：1个月；见面频率：每年；电话/短信/微信联系频率：每月；第2子女：是否工作/上学：工作；婚姻状况：已婚且配偶同住；过去一年同住月数：0个月；见面频率：每三月；电话/短信/微信联系频率：每月
工作信息：是否从事农业/家庭农活：有；是否已办理退休：否；是否在工作：是；过去一年总工作天数：200天"
274,330102216002,基础信息：性别：男；年龄：74岁；城乡类型：农村,教育信息：教育程度：未读完小学,婚姻信息：婚姻状况：已婚且配偶同住；过去一年与配偶同住月数：12个月；上半年独自居住天数：0天；上半年仅与配偶同住天数：180天；上半年因不与别人同住而受影响程度：0,情绪信息：生活满意度：很满意；对子女满意度：很满意；因小事烦恼（过去一周）：少量（1–2天）；感到抑郁（过去一周）：几乎没有（<1天）；对未来抱有希望（过去一周）：几乎没有（<1天）；感到孤独（过去一周）：几乎没有（<1天）；感到高兴（过去一周）：几乎没有（<1天）；睡眠不安（过去一周）：几乎没有（<1天）,健康信息：自评健康状况：好；医生诊断慢性病：未报告上述疾病；身体疼痛程度：无；上月平均每天实际睡眠小时数：7.5小时；是否因健康/残疾不能工作：没问题；是否因健康/残疾不能做家事：不能长时间；多久接受他人帮助：偶尔,活动信息：高强度体力活动：是；高强度体力活动目的：工作需要；中等强度体力活动：是；中等强度体力活动目的：工作需要；轻度体力活动：是；轻度体力活动目的：工作需要；上月活动：与朋友交往（几乎每周）,上网信息：是否使用互联网：否,子女信息：子女总数：5个；健在子女数：5个；第1子女：是否工作/上学：工作；婚姻状况：已婚且配偶同住；过去一年同住月数：12个月；第2子女：是否工作/上学：工作；婚姻状况：已婚且配偶同住；过去一年同住月数：12个月,工作信息：是否从事农业/家庭农活：有；是否已办理退休：否；是否在工作：是；过去一年总工作天数：10天,"基础信息：性别：男；年龄：74岁；城乡类型：农村
教育信息：教育程度：未读完小学
婚姻信息：婚姻状况：已婚且配偶同住；过去一年与配偶同住月数：12个月；上半年独自居住天数：0天；上半年仅与配偶同住天数：180天；上半年因不与别人同住而受影响程度：0
情绪信息：生活满意度：很满意；对子女满意度：很满意；因小事烦恼（过去一周）：少量（1–2天）；感到抑郁（过去一周）：几乎没有（<1天）；对未来抱有希望（过去一周）：几乎没有（<1天）；感到孤独（过去一周）：几乎没有（<1天）；感到高兴（过去一周）：几乎没有（<1天）；睡眠不安（过去一周）：几乎没有（<1天）
健康信息：自评健康状况：好；医生诊断慢性病：未报告上述疾病；身体疼痛程度：无；上月平均每天实际睡眠小时数：7.5小时；是否因健康/残疾不能工作：没问题；是否因健康/残疾不能做家事：不能长时间；多久接受他人帮助：偶尔
活动信息：高强度体力活动：是；高强度体力活动目的：工作需要；中等强度体力活动：是；中等强度体力活动目的：工作需要；轻度体力活动：是；轻度体力活动目的：工作需要；上月活动：与朋友交往（几乎每周）
上网信息：是否使用互联网：否
子女信息：子女总数：5个；健在子女数：5个；第1子女：是否工作/上学：工作；婚姻状况：已婚且配偶同住；过去一年同住月数：12个月；第2子女：是否工作/上学：工作；婚姻状况：已婚且配偶同住；过去一年同住月数：12个月
工作信息：是否从事农业/家庭农活：有；是否已办理退休：否；是否在工作：是；过去一年总工作天数：10天"
275,54249319001,基础信息：性别：女；年龄：69岁；城乡类型：城乡结合部/镇乡,教育信息：教育程度：初中,婚姻信息：婚姻状况：已婚且配偶同住；过去一年与配偶同住月数：12个月；上半年独自居住天数：0天；上半年仅与配偶同住天数：180天；上半年因不与别人同住而受影响程度：0,情绪信息：生活满意度：有点满意；对子女满意度：有点满意；因小事烦恼（过去一周）：有时/中等（3–4天）；感到抑郁（过去一周）：少量（1–2天）；对未来抱有希望（过去一周）：有时/中等（3–4天）；感到孤独（过去一周）：少量（1–2天）；感到高兴（过去一周）：有时/中等（3–4天）；睡眠不安（过去一周）：几乎没有（<1天）,健康信息：自评健康状况：一般；医生诊断慢性病：记忆相关疾病；身体疼痛程度：一点；上月平均每天实际睡眠小时数：6小时；是否因健康/残疾不能工作：没问题；是否因健康/残疾不能做家事：没问题；多久接受他人帮助：从不,活动信息：高强度体力活动：否；中等强度体力活动：是；中等强度体力活动目的：其他；轻度体力活动：是；轻度体力活动目的：锻炼；上月活动：以上都没有,上网信息：是否使用互联网：否,子女信息：子女总数：2个；健在子女数：2个；第1子女：是否工作/上学：工作；婚姻状况：已婚且配偶同住；过去一年同住月数：12个月,工作信息：是否从事农业/家庭农活：无；是否已办理退休：否；是否在工作：是；过去一年总工作天数：60天,"基础信息：性别：女；年龄：69岁；城乡类型：城乡结合部/镇乡
教育信息：教育程度：初中
婚姻信息：婚姻状况：已婚且配偶同住；过去一年与配偶同住月数：12个月；上半年独自居住天数：0天；上半年仅与配偶同住天数：180天；上半年因不与别人同住而受影响程度：0
情绪信息：生活满意度：有点满意；对子女满意度：有点满意；因小事烦恼（过去一周）：有时/中等（3–4天）；感到抑郁（过去一周）：少量（1–2天）；对未来抱有希望（过去一周）：有时/中等（3–4天）；感到孤独（过去一周）：少量（1–2天）；感到高兴（过去一周）：有时/中等（3–4天）；睡眠不安（过去一周）：几乎没有（<1天）
健康信息：自评健康状况：一般；医生诊断慢性病：记忆相关疾病；身体疼痛程度：一点；上月平均每天实际睡眠小时数：6小时；是否因健康/残疾不能工作：没问题；是否因健康/残疾不能做家事：没问题；多久接受他人帮助：从不
活动信息：高强度体力活动：否；中等强度体力活动：是；中等强度体力活动目的：其他；轻度体力活动：是；轻度体力活动目的：锻炼；上月活动：以上都没有
上网信息：是否使用互联网：否
子女信息：子女总数：2个；健在子女数：2个；第1子女：是否工作/上学：工作；婚姻状况：已婚且配偶同住；过去一年同住月数：12个月
工作信息：是否从事农业/家庭农活：无；是否已办理退休：否；是否在工作：是；过去一年总工作天数：60天"
276,280154119002,基础信息：性别：女；年龄：61岁；城乡类型：城乡结合部/镇乡,教育信息：教育程度：未读完小学,婚姻信息：婚姻状况：已婚且配偶同住；过去一年与配偶同住月数：12个月；上半年独自居住天数：0天；上半年仅与配偶同住天数：100天；上半年因不与别人同住而受影响程度：0,情绪信息：生活满意度：非常满意；对子女满意度：非常满意；感到抑郁（过去一周）：大多数时候（5–7天）；感到孤独（过去一周）：几乎没有（<1天）；感到高兴（过去一周）：大多数时候（5–7天）；睡眠不安（过去一周）：少量（1–2天）,健康信息：自评健康状况：一般；医生诊断慢性病：血脂异常、糖尿病或高血糖、胃部或其他消化系统疾病；身体疼痛程度：有些；上月平均每天实际睡眠小时数：5小时；是否因健康/残疾不能工作：没问题；是否因健康/残疾不能做家事：没问题；多久接受他人帮助：大多时候,活动信息：高强度体力活动：否；中等强度体力活动：是；中等强度体力活动目的：工作需要；轻度体力活动：是；轻度体力活动目的：锻炼；上月活动：打麻将/下棋/打牌/去社区活动室（几乎每天）,上网信息：是否使用互联网：是；上网设备：手机；上网用途：聊天；是否用手机支付：否；是否使用微信：否,子女信息：子女总数：4个；健在子女数：4个；第1子女：是否工作/上学：工作；婚姻状况：已婚暂分居；过去一年同住月数：0个月；见面频率：每周2–3次；第2子女：是否工作/上学：工作；婚姻状况：已婚且配偶同住；过去一年同住月数：0个月；见面频率：每周1次,工作信息：是否从事农业/家庭农活：无；是否已办理退休：否；是否在工作：否；过去一年总工作天数：0天；上月是否在找工作：否,"基础信息：性别：女；年龄：61岁；城乡类型：城乡结合部/镇乡
教育信息：教育程度：未读完小学
婚姻信息：婚姻状况：已婚且配偶同住；过去一年与配偶同住月数：12个月；上半年独自居住天数：0天；上半年仅与配偶同住天数：100天；上半年因不与别人同住而受影响程度：0
情绪信息：生活满意度：非常满意；对子女满意度：非常满意；感到抑郁（过去一周）：大多数时候（5–7天）；感到孤独（过去一周）：几乎没有（<1天）；感到高兴（过去一周）：大多数时候（5–7天）；睡眠不安（过去一周）：少量（1–2天）
健康信息：自评健康状况：一般；医生诊断慢性病：血脂异常、糖尿病或高血糖、胃部或其他消化系统疾病；身体疼痛程度：有些；上月平均每天实际睡眠小时数：5小时；是否因健康/残疾不能工作：没问题；是否因健康/残疾不能做家事：没问题；多久接受他人帮助：大多时候
活动信息：高强度体力活动：否；中等强度体力活动：是；中等强度体力活动目的：工作需要；轻度体力活动：是；轻度体力活动目的：锻炼；上月活动：打麻将/下棋/打牌/去社区活动室（几乎每天）
上网信息：是否使用互联网：是；上网设备：手机；上网用途：聊天；是否用手机支付：否；是否使用微信：否
子女信息：子女总数：4个；健在子女数：4个；第1子女：是否工作/上学：工作；婚姻状况：已婚暂分居；过去一年同住月数：0个月；见面频率：每周2–3次；第2子女：是否工作/上学：工作；婚姻状况：已婚且配偶同住；过去一年同住月数：0个月；见面频率：每周1次
工作信息：是否从事农业/家庭农活：无；是否已办理退休：否；是否在工作：否；过去一年总工作天数：0天；上月是否在找工作：否"
277,74631115001,基础信息：性别：女；年龄：56岁；现居住地地址类型：家庭住房；城乡类型：城/镇中心,教育信息：教育程度：高中,婚姻信息：婚姻状况：已婚暂分居；过去一年与配偶同住月数：0个月；上半年独自居住天数：0天；上半年仅与配偶同住天数：0天,情绪信息：生活满意度：有点满意；对子女满意度：很满意；因小事烦恼（过去一周）：少量（1–2天）；感到抑郁（过去一周）：有时/中等（3–4天）；对未来抱有希望（过去一周）：大多数时候（5–7天）；感到孤独（过去一周）：几乎没有（<1天）；感到高兴（过去一周）：大多数时候（5–7天）；睡眠不安（过去一周）：少量（1–2天）,健康信息：自评健康状况：好；医生诊断慢性病：未报告上述疾病；身体疼痛程度：一点；上月平均每天实际睡眠小时数：5.5小时；是否因健康/残疾不能工作：没问题；是否因健康/残疾不能做家事：没问题；多久接受他人帮助：从不,活动信息：高强度体力活动：否；中等强度体力活动：是；中等强度体力活动目的：锻炼；轻度体力活动：是；轻度体力活动目的：工作需要；上月活动：帮助不住一起的家人朋友邻居（不规律）、参加运动/社交等俱乐部（几乎每周）,上网信息：是否使用互联网：是；上网设备：手机；上网用途：聊天、看新闻；是否用手机支付：是；是否使用微信：是；是否使用微信朋友圈：是,子女信息：子女总数：3个；健在子女数：3个；第1子女：是否工作/上学：工作；婚姻状况：已婚暂分居；过去一年同住月数：0个月；见面频率：每三月；电话/短信/微信联系频率：每周1次,工作信息：是否从事农业/家庭农活：无；是否已办理退休：否；是否在工作：否；过去一年总工作天数：0天；上月是否在找工作：否,"基础信息：性别：女；年龄：56岁；现居住地地址类型：家庭住房；城乡类型：城/镇中心
教育信息：教育程度：高中
婚姻信息：婚姻状况：已婚暂分居；过去一年与配偶同住月数：0个月；上半年独自居住天数：0天；上半年仅与配偶同住天数：0天
情绪信息：生活满意度：有点满意；对子女满意度：很满意；因小事烦恼（过去一周）：少量（1–2天）；感到抑郁（过去一周）：有时/中等（3–4天）；对未来抱有希望（过去一周）：大多数时候（5–7天）；感到孤独（过去一周）：几乎没有（<1天）；感到高兴（过去一周）：大多数时候（5–7天）；睡眠不安（过去一周）：少量（1–2天）
健康信息：自评健康状况：好；医生诊断慢性病：未报告上述疾病；身体疼痛程度：一点；上月平均每天实际睡眠小时数：5.5小时；是否因健康/残疾不能工作：没问题；是否因健康/残疾不能做家事：没问题；多久接受他人帮助：从不
活动信息：高强度体力活动：否；中等强度体力活动：是；中等强度体力活动目的：锻炼；轻度体力活动：是；轻度体力活动目的：工作需要；上月活动：帮助不住一起的家人朋友邻居（不规律）、参加运动/社交等俱乐部（几乎每周）
上网信息：是否使用互联网：是；上网设备：手机；上网用途：聊天、看新闻；是否用手机支付：是；是否使用微信：是；是否使用微信朋友圈：是
子女信息：子女总数：3个；健在子女数：3个；第1子女：是否工作/上学：工作；婚姻状况：已婚暂分居；过去一年同住月数：0个月；见面频率：每三月；电话/短信/微信联系频率：每周1次
工作信息：是否从事农业/家庭农活：无；是否已办理退休：否；是否在工作：否；过去一年总工作天数：0天；上月是否在找工作：否"
278,268606121002,基础信息：性别：女；年龄：64岁；城乡类型：农村,教育信息：教育程度：未受教育,婚姻信息：婚姻状况：已婚且配偶同住；过去一年与配偶同住月数：12个月；上半年独自居住天数：0天；上半年仅与配偶同住天数：177天；上半年因不与别人同住而受影响程度：0,情绪信息：生活满意度：有点满意；对子女满意度：有点满意；因小事烦恼（过去一周）：几乎没有（<1天）；感到抑郁（过去一周）：大多数时候（5–7天）；对未来抱有希望（过去一周）：几乎没有（<1天）；感到孤独（过去一周）：几乎没有（<1天）；感到高兴（过去一周）：有时/中等（3–4天）；睡眠不安（过去一周）：大多数时候（5–7天）,健康信息：自评健康状况：一般；医生诊断慢性病：未报告上述疾病；身体疼痛程度：无；上月平均每天实际睡眠小时数：6.5小时；是否因健康/残疾不能工作：没问题；是否因健康/残疾不能做家事：没问题；多久接受他人帮助：从不,活动信息：高强度体力活动：是；高强度体力活动目的：工作需要；中等强度体力活动：是；中等强度体力活动目的：其他；轻度体力活动：是；轻度体力活动目的：工作需要；上月活动：以上都没有,上网信息：是否使用互联网：否,子女信息：子女总数：2个；健在子女数：2个；第1子女：是否工作/上学：工作；婚姻状况：已婚且配偶同住；过去一年同住月数：0个月；见面频率：每月；电话/短信/微信联系频率：每两周；第2子女：是否工作/上学：工作；婚姻状况：已婚且配偶同住；过去一年同住月数：0个月；见面频率：每年；电话/短信/微信联系频率：几乎每天,工作信息：是否从事农业/家庭农活：有；是否已办理退休：否；是否在工作：是；过去一年总工作天数：335天,"基础信息：性别：女；年龄：64岁；城乡类型：农村
教育信息：教育程度：未受教育
婚姻信息：婚姻状况：已婚且配偶同住；过去一年与配偶同住月数：12个月；上半年独自居住天数：0天；上半年仅与配偶同住天数：177天；上半年因不与别人同住而受影响程度：0
情绪信息：生活满意度：有点满意；对子女满意度：有点满意；因小事烦恼（过去一周）：几乎没有（<1天）；感到抑郁（过去一周）：大多数时候（5–7天）；对未来抱有希望（过去一周）：几乎没有（<1天）；感到孤独（过去一周）：几乎没有（<1天）；感到高兴（过去一周）：有时/中等（3–4天）；睡眠不安（过去一周）：大多数时候（5–7天）
健康信息：自评健康状况：一般；医生诊断慢性病：未报告上述疾病；身体疼痛程度：无；上月平均每天实际睡眠小时数：6.5小时；是否因健康/残疾不能工作：没问题；是否因健康/残疾不能做家事：没问题；多久接受他人帮助：从不
活动信息：高强度体力活动：是；高强度体力活动目的：工作需要；中等强度体力活动：是；中等强度体力活动目的：其他；轻度体力活动：是；轻度体力活动目的：工作需要；上月活动：以上都没有
上网信息：是否使用互联网：否
子女信息：子女总数：2个；健在子女数：2个；第1子女：是否工作/上学：工作；婚姻状况：已婚且配偶同住；过去一年同住月数：0个月；见面频率：每月；电话/短信/微信联系频率：每两周；第2子女：是否工作/上学：工作；婚姻状况：已婚且配偶同住；过去一年同住月数：0个月；见面频率：每年；电话/短信/微信联系频率：几乎每天
工作信息：是否从事农业/家庭农活：有；是否已办理退休：否；是否在工作：是；过去一年总工作天数：335天"
279,274951126001,基础信息：性别：男；年龄：54岁；城乡类型：城/镇中心,教育信息：教育程度：初中,婚姻信息：婚姻状况：已婚且配偶同住；过去一年与配偶同住月数：12个月；上半年独自居住天数：0天；上半年仅与配偶同住天数：0天,情绪信息：生活满意度：有点满意；对子女满意度：很满意；因小事烦恼（过去一周）：几乎没有（<1天）；感到抑郁（过去一周）：几乎没有（<1天）；对未来抱有希望（过去一周）：大多数时候（5–7天）；感到孤独（过去一周）：几乎没有（<1天）；感到高兴（过去一周）：大多数时候（5–7天）；睡眠不安（过去一周）：大多数时候（5–7天）,健康信息：自评健康状况：好；医生诊断慢性病：未报告上述疾病；身体疼痛程度：有些；上月平均每天实际睡眠小时数：7小时；是否因健康/残疾不能工作：没问题；是否因健康/残疾不能做家事：没问题；多久接受他人帮助：从不,活动信息：高强度体力活动：否；中等强度体力活动：是；中等强度体力活动目的：工作需要；轻度体力活动：是；轻度体力活动目的：工作需要；上月活动：打麻将/下棋/打牌/去社区活动室（不规律）,上网信息：是否使用互联网：是；上网设备：手机；上网用途：看新闻、看视频；是否用手机支付：是；是否使用微信：是；是否使用微信朋友圈：是,子女信息：子女总数：2个；健在子女数：2个；第1子女：是否工作/上学：工作；婚姻状况：已婚且配偶同住；过去一年同住月数：12个月；第2子女：是否工作/上学：都不；婚姻状况：已婚且配偶同住；过去一年同住月数：1个月；见面频率：几乎不见/不联系；电话/短信/微信联系频率：几乎每天,工作信息：是否从事农业/家庭农活：无；是否已办理退休：否；是否在工作：是；过去一年总工作天数：312天,"基础信息：性别：男；年龄：54岁；城乡类型：城/镇中心
教育信息：教育程度：初中
婚姻信息：婚姻状况：已婚且配偶同住；过去一年与配偶同住月数：12个月；上半年独自居住天数：0天；上半年仅与配偶同住天数：0天
情绪信息：生活满意度：有点满意；对子女满意度：很满意；因小事烦恼（过去一周）：几乎没有（<1天）；感到抑郁（过去一周）：几乎没有（<1天）；对未来抱有希望（过去一周）：大多数时候（5–7天）；感到孤独（过去一周）：几乎没有（<1天）；感到高兴（过去一周）：大多数时候（5–7天）；睡眠不安（过去一周）：大多数时候（5–7天）
健康信息：自评健康状况：好；医生诊断慢性病：未报告上述疾病；身体疼痛程度：有些；上月平均每天实际睡眠小时数：7小时；是否因健康/残疾不能工作：没问题；是否因健康/残疾不能做家事：没问题；多久接受他人帮助：从不
活动信息：高强度体力活动：否；中等强度体力活动：是；中等强度体力活动目的：工作需要；轻度体力活动：是；轻度体力活动目的：工作需要；上月活动：打麻将/下棋/打牌/去社区活动室（不规律）
上网信息：是否使用互联网：是；上网设备：手机；上网用途：看新闻、看视频；是否用手机支付：是；是否使用微信：是；是否使用微信朋友圈：是
子女信息：子女总数：2个；健在子女数：2个；第1子女：是否工作/上学：工作；婚姻状况：已婚且配偶同住；过去一年同住月数：12个月；第2子女：是否工作/上学：都不；婚姻状况：已婚且配偶同住；过去一年同住月数：1个月；见面频率：几乎不见/不联系；电话/短信/微信联系频率：几乎每天
工作信息：是否从事农业/家庭农活：无；是否已办理退休：否；是否在工作：是；过去一年总工作天数：312天"
280,205304104002,基础信息：性别：女；年龄：64岁；现居住地地址类型：家庭住房；城乡类型：城/镇中心,教育信息：教育程度：未读完小学,婚姻信息：婚姻状况：已婚且配偶同住；过去一年与配偶同住月数：12个月；上半年独自居住天数：0天；上半年仅与配偶同住天数：0天,情绪信息：生活满意度：有点满意；对子女满意度：不太满意；因小事烦恼（过去一周）：大多数时候（5–7天）；感到抑郁（过去一周）：几乎没有（<1天）；对未来抱有希望（过去一周）：几乎没有（<1天）；感到孤独（过去一周）：几乎没有（<1天）；感到高兴（过去一周）：几乎没有（<1天）；睡眠不安（过去一周）：有时/中等（3–4天）,健康信息：自评健康状况：一般；医生诊断慢性病：心脏病；身体疼痛程度：无；上月平均每天实际睡眠小时数：5小时；是否因健康/残疾不能工作：没问题；是否因健康/残疾不能做家事：没问题；多久接受他人帮助：从不,活动信息：高强度体力活动：否；中等强度体力活动：否；轻度体力活动：是；轻度体力活动目的：锻炼；上月活动：以上都没有,上网信息：是否使用互联网：是；上网设备：台式电脑、手机；上网用途：聊天、看新闻、看视频；是否用手机支付：否；是否使用微信：是；是否使用微信朋友圈：否,子女信息：子女总数：1个；健在子女数：1个；第1子女：是否工作/上学：工作；婚姻状况：离婚；过去一年同住月数：12个月,工作信息：是否从事农业/家庭农活：无；是否在工作：是；过去一年总工作天数：365天,"基础信息：性别：女；年龄：64岁；现居住地地址类型：家庭住房；城乡类型：城/镇中心
教育信息：教育程度：未读完小学
婚姻信息：婚姻状况：已婚且配偶同住；过去一年与配偶同住月数：12个月；上半年独自居住天数：0天；上半年仅与配偶同住天数：0天
情绪信息：生活满意度：有点满意；对子女满意度：不太满意；因小事烦恼（过去一周）：大多数时候（5–7天）；感到抑郁（过去一周）：几乎没有（<1天）；对未来抱有希望（过去一周）：几乎没有（<1天）；感到孤独（过去一周）：几乎没有（<1天）；感到高兴（过去一周）：几乎没有（<1天）；睡眠不安（过去一周）：有时/中等（3–4天）
健康信息：自评健康状况：一般；医生诊断慢性病：心脏病；身体疼痛程度：无；上月平均每天实际睡眠小时数：5小时；是否因健康/残疾不能工作：没问题；是否因健康/残疾不能做家事：没问题；多久接受他人帮助：从不
活动信息：高强度体力活动：否；中等强度体力活动：否；轻度体力活动：是；轻度体力活动目的：锻炼；上月活动：以上都没有
上网信息：是否使用互联网：是；上网设备：台式电脑、手机；上网用途：聊天、看新闻、看视频；是否用手机支付：否；是否使用微信：是；是否使用微信朋友圈：否
子女信息：子女总数：1个；健在子女数：1个；第1子女：是否工作/上学：工作；婚姻状况：离婚；过去一年同住月数：12个月
工作信息：是否从事农业/家庭农活：无；是否在工作：是；过去一年总工作天数：365天"
281,75504303001,基础信息：性别：女；年龄：59岁；城乡类型：城/镇中心,教育信息：教育程度：高中,婚姻信息：婚姻状况：已婚且配偶同住；过去一年与配偶同住月数：12个月；上半年独自居住天数：0天；上半年仅与配偶同住天数：0天,情绪信息：生活满意度：非常满意；对子女满意度：非常满意；因小事烦恼（过去一周）：大多数时候（5–7天）；感到抑郁（过去一周）：有时/中等（3–4天）；对未来抱有希望（过去一周）：大多数时候（5–7天）；感到孤独（过去一周）：几乎没有（<1天）；感到高兴（过去一周）：大多数时候（5–7天）；睡眠不安（过去一周）：几乎没有（<1天）,健康信息：自评健康状况：一般；医生诊断慢性病：血脂异常；身体疼痛程度：一点；上月平均每天实际睡眠小时数：6小时；是否因健康/残疾不能工作：没问题；是否因健康/残疾不能做家事：没问题；多久接受他人帮助：从不,活动信息：高强度体力活动：是；高强度体力活动目的：娱乐；中等强度体力活动：是；中等强度体力活动目的：其他；轻度体力活动：是；轻度体力活动目的：娱乐；上月活动：与朋友交往（不规律）、做志愿/慈善或照顾不住一起的病弱者（几乎每周）,上网信息：是否使用互联网：是；上网设备：手机；上网用途：看新闻、看视频；是否用手机支付：否；是否使用微信：否,子女信息：子女总数：1个；健在子女数：1个；第1子女：是否工作/上学：工作；婚姻状况：未婚；过去一年同住月数：12个月,工作信息：是否从事农业/家庭农活：有；是否在工作：是；过去一年总工作天数：16天,"基础信息：性别：女；年龄：59岁；城乡类型：城/镇中心
教育信息：教育程度：高中
婚姻信息：婚姻状况：已婚且配偶同住；过去一年与配偶同住月数：12个月；上半年独自居住天数：0天；上半年仅与配偶同住天数：0天
情绪信息：生活满意度：非常满意；对子女满意度：非常满意；因小事烦恼（过去一周）：大多数时候（5–7天）；感到抑郁（过去一周）：有时/中等（3–4天）；对未来抱有希望（过去一周）：大多数时候（5–7天）；感到孤独（过去一周）：几乎没有（<1天）；感到高兴（过去一周）：大多数时候（5–7天）；睡眠不安（过去一周）：几乎没有（<1天）
健康信息：自评健康状况：一般；医生诊断慢性病：血脂异常；身体疼痛程度：一点；上月平均每天实际睡眠小时数：6小时；是否因健康/残疾不能工作：没问题；是否因健康/残疾不能做家事：没问题；多久接受他人帮助：从不
活动信息：高强度体力活动：是；高强度体力活动目的：娱乐；中等强度体力活动：是；中等强度体力活动目的：其他；轻度体力活动：是；轻度体力活动目的：娱乐；上月活动：与朋友交往（不规律）、做志愿/慈善或照顾不住一起的病弱者（几乎每周）
上网信息：是否使用互联网：是；上网设备：手机；上网用途：看新闻、看视频；是否用手机支付：否；是否使用微信：否
子女信息：子女总数：1个；健在子女数：1个；第1子女：是否工作/上学：工作；婚姻状况：未婚；过去一年同住月数：12个月
工作信息：是否从事农业/家庭农活：有；是否在工作：是；过去一年总工作天数：16天"
282,111154102002,基础信息：性别：男；年龄：62岁；城乡类型：城/镇中心,教育信息：教育程度：初中,婚姻信息：婚姻状况：已婚且配偶同住；过去一年与配偶同住月数：12个月；上半年独自居住天数：0天；上半年仅与配偶同住天数：180天；上半年因不与别人同住而受影响程度：0,情绪信息：生活满意度：很满意；对子女满意度：很满意；因小事烦恼（过去一周）：几乎没有（<1天）；感到抑郁（过去一周）：几乎没有（<1天）；对未来抱有希望（过去一周）：大多数时候（5–7天）；感到孤独（过去一周）：几乎没有（<1天）；感到高兴（过去一周）：大多数时候（5–7天）；睡眠不安（过去一周）：几乎没有（<1天）,健康信息：自评健康状况：很好；医生诊断慢性病：未报告上述疾病；身体疼痛程度：无；上月平均每天实际睡眠小时数：6.5小时；是否因健康/残疾不能工作：没问题；是否因健康/残疾不能做家事：没问题；多久接受他人帮助：从不,活动信息：高强度体力活动：否；中等强度体力活动：是；中等强度体力活动目的：工作需要；轻度体力活动：否；上月活动：以上都没有,上网信息：是否使用互联网：是；上网设备：手机；上网用途：看新闻；是否用手机支付：否；是否使用微信：否,子女信息：子女总数：3个；健在子女数：3个；第1子女：是否工作/上学：工作；婚姻状况：已婚且配偶同住；过去一年同住月数：0个月；见面频率：每半年；电话/短信/微信联系频率：每周1次,工作信息：是否从事农业/家庭农活：无；是否已办理退休：否；是否在工作：是；过去一年总工作天数：300天,"基础信息：性别：男；年龄：62岁；城乡类型：城/镇中心
教育信息：教育程度：初中
婚姻信息：婚姻状况：已婚且配偶同住；过去一年与配偶同住月数：12个月；上半年独自居住天数：0天；上半年仅与配偶同住天数：180天；上半年因不与别人同住而受影响程度：0
情绪信息：生活满意度：很满意；对子女满意度：很满意；因小事烦恼（过去一周）：几乎没有（<1天）；感到抑郁（过去一周）：几乎没有（<1天）；对未来抱有希望（过去一周）：大多数时候（5–7天）；感到孤独（过去一周）：几乎没有（<1天）；感到高兴（过去一周）：大多数时候（5–7天）；睡眠不安（过去一周）：几乎没有（<1天）
健康信息：自评健康状况：很好；医生诊断慢性病：未报告上述疾病；身体疼痛程度：无；上月平均每天实际睡眠小时数：6.5小时；是否因健康/残疾不能工作：没问题；是否因健康/残疾不能做家事：没问题；多久接受他人帮助：从不
活动信息：高强度体力活动：否；中等强度体力活动：是；中等强度体力活动目的：工作需要；轻度体力活动：否；上月活动：以上都没有
上网信息：是否使用互联网：是；上网设备：手机；上网用途：看新闻；是否用手机支付：否；是否使用微信：否
子女信息：子女总数：3个；健在子女数：3个；第1子女：是否工作/上学：工作；婚姻状况：已婚且配偶同住；过去一年同住月数：0个月；见面频率：每半年；电话/短信/微信联系频率：每周1次
工作信息：是否从事农业/家庭农活：无；是否已办理退休：否；是否在工作：是；过去一年总工作天数：300天"
283,334631301002,基础信息：性别：女；年龄：65岁；城乡类型：城乡结合部/镇乡,教育信息：教育程度：初中,婚姻信息：婚姻状况：已婚且配偶同住；过去一年与配偶同住月数：12个月；上半年独自居住天数：0天；上半年仅与配偶同住天数：120天；上半年因不与别人同住而受影响程度：0,情绪信息：生活满意度：有点满意；对子女满意度：很满意；因小事烦恼（过去一周）：少量（1–2天）；感到抑郁（过去一周）：少量（1–2天）；对未来抱有希望（过去一周）：大多数时候（5–7天）；感到孤独（过去一周）：几乎没有（<1天）；感到高兴（过去一周）：大多数时候（5–7天）；睡眠不安（过去一周）：几乎没有（<1天）,健康信息：自评健康状况：好；医生诊断慢性病：高血压；身体疼痛程度：无；上月平均每天实际睡眠小时数：7小时；是否因健康/残疾不能工作：没问题；是否因健康/残疾不能做家事：没问题；多久接受他人帮助：从不,活动信息：高强度体力活动：否；中等强度体力活动：是；中等强度体力活动目的：其他；轻度体力活动：是；轻度体力活动目的：娱乐；上月活动：与朋友交往（不规律）、打麻将/下棋/打牌/去社区活动室（几乎每天）,上网信息：是否使用互联网：否,子女信息：子女总数：2个；健在子女数：2个；第1子女：是否工作/上学：工作；婚姻状况：已婚且配偶同住；过去一年同住月数：0个月；见面频率：每年；电话/短信/微信联系频率：每周1次；第2子女：是否工作/上学：工作；婚姻状况：已婚且配偶同住；过去一年同住月数：0个月；见面频率：每周1次,工作信息：是否从事农业/家庭农活：无；是否在工作：否；过去一年总工作天数：0天；上月是否在找工作：否,"基础信息：性别：女；年龄：65岁；城乡类型：城乡结合部/镇乡
教育信息：教育程度：初中
婚姻信息：婚姻状况：已婚且配偶同住；过去一年与配偶同住月数：12个月；上半年独自居住天数：0天；上半年仅与配偶同住天数：120天；上半年因不与别人同住而受影响程度：0
情绪信息：生活满意度：有点满意；对子女满意度：很满意；因小事烦恼（过去一周）：少量（1–2天）；感到抑郁（过去一周）：少量（1–2天）；对未来抱有希望（过去一周）：大多数时候（5–7天）；感到孤独（过去一周）：几乎没有（<1天）；感到高兴（过去一周）：大多数时候（5–7天）；睡眠不安（过去一周）：几乎没有（<1天）
健康信息：自评健康状况：好；医生诊断慢性病：高血压；身体疼痛程度：无；上月平均每天实际睡眠小时数：7小时；是否因健康/残疾不能工作：没问题；是否因健康/残疾不能做家事：没问题；多久接受他人帮助：从不
活动信息：高强度体力活动：否；中等强度体力活动：是；中等强度体力活动目的：其他；轻度体力活动：是；轻度体力活动目的：娱乐；上月活动：与朋友交往（不规律）、打麻将/下棋/打牌/去社区活动室（几乎每天）
上网信息：是否使用互联网：否
子女信息：子女总数：2个；健在子女数：2个；第1子女：是否工作/上学：工作；婚姻状况：已婚且配偶同住；过去一年同住月数：0个月；见面频率：每年；电话/短信/微信联系频率：每周1次；第2子女：是否工作/上学：工作；婚姻状况：已婚且配偶同住；过去一年同住月数：0个月；见面频率：每周1次
工作信息：是否从事农业/家庭农活：无；是否在工作：否；过去一年总工作天数：0天；上月是否在找工作：否"
284,295331110001,基础信息：性别：女；年龄：74岁；城乡类型：农村,教育信息：教育程度：小学,婚姻信息：婚姻状况：已婚且配偶同住；过去一年与配偶同住月数：0个月；上半年独自居住天数：15天；上半年仅与配偶同住天数：0天；上半年因不与别人同住而受影响程度：0,情绪信息：生活满意度：很满意；对子女满意度：非常满意；因小事烦恼（过去一周）：大多数时候（5–7天）；感到抑郁（过去一周）：大多数时候（5–7天）；对未来抱有希望（过去一周）：几乎没有（<1天）；感到孤独（过去一周）：有时/中等（3–4天）；感到高兴（过去一周）：有时/中等（3–4天）；睡眠不安（过去一周）：大多数时候（5–7天）,健康信息：自评健康状况：差；医生诊断慢性病：未报告上述疾病；身体疼痛程度：非常；上月平均每天实际睡眠小时数：4小时；是否因健康/残疾不能工作：不能长时间工作；是否因健康/残疾不能做家事：不能长时间；多久接受他人帮助：从不,活动信息：高强度体力活动：否；中等强度体力活动：是；中等强度体力活动目的：其他；轻度体力活动：是；轻度体力活动目的：锻炼；上月活动：以上都没有,上网信息：是否使用互联网：是；上网设备：手机；上网用途：聊天；是否用手机支付：否；是否使用微信：是；是否使用微信朋友圈：否,子女信息：子女总数：3个；健在子女数：3个；第1子女：是否工作/上学：工作；婚姻状况：已婚且配偶同住；过去一年同住月数：0个月；见面频率：每周1次；第2子女：是否工作/上学：工作；婚姻状况：已婚且配偶同住；过去一年同住月数：0个月；见面频率：每年；电话/短信/微信联系频率：几乎每天,工作信息：是否从事农业/家庭农活：无；是否已办理退休：否；是否在工作：否；过去一年总工作天数：0天；上月是否在找工作：否,"基础信息：性别：女；年龄：74岁；城乡类型：农村
教育信息：教育程度：小学
婚姻信息：婚姻状况：已婚且配偶同住；过去一年与配偶同住月数：0个月；上半年独自居住天数：15天；上半年仅与配偶同住天数：0天；上半年因不与别人同住而受影响程度：0
情绪信息：生活满意度：很满意；对子女满意度：非常满意；因小事烦恼（过去一周）：大多数时候（5–7天）；感到抑郁（过去一周）：大多数时候（5–7天）；对未来抱有希望（过去一周）：几乎没有（<1天）；感到孤独（过去一周）：有时/中等（3–4天）；感到高兴（过去一周）：有时/中等（3–4天）；睡眠不安（过去一周）：大多数时候（5–7天）
健康信息：自评健康状况：差；医生诊断慢性病：未报告上述疾病；身体疼痛程度：非常；上月平均每天实际睡眠小时数：4小时；是否因健康/残疾不能工作：不能长时间工作；是否因健康/残疾不能做家事：不能长时间；多久接受他人帮助：从不
活动信息：高强度体力活动：否；中等强度体力活动：是；中等强度体力活动目的：其他；轻度体力活动：是；轻度体力活动目的：锻炼；上月活动：以上都没有
上网信息：是否使用互联网：是；上网设备：手机；上网用途：聊天；是否用手机支付：否；是否使用微信：是；是否使用微信朋友圈：否
子女信息：子女总数：3个；健在子女数：3个；第1子女：是否工作/上学：工作；婚姻状况：已婚且配偶同住；过去一年同住月数：0个月；见面频率：每周1次；第2子女：是否工作/上学：工作；婚姻状况：已婚且配偶同住；过去一年同住月数：0个月；见面频率：每年；电话/短信/微信联系频率：几乎每天
工作信息：是否从事农业/家庭农活：无；是否已办理退休：否；是否在工作：否；过去一年总工作天数：0天；上月是否在找工作：否"
285,14643125002,基础信息：性别：女；年龄：50岁；城乡类型：农村,教育信息：教育程度：未受教育,婚姻信息：婚姻状况：已婚且配偶同住；过去一年与配偶同住月数：12个月；上半年独自居住天数：2天；上半年仅与配偶同住天数：0天；上半年因不与别人同住而受影响程度：0,情绪信息：生活满意度：有点满意；对子女满意度：有点满意；因小事烦恼（过去一周）：几乎没有（<1天）；感到抑郁（过去一周）：几乎没有（<1天）；对未来抱有希望（过去一周）：少量（1–2天）；感到孤独（过去一周）：少量（1–2天）；感到高兴（过去一周）：几乎没有（<1天）；睡眠不安（过去一周）：少量（1–2天）,健康信息：自评健康状况：一般；医生诊断慢性病：记忆相关疾病；身体疼痛程度：有些；上月平均每天实际睡眠小时数：-1小时；是否因健康/残疾不能工作：没问题；是否因健康/残疾不能做家事：没问题；多久接受他人帮助：从不,活动信息：高强度体力活动：是；高强度体力活动目的：其他；中等强度体力活动：是；中等强度体力活动目的：其他；轻度体力活动：否；上月活动：帮助不住一起的家人朋友邻居（不规律）、做志愿/慈善或照顾不住一起的病弱者（不规律）,上网信息：是否使用互联网：否,子女信息：子女总数：2个；健在子女数：2个；第1子女：是否工作/上学：工作；婚姻状况：已婚且配偶同住；过去一年同住月数：0个月；见面频率：每年；电话/短信/微信联系频率：每周1次；第2子女：是否工作/上学：工作；婚姻状况：已婚暂分居；过去一年同住月数：2个月；见面频率：每两周；电话/短信/微信联系频率：每两周,工作信息：是否从事农业/家庭农活：有；是否已办理退休：否；是否在工作：是；过去一年总工作天数：300天,"基础信息：性别：女；年龄：50岁；城乡类型：农村
教育信息：教育程度：未受教育
婚姻信息：婚姻状况：已婚且配偶同住；过去一年与配偶同住月数：12个月；上半年独自居住天数：2天；上半年仅与配偶同住天数：0天；上半年因不与别人同住而受影响程度：0
情绪信息：生活满意度：有点满意；对子女满意度：有点满意；因小事烦恼（过去一周）：几乎没有（<1天）；感到抑郁（过去一周）：几乎没有（<1天）；对未来抱有希望（过去一周）：少量（1–2天）；感到孤独（过去一周）：少量（1–2天）；感到高兴（过去一周）：几乎没有（<1天）；睡眠不安（过去一周）：少量（1–2天）
健康信息：自评健康状况：一般；医生诊断慢性病：记忆相关疾病；身体疼痛程度：有些；上月平均每天实际睡眠小时数：-1小时；是否因健康/残疾不能工作：没问题；是否因健康/残疾不能做家事：没问题；多久接受他人帮助：从不
活动信息：高强度体力活动：是；高强度体力活动目的：其他；中等强度体力活动：是；中等强度体力活动目的：其他；轻度体力活动：否；上月活动：帮助不住一起的家人朋友邻居（不规律）、做志愿/慈善或照顾不住一起的病弱者（不规律）
上网信息：是否使用互联网：否
子女信息：子女总数：2个；健在子女数：2个；第1子女：是否工作/上学：工作；婚姻状况：已婚且配偶同住；过去一年同住月数：0个月；见面频率：每年；电话/短信/微信联系频率：每周1次；第2子女：是否工作/上学：工作；婚姻状况：已婚暂分居；过去一年同住月数：2个月；见面频率：每两周；电话/短信/微信联系频率：每两周
工作信息：是否从事农业/家庭农活：有；是否已办理退休：否；是否在工作：是；过去一年总工作天数：300天"
286,151156304002,基础信息：性别：女；年龄：54岁；城乡类型：农村,教育信息：教育程度：初中,婚姻信息：婚姻状况：已婚且配偶同住；过去一年与配偶同住月数：12个月；上半年独自居住天数：0天；上半年仅与配偶同住天数：0天,情绪信息：生活满意度：很满意；对子女满意度：很满意；因小事烦恼（过去一周）：大多数时候（5–7天）；感到抑郁（过去一周）：大多数时候（5–7天）；对未来抱有希望（过去一周）：大多数时候（5–7天）；感到孤独（过去一周）：有时/中等（3–4天）；感到高兴（过去一周）：大多数时候（5–7天）；睡眠不安（过去一周）：大多数时候（5–7天）,健康信息：自评健康状况：一般；医生诊断慢性病：未报告上述疾病；身体疼痛程度：有些；上月平均每天实际睡眠小时数：6小时；是否因健康/残疾不能工作：没问题；是否因健康/残疾不能做家事：没问题；多久接受他人帮助：从不,活动信息：高强度体力活动：是；高强度体力活动目的：工作需要；中等强度体力活动：是；中等强度体力活动目的：工作需要；轻度体力活动：是；轻度体力活动目的：工作需要；上月活动：以上都没有,上网信息：是否使用互联网：否,子女信息：子女总数：2个；健在子女数：2个；第1子女：是否工作/上学：工作；婚姻状况：已婚且配偶同住；过去一年同住月数：1个月；见面频率：每年；电话/短信/微信联系频率：每月；第2子女：是否工作/上学：工作；婚姻状况：已婚且配偶同住；过去一年同住月数：0个月；见面频率：每三月；电话/短信/微信联系频率：每月,工作信息：是否从事农业/家庭农活：有；是否已办理退休：否；是否在工作：是；过去一年总工作天数：200天,"基础信息：性别：女；年龄：54岁；城乡类型：农村
教育信息：教育程度：初中
婚姻信息：婚姻状况：已婚且配偶同住；过去一年与配偶同住月数：12个月；上半年独自居住天数：0天；上半年仅与配偶同住天数：0天
情绪信息：生活满意度：很满意；对子女满意度：很满意；因小事烦恼（过去一周）：大多数时候（5–7天）；感到抑郁（过去一周）：大多数时候（5–7天）；对未来抱有希望（过去一周）：大多数时候（5–7天）；感到孤独（过去一周）：有时/中等（3–4天）；感到高兴（过去一周）：大多数时候（5–7天）；睡眠不安（过去一周）：大多数时候（5–7天）
健康信息：自评健康状况：一般；医生诊断慢性病：未报告上述疾病；身体疼痛程度：有些；上月平均每天实际睡眠小时数：6小时；是否因健康/残疾不能工作：没问题；是否因健康/残疾不能做家事：没问题；多久接受他人帮助：从不
活动信息：高强度体力活动：是；高强度体力活动目的：工作需要；中等强度体力活动：是；中等强度体力活动目的：工作需要；轻度体力活动：是；轻度体力活动目的：工作需要；上月活动：以上都没有
上网信息：是否使用互联网：否
子女信息：子女总数：2个；健在子女数：2个；第1子女：是否工作/上学：工作；婚姻状况：已婚且配偶同住；过去一年同住月数：1个月；见面频率：每年；电话/短信/微信联系频率：每月；第2子女：是否工作/上学：工作；婚姻状况：已婚且配偶同住；过去一年同住月数：0个月；见面频率：每三月；电话/短信/微信联系频率：每月
工作信息：是否从事农业/家庭农活：有；是否已办理退休：否；是否在工作：是；过去一年总工作天数：200天"
287,56059309001,基础信息：性别：女；年龄：75岁；城乡类型：农村,教育信息：教育程度：未读完小学,婚姻信息：婚姻状况：丧偶；是否有人以配偶身份同住：否；上半年独自居住天数：180天；上半年因不与别人同住而受影响程度：0,情绪信息：生活满意度：有点满意；对子女满意度：很满意；因小事烦恼（过去一周）：少量（1–2天）；感到抑郁（过去一周）：少量（1–2天）；对未来抱有希望（过去一周）：几乎没有（<1天）；感到孤独（过去一周）：有时/中等（3–4天）；感到高兴（过去一周）：少量（1–2天）；睡眠不安（过去一周）：有时/中等（3–4天）,健康信息：自评健康状况：差；医生诊断慢性病：高血压；身体疼痛程度：相当；上月平均每天实际睡眠小时数：4小时；是否因健康/残疾不能工作：完全不能工作；多久接受他人帮助：从不,活动信息：高强度体力活动：否；中等强度体力活动：否；轻度体力活动：是；轻度体力活动目的：锻炼；上月活动：以上都没有,上网信息：是否使用互联网：否,子女信息：子女总数：4个；健在子女数：4个；第1子女：是否工作/上学：工作；婚姻状况：已婚且配偶同住；过去一年同住月数：0个月；见面频率：每年；电话/短信/微信联系频率：每两周；第2子女：是否工作/上学：工作；婚姻状况：已婚且配偶同住；过去一年同住月数：0个月；见面频率：每月；电话/短信/微信联系频率：每周2–3次,工作信息：是否从事农业/家庭农活：无；是否已办理退休：否；是否在工作：否；过去一年总工作天数：0天；上月是否在找工作：否,"基础信息：性别：女；年龄：75岁；城乡类型：农村
教育信息：教育程度：未读完小学
婚姻信息：婚姻状况：丧偶；是否有人以配偶身份同住：否；上半年独自居住天数：180天；上半年因不与别人同住而受影响程度：0
情绪信息：生活满意度：有点满意；对子女满意度：很满意；因小事烦恼（过去一周）：少量（1–2天）；感到抑郁（过去一周）：少量（1–2天）；对未来抱有希望（过去一周）：几乎没有（<1天）；感到孤独（过去一周）：有时/中等（3–4天）；感到高兴（过去一周）：少量（1–2天）；睡眠不安（过去一周）：有时/中等（3–4天）
健康信息：自评健康状况：差；医生诊断慢性病：高血压；身体疼痛程度：相当；上月平均每天实际睡眠小时数：4小时；是否因健康/残疾不能工作：完全不能工作；多久接受他人帮助：从不
活动信息：高强度体力活动：否；中等强度体力活动：否；轻度体力活动：是；轻度体力活动目的：锻炼；上月活动：以上都没有
上网信息：是否使用互联网：否
子女信息：子女总数：4个；健在子女数：4个；第1子女：是否工作/上学：工作；婚姻状况：已婚且配偶同住；过去一年同住月数：0个月；见面频率：每年；电话/短信/微信联系频率：每两周；第2子女：是否工作/上学：工作；婚姻状况：已婚且配偶同住；过去一年同住月数：0个月；见面频率：每月；电话/短信/微信联系频率：每周2–3次
工作信息：是否从事农业/家庭农活：无；是否已办理退休：否；是否在工作：否；过去一年总工作天数：0天；上月是否在找工作：否"
288,330131304001,基础信息：性别：女；年龄：68岁；城乡类型：农村,教育信息：教育程度：未读完小学,婚姻信息：婚姻状况：已婚且配偶同住；过去一年与配偶同住月数：12个月；上半年独自居住天数：0天；上半年仅与配偶同住天数：180天；上半年因不与别人同住而受影响程度：0,情绪信息：生活满意度：有点满意；对子女满意度：非常满意；因小事烦恼（过去一周）：少量（1–2天）；感到抑郁（过去一周）：大多数时候（5–7天）；对未来抱有希望（过去一周）：大多数时候（5–7天）；感到孤独（过去一周）：几乎没有（<1天）；感到高兴（过去一周）：几乎没有（<1天）；睡眠不安（过去一周）：有时/中等（3–4天）,健康信息：自评健康状况：很差；医生诊断慢性病：关节炎或风湿病；身体疼痛程度：相当；上月平均每天实际睡眠小时数：6小时；是否因健康/残疾不能工作：不能长时间工作；是否因健康/残疾不能做家事：不能长时间；多久接受他人帮助：从不,活动信息：高强度体力活动：是；高强度体力活动目的：工作需要；中等强度体力活动：是；中等强度体力活动目的：工作需要；轻度体力活动：是；轻度体力活动目的：锻炼；上月活动：与朋友交往（不规律）,上网信息：是否使用互联网：否,子女信息：子女总数：2个；健在子女数：2个；第1子女：是否工作/上学：工作；婚姻状况：已婚且配偶同住；过去一年同住月数：0个月；见面频率：其他；电话/短信/微信联系频率：每两周；第2子女：是否工作/上学：工作；婚姻状况：未婚；过去一年同住月数：6个月；见面频率：几乎不见/不联系；电话/短信/微信联系频率：每月,工作信息：是否从事农业/家庭农活：有；是否已办理退休：否；是否在工作：是；过去一年总工作天数：100天,"基础信息：性别：女；年龄：68岁；城乡类型：农村
教育信息：教育程度：未读完小学
婚姻信息：婚姻状况：已婚且配偶同住；过去一年与配偶同住月数：12个月；上半年独自居住天数：0天；上半年仅与配偶同住天数：180天；上半年因不与别人同住而受影响程度：0
情绪信息：生活满意度：有点满意；对子女满意度：非常满意；因小事烦恼（过去一周）：少量（1–2天）；感到抑郁（过去一周）：大多数时候（5–7天）；对未来抱有希望（过去一周）：大多数时候（5–7天）；感到孤独（过去一周）：几乎没有（<1天）；感到高兴（过去一周）：几乎没有（<1天）；睡眠不安（过去一周）：有时/中等（3–4天）
健康信息：自评健康状况：很差；医生诊断慢性病：关节炎或风湿病；身体疼痛程度：相当；上月平均每天实际睡眠小时数：6小时；是否因健康/残疾不能工作：不能长时间工作；是否因健康/残疾不能做家事：不能长时间；多久接受他人帮助：从不
活动信息：高强度体力活动：是；高强度体力活动目的：工作需要；中等强度体力活动：是；中等强度体力活动目的：工作需要；轻度体力活动：是；轻度体力活动目的：锻炼；上月活动：与朋友交往（不规律）
上网信息：是否使用互联网：否
子女信息：子女总数：2个；健在子女数：2个；第1子女：是否工作/上学：工作；婚姻状况：已婚且配偶同住；过去一年同住月数：0个月；见面频率：其他；电话/短信/微信联系频率：每两周；第2子女：是否工作/上学：工作；婚姻状况：未婚；过去一年同住月数：6个月；见面频率：几乎不见/不联系；电话/短信/微信联系频率：每月
工作信息：是否从事农业/家庭农活：有；是否已办理退休：否；是否在工作：是；过去一年总工作天数：100天"
289,10451225001,基础信息：性别：男；年龄：54岁；城乡类型：农村,教育信息：教育程度：未读完小学,婚姻信息：婚姻状况：丧偶；是否有人以配偶身份同住：否；上半年独自居住天数：115天；上半年因不与别人同住而受影响程度：0,情绪信息：生活满意度：有点满意；对子女满意度：不太满意；因小事烦恼（过去一周）：几乎没有（<1天）；感到抑郁（过去一周）：大多数时候（5–7天）；对未来抱有希望（过去一周）：少量（1–2天）；感到孤独（过去一周）：大多数时候（5–7天）；感到高兴（过去一周）：少量（1–2天）；睡眠不安（过去一周）：大多数时候（5–7天）,健康信息：自评健康状况：一般；医生诊断慢性病：高血压、肾脏疾病；身体疼痛程度：一点；上月平均每天实际睡眠小时数：3小时；是否因健康/残疾不能工作：没问题；是否因健康/残疾不能做家事：没问题；多久接受他人帮助：从不,活动信息：高强度体力活动：否；中等强度体力活动：否；轻度体力活动：是；轻度体力活动目的：锻炼；上月活动：以上都没有,上网信息：是否使用互联网：否,子女信息：子女总数：2个；健在子女数：2个；第1子女：是否工作/上学：工作；婚姻状况：已婚且配偶同住；过去一年同住月数：2个月；见面频率：每年；电话/短信/微信联系频率：每两周,工作信息：是否从事农业/家庭农活：有；是否已办理退休：否；是否在工作：是；过去一年总工作天数：66天,"基础信息：性别：男；年龄：54岁；城乡类型：农村
教育信息：教育程度：未读完小学
婚姻信息：婚姻状况：丧偶；是否有人以配偶身份同住：否；上半年独自居住天数：115天；上半年因不与别人同住而受影响程度：0
情绪信息：生活满意度：有点满意；对子女满意度：不太满意；因小事烦恼（过去一周）：几乎没有（<1天）；感到抑郁（过去一周）：大多数时候（5–7天）；对未来抱有希望（过去一周）：少量（1–2天）；感到孤独（过去一周）：大多数时候（5–7天）；感到高兴（过去一周）：少量（1–2天）；睡眠不安（过去一周）：大多数时候（5–7天）
健康信息：自评健康状况：一般；医生诊断慢性病：高血压、肾脏疾病；身体疼痛程度：一点；上月平均每天实际睡眠小时数：3小时；是否因健康/残疾不能工作：没问题；是否因健康/残疾不能做家事：没问题；多久接受他人帮助：从不
活动信息：高强度体力活动：否；中等强度体力活动：否；轻度体力活动：是；轻度体力活动目的：锻炼；上月活动：以上都没有
上网信息：是否使用互联网：否
子女信息：子女总数：2个；健在子女数：2个；第1子女：是否工作/上学：工作；婚姻状况：已婚且配偶同住；过去一年同住月数：2个月；见面频率：每年；电话/短信/微信联系频率：每两周
工作信息：是否从事农业/家庭农活：有；是否已办理退休：否；是否在工作：是；过去一年总工作天数：66天"
290,58202129002,基础信息：性别：男；年龄：53岁；城乡类型：城乡结合部/镇乡,教育信息：教育程度：小学,婚姻信息：婚姻状况：已婚且配偶同住；过去一年与配偶同住月数：12个月；上半年独自居住天数：0天；上半年仅与配偶同住天数：0天；上半年因不与别人同住而受影响程度：80,情绪信息：生活满意度：有点满意；对子女满意度：有点满意；因小事烦恼（过去一周）：大多数时候（5–7天）；感到抑郁（过去一周）：有时/中等（3–4天）；对未来抱有希望（过去一周）：几乎没有（<1天）；感到孤独（过去一周）：有时/中等（3–4天）；感到高兴（过去一周）：有时/中等（3–4天）；睡眠不安（过去一周）：大多数时候（5–7天）,健康信息：自评健康状况：一般；医生诊断慢性病：未报告上述疾病；身体疼痛程度：一点；上月平均每天实际睡眠小时数：5小时；是否因健康/残疾不能工作：不能长时间工作；是否因健康/残疾不能做家事：没问题；多久接受他人帮助：偶尔,活动信息：高强度体力活动：是；高强度体力活动目的：工作需要；中等强度体力活动：否；轻度体力活动：否；上月活动：做志愿/慈善或照顾不住一起的病弱者（几乎每周）,上网信息：是否使用互联网：否,子女信息：子女总数：1个；健在子女数：1个；第1子女：是否工作/上学：工作；婚姻状况：已婚且配偶同住；过去一年同住月数：6个月；见面频率：每年；电话/短信/微信联系频率：每周2–3次,工作信息：是否从事农业/家庭农活：无；是否已办理退休：否；是否在工作：是；过去一年总工作天数：120天,"基础信息：性别：男；年龄：53岁；城乡类型：城乡结合部/镇乡
教育信息：教育程度：小学
婚姻信息：婚姻状况：已婚且配偶同住；过去一年与配偶同住月数：12个月；上半年独自居住天数：0天；上半年仅与配偶同住天数：0天；上半年因不与别人同住而受影响程度：80
情绪信息：生活满意度：有点满意；对子女满意度：有点满意；因小事烦恼（过去一周）：大多数时候（5–7天）；感到抑郁（过去一周）：有时/中等（3–4天）；对未来抱有希望（过去一周）：几乎没有（<1天）；感到孤独（过去一周）：有时/中等（3–4天）；感到高兴（过去一周）：有时/中等（3–4天）；睡眠不安（过去一周）：大多数时候（5–7天）
健康信息：自评健康状况：一般；医生诊断慢性病：未报告上述疾病；身体疼痛程度：一点；上月平均每天实际睡眠小时数：5小时；是否因健康/残疾不能工作：不能长时间工作；是否因健康/残疾不能做家事：没问题；多久接受他人帮助：偶尔
活动信息：高强度体力活动：是；高强度体力活动目的：工作需要；中等强度体力活动：否；轻度体力活动：否；上月活动：做志愿/慈善或照顾不住一起的病弱者（几乎每周）
上网信息：是否使用互联网：否
子女信息：子女总数：1个；健在子女数：1个；第1子女：是否工作/上学：工作；婚姻状况：已婚且配偶同住；过去一年同住月数：6个月；见面频率：每年；电话/短信/微信联系频率：每周2–3次
工作信息：是否从事农业/家庭农活：无；是否已办理退休：否；是否在工作：是；过去一年总工作天数：120天"
291,281104205001,基础信息：性别：女；年龄：67岁；城乡类型：城/镇中心,教育信息：教育程度：初中,婚姻信息：婚姻状况：已婚且配偶同住；过去一年与配偶同住月数：12个月；上半年独自居住天数：0天；上半年仅与配偶同住天数：182天；上半年因不与别人同住而受影响程度：0,情绪信息：生活满意度：有点满意；对子女满意度：很满意；因小事烦恼（过去一周）：少量（1–2天）；感到抑郁（过去一周）：少量（1–2天）；对未来抱有希望（过去一周）：少量（1–2天）；感到孤独（过去一周）：几乎没有（<1天）；感到高兴（过去一周）：少量（1–2天）；睡眠不安（过去一周）：少量（1–2天）,健康信息：自评健康状况：一般；医生诊断慢性病：高血压、心脏病；身体疼痛程度：非常；上月平均每天实际睡眠小时数：6小时；是否因健康/残疾不能工作：没问题；是否因健康/残疾不能做家事：没问题；多久接受他人帮助：从不,活动信息：高强度体力活动：否；中等强度体力活动：是；中等强度体力活动目的：其他；轻度体力活动：是；轻度体力活动目的：其他；上月活动：与朋友交往（不规律）,上网信息：是否使用互联网：是；上网设备：手机；上网用途：聊天、看新闻、看视频、玩游戏；是否用手机支付：是；是否使用微信：是；是否使用微信朋友圈：是,子女信息：子女总数：2个；健在子女数：2个；第1子女：是否工作/上学：工作；婚姻状况：已婚且配偶同住；过去一年同住月数：0个月；见面频率：每周1次；第2子女：是否工作/上学：工作；婚姻状况：已婚且配偶同住；过去一年同住月数：0个月；见面频率：每年；电话/短信/微信联系频率：每月,工作信息：是否从事农业/家庭农活：无；是否在工作：否；过去一年总工作天数：0天；上月是否在找工作：否,"基础信息：性别：女；年龄：67岁；城乡类型：城/镇中心
教育信息：教育程度：初中
婚姻信息：婚姻状况：已婚且配偶同住；过去一年与配偶同住月数：12个月；上半年独自居住天数：0天；上半年仅与配偶同住天数：182天；上半年因不与别人同住而受影响程度：0
情绪信息：生活满意度：有点满意；对子女满意度：很满意；因小事烦恼（过去一周）：少量（1–2天）；感到抑郁（过去一周）：少量（1–2天）；对未来抱有希望（过去一周）：少量（1–2天）；感到孤独（过去一周）：几乎没有（<1天）；感到高兴（过去一周）：少量（1–2天）；睡眠不安（过去一周）：少量（1–2天）
健康信息：自评健康状况：一般；医生诊断慢性病：高血压、心脏病；身体疼痛程度：非常；上月平均每天实际睡眠小时数：6小时；是否因健康/残疾不能工作：没问题；是否因健康/残疾不能做家事：没问题；多久接受他人帮助：从不
活动信息：高强度体力活动：否；中等强度体力活动：是；中等强度体力活动目的：其他；轻度体力活动：是；轻度体力活动目的：其他；上月活动：与朋友交往（不规律）
上网信息：是否使用互联网：是；上网设备：手机；上网用途：聊天、看新闻、看视频、玩游戏；是否用手机支付：是；是否使用微信：是；是否使用微信朋友圈：是
子女信息：子女总数：2个；健在子女数：2个；第1子女：是否工作/上学：工作；婚姻状况：已婚且配偶同住；过去一年同住月数：0个月；见面频率：每周1次；第2子女：是否工作/上学：工作；婚姻状况：已婚且配偶同住；过去一年同住月数：0个月；见面频率：每年；电话/短信/微信联系频率：每月
工作信息：是否从事农业/家庭农活：无；是否在工作：否；过去一年总工作天数：0天；上月是否在找工作：否"
292,158278218002,基础信息：性别：女；年龄：49岁；城乡类型：农村,教育信息：教育程度：小学,婚姻信息：婚姻状况：已婚且配偶同住；过去一年与配偶同住月数：12个月；上半年独自居住天数：0天；上半年仅与配偶同住天数：0天；上半年因不与别人同住而受影响程度：0,情绪信息：生活满意度：很满意；对子女满意度：很满意；因小事烦恼（过去一周）：几乎没有（<1天）；感到抑郁（过去一周）：几乎没有（<1天）；对未来抱有希望（过去一周）：几乎没有（<1天）；感到孤独（过去一周）：几乎没有（<1天）；感到高兴（过去一周）：大多数时候（5–7天）；睡眠不安（过去一周）：大多数时候（5–7天）,健康信息：自评健康状况：好；医生诊断慢性病：记忆相关疾病；身体疼痛程度：有些；上月平均每天实际睡眠小时数：7.5小时；是否因健康/残疾不能工作：没问题；是否因健康/残疾不能做家事：没问题；多久接受他人帮助：从不,活动信息：高强度体力活动：是；高强度体力活动目的：工作需要；中等强度体力活动：是；中等强度体力活动目的：锻炼；轻度体力活动：是；轻度体力活动目的：娱乐；上月活动：参加运动/社交等俱乐部（几乎每周）,上网信息：是否使用互联网：否,子女信息：子女总数：2个；健在子女数：2个；第1子女：是否工作/上学：工作；婚姻状况：未婚；过去一年同住月数：12个月；第2子女：是否工作/上学：都不；婚姻状况：未婚；过去一年同住月数：10个月；见面频率：每周1次,工作信息：是否从事农业/家庭农活：无；是否已办理退休：否；是否在工作：是；过去一年总工作天数：200天,"基础信息：性别：女；年龄：49岁；城乡类型：农村
教育信息：教育程度：小学
婚姻信息：婚姻状况：已婚且配偶同住；过去一年与配偶同住月数：12个月；上半年独自居住天数：0天；上半年仅与配偶同住天数：0天；上半年因不与别人同住而受影响程度：0
情绪信息：生活满意度：很满意；对子女满意度：很满意；因小事烦恼（过去一周）：几乎没有（<1天）；感到抑郁（过去一周）：几乎没有（<1天）；对未来抱有希望（过去一周）：几乎没有（<1天）；感到孤独（过去一周）：几乎没有（<1天）；感到高兴（过去一周）：大多数时候（5–7天）；睡眠不安（过去一周）：大多数时候（5–7天）
健康信息：自评健康状况：好；医生诊断慢性病：记忆相关疾病；身体疼痛程度：有些；上月平均每天实际睡眠小时数：7.5小时；是否因健康/残疾不能工作：没问题；是否因健康/残疾不能做家事：没问题；多久接受他人帮助：从不
活动信息：高强度体力活动：是；高强度体力活动目的：工作需要；中等强度体力活动：是；中等强度体力活动目的：锻炼；轻度体力活动：是；轻度体力活动目的：娱乐；上月活动：参加运动/社交等俱乐部（几乎每周）
上网信息：是否使用互联网：否
子女信息：子女总数：2个；健在子女数：2个；第1子女：是否工作/上学：工作；婚姻状况：未婚；过去一年同住月数：12个月；第2子女：是否工作/上学：都不；婚姻状况：未婚；过去一年同住月数：10个月；见面频率：每周1次
工作信息：是否从事农业/家庭农活：无；是否已办理退休：否；是否在工作：是；过去一年总工作天数：200天"
293,285502117001,基础信息：性别：男；年龄：58岁；城乡类型：农村,教育信息：教育程度：未读完小学,婚姻信息：婚姻状况：已婚且配偶同住；过去一年与配偶同住月数：12个月；上半年独自居住天数：0天；上半年仅与配偶同住天数：120天；上半年因不与别人同住而受影响程度：0,情绪信息：生活满意度：有点满意；对子女满意度：有点满意；因小事烦恼（过去一周）：少量（1–2天）；感到抑郁（过去一周）：少量（1–2天）；对未来抱有希望（过去一周）：少量（1–2天）；感到孤独（过去一周）：几乎没有（<1天）；感到高兴（过去一周）：少量（1–2天）；睡眠不安（过去一周）：少量（1–2天）,健康信息：自评健康状况：一般；医生诊断慢性病：未报告上述疾病；身体疼痛程度：无；上月平均每天实际睡眠小时数：7小时；是否因健康/残疾不能工作：没问题；是否因健康/残疾不能做家事：没问题；多久接受他人帮助：从不,活动信息：高强度体力活动：否；中等强度体力活动：否；轻度体力活动：是；轻度体力活动目的：工作需要；上月活动：以上都没有,上网信息：是否使用互联网：否,子女信息：子女总数：5个；健在子女数：5个；第1子女：最高学历：大专；是否工作/上学：工作；婚姻状况：未婚；过去一年同住月数：0个月；见面频率：每半年；电话/短信/微信联系频率：每月；第2子女：最高学历：本科；是否工作/上学：工作；婚姻状况：未婚；过去一年同住月数：2个月；见面频率：其他；电话/短信/微信联系频率：每月,工作信息：是否从事农业/家庭农活：有；是否已办理退休：否；是否在工作：是；过去一年总工作天数：120天,"基础信息：性别：男；年龄：58岁；城乡类型：农村
教育信息：教育程度：未读完小学
婚姻信息：婚姻状况：已婚且配偶同住；过去一年与配偶同住月数：12个月；上半年独自居住天数：0天；上半年仅与配偶同住天数：120天；上半年因不与别人同住而受影响程度：0
情绪信息：生活满意度：有点满意；对子女满意度：有点满意；因小事烦恼（过去一周）：少量（1–2天）；感到抑郁（过去一周）：少量（1–2天）；对未来抱有希望（过去一周）：少量（1–2天）；感到孤独（过去一周）：几乎没有（<1天）；感到高兴（过去一周）：少量（1–2天）；睡眠不安（过去一周）：少量（1–2天）
健康信息：自评健康状况：一般；医生诊断慢性病：未报告上述疾病；身体疼痛程度：无；上月平均每天实际睡眠小时数：7小时；是否因健康/残疾不能工作：没问题；是否因健康/残疾不能做家事：没问题；多久接受他人帮助：从不
活动信息：高强度体力活动：否；中等强度体力活动：否；轻度体力活动：是；轻度体力活动目的：工作需要；上月活动：以上都没有
上网信息：是否使用互联网：否
子女信息：子女总数：5个；健在子女数：5个；第1子女：最高学历：大专；是否工作/上学：工作；婚姻状况：未婚；过去一年同住月数：0个月；见面频率：每半年；电话/短信/微信联系频率：每月；第2子女：最高学历：本科；是否工作/上学：工作；婚姻状况：未婚；过去一年同住月数：2个月；见面频率：其他；电话/短信/微信联系频率：每月
工作信息：是否从事农业/家庭农活：有；是否已办理退休：否；是否在工作：是；过去一年总工作天数：120天"
294,108259301002,基础信息：性别：女；年龄：55岁；城乡类型：城/镇中心,教育信息：教育程度：初中,婚姻信息：婚姻状况：已婚且配偶同住；过去一年与配偶同住月数：12个月；上半年独自居住天数：0天；上半年仅与配偶同住天数：182天；上半年因不与别人同住而受影响程度：0,情绪信息：生活满意度：有点满意；对子女满意度：非常满意；因小事烦恼（过去一周）：少量（1–2天）；感到抑郁（过去一周）：少量（1–2天）；对未来抱有希望（过去一周）：有时/中等（3–4天）；感到孤独（过去一周）：几乎没有（<1天）；感到高兴（过去一周）：几乎没有（<1天）；睡眠不安（过去一周）：有时/中等（3–4天）,健康信息：自评健康状况：一般；医生诊断慢性病：肝脏疾病；身体疼痛程度：一点；上月平均每天实际睡眠小时数：4小时；是否因健康/残疾不能工作：没问题；是否因健康/残疾不能做家事：没问题；多久接受他人帮助：从不,活动信息：高强度体力活动：否；中等强度体力活动：否；轻度体力活动：是；轻度体力活动目的：锻炼；上月活动：与朋友交往（几乎每周）、打麻将/下棋/打牌/去社区活动室（不规律）、参加运动/社交等俱乐部（几乎每天）,上网信息：是否使用互联网：是；上网设备：手机；上网用途：看新闻、看视频；是否用手机支付：否；是否使用微信：是；是否使用微信朋友圈：是,子女信息：子女总数：1个；健在子女数：1个；第1子女：是否工作/上学：工作；婚姻状况：未婚；过去一年同住月数：0个月；见面频率：其他；电话/短信/微信联系频率：每周2–3次,工作信息：是否从事农业/家庭农活：无；是否在工作：否；过去一年总工作天数：0天；上月是否在找工作：否,"基础信息：性别：女；年龄：55岁；城乡类型：城/镇中心
教育信息：教育程度：初中
婚姻信息：婚姻状况：已婚且配偶同住；过去一年与配偶同住月数：12个月；上半年独自居住天数：0天；上半年仅与配偶同住天数：182天；上半年因不与别人同住而受影响程度：0
情绪信息：生活满意度：有点满意；对子女满意度：非常满意；因小事烦恼（过去一周）：少量（1–2天）；感到抑郁（过去一周）：少量（1–2天）；对未来抱有希望（过去一周）：有时/中等（3–4天）；感到孤独（过去一周）：几乎没有（<1天）；感到高兴（过去一周）：几乎没有（<1天）；睡眠不安（过去一周）：有时/中等（3–4天）
健康信息：自评健康状况：一般；医生诊断慢性病：肝脏疾病；身体疼痛程度：一点；上月平均每天实际睡眠小时数：4小时；是否因健康/残疾不能工作：没问题；是否因健康/残疾不能做家事：没问题；多久接受他人帮助：从不
活动信息：高强度体力活动：否；中等强度体力活动：否；轻度体力活动：是；轻度体力活动目的：锻炼；上月活动：与朋友交往（几乎每周）、打麻将/下棋/打牌/去社区活动室（不规律）、参加运动/社交等俱乐部（几乎每天）
上网信息：是否使用互联网：是；上网设备：手机；上网用途：看新闻、看视频；是否用手机支付：否；是否使用微信：是；是否使用微信朋友圈：是
子女信息：子女总数：1个；健在子女数：1个；第1子女：是否工作/上学：工作；婚姻状况：未婚；过去一年同住月数：0个月；见面频率：其他；电话/短信/微信联系频率：每周2–3次
工作信息：是否从事农业/家庭农活：无；是否在工作：否；过去一年总工作天数：0天；上月是否在找工作：否"
295,105381315001,基础信息：性别：女；年龄：55岁；城乡类型：农村,教育信息：教育程度：高中,婚姻信息：婚姻状况：已婚暂分居；过去一年与配偶同住月数：6个月；上半年独自居住天数：0天；上半年仅与配偶同住天数：0天,情绪信息：生活满意度：不太满意；对子女满意度：非常满意；因小事烦恼（过去一周）：几乎没有（<1天）；感到抑郁（过去一周）：几乎没有（<1天）；对未来抱有希望（过去一周）：有时/中等（3–4天）；感到孤独（过去一周）：几乎没有（<1天）；感到高兴（过去一周）：少量（1–2天）；睡眠不安（过去一周）：有时/中等（3–4天）,健康信息：自评健康状况：一般；医生诊断慢性病：未报告上述疾病；身体疼痛程度：有些；上月平均每天实际睡眠小时数：5小时；是否因健康/残疾不能工作：没问题；是否因健康/残疾不能做家事：没问题；多久接受他人帮助：从不,活动信息：高强度体力活动：是；高强度体力活动目的：工作需要；中等强度体力活动：否；轻度体力活动：是；轻度体力活动目的：工作需要；上月活动：以上都没有,上网信息：是否使用互联网：否,子女信息：子女总数：3个；健在子女数：3个；第1子女：是否工作/上学：工作；婚姻状况：未婚；过去一年同住月数：6个月；见面频率：每两周；电话/短信/微信联系频率：每周1次；第2子女：是否工作/上学：都不；婚姻状况：未婚；过去一年同住月数：7个月；见面频率：几乎每天,工作信息：是否从事农业/家庭农活：有；是否已办理退休：否；是否在工作：是；过去一年总工作天数：270天,"基础信息：性别：女；年龄：55岁；城乡类型：农村
教育信息：教育程度：高中
婚姻信息：婚姻状况：已婚暂分居；过去一年与配偶同住月数：6个月；上半年独自居住天数：0天；上半年仅与配偶同住天数：0天
情绪信息：生活满意度：不太满意；对子女满意度：非常满意；因小事烦恼（过去一周）：几乎没有（<1天）；感到抑郁（过去一周）：几乎没有（<1天）；对未来抱有希望（过去一周）：有时/中等（3–4天）；感到孤独（过去一周）：几乎没有（<1天）；感到高兴（过去一周）：少量（1–2天）；睡眠不安（过去一周）：有时/中等（3–4天）
健康信息：自评健康状况：一般；医生诊断慢性病：未报告上述疾病；身体疼痛程度：有些；上月平均每天实际睡眠小时数：5小时；是否因健康/残疾不能工作：没问题；是否因健康/残疾不能做家事：没问题；多久接受他人帮助：从不
活动信息：高强度体力活动：是；高强度体力活动目的：工作需要；中等强度体力活动：否；轻度体力活动：是；轻度体力活动目的：工作需要；上月活动：以上都没有
上网信息：是否使用互联网：否
子女信息：子女总数：3个；健在子女数：3个；第1子女：是否工作/上学：工作；婚姻状况：未婚；过去一年同住月数：6个月；见面频率：每两周；电话/短信/微信联系频率：每周1次；第2子女：是否工作/上学：都不；婚姻状况：未婚；过去一年同住月数：7个月；见面频率：几乎每天
工作信息：是否从事农业/家庭农活：有；是否已办理退休：否；是否在工作：是；过去一年总工作天数：270天"
296,30476138001,基础信息：性别：男；年龄：50岁；城乡类型：农村,教育信息：教育程度：小学,婚姻信息：婚姻状况：已婚且配偶同住；过去一年与配偶同住月数：12个月；上半年独自居住天数：0天；上半年仅与配偶同住天数：182天；上半年因不与别人同住而受影响程度：0,情绪信息：生活满意度：有点满意；对子女满意度：有点满意；因小事烦恼（过去一周）：几乎没有（<1天）；感到抑郁（过去一周）：几乎没有（<1天）；对未来抱有希望（过去一周）：少量（1–2天）；感到孤独（过去一周）：几乎没有（<1天）；感到高兴（过去一周）：少量（1–2天）；睡眠不安（过去一周）：几乎没有（<1天）,健康信息：自评健康状况：一般；医生诊断慢性病：未报告上述疾病；身体疼痛程度：无；上月平均每天实际睡眠小时数：7小时；是否因健康/残疾不能工作：没问题；是否因健康/残疾不能做家事：没问题；多久接受他人帮助：从不,活动信息：高强度体力活动：否；中等强度体力活动：否；轻度体力活动：是；轻度体力活动目的：锻炼；上月活动：与朋友交往（几乎每天）,上网信息：是否使用互联网：是；上网设备：手机；上网用途：聊天、看新闻；是否用手机支付：是；是否使用微信：是；是否使用微信朋友圈：是,子女信息：子女总数：2个；健在子女数：2个；第1子女：是否工作/上学：工作；婚姻状况：未婚；过去一年同住月数：0个月；见面频率：每月；电话/短信/微信联系频率：每周1次；第2子女：是否工作/上学：工作；婚姻状况：未婚；过去一年同住月数：0个月；见面频率：每两周；电话/短信/微信联系频率：每周2–3次,工作信息：是否从事农业/家庭农活：无；是否已办理退休：否；是否在工作：是；过去一年总工作天数：260天,"基础信息：性别：男；年龄：50岁；城乡类型：农村
教育信息：教育程度：小学
婚姻信息：婚姻状况：已婚且配偶同住；过去一年与配偶同住月数：12个月；上半年独自居住天数：0天；上半年仅与配偶同住天数：182天；上半年因不与别人同住而受影响程度：0
情绪信息：生活满意度：有点满意；对子女满意度：有点满意；因小事烦恼（过去一周）：几乎没有（<1天）；感到抑郁（过去一周）：几乎没有（<1天）；对未来抱有希望（过去一周）：少量（1–2天）；感到孤独（过去一周）：几乎没有（<1天）；感到高兴（过去一周）：少量（1–2天）；睡眠不安（过去一周）：几乎没有（<1天）
健康信息：自评健康状况：一般；医生诊断慢性病：未报告上述疾病；身体疼痛程度：无；上月平均每天实际睡眠小时数：7小时；是否因健康/残疾不能工作：没问题；是否因健康/残疾不能做家事：没问题；多久接受他人帮助：从不
活动信息：高强度体力活动：否；中等强度体力活动：否；轻度体力活动：是；轻度体力活动目的：锻炼；上月活动：与朋友交往（几乎每天）
上网信息：是否使用互联网：是；上网设备：手机；上网用途：聊天、看新闻；是否用手机支付：是；是否使用微信：是；是否使用微信朋友圈：是
子女信息：子女总数：2个；健在子女数：2个；第1子女：是否工作/上学：工作；婚姻状况：未婚；过去一年同住月数：0个月；见面频率：每月；电话/短信/微信联系频率：每周1次；第2子女：是否工作/上学：工作；婚姻状况：未婚；过去一年同住月数：0个月；见面频率：每两周；电话/短信/微信联系频率：每周2–3次
工作信息：是否从事农业/家庭农活：无；是否已办理退休：否；是否在工作：是；过去一年总工作天数：260天"
297,160104117002,基础信息：性别：男；年龄：64岁；城乡类型：城/镇中心,教育信息：教育程度：初中,婚姻信息：婚姻状况：已婚且配偶同住；过去一年与配偶同住月数：6个月；上半年独自居住天数：60天；上半年仅与配偶同住天数：180天；上半年因不与别人同住而受影响程度：0,情绪信息：生活满意度：有点满意；对子女满意度：有点满意；因小事烦恼（过去一周）：有时/中等（3–4天）；感到抑郁（过去一周）：有时/中等（3–4天）；对未来抱有希望（过去一周）：大多数时候（5–7天）；感到孤独（过去一周）：几乎没有（<1天）；感到高兴（过去一周）：大多数时候（5–7天）；睡眠不安（过去一周）：几乎没有（<1天）,健康信息：自评健康状况：一般；医生诊断慢性病：未报告上述疾病；身体疼痛程度：一点；上月平均每天实际睡眠小时数：8小时；是否因健康/残疾不能工作：没问题；是否因健康/残疾不能做家事：没问题；多久接受他人帮助：从不,活动信息：高强度体力活动：是；高强度体力活动目的：其他；中等强度体力活动：是；中等强度体力活动目的：其他；轻度体力活动：否；上月活动：与朋友交往（不规律）,上网信息：是否使用互联网：是；上网设备：手机；上网用途：看新闻、看视频；是否用手机支付：否；是否使用微信：否,子女信息：子女总数：1个；健在子女数：1个；第1子女：是否工作/上学：工作；婚姻状况：已婚且配偶同住；过去一年同住月数：0个月；见面频率：每周2–3次,工作信息：是否从事农业/家庭农活：有；是否在工作：是；过去一年总工作天数：365天,"基础信息：性别：男；年龄：64岁；城乡类型：城/镇中心
教育信息：教育程度：初中
婚姻信息：婚姻状况：已婚且配偶同住；过去一年与配偶同住月数：6个月；上半年独自居住天数：60天；上半年仅与配偶同住天数：180天；上半年因不与别人同住而受影响程度：0
情绪信息：生活满意度：有点满意；对子女满意度：有点满意；因小事烦恼（过去一周）：有时/中等（3–4天）；感到抑郁（过去一周）：有时/中等（3–4天）；对未来抱有希望（过去一周）：大多数时候（5–7天）；感到孤独（过去一周）：几乎没有（<1天）；感到高兴（过去一周）：大多数时候（5–7天）；睡眠不安（过去一周）：几乎没有（<1天）
健康信息：自评健康状况：一般；医生诊断慢性病：未报告上述疾病；身体疼痛程度：一点；上月平均每天实际睡眠小时数：8小时；是否因健康/残疾不能工作：没问题；是否因健康/残疾不能做家事：没问题；多久接受他人帮助：从不
活动信息：高强度体力活动：是；高强度体力活动目的：其他；中等强度体力活动：是；中等强度体力活动目的：其他；轻度体力活动：否；上月活动：与朋友交往（不规律）
上网信息：是否使用互联网：是；上网设备：手机；上网用途：看新闻、看视频；是否用手机支付：否；是否使用微信：否
子女信息：子女总数：1个；健在子女数：1个；第1子女：是否工作/上学：工作；婚姻状况：已婚且配偶同住；过去一年同住月数：0个月；见面频率：每周2–3次
工作信息：是否从事农业/家庭农活：有；是否在工作：是；过去一年总工作天数：365天"
298,285502212002,基础信息：性别：男；年龄：74岁；城乡类型：农村,教育信息：教育程度：未受教育,婚姻信息：婚姻状况：已婚且配偶同住；过去一年与配偶同住月数：12个月；上半年独自居住天数：0天；上半年仅与配偶同住天数：182天；上半年因不与别人同住而受影响程度：0,情绪信息：生活满意度：很满意；对子女满意度：很满意；因小事烦恼（过去一周）：有时/中等（3–4天）；感到抑郁（过去一周）：几乎没有（<1天）；对未来抱有希望（过去一周）：几乎没有（<1天）；感到孤独（过去一周）：几乎没有（<1天）；感到高兴（过去一周）：少量（1–2天）；睡眠不安（过去一周）：大多数时候（5–7天）,健康信息：自评健康状况：好；医生诊断慢性病：慢性肺部疾病；身体疼痛程度：一点；上月平均每天实际睡眠小时数：3小时；是否因健康/残疾不能工作：没问题；是否因健康/残疾不能做家事：没问题；多久接受他人帮助：从不,活动信息：高强度体力活动：否；中等强度体力活动：否；轻度体力活动：否；上月活动：以上都没有,上网信息：是否使用互联网：否,子女信息：子女总数：4个；健在子女数：4个；第1子女：是否工作/上学：工作；婚姻状况：已婚且配偶同住；过去一年同住月数：0个月；见面频率：每半年；电话/短信/微信联系频率：几乎不见/不联系；第2子女：是否工作/上学：工作；婚姻状况：已婚且配偶同住；过去一年同住月数：0个月；见面频率：几乎每天,工作信息：是否从事农业/家庭农活：无；是否已办理退休：否；是否在工作：是；过去一年总工作天数：100天,"基础信息：性别：男；年龄：74岁；城乡类型：农村
教育信息：教育程度：未受教育
婚姻信息：婚姻状况：已婚且配偶同住；过去一年与配偶同住月数：12个月；上半年独自居住天数：0天；上半年仅与配偶同住天数：182天；上半年因不与别人同住而受影响程度：0
情绪信息：生活满意度：很满意；对子女满意度：很满意；因小事烦恼（过去一周）：有时/中等（3–4天）；感到抑郁（过去一周）：几乎没有（<1天）；对未来抱有希望（过去一周）：几乎没有（<1天）；感到孤独（过去一周）：几乎没有（<1天）；感到高兴（过去一周）：少量（1–2天）；睡眠不安（过去一周）：大多数时候（5–7天）
健康信息：自评健康状况：好；医生诊断慢性病：慢性肺部疾病；身体疼痛程度：一点；上月平均每天实际睡眠小时数：3小时；是否因健康/残疾不能工作：没问题；是否因健康/残疾不能做家事：没问题；多久接受他人帮助：从不
活动信息：高强度体力活动：否；中等强度体力活动：否；轻度体力活动：否；上月活动：以上都没有
上网信息：是否使用互联网：否
子女信息：子女总数：4个；健在子女数：4个；第1子女：是否工作/上学：工作；婚姻状况：已婚且配偶同住；过去一年同住月数：0个月；见面频率：每半年；电话/短信/微信联系频率：几乎不见/不联系；第2子女：是否工作/上学：工作；婚姻状况：已婚且配偶同住；过去一年同住月数：0个月；见面频率：几乎每天
工作信息：是否从事农业/家庭农活：无；是否已办理退休：否；是否在工作：是；过去一年总工作天数：100天"
299,108259307002,基础信息：性别：女；年龄：62岁；城乡类型：城/镇中心,教育信息：教育程度：高中,婚姻信息：婚姻状况：已婚且配偶同住；过去一年与配偶同住月数：12个月；上半年独自居住天数：1天；上半年仅与配偶同住天数：120天；上半年因不与别人同住而受影响程度：0,情绪信息：生活满意度：有点满意；对子女满意度：很满意；因小事烦恼（过去一周）：少量（1–2天）；感到抑郁（过去一周）：少量（1–2天）；对未来抱有希望（过去一周）：少量（1–2天）；感到孤独（过去一周）：几乎没有（<1天）；感到高兴（过去一周）：大多数时候（5–7天）；睡眠不安（过去一周）：几乎没有（<1天）,健康信息：自评健康状况：差；医生诊断慢性病：血脂异常、肝脏疾病、哮喘、记忆相关疾病；身体疼痛程度：有些；上月平均每天实际睡眠小时数：6小时；是否因健康/残疾不能工作：不能长时间工作；是否因健康/残疾不能做家事：没问题；多久接受他人帮助：从不,活动信息：高强度体力活动：否；中等强度体力活动：是；中等强度体力活动目的：锻炼；轻度体力活动：是；轻度体力活动目的：锻炼；上月活动：与朋友交往（不规律）、帮助不住一起的家人朋友邻居（不规律）,上网信息：是否使用互联网：是；上网设备：手机、其他；上网用途：聊天、看新闻、看视频；是否用手机支付：是；是否使用微信：是；是否使用微信朋友圈：是,子女信息：子女总数：3个；健在子女数：3个；第1子女：是否工作/上学：工作；婚姻状况：已婚且配偶同住；过去一年同住月数：0个月；见面频率：每周1次；第2子女：是否工作/上学：工作；婚姻状况：已婚且配偶同住；过去一年同住月数：0个月；见面频率：每三月；电话/短信/微信联系频率：每周1次,工作信息：是否从事农业/家庭农活：无；是否在工作：否；过去一年总工作天数：0天；上月是否在找工作：否,"基础信息：性别：女；年龄：62岁；城乡类型：城/镇中心
教育信息：教育程度：高中
婚姻信息：婚姻状况：已婚且配偶同住；过去一年与配偶同住月数：12个月；上半年独自居住天数：1天；上半年仅与配偶同住天数：120天；上半年因不与别人同住而受影响程度：0
情绪信息：生活满意度：有点满意；对子女满意度：很满意；因小事烦恼（过去一周）：少量（1–2天）；感到抑郁（过去一周）：少量（1–2天）；对未来抱有希望（过去一周）：少量（1–2天）；感到孤独（过去一周）：几乎没有（<1天）；感到高兴（过去一周）：大多数时候（5–7天）；睡眠不安（过去一周）：几乎没有（<1天）
健康信息：自评健康状况：差；医生诊断慢性病：血脂异常、肝脏疾病、哮喘、记忆相关疾病；身体疼痛程度：有些；上月平均每天实际睡眠小时数：6小时；是否因健康/残疾不能工作：不能长时间工作；是否因健康/残疾不能做家事：没问题；多久接受他人帮助：从不
活动信息：高强度体力活动：否；中等强度体力活动：是；中等强度体力活动目的：锻炼；轻度体力活动：是；轻度体力活动目的：锻炼；上月活动：与朋友交往（不规律）、帮助不住一起的家人朋友邻居（不规律）
上网信息：是否使用互联网：是；上网设备：手机、其他；上网用途：聊天、看新闻、看视频；是否用手机支付：是；是否使用微信：是；是否使用微信朋友圈：是
子女信息：子女总数：3个；健在子女数：3个；第1子女：是否工作/上学：工作；婚姻状况：已婚且配偶同住；过去一年同住月数：0个月；见面频率：每周1次；第2子女：是否工作/上学：工作；婚姻状况：已婚且配偶同住；过去一年同住月数：0个月；见面频率：每三月；电话/短信/微信联系频率：每周1次
工作信息：是否从事农业/家庭农活：无；是否在工作：否；过去一年总工作天数：0天；上月是否在找工作：否"
300,138202231002,基础信息：性别：男；年龄：54岁；城乡类型：农村,教育信息：教育程度：小学,婚姻信息：婚姻状况：已婚且配偶同住；过去一年与配偶同住月数：12个月；上半年独自居住天数：0天；上半年仅与配偶同住天数：180天；上半年因不与别人同住而受影响程度：0,情绪信息：生活满意度：不太满意；对子女满意度：很满意；因小事烦恼（过去一周）：大多数时候（5–7天）；感到抑郁（过去一周）：有时/中等（3–4天）；对未来抱有希望（过去一周）：大多数时候（5–7天）；感到孤独（过去一周）：有时/中等（3–4天）；感到高兴（过去一周）：几乎没有（<1天）；睡眠不安（过去一周）：大多数时候（5–7天）,健康信息：自评健康状况：很差；医生诊断慢性病：血脂异常、糖尿病或高血糖、胃部或其他消化系统疾病；身体疼痛程度：非常；上月平均每天实际睡眠小时数：3小时；是否因健康/残疾不能工作：完全不能工作；多久接受他人帮助：从不,活动信息：高强度体力活动：否；中等强度体力活动：否；轻度体力活动：是；轻度体力活动目的：工作需要；上月活动：以上都没有,上网信息：是否使用互联网：是；上网设备：台式电脑、笔记本、手机；上网用途：聊天、看视频；是否用手机支付：是；是否使用微信：是；是否使用微信朋友圈：是,子女信息：子女总数：2个；健在子女数：2个；第1子女：是否工作/上学：工作；婚姻状况：未婚；过去一年同住月数：5个月；见面频率：每三月；电话/短信/微信联系频率：每周1次；第2子女：是否工作/上学：工作；婚姻状况：离婚；过去一年同住月数：2个月；见面频率：每两周；电话/短信/微信联系频率：每周1次,工作信息：是否从事农业/家庭农活：无；是否已办理退休：否；是否在工作：是；过去一年总工作天数：0天,"基础信息：性别：男；年龄：54岁；城乡类型：农村
教育信息：教育程度：小学
婚姻信息：婚姻状况：已婚且配偶同住；过去一年与配偶同住月数：12个月；上半年独自居住天数：0天；上半年仅与配偶同住天数：180天；上半年因不与别人同住而受影响程度：0
情绪信息：生活满意度：不太满意；对子女满意度：很满意；因小事烦恼（过去一周）：大多数时候（5–7天）；感到抑郁（过去一周）：有时/中等（3–4天）；对未来抱有希望（过去一周）：大多数时候（5–7天）；感到孤独（过去一周）：有时/中等（3–4天）；感到高兴（过去一周）：几乎没有（<1天）；睡眠不安（过去一周）：大多数时候（5–7天）
健康信息：自评健康状况：很差；医生诊断慢性病：血脂异常、糖尿病或高血糖、胃部或其他消化系统疾病；身体疼痛程度：非常；上月平均每天实际睡眠小时数：3小时；是否因健康/残疾不能工作：完全不能工作；多久接受他人帮助：从不
活动信息：高强度体力活动：否；中等强度体力活动：否；轻度体力活动：是；轻度体力活动目的：工作需要；上月活动：以上都没有
上网信息：是否使用互联网：是；上网设备：台式电脑、笔记本、手机；上网用途：聊天、看视频；是否用手机支付：是；是否使用微信：是；是否使用微信朋友圈：是
子女信息：子女总数：2个；健在子女数：2个；第1子女：是否工作/上学：工作；婚姻状况：未婚；过去一年同住月数：5个月；见面频率：每三月；电话/短信/微信联系频率：每周1次；第2子女：是否工作/上学：工作；婚姻状况：离婚；过去一年同住月数：2个月；见面频率：每两周；电话/短信/微信联系频率：每周1次
工作信息：是否从事农业/家庭农活：无；是否已办理退休：否；是否在工作：是；过去一年总工作天数：0天"
301,205304101002,基础信息：性别：男；年龄：66岁；城乡类型：城/镇中心,教育信息：教育程度：未读完小学,婚姻信息：婚姻状况：已婚且配偶同住；过去一年与配偶同住月数：12个月；上半年独自居住天数：0天；上半年仅与配偶同住天数：180天；上半年因不与别人同住而受影响程度：0,情绪信息：生活满意度：很满意；对子女满意度：很满意；因小事烦恼（过去一周）：少量（1–2天）；感到抑郁（过去一周）：有时/中等（3–4天）；对未来抱有希望（过去一周）：大多数时候（5–7天）；感到孤独（过去一周）：几乎没有（<1天）；感到高兴（过去一周）：大多数时候（5–7天）；睡眠不安（过去一周）：有时/中等（3–4天）,健康信息：自评健康状况：很好；医生诊断慢性病：未报告上述疾病；身体疼痛程度：无；上月平均每天实际睡眠小时数：7小时；是否因健康/残疾不能工作：没问题；是否因健康/残疾不能做家事：没问题；多久接受他人帮助：从不,活动信息：高强度体力活动：否；中等强度体力活动：是；中等强度体力活动目的：工作需要；轻度体力活动：否；上月活动：帮助不住一起的家人朋友邻居（不规律）、参加社区相关组织（几乎每周）、做志愿/慈善或照顾不住一起的病弱者（不规律）,上网信息：是否使用互联网：否,子女信息：子女总数：1个；健在子女数：1个；第1子女：是否工作/上学：工作；婚姻状况：已婚且配偶同住；过去一年同住月数：0个月；见面频率：每月；电话/短信/微信联系频率：每周2–3次,工作信息：是否从事农业/家庭农活：无；是否在工作：是；过去一年总工作天数：365天,"基础信息：性别：男；年龄：66岁；城乡类型：城/镇中心
教育信息：教育程度：未读完小学
婚姻信息：婚姻状况：已婚且配偶同住；过去一年与配偶同住月数：12个月；上半年独自居住天数：0天；上半年仅与配偶同住天数：180天；上半年因不与别人同住而受影响程度：0
情绪信息：生活满意度：很满意；对子女满意度：很满意；因小事烦恼（过去一周）：少量（1–2天）；感到抑郁（过去一周）：有时/中等（3–4天）；对未来抱有希望（过去一周）：大多数时候（5–7天）；感到孤独（过去一周）：几乎没有（<1天）；感到高兴（过去一周）：大多数时候（5–7天）；睡眠不安（过去一周）：有时/中等（3–4天）
健康信息：自评健康状况：很好；医生诊断慢性病：未报告上述疾病；身体疼痛程度：无；上月平均每天实际睡眠小时数：7小时；是否因健康/残疾不能工作：没问题；是否因健康/残疾不能做家事：没问题；多久接受他人帮助：从不
活动信息：高强度体力活动：否；中等强度体力活动：是；中等强度体力活动目的：工作需要；轻度体力活动：否；上月活动：帮助不住一起的家人朋友邻居（不规律）、参加社区相关组织（几乎每周）、做志愿/慈善或照顾不住一起的病弱者（不规律）
上网信息：是否使用互联网：否
子女信息：子女总数：1个；健在子女数：1个；第1子女：是否工作/上学：工作；婚姻状况：已婚且配偶同住；过去一年同住月数：0个月；见面频率：每月；电话/短信/微信联系频率：每周2–3次
工作信息：是否从事农业/家庭农活：无；是否在工作：是；过去一年总工作天数：365天"
302,345233328002,基础信息：性别：女；年龄：59岁；城乡类型：城乡结合部/镇乡,教育信息：教育程度：初中,婚姻信息：婚姻状况：丧偶；是否有人以配偶身份同住：否；上半年独自居住天数：30天；上半年因不与别人同住而受影响程度：0,情绪信息：生活满意度：有点满意；对子女满意度：有点满意；因小事烦恼（过去一周）：有时/中等（3–4天）；感到抑郁（过去一周）：几乎没有（<1天）；对未来抱有希望（过去一周）：几乎没有（<1天）；感到孤独（过去一周）：少量（1–2天）；感到高兴（过去一周）：大多数时候（5–7天）；睡眠不安（过去一周）：少量（1–2天）,健康信息：自评健康状况：一般；医生诊断慢性病：未报告上述疾病；身体疼痛程度：无；上月平均每天实际睡眠小时数：-1小时；是否因健康/残疾不能工作：不能长时间工作；是否因健康/残疾不能做家事：不能长时间；多久接受他人帮助：从不,活动信息：高强度体力活动：否；中等强度体力活动：是；中等强度体力活动目的：其他；轻度体力活动：是；轻度体力活动目的：工作需要；上月活动：与朋友交往（几乎每周）、帮助不住一起的家人朋友邻居（不规律）、参加运动/社交等俱乐部（几乎每周）,上网信息：是否使用互联网：是；上网设备：手机；上网用途：看视频；是否用手机支付：否；是否使用微信：否,子女信息：子女总数：3个；健在子女数：3个；第1子女：是否工作/上学：工作；婚姻状况：已婚且配偶同住；过去一年同住月数：0个月；见面频率：几乎每天；第2子女：是否工作/上学：工作；婚姻状况：已婚且配偶同住；过去一年同住月数：0个月；见面频率：每三月；电话/短信/微信联系频率：每周2–3次,工作信息：是否从事农业/家庭农活：有；是否已办理退休：否；是否在工作：是；过去一年总工作天数：12天,"基础信息：性别：女；年龄：59岁；城乡类型：城乡结合部/镇乡
教育信息：教育程度：初中
婚姻信息：婚姻状况：丧偶；是否有人以配偶身份同住：否；上半年独自居住天数：30天；上半年因不与别人同住而受影响程度：0
情绪信息：生活满意度：有点满意；对子女满意度：有点满意；因小事烦恼（过去一周）：有时/中等（3–4天）；感到抑郁（过去一周）：几乎没有（<1天）；对未来抱有希望（过去一周）：几乎没有（<1天）；感到孤独（过去一周）：少量（1–2天）；感到高兴（过去一周）：大多数时候（5–7天）；睡眠不安（过去一周）：少量（1–2天）
健康信息：自评健康状况：一般；医生诊断慢性病：未报告上述疾病；身体疼痛程度：无；上月平均每天实际睡眠小时数：-1小时；是否因健康/残疾不能工作：不能长时间工作；是否因健康/残疾不能做家事：不能长时间；多久接受他人帮助：从不
活动信息：高强度体力活动：否；中等强度体力活动：是；中等强度体力活动目的：其他；轻度体力活动：是；轻度体力活动目的：工作需要；上月活动：与朋友交往（几乎每周）、帮助不住一起的家人朋友邻居（不规律）、参加运动/社交等俱乐部（几乎每周）
上网信息：是否使用互联网：是；上网设备：手机；上网用途：看视频；是否用手机支付：否；是否使用微信：否
子女信息：子女总数：3个；健在子女数：3个；第1子女：是否工作/上学：工作；婚姻状况：已婚且配偶同住；过去一年同住月数：0个月；见面频率：几乎每天；第2子女：是否工作/上学：工作；婚姻状况：已婚且配偶同住；过去一年同住月数：0个月；见面频率：每三月；电话/短信/微信联系频率：每周2–3次
工作信息：是否从事农业/家庭农活：有；是否已办理退休：否；是否在工作：是；过去一年总工作天数：12天"
303,330131305002,基础信息：性别：男；年龄：72岁；城乡类型：农村,教育信息：教育程度：小学,婚姻信息：婚姻状况：已婚且配偶同住；过去一年与配偶同住月数：12个月；上半年独自居住天数：0天；上半年仅与配偶同住天数：182天；上半年因不与别人同住而受影响程度：0,情绪信息：生活满意度：很满意；对子女满意度：非常满意；因小事烦恼（过去一周）：几乎没有（<1天）；感到抑郁（过去一周）：几乎没有（<1天）；对未来抱有希望（过去一周）：少量（1–2天）；感到孤独（过去一周）：几乎没有（<1天）；感到高兴（过去一周）：几乎没有（<1天）；睡眠不安（过去一周）：几乎没有（<1天）,健康信息：自评健康状况：很好；医生诊断慢性病：未报告上述疾病；身体疼痛程度：无；上月平均每天实际睡眠小时数：8小时；是否因健康/残疾不能工作：没问题；是否因健康/残疾不能做家事：没问题；多久接受他人帮助：从不,活动信息：高强度体力活动：是；高强度体力活动目的：工作需要；中等强度体力活动：否；轻度体力活动：否；上月活动：打麻将/下棋/打牌/去社区活动室（几乎每天）,上网信息：是否使用互联网：否,子女信息：子女总数：3个；健在子女数：3个；第1子女：是否工作/上学：工作；婚姻状况：已婚且配偶同住；过去一年同住月数：0个月；见面频率：每年；电话/短信/微信联系频率：每周2–3次；第2子女：是否工作/上学：工作；婚姻状况：已婚且配偶同住；过去一年同住月数：0个月；见面频率：每年；电话/短信/微信联系频率：每周2–3次,工作信息：是否从事农业/家庭农活：有；是否已办理退休：否；是否在工作：是；过去一年总工作天数：30天,"基础信息：性别：男；年龄：72岁；城乡类型：农村
教育信息：教育程度：小学
婚姻信息：婚姻状况：已婚且配偶同住；过去一年与配偶同住月数：12个月；上半年独自居住天数：0天；上半年仅与配偶同住天数：182天；上半年因不与别人同住而受影响程度：0
情绪信息：生活满意度：很满意；对子女满意度：非常满意；因小事烦恼（过去一周）：几乎没有（<1天）；感到抑郁（过去一周）：几乎没有（<1天）；对未来抱有希望（过去一周）：少量（1–2天）；感到孤独（过去一周）：几乎没有（<1天）；感到高兴（过去一周）：几乎没有（<1天）；睡眠不安（过去一周）：几乎没有（<1天）
健康信息：自评健康状况：很好；医生诊断慢性病：未报告上述疾病；身体疼痛程度：无；上月平均每天实际睡眠小时数：8小时；是否因健康/残疾不能工作：没问题；是否因健康/残疾不能做家事：没问题；多久接受他人帮助：从不
活动信息：高强度体力活动：是；高强度体力活动目的：工作需要；中等强度体力活动：否；轻度体力活动：否；上月活动：打麻将/下棋/打牌/去社区活动室（几乎每天）
上网信息：是否使用互联网：否
子女信息：子女总数：3个；健在子女数：3个；第1子女：是否工作/上学：工作；婚姻状况：已婚且配偶同住；过去一年同住月数：0个月；见面频率：每年；电话/短信/微信联系频率：每周2–3次；第2子女：是否工作/上学：工作；婚姻状况：已婚且配偶同住；过去一年同住月数：0个月；见面频率：每年；电话/短信/微信联系频率：每周2–3次
工作信息：是否从事农业/家庭农活：有；是否已办理退休：否；是否在工作：是；过去一年总工作天数：30天"
304,324681330001,基础信息：性别：女；年龄：51岁；城乡类型：城/镇中心,教育信息：教育程度：初中,婚姻信息：婚姻状况：已婚且配偶同住；过去一年与配偶同住月数：12个月；上半年独自居住天数：0天；上半年仅与配偶同住天数：182天；上半年因不与别人同住而受影响程度：5,情绪信息：生活满意度：很满意；对子女满意度：很满意；因小事烦恼（过去一周）：少量（1–2天）；感到抑郁（过去一周）：少量（1–2天）；对未来抱有希望（过去一周）：大多数时候（5–7天）；感到孤独（过去一周）：几乎没有（<1天）；感到高兴（过去一周）：大多数时候（5–7天）；睡眠不安（过去一周）：大多数时候（5–7天）,健康信息：自评健康状况：一般；医生诊断慢性病：未报告上述疾病；身体疼痛程度：一点；上月平均每天实际睡眠小时数：4小时；是否因健康/残疾不能工作：没问题；是否因健康/残疾不能做家事：没问题；多久接受他人帮助：从不,活动信息：高强度体力活动：否；中等强度体力活动：是；中等强度体力活动目的：娱乐；轻度体力活动：是；轻度体力活动目的：娱乐；上月活动：与朋友交往（几乎每天）、帮助不住一起的家人朋友邻居（几乎每天）、参加运动/社交等俱乐部（几乎每天）,上网信息：是否使用互联网：是；上网设备：手机；上网用途：聊天、看新闻、看视频；是否用手机支付：否；是否使用微信：是；是否使用微信朋友圈：是,子女信息：子女总数：3个；健在子女数：3个；第1子女：是否工作/上学：工作；婚姻状况：已婚且配偶同住；过去一年同住月数：0个月；见面频率：每周1次；第2子女：是否工作/上学：工作；婚姻状况：未婚；过去一年同住月数：12个月,工作信息：是否从事农业/家庭农活：无；是否已办理退休：否；是否在工作：否；过去一年总工作天数：0天；上月是否在找工作：否,"基础信息：性别：女；年龄：51岁；城乡类型：城/镇中心
教育信息：教育程度：初中
婚姻信息：婚姻状况：已婚且配偶同住；过去一年与配偶同住月数：12个月；上半年独自居住天数：0天；上半年仅与配偶同住天数：182天；上半年因不与别人同住而受影响程度：5
情绪信息：生活满意度：很满意；对子女满意度：很满意；因小事烦恼（过去一周）：少量（1–2天）；感到抑郁（过去一周）：少量（1–2天）；对未来抱有希望（过去一周）：大多数时候（5–7天）；感到孤独（过去一周）：几乎没有（<1天）；感到高兴（过去一周）：大多数时候（5–7天）；睡眠不安（过去一周）：大多数时候（5–7天）
健康信息：自评健康状况：一般；医生诊断慢性病：未报告上述疾病；身体疼痛程度：一点；上月平均每天实际睡眠小时数：4小时；是否因健康/残疾不能工作：没问题；是否因健康/残疾不能做家事：没问题；多久接受他人帮助：从不
活动信息：高强度体力活动：否；中等强度体力活动：是；中等强度体力活动目的：娱乐；轻度体力活动：是；轻度体力活动目的：娱乐；上月活动：与朋友交往（几乎每天）、帮助不住一起的家人朋友邻居（几乎每天）、参加运动/社交等俱乐部（几乎每天）
上网信息：是否使用互联网：是；上网设备：手机；上网用途：聊天、看新闻、看视频；是否用手机支付：否；是否使用微信：是；是否使用微信朋友圈：是
子女信息：子女总数：3个；健在子女数：3个；第1子女：是否工作/上学：工作；婚姻状况：已婚且配偶同住；过去一年同住月数：0个月；见面频率：每周1次；第2子女：是否工作/上学：工作；婚姻状况：未婚；过去一年同住月数：12个月
工作信息：是否从事农业/家庭农活：无；是否已办理退休：否；是否在工作：否；过去一年总工作天数：0天；上月是否在找工作：否"
305,151156111001,基础信息：性别：男；年龄：52岁；现居住地地址类型：家庭住房；城乡类型：城/镇中心,教育信息：教育程度：本科,婚姻信息：婚姻状况：已婚且配偶同住；过去一年与配偶同住月数：12个月；上半年独自居住天数：0天；上半年仅与配偶同住天数：150天；上半年因不与别人同住而受影响程度：0,情绪信息：生活满意度：很满意；对子女满意度：很满意；因小事烦恼（过去一周）：几乎没有（<1天）；感到抑郁（过去一周）：几乎没有（<1天）；对未来抱有希望（过去一周）：大多数时候（5–7天）；感到孤独（过去一周）：几乎没有（<1天）；感到高兴（过去一周）：大多数时候（5–7天）；睡眠不安（过去一周）：几乎没有（<1天）,健康信息：自评健康状况：好；医生诊断慢性病：未报告上述疾病；身体疼痛程度：无；上月平均每天实际睡眠小时数：7小时；是否因健康/残疾不能工作：没问题；是否因健康/残疾不能做家事：没问题；多久接受他人帮助：从不,活动信息：高强度体力活动：是；高强度体力活动目的：娱乐；中等强度体力活动：是；中等强度体力活动目的：其他；轻度体力活动：是；轻度体力活动目的：锻炼；上月活动：与朋友交往（几乎每周）、其他活动（几乎每天）,上网信息：是否使用互联网：是；上网设备：台式电脑、笔记本、手机；上网用途：聊天、看新闻、看视频；是否用手机支付：是；是否使用微信：是；是否使用微信朋友圈：是,子女信息：子女总数：2个；健在子女数：2个；第1子女：是否工作/上学：上学；婚姻状况：未婚；过去一年同住月数：0个月；见面频率：每三月；电话/短信/微信联系频率：每两周；第2子女：最高学历：初中；是否工作/上学：上学；婚姻状况：未婚；过去一年同住月数：4个月；见面频率：每周1次,工作信息：是否从事农业/家庭农活：有；是否已办理退休：否；是否在工作：是；过去一年总工作天数：365天,"基础信息：性别：男；年龄：52岁；现居住地地址类型：家庭住房；城乡类型：城/镇中心
教育信息：教育程度：本科
婚姻信息：婚姻状况：已婚且配偶同住；过去一年与配偶同住月数：12个月；上半年独自居住天数：0天；上半年仅与配偶同住天数：150天；上半年因不与别人同住而受影响程度：0
情绪信息：生活满意度：很满意；对子女满意度：很满意；因小事烦恼（过去一周）：几乎没有（<1天）；感到抑郁（过去一周）：几乎没有（<1天）；对未来抱有希望（过去一周）：大多数时候（5–7天）；感到孤独（过去一周）：几乎没有（<1天）；感到高兴（过去一周）：大多数时候（5–7天）；睡眠不安（过去一周）：几乎没有（<1天）
健康信息：自评健康状况：好；医生诊断慢性病：未报告上述疾病；身体疼痛程度：无；上月平均每天实际睡眠小时数：7小时；是否因健康/残疾不能工作：没问题；是否因健康/残疾不能做家事：没问题；多久接受他人帮助：从不
活动信息：高强度体力活动：是；高强度体力活动目的：娱乐；中等强度体力活动：是；中等强度体力活动目的：其他；轻度体力活动：是；轻度体力活动目的：锻炼；上月活动：与朋友交往（几乎每周）、其他活动（几乎每天）
上网信息：是否使用互联网：是；上网设备：台式电脑、笔记本、手机；上网用途：聊天、看新闻、看视频；是否用手机支付：是；是否使用微信：是；是否使用微信朋友圈：是
子女信息：子女总数：2个；健在子女数：2个；第1子女：是否工作/上学：上学；婚姻状况：未婚；过去一年同住月数：0个月；见面频率：每三月；电话/短信/微信联系频率：每两周；第2子女：最高学历：初中；是否工作/上学：上学；婚姻状况：未婚；过去一年同住月数：4个月；见面频率：每周1次
工作信息：是否从事农业/家庭农活：有；是否已办理退休：否；是否在工作：是；过去一年总工作天数：365天"
306,158278204002,基础信息：性别：女；年龄：67岁；现居住地地址类型：家庭住房；城乡类型：城/镇中心,教育信息：教育程度：未读完小学,婚姻信息：婚姻状况：已婚暂分居；过去一年与配偶同住月数：0个月；上半年独自居住天数：0天；上半年仅与配偶同住天数：18天；上半年因不与别人同住而受影响程度：0,情绪信息：生活满意度：很满意；对子女满意度：很满意；因小事烦恼（过去一周）：几乎没有（<1天）；感到抑郁（过去一周）：几乎没有（<1天）；感到孤独（过去一周）：几乎没有（<1天）；感到高兴（过去一周）：有时/中等（3–4天）；睡眠不安（过去一周）：几乎没有（<1天）,健康信息：自评健康状况：一般；医生诊断慢性病：糖尿病或高血糖；身体疼痛程度：无；上月平均每天实际睡眠小时数：5小时；是否因健康/残疾不能工作：完全不能工作；多久接受他人帮助：偶尔,活动信息：高强度体力活动：否；中等强度体力活动：否；轻度体力活动：是；轻度体力活动目的：其他；上月活动：打麻将/下棋/打牌/去社区活动室（几乎每天）,上网信息：是否使用互联网：否,子女信息：子女总数：2个；健在子女数：2个；第1子女：是否工作/上学：工作；婚姻状况：已婚且配偶同住；过去一年同住月数：0个月；见面频率：每月；电话/短信/微信联系频率：每半年；第2子女：是否工作/上学：都不；婚姻状况：已婚且配偶同住；过去一年同住月数：0个月；见面频率：每月；电话/短信/微信联系频率：每月,工作信息：是否从事农业/家庭农活：无；是否已办理退休：否；是否在工作：否；过去一年总工作天数：0天；上月是否在找工作：否,"基础信息：性别：女；年龄：67岁；现居住地地址类型：家庭住房；城乡类型：城/镇中心
教育信息：教育程度：未读完小学
婚姻信息：婚姻状况：已婚暂分居；过去一年与配偶同住月数：0个月；上半年独自居住天数：0天；上半年仅与配偶同住天数：18天；上半年因不与别人同住而受影响程度：0
情绪信息：生活满意度：很满意；对子女满意度：很满意；因小事烦恼（过去一周）：几乎没有（<1天）；感到抑郁（过去一周）：几乎没有（<1天）；感到孤独（过去一周）：几乎没有（<1天）；感到高兴（过去一周）：有时/中等（3–4天）；睡眠不安（过去一周）：几乎没有（<1天）
健康信息：自评健康状况：一般；医生诊断慢性病：糖尿病或高血糖；身体疼痛程度：无；上月平均每天实际睡眠小时数：5小时；是否因健康/残疾不能工作：完全不能工作；多久接受他人帮助：偶尔
活动信息：高强度体力活动：否；中等强度体力活动：否；轻度体力活动：是；轻度体力活动目的：其他；上月活动：打麻将/下棋/打牌/去社区活动室（几乎每天）
上网信息：是否使用互联网：否
子女信息：子女总数：2个；健在子女数：2个；第1子女：是否工作/上学：工作；婚姻状况：已婚且配偶同住；过去一年同住月数：0个月；见面频率：每月；电话/短信/微信联系频率：每半年；第2子女：是否工作/上学：都不；婚姻状况：已婚且配偶同住；过去一年同住月数：0个月；见面频率：每月；电话/短信/微信联系频率：每月
工作信息：是否从事农业/家庭农活：无；是否已办理退休：否；是否在工作：否；过去一年总工作天数：0天；上月是否在找工作：否"
307,108259326001,基础信息：性别：男；年龄：72岁；城乡类型：城/镇中心,教育信息：教育程度：小学,婚姻信息：婚姻状况：已婚且配偶同住；过去一年与配偶同住月数：12个月；上半年独自居住天数：0天；上半年仅与配偶同住天数：180天；上半年因不与别人同住而受影响程度：0,情绪信息：生活满意度：非常满意；对子女满意度：很满意；因小事烦恼（过去一周）：有时/中等（3–4天）；感到抑郁（过去一周）：几乎没有（<1天）；对未来抱有希望（过去一周）：大多数时候（5–7天）；感到孤独（过去一周）：几乎没有（<1天）；感到高兴（过去一周）：大多数时候（5–7天）；睡眠不安（过去一周）：几乎没有（<1天）,健康信息：自评健康状况：一般；医生诊断慢性病：心脏病；身体疼痛程度：有些；上月平均每天实际睡眠小时数：5小时；是否因健康/残疾不能工作：不能长时间工作；是否因健康/残疾不能做家事：没问题；多久接受他人帮助：偶尔,活动信息：高强度体力活动：否；中等强度体力活动：是；中等强度体力活动目的：锻炼；轻度体力活动：是；轻度体力活动目的：锻炼；上月活动：打麻将/下棋/打牌/去社区活动室（几乎每天）、参加运动/社交等俱乐部（几乎每天）、参加社区相关组织（几乎每天）,上网信息：是否使用互联网：是；上网设备：手机；上网用途：看新闻、看视频；是否用手机支付：否；是否使用微信：是；是否使用微信朋友圈：是,子女信息：子女总数：4个；健在子女数：4个；第1子女：最高学历：本科；是否工作/上学：工作；婚姻状况：已婚且配偶同住；过去一年同住月数：0个月；见面频率：每月；电话/短信/微信联系频率：每周2–3次；第2子女：是否工作/上学：工作；婚姻状况：已婚且配偶同住；过去一年同住月数：0个月；见面频率：几乎每天,工作信息：是否从事农业/家庭农活：无；是否已办理退休：否；是否在工作：否；过去一年总工作天数：0天；上月是否在找工作：否,"基础信息：性别：男；年龄：72岁；城乡类型：城/镇中心
教育信息：教育程度：小学
婚姻信息：婚姻状况：已婚且配偶同住；过去一年与配偶同住月数：12个月；上半年独自居住天数：0天；上半年仅与配偶同住天数：180天；上半年因不与别人同住而受影响程度：0
情绪信息：生活满意度：非常满意；对子女满意度：很满意；因小事烦恼（过去一周）：有时/中等（3–4天）；感到抑郁（过去一周）：几乎没有（<1天）；对未来抱有希望（过去一周）：大多数时候（5–7天）；感到孤独（过去一周）：几乎没有（<1天）；感到高兴（过去一周）：大多数时候（5–7天）；睡眠不安（过去一周）：几乎没有（<1天）
健康信息：自评健康状况：一般；医生诊断慢性病：心脏病；身体疼痛程度：有些；上月平均每天实际睡眠小时数：5小时；是否因健康/残疾不能工作：不能长时间工作；是否因健康/残疾不能做家事：没问题；多久接受他人帮助：偶尔
活动信息：高强度体力活动：否；中等强度体力活动：是；中等强度体力活动目的：锻炼；轻度体力活动：是；轻度体力活动目的：锻炼；上月活动：打麻将/下棋/打牌/去社区活动室（几乎每天）、参加运动/社交等俱乐部（几乎每天）、参加社区相关组织（几乎每天）
上网信息：是否使用互联网：是；上网设备：手机；上网用途：看新闻、看视频；是否用手机支付：否；是否使用微信：是；是否使用微信朋友圈：是
子女信息：子女总数：4个；健在子女数：4个；第1子女：最高学历：本科；是否工作/上学：工作；婚姻状况：已婚且配偶同住；过去一年同住月数：0个月；见面频率：每月；电话/短信/微信联系频率：每周2–3次；第2子女：是否工作/上学：工作；婚姻状况：已婚且配偶同住；过去一年同住月数：0个月；见面频率：几乎每天
工作信息：是否从事农业/家庭农活：无；是否已办理退休：否；是否在工作：否；过去一年总工作天数：0天；上月是否在找工作：否"
308,324681217002,基础信息：性别：男；年龄：53岁；城乡类型：农村,教育信息：教育程度：小学,婚姻信息：婚姻状况：已婚且配偶同住；过去一年与配偶同住月数：2个月；上半年独自居住天数：167天；上半年仅与配偶同住天数：0天；上半年因不与别人同住而受影响程度：30,情绪信息：生活满意度：有点满意；对子女满意度：有点满意；因小事烦恼（过去一周）：少量（1–2天）；感到抑郁（过去一周）：少量（1–2天）；对未来抱有希望（过去一周）：几乎没有（<1天）；感到孤独（过去一周）：几乎没有（<1天）；感到高兴（过去一周）：大多数时候（5–7天）；睡眠不安（过去一周）：几乎没有（<1天）,健康信息：自评健康状况：差；医生诊断慢性病：肝脏疾病、肾脏疾病、关节炎或风湿病；身体疼痛程度：有些；上月平均每天实际睡眠小时数：8小时；是否因健康/残疾不能工作：不能长时间工作；是否因健康/残疾不能做家事：不能长时间；多久接受他人帮助：从不,活动信息：高强度体力活动：否；中等强度体力活动：是；中等强度体力活动目的：娱乐；轻度体力活动：是；轻度体力活动目的：娱乐；上月活动：以上都没有,上网信息：是否使用互联网：是；上网设备：手机；上网用途：聊天、看视频；是否用手机支付：是；是否使用微信：是；是否使用微信朋友圈：否,子女信息：子女总数：2个；健在子女数：2个；第1子女：是否工作/上学：工作；婚姻状况：已婚且配偶同住；过去一年同住月数：2个月；见面频率：每月；电话/短信/微信联系频率：几乎不见/不联系；第2子女：是否工作/上学：工作；婚姻状况：已婚且配偶同住；过去一年同住月数：1个月；见面频率：每半年；电话/短信/微信联系频率：每两周,工作信息：是否从事农业/家庭农活：有；是否已办理退休：否；是否在工作：是；过去一年总工作天数：60天,"基础信息：性别：男；年龄：53岁；城乡类型：农村
教育信息：教育程度：小学
婚姻信息：婚姻状况：已婚且配偶同住；过去一年与配偶同住月数：2个月；上半年独自居住天数：167天；上半年仅与配偶同住天数：0天；上半年因不与别人同住而受影响程度：30
情绪信息：生活满意度：有点满意；对子女满意度：有点满意；因小事烦恼（过去一周）：少量（1–2天）；感到抑郁（过去一周）：少量（1–2天）；对未来抱有希望（过去一周）：几乎没有（<1天）；感到孤独（过去一周）：几乎没有（<1天）；感到高兴（过去一周）：大多数时候（5–7天）；睡眠不安（过去一周）：几乎没有（<1天）
健康信息：自评健康状况：差；医生诊断慢性病：肝脏疾病、肾脏疾病、关节炎或风湿病；身体疼痛程度：有些；上月平均每天实际睡眠小时数：8小时；是否因健康/残疾不能工作：不能长时间工作；是否因健康/残疾不能做家事：不能长时间；多久接受他人帮助：从不
活动信息：高强度体力活动：否；中等强度体力活动：是；中等强度体力活动目的：娱乐；轻度体力活动：是；轻度体力活动目的：娱乐；上月活动：以上都没有
上网信息：是否使用互联网：是；上网设备：手机；上网用途：聊天、看视频；是否用手机支付：是；是否使用微信：是；是否使用微信朋友圈：否
子女信息：子女总数：2个；健在子女数：2个；第1子女：是否工作/上学：工作；婚姻状况：已婚且配偶同住；过去一年同住月数：2个月；见面频率：每月；电话/短信/微信联系频率：几乎不见/不联系；第2子女：是否工作/上学：工作；婚姻状况：已婚且配偶同住；过去一年同住月数：1个月；见面频率：每半年；电话/短信/微信联系频率：每两周
工作信息：是否从事农业/家庭农活：有；是否已办理退休：否；是否在工作：是；过去一年总工作天数：60天"
309,154628304003,基础信息：性别：男；年龄：63岁；城乡类型：城乡结合部/镇乡,教育信息：教育程度：小学,婚姻信息：婚姻状况：已婚且配偶同住；过去一年与配偶同住月数：12个月；上半年独自居住天数：0天；上半年仅与配偶同住天数：0天,情绪信息：生活满意度：很满意；对子女满意度：很满意；因小事烦恼（过去一周）：几乎没有（<1天）；感到抑郁（过去一周）：有时/中等（3–4天）；对未来抱有希望（过去一周）：大多数时候（5–7天）；感到孤独（过去一周）：几乎没有（<1天）；感到高兴（过去一周）：有时/中等（3–4天）；睡眠不安（过去一周）：有时/中等（3–4天）,健康信息：自评健康状况：一般；医生诊断慢性病：未报告上述疾病；身体疼痛程度：一点；上月平均每天实际睡眠小时数：6小时；是否因健康/残疾不能工作：没问题；是否因健康/残疾不能做家事：没问题；多久接受他人帮助：从不,活动信息：高强度体力活动：否；中等强度体力活动：否；轻度体力活动：是；轻度体力活动目的：工作需要；上月活动：以上都没有,上网信息：是否使用互联网：否,子女信息：子女总数：5个；健在子女数：5个；第1子女：是否工作/上学：工作；婚姻状况：已婚且配偶同住；过去一年同住月数：12个月；第2子女：是否工作/上学：工作；婚姻状况：已婚且配偶同住；过去一年同住月数：0个月；见面频率：几乎每天,工作信息：是否从事农业/家庭农活：有；是否已办理退休：否；是否在工作：是；过去一年总工作天数：280天,"基础信息：性别：男；年龄：63岁；城乡类型：城乡结合部/镇乡
教育信息：教育程度：小学
婚姻信息：婚姻状况：已婚且配偶同住；过去一年与配偶同住月数：12个月；上半年独自居住天数：0天；上半年仅与配偶同住天数：0天
情绪信息：生活满意度：很满意；对子女满意度：很满意；因小事烦恼（过去一周）：几乎没有（<1天）；感到抑郁（过去一周）：有时/中等（3–4天）；对未来抱有希望（过去一周）：大多数时候（5–7天）；感到孤独（过去一周）：几乎没有（<1天）；感到高兴（过去一周）：有时/中等（3–4天）；睡眠不安（过去一周）：有时/中等（3–4天）
健康信息：自评健康状况：一般；医生诊断慢性病：未报告上述疾病；身体疼痛程度：一点；上月平均每天实际睡眠小时数：6小时；是否因健康/残疾不能工作：没问题；是否因健康/残疾不能做家事：没问题；多久接受他人帮助：从不
活动信息：高强度体力活动：否；中等强度体力活动：否；轻度体力活动：是；轻度体力活动目的：工作需要；上月活动：以上都没有
上网信息：是否使用互联网：否
子女信息：子女总数：5个；健在子女数：5个；第1子女：是否工作/上学：工作；婚姻状况：已婚且配偶同住；过去一年同住月数：12个月；第2子女：是否工作/上学：工作；婚姻状况：已婚且配偶同住；过去一年同住月数：0个月；见面频率：几乎每天
工作信息：是否从事农业/家庭农活：有；是否已办理退休：否；是否在工作：是；过去一年总工作天数：280天"
310,154628208001,基础信息：性别：男；年龄：73岁；城乡类型：农村,教育信息：教育程度：未读完小学,婚姻信息：婚姻状况：已婚且配偶同住；过去一年与配偶同住月数：12个月；上半年独自居住天数：0天；上半年仅与配偶同住天数：180天；上半年因不与别人同住而受影响程度：0,情绪信息：生活满意度：有点满意；对子女满意度：很满意；因小事烦恼（过去一周）：几乎没有（<1天）；感到抑郁（过去一周）：几乎没有（<1天）；对未来抱有希望（过去一周）：几乎没有（<1天）；感到孤独（过去一周）：几乎没有（<1天）；感到高兴（过去一周）：几乎没有（<1天）；睡眠不安（过去一周）：几乎没有（<1天）,健康信息：自评健康状况：一般；医生诊断慢性病：未报告上述疾病；身体疼痛程度：无；上月平均每天实际睡眠小时数：6小时；是否因健康/残疾不能工作：没问题；是否因健康/残疾不能做家事：没问题；多久接受他人帮助：偶尔,活动信息：高强度体力活动：是；高强度体力活动目的：工作需要；中等强度体力活动：否；轻度体力活动：是；轻度体力活动目的：工作需要；上月活动：以上都没有,上网信息：是否使用互联网：是；上网设备：手机；上网用途：聊天、看新闻、看视频；是否用手机支付：是；是否使用微信：是；是否使用微信朋友圈：是,子女信息：子女总数：5个；健在子女数：5个；第1子女：是否工作/上学：都不；婚姻状况：已婚且配偶同住；过去一年同住月数：0个月；见面频率：每年；电话/短信/微信联系频率：每两周；第2子女：是否工作/上学：都不；婚姻状况：已婚且配偶同住；过去一年同住月数：0个月；见面频率：每周1次,工作信息：是否从事农业/家庭农活：有；是否已办理退休：否；是否在工作：是,"基础信息：性别：男；年龄：73岁；城乡类型：农村
教育信息：教育程度：未读完小学
婚姻信息：婚姻状况：已婚且配偶同住；过去一年与配偶同住月数：12个月；上半年独自居住天数：0天；上半年仅与配偶同住天数：180天；上半年因不与别人同住而受影响程度：0
情绪信息：生活满意度：有点满意；对子女满意度：很满意；因小事烦恼（过去一周）：几乎没有（<1天）；感到抑郁（过去一周）：几乎没有（<1天）；对未来抱有希望（过去一周）：几乎没有（<1天）；感到孤独（过去一周）：几乎没有（<1天）；感到高兴（过去一周）：几乎没有（<1天）；睡眠不安（过去一周）：几乎没有（<1天）
健康信息：自评健康状况：一般；医生诊断慢性病：未报告上述疾病；身体疼痛程度：无；上月平均每天实际睡眠小时数：6小时；是否因健康/残疾不能工作：没问题；是否因健康/残疾不能做家事：没问题；多久接受他人帮助：偶尔
活动信息：高强度体力活动：是；高强度体力活动目的：工作需要；中等强度体力活动：否；轻度体力活动：是；轻度体力活动目的：工作需要；上月活动：以上都没有
上网信息：是否使用互联网：是；上网设备：手机；上网用途：聊天、看新闻、看视频；是否用手机支付：是；是否使用微信：是；是否使用微信朋友圈：是
子女信息：子女总数：5个；健在子女数：5个；第1子女：是否工作/上学：都不；婚姻状况：已婚且配偶同住；过去一年同住月数：0个月；见面频率：每年；电话/短信/微信联系频率：每两周；第2子女：是否工作/上学：都不；婚姻状况：已婚且配偶同住；过去一年同住月数：0个月；见面频率：每周1次
工作信息：是否从事农业/家庭农活：有；是否已办理退休：否；是否在工作：是"
311,34043303001,基础信息：性别：女；年龄：56岁；城乡类型：农村,教育信息：教育程度：高中,婚姻信息：婚姻状况：已婚且配偶同住；过去一年与配偶同住月数：12个月；上半年独自居住天数：0天；上半年仅与配偶同住天数：180天；上半年因不与别人同住而受影响程度：0,情绪信息：生活满意度：有点满意；对子女满意度：有点满意；因小事烦恼（过去一周）：几乎没有（<1天）；感到抑郁（过去一周）：几乎没有（<1天）；对未来抱有希望（过去一周）：几乎没有（<1天）；感到孤独（过去一周）：几乎没有（<1天）；感到高兴（过去一周）：大多数时候（5–7天）；睡眠不安（过去一周）：几乎没有（<1天）,健康信息：自评健康状况：差；医生诊断慢性病：高血压、糖尿病或高血糖；身体疼痛程度：无；上月平均每天实际睡眠小时数：7小时；是否因健康/残疾不能工作：没问题；是否因健康/残疾不能做家事：没问题；多久接受他人帮助：从不,活动信息：高强度体力活动：是；高强度体力活动目的：工作需要；中等强度体力活动：否；轻度体力活动：是；轻度体力活动目的：锻炼；上月活动：参加运动/社交等俱乐部（不规律）,上网信息：是否使用互联网：是；上网设备：台式电脑、手机；上网用途：聊天、看新闻；是否用手机支付：否；是否使用微信：否,子女信息：子女总数：1个；健在子女数：1个；第1子女：是否工作/上学：工作；婚姻状况：离婚；过去一年同住月数：0个月；见面频率：每月；电话/短信/微信联系频率：每三月,工作信息：是否从事农业/家庭农活：有；是否已办理退休：否；是否在工作：是；过去一年总工作天数：365天,"基础信息：性别：女；年龄：56岁；城乡类型：农村
教育信息：教育程度：高中
婚姻信息：婚姻状况：已婚且配偶同住；过去一年与配偶同住月数：12个月；上半年独自居住天数：0天；上半年仅与配偶同住天数：180天；上半年因不与别人同住而受影响程度：0
情绪信息：生活满意度：有点满意；对子女满意度：有点满意；因小事烦恼（过去一周）：几乎没有（<1天）；感到抑郁（过去一周）：几乎没有（<1天）；对未来抱有希望（过去一周）：几乎没有（<1天）；感到孤独（过去一周）：几乎没有（<1天）；感到高兴（过去一周）：大多数时候（5–7天）；睡眠不安（过去一周）：几乎没有（<1天）
健康信息：自评健康状况：差；医生诊断慢性病：高血压、糖尿病或高血糖；身体疼痛程度：无；上月平均每天实际睡眠小时数：7小时；是否因健康/残疾不能工作：没问题；是否因健康/残疾不能做家事：没问题；多久接受他人帮助：从不
活动信息：高强度体力活动：是；高强度体力活动目的：工作需要；中等强度体力活动：否；轻度体力活动：是；轻度体力活动目的：锻炼；上月活动：参加运动/社交等俱乐部（不规律）
上网信息：是否使用互联网：是；上网设备：台式电脑、手机；上网用途：聊天、看新闻；是否用手机支付：否；是否使用微信：否
子女信息：子女总数：1个；健在子女数：1个；第1子女：是否工作/上学：工作；婚姻状况：离婚；过去一年同住月数：0个月；见面频率：每月；电话/短信/微信联系频率：每三月
工作信息：是否从事农业/家庭农活：有；是否已办理退休：否；是否在工作：是；过去一年总工作天数：365天"
312,347763209001,基础信息：性别：女；年龄：75岁；城乡类型：农村,教育信息：教育程度：未受教育,婚姻信息：婚姻状况：已婚且配偶同住；过去一年与配偶同住月数：12个月；上半年独自居住天数：0天；上半年仅与配偶同住天数：50天；上半年因不与别人同住而受影响程度：0,情绪信息：生活满意度：不太满意；对子女满意度：不太满意；感到抑郁（过去一周）：几乎没有（<1天）；睡眠不安（过去一周）：少量（1–2天）,健康信息：自评健康状况：一般；医生诊断慢性病：未报告上述疾病；身体疼痛程度：一点；上月平均每天实际睡眠小时数：10小时；是否因健康/残疾不能工作：不能长时间工作；是否因健康/残疾不能做家事：没问题；多久接受他人帮助：偶尔,活动信息：高强度体力活动：否；中等强度体力活动：否；轻度体力活动：否；上月活动：以上都没有,上网信息：是否使用互联网：否,子女信息：子女总数：6个；健在子女数：6个；第1子女：是否工作/上学：工作；婚姻状况：已婚且配偶同住；过去一年同住月数：2个月；见面频率：几乎不见/不联系；电话/短信/微信联系频率：每月；第2子女：是否工作/上学：工作；婚姻状况：未婚；过去一年同住月数：0个月；见面频率：每三月；电话/短信/微信联系频率：每周2–3次,工作信息：是否从事农业/家庭农活：无；是否已办理退休：否；是否在工作：否；过去一年总工作天数：0天；上月是否在找工作：否,"基础信息：性别：女；年龄：75岁；城乡类型：农村
教育信息：教育程度：未受教育
婚姻信息：婚姻状况：已婚且配偶同住；过去一年与配偶同住月数：12个月；上半年独自居住天数：0天；上半年仅与配偶同住天数：50天；上半年因不与别人同住而受影响程度：0
情绪信息：生活满意度：不太满意；对子女满意度：不太满意；感到抑郁（过去一周）：几乎没有（<1天）；睡眠不安（过去一周）：少量（1–2天）
健康信息：自评健康状况：一般；医生诊断慢性病：未报告上述疾病；身体疼痛程度：一点；上月平均每天实际睡眠小时数：10小时；是否因健康/残疾不能工作：不能长时间工作；是否因健康/残疾不能做家事：没问题；多久接受他人帮助：偶尔
活动信息：高强度体力活动：否；中等强度体力活动：否；轻度体力活动：否；上月活动：以上都没有
上网信息：是否使用互联网：否
子女信息：子女总数：6个；健在子女数：6个；第1子女：是否工作/上学：工作；婚姻状况：已婚且配偶同住；过去一年同住月数：2个月；见面频率：几乎不见/不联系；电话/短信/微信联系频率：每月；第2子女：是否工作/上学：工作；婚姻状况：未婚；过去一年同住月数：0个月；见面频率：每三月；电话/短信/微信联系频率：每周2–3次
工作信息：是否从事农业/家庭农活：无；是否已办理退休：否；是否在工作：否；过去一年总工作天数：0天；上月是否在找工作：否"
313,14051211001,基础信息：性别：男；年龄：68岁；城乡类型：农村,教育信息：教育程度：未读完小学,婚姻信息：婚姻状况：离婚；是否有人以配偶身份同住：否；上半年独自居住天数：0天,情绪信息：生活满意度：有点满意；对子女满意度：有点满意；因小事烦恼（过去一周）：少量（1–2天）；感到抑郁（过去一周）：少量（1–2天）；对未来抱有希望（过去一周）：大多数时候（5–7天）；感到孤独（过去一周）：大多数时候（5–7天）；感到高兴（过去一周）：大多数时候（5–7天）；睡眠不安（过去一周）：少量（1–2天）,健康信息：自评健康状况：好；医生诊断慢性病：未报告上述疾病；身体疼痛程度：一点；上月平均每天实际睡眠小时数：6小时；是否因健康/残疾不能工作：没问题；是否因健康/残疾不能做家事：没问题；多久接受他人帮助：从不,活动信息：高强度体力活动：是；高强度体力活动目的：锻炼；中等强度体力活动：是；中等强度体力活动目的：锻炼；轻度体力活动：是；轻度体力活动目的：工作需要；上月活动：与朋友交往（几乎每天）,上网信息：是否使用互联网：否,子女信息：子女总数：2个；健在子女数：2个；第1子女：是否工作/上学：工作；婚姻状况：已婚且配偶同住；过去一年同住月数：0个月；见面频率：每半年；电话/短信/微信联系频率：每周1次；第2子女：是否工作/上学：工作；婚姻状况：已婚且配偶同住；过去一年同住月数：0个月；见面频率：几乎每天,工作信息：是否从事农业/家庭农活：有；是否已办理退休：否；是否在工作：是；过去一年总工作天数：180天,"基础信息：性别：男；年龄：68岁；城乡类型：农村
教育信息：教育程度：未读完小学
婚姻信息：婚姻状况：离婚；是否有人以配偶身份同住：否；上半年独自居住天数：0天
情绪信息：生活满意度：有点满意；对子女满意度：有点满意；因小事烦恼（过去一周）：少量（1–2天）；感到抑郁（过去一周）：少量（1–2天）；对未来抱有希望（过去一周）：大多数时候（5–7天）；感到孤独（过去一周）：大多数时候（5–7天）；感到高兴（过去一周）：大多数时候（5–7天）；睡眠不安（过去一周）：少量（1–2天）
健康信息：自评健康状况：好；医生诊断慢性病：未报告上述疾病；身体疼痛程度：一点；上月平均每天实际睡眠小时数：6小时；是否因健康/残疾不能工作：没问题；是否因健康/残疾不能做家事：没问题；多久接受他人帮助：从不
活动信息：高强度体力活动：是；高强度体力活动目的：锻炼；中等强度体力活动：是；中等强度体力活动目的：锻炼；轻度体力活动：是；轻度体力活动目的：工作需要；上月活动：与朋友交往（几乎每天）
上网信息：是否使用互联网：否
子女信息：子女总数：2个；健在子女数：2个；第1子女：是否工作/上学：工作；婚姻状况：已婚且配偶同住；过去一年同住月数：0个月；见面频率：每半年；电话/短信/微信联系频率：每周1次；第2子女：是否工作/上学：工作；婚姻状况：已婚且配偶同住；过去一年同住月数：0个月；见面频率：几乎每天
工作信息：是否从事农业/家庭农活：有；是否已办理退休：否；是否在工作：是；过去一年总工作天数：180天"
314,202454131001,基础信息：性别：女；年龄：50岁；现居住地地址类型：其他；城乡类型：农村,教育信息：教育程度：小学,婚姻信息：婚姻状况：已婚且配偶同住；过去一年与配偶同住月数：12个月；上半年独自居住天数：0天；上半年仅与配偶同住天数：180天；上半年因不与别人同住而受影响程度：0,情绪信息：生活满意度：不太满意；对子女满意度：不太满意；因小事烦恼（过去一周）：有时/中等（3–4天）；感到抑郁（过去一周）：有时/中等（3–4天）；对未来抱有希望（过去一周）：有时/中等（3–4天）；感到孤独（过去一周）：有时/中等（3–4天）；感到高兴（过去一周）：几乎没有（<1天）；睡眠不安（过去一周）：几乎没有（<1天）,健康信息：自评健康状况：一般；医生诊断慢性病：未报告上述疾病；身体疼痛程度：有些；上月平均每天实际睡眠小时数：8小时；是否因健康/残疾不能工作：没问题；是否因健康/残疾不能做家事：没问题；多久接受他人帮助：从不,活动信息：高强度体力活动：是；高强度体力活动目的：工作需要；中等强度体力活动：是；中等强度体力活动目的：工作需要；轻度体力活动：是；轻度体力活动目的：工作需要；上月活动：帮助不住一起的家人朋友邻居（不规律）、做志愿/慈善或照顾不住一起的病弱者（不规律）、其他活动（不规律）,上网信息：是否使用互联网：是；上网设备：手机；上网用途：看新闻、看视频；是否用手机支付：是；是否使用微信：是；是否使用微信朋友圈：是,子女信息：子女总数：1个；健在子女数：1个；第1子女：是否工作/上学：工作；婚姻状况：未婚；过去一年同住月数：3个月；见面频率：每月；电话/短信/微信联系频率：每周1次,工作信息：是否从事农业/家庭农活：有；是否已办理退休：否；是否在工作：是；过去一年总工作天数：365天,"基础信息：性别：女；年龄：50岁；现居住地地址类型：其他；城乡类型：农村
教育信息：教育程度：小学
婚姻信息：婚姻状况：已婚且配偶同住；过去一年与配偶同住月数：12个月；上半年独自居住天数：0天；上半年仅与配偶同住天数：180天；上半年因不与别人同住而受影响程度：0
情绪信息：生活满意度：不太满意；对子女满意度：不太满意；因小事烦恼（过去一周）：有时/中等（3–4天）；感到抑郁（过去一周）：有时/中等（3–4天）；对未来抱有希望（过去一周）：有时/中等（3–4天）；感到孤独（过去一周）：有时/中等（3–4天）；感到高兴（过去一周）：几乎没有（<1天）；睡眠不安（过去一周）：几乎没有（<1天）
健康信息：自评健康状况：一般；医生诊断慢性病：未报告上述疾病；身体疼痛程度：有些；上月平均每天实际睡眠小时数：8小时；是否因健康/残疾不能工作：没问题；是否因健康/残疾不能做家事：没问题；多久接受他人帮助：从不
活动信息：高强度体力活动：是；高强度体力活动目的：工作需要；中等强度体力活动：是；中等强度体力活动目的：工作需要；轻度体力活动：是；轻度体力活动目的：工作需要；上月活动：帮助不住一起的家人朋友邻居（不规律）、做志愿/慈善或照顾不住一起的病弱者（不规律）、其他活动（不规律）
上网信息：是否使用互联网：是；上网设备：手机；上网用途：看新闻、看视频；是否用手机支付：是；是否使用微信：是；是否使用微信朋友圈：是
子女信息：子女总数：1个；健在子女数：1个；第1子女：是否工作/上学：工作；婚姻状况：未婚；过去一年同住月数：3个月；见面频率：每月；电话/短信/微信联系频率：每周1次
工作信息：是否从事农业/家庭农活：有；是否已办理退休：否；是否在工作：是；过去一年总工作天数：365天"
315,154044315002,基础信息：性别：男；年龄：73岁；城乡类型：城乡结合部/镇乡,教育信息：教育程度：小学,婚姻信息：婚姻状况：已婚且配偶同住；过去一年与配偶同住月数：12个月；上半年独自居住天数：0天；上半年仅与配偶同住天数：182天；上半年因不与别人同住而受影响程度：0,情绪信息：生活满意度：很满意；对子女满意度：很满意；因小事烦恼（过去一周）：有时/中等（3–4天）；感到抑郁（过去一周）：有时/中等（3–4天）；对未来抱有希望（过去一周）：有时/中等（3–4天）；感到孤独（过去一周）：几乎没有（<1天）；感到高兴（过去一周）：有时/中等（3–4天）；睡眠不安（过去一周）：几乎没有（<1天）,健康信息：自评健康状况：一般；医生诊断慢性病：未报告上述疾病；身体疼痛程度：无；上月平均每天实际睡眠小时数：5小时；是否因健康/残疾不能工作：不能长时间工作；是否因健康/残疾不能做家事：没问题；多久接受他人帮助：从不,活动信息：高强度体力活动：否；中等强度体力活动：是；中等强度体力活动目的：锻炼；轻度体力活动：是；轻度体力活动目的：锻炼；上月活动：参加运动/社交等俱乐部（几乎每天）,上网信息：是否使用互联网：否,子女信息：子女总数：3个；健在子女数：3个；第1子女：是否工作/上学：工作；婚姻状况：已婚且配偶同住；过去一年同住月数：0个月；见面频率：几乎每天；第2子女：是否工作/上学：工作；婚姻状况：已婚且配偶同住；过去一年同住月数：12个月,工作信息：是否从事农业/家庭农活：无；是否在工作：否；过去一年总工作天数：0天；上月是否在找工作：否,"基础信息：性别：男；年龄：73岁；城乡类型：城乡结合部/镇乡
教育信息：教育程度：小学
婚姻信息：婚姻状况：已婚且配偶同住；过去一年与配偶同住月数：12个月；上半年独自居住天数：0天；上半年仅与配偶同住天数：182天；上半年因不与别人同住而受影响程度：0
情绪信息：生活满意度：很满意；对子女满意度：很满意；因小事烦恼（过去一周）：有时/中等（3–4天）；感到抑郁（过去一周）：有时/中等（3–4天）；对未来抱有希望（过去一周）：有时/中等（3–4天）；感到孤独（过去一周）：几乎没有（<1天）；感到高兴（过去一周）：有时/中等（3–4天）；睡眠不安（过去一周）：几乎没有（<1天）
健康信息：自评健康状况：一般；医生诊断慢性病：未报告上述疾病；身体疼痛程度：无；上月平均每天实际睡眠小时数：5小时；是否因健康/残疾不能工作：不能长时间工作；是否因健康/残疾不能做家事：没问题；多久接受他人帮助：从不
活动信息：高强度体力活动：否；中等强度体力活动：是；中等强度体力活动目的：锻炼；轻度体力活动：是；轻度体力活动目的：锻炼；上月活动：参加运动/社交等俱乐部（几乎每天）
上网信息：是否使用互联网：否
子女信息：子女总数：3个；健在子女数：3个；第1子女：是否工作/上学：工作；婚姻状况：已婚且配偶同住；过去一年同住月数：0个月；见面频率：几乎每天；第2子女：是否工作/上学：工作；婚姻状况：已婚且配偶同住；过去一年同住月数：12个月
工作信息：是否从事农业/家庭农活：无；是否在工作：否；过去一年总工作天数：0天；上月是否在找工作：否"
316,204906310002,基础信息：性别：男；年龄：67岁；现居住地地址类型：其他；城乡类型：农村,教育信息：教育程度：小学,婚姻信息：婚姻状况：已婚且配偶同住；过去一年与配偶同住月数：12个月；上半年独自居住天数：0天；上半年仅与配偶同住天数：180天；上半年因不与别人同住而受影响程度：0,情绪信息：生活满意度：有点满意；对子女满意度：有点满意；因小事烦恼（过去一周）：几乎没有（<1天）；感到抑郁（过去一周）：几乎没有（<1天）；睡眠不安（过去一周）：几乎没有（<1天）,健康信息：自评健康状况：好；医生诊断慢性病：胃部或其他消化系统疾病；身体疼痛程度：无；上月平均每天实际睡眠小时数：5小时；是否因健康/残疾不能工作：没问题；是否因健康/残疾不能做家事：没问题；多久接受他人帮助：从不,活动信息：高强度体力活动：是；高强度体力活动目的：工作需要；中等强度体力活动：是；中等强度体力活动目的：锻炼；轻度体力活动：是；轻度体力活动目的：锻炼；上月活动：以上都没有,上网信息：是否使用互联网：否,子女信息：子女总数：2个；健在子女数：2个；第1子女：是否工作/上学：都不；婚姻状况：已婚且配偶同住；过去一年同住月数：12个月；第2子女：是否工作/上学：工作；婚姻状况：已婚且配偶同住；过去一年同住月数：12个月,工作信息：是否从事农业/家庭农活：有；是否已办理退休：否；是否在工作：是；过去一年总工作天数：350天,"基础信息：性别：男；年龄：67岁；现居住地地址类型：其他；城乡类型：农村
教育信息：教育程度：小学
婚姻信息：婚姻状况：已婚且配偶同住；过去一年与配偶同住月数：12个月；上半年独自居住天数：0天；上半年仅与配偶同住天数：180天；上半年因不与别人同住而受影响程度：0
情绪信息：生活满意度：有点满意；对子女满意度：有点满意；因小事烦恼（过去一周）：几乎没有（<1天）；感到抑郁（过去一周）：几乎没有（<1天）；睡眠不安（过去一周）：几乎没有（<1天）
健康信息：自评健康状况：好；医生诊断慢性病：胃部或其他消化系统疾病；身体疼痛程度：无；上月平均每天实际睡眠小时数：5小时；是否因健康/残疾不能工作：没问题；是否因健康/残疾不能做家事：没问题；多久接受他人帮助：从不
活动信息：高强度体力活动：是；高强度体力活动目的：工作需要；中等强度体力活动：是；中等强度体力活动目的：锻炼；轻度体力活动：是；轻度体力活动目的：锻炼；上月活动：以上都没有
上网信息：是否使用互联网：否
子女信息：子女总数：2个；健在子女数：2个；第1子女：是否工作/上学：都不；婚姻状况：已婚且配偶同住；过去一年同住月数：12个月；第2子女：是否工作/上学：工作；婚姻状况：已婚且配偶同住；过去一年同住月数：12个月
工作信息：是否从事农业/家庭农活：有；是否已办理退休：否；是否在工作：是；过去一年总工作天数：350天"
317,124099317001,基础信息：性别：女；年龄：75岁；城乡类型：农村,教育信息：教育程度：小学,婚姻信息：婚姻状况：未婚；是否有人以配偶身份同住：否；上半年独自居住天数：180天；上半年因不与别人同住而受影响程度：0,情绪信息：生活满意度：有点满意；对子女满意度：有点满意；因小事烦恼（过去一周）：大多数时候（5–7天）；感到抑郁（过去一周）：大多数时候（5–7天）；感到孤独（过去一周）：有时/中等（3–4天）；感到高兴（过去一周）：少量（1–2天）；睡眠不安（过去一周）：少量（1–2天）,健康信息：自评健康状况：一般；医生诊断慢性病：心脏病；身体疼痛程度：有些；上月平均每天实际睡眠小时数：6小时；是否因健康/残疾不能工作：不能长时间工作；是否因健康/残疾不能做家事：没问题；多久接受他人帮助：从不,活动信息：高强度体力活动：是；高强度体力活动目的：其他；中等强度体力活动：是；中等强度体力活动目的：工作需要；轻度体力活动：是；轻度体力活动目的：锻炼；上月活动：以上都没有,上网信息：是否使用互联网：否,子女信息：子女总数：4个；健在子女数：4个；第1子女：是否工作/上学：工作；婚姻状况：已婚且配偶同住；过去一年同住月数：0个月；见面频率：每两周；电话/短信/微信联系频率：其他；第2子女：是否工作/上学：工作；婚姻状况：已婚且配偶同住；过去一年同住月数：0个月；见面频率：每月；电话/短信/微信联系频率：每月,工作信息：是否从事农业/家庭农活：有；是否已办理退休：否；是否在工作：是；过去一年总工作天数：100天,"基础信息：性别：女；年龄：75岁；城乡类型：农村
教育信息：教育程度：小学
婚姻信息：婚姻状况：未婚；是否有人以配偶身份同住：否；上半年独自居住天数：180天；上半年因不与别人同住而受影响程度：0
情绪信息：生活满意度：有点满意；对子女满意度：有点满意；因小事烦恼（过去一周）：大多数时候（5–7天）；感到抑郁（过去一周）：大多数时候（5–7天）；感到孤独（过去一周）：有时/中等（3–4天）；感到高兴（过去一周）：少量（1–2天）；睡眠不安（过去一周）：少量（1–2天）
健康信息：自评健康状况：一般；医生诊断慢性病：心脏病；身体疼痛程度：有些；上月平均每天实际睡眠小时数：6小时；是否因健康/残疾不能工作：不能长时间工作；是否因健康/残疾不能做家事：没问题；多久接受他人帮助：从不
活动信息：高强度体力活动：是；高强度体力活动目的：其他；中等强度体力活动：是；中等强度体力活动目的：工作需要；轻度体力活动：是；轻度体力活动目的：锻炼；上月活动：以上都没有
上网信息：是否使用互联网：否
子女信息：子女总数：4个；健在子女数：4个；第1子女：是否工作/上学：工作；婚姻状况：已婚且配偶同住；过去一年同住月数：0个月；见面频率：每两周；电话/短信/微信联系频率：其他；第2子女：是否工作/上学：工作；婚姻状况：已婚且配偶同住；过去一年同住月数：0个月；见面频率：每月；电话/短信/微信联系频率：每月
工作信息：是否从事农业/家庭农活：有；是否已办理退休：否；是否在工作：是；过去一年总工作天数：100天"
318,151156318001,基础信息：性别：女；年龄：73岁；城乡类型：农村,教育信息：教育程度：初中,婚姻信息：婚姻状况：已婚且配偶同住；过去一年与配偶同住月数：12个月；上半年独自居住天数：0天；上半年仅与配偶同住天数：0天,情绪信息：生活满意度：有点满意；对子女满意度：有点满意；因小事烦恼（过去一周）：几乎没有（<1天）；感到抑郁（过去一周）：几乎没有（<1天）；对未来抱有希望（过去一周）：少量（1–2天）；感到孤独（过去一周）：几乎没有（<1天）；感到高兴（过去一周）：有时/中等（3–4天）；睡眠不安（过去一周）：有时/中等（3–4天）,健康信息：自评健康状况：好；医生诊断慢性病：未报告上述疾病；身体疼痛程度：有些；上月平均每天实际睡眠小时数：7.5小时；是否因健康/残疾不能工作：没问题；是否因健康/残疾不能做家事：没问题；多久接受他人帮助：从不,活动信息：高强度体力活动：否；中等强度体力活动：是；中等强度体力活动目的：工作需要；轻度体力活动：是；轻度体力活动目的：娱乐；上月活动：与朋友交往（几乎每周）、帮助不住一起的家人朋友邻居（不规律）、参加社区相关组织（几乎每周）,上网信息：是否使用互联网：否,子女信息：子女总数：4个；健在子女数：4个；第1子女：是否工作/上学：都不；婚姻状况：已婚且配偶同住；过去一年同住月数：0个月；见面频率：其他；电话/短信/微信联系频率：每周1次；第2子女：是否工作/上学：工作；婚姻状况：已婚且配偶同住；过去一年同住月数：0个月；见面频率：每周1次,工作信息：是否从事农业/家庭农活：有；是否已办理退休：否；是否在工作：是；过去一年总工作天数：365天,"基础信息：性别：女；年龄：73岁；城乡类型：农村
教育信息：教育程度：初中
婚姻信息：婚姻状况：已婚且配偶同住；过去一年与配偶同住月数：12个月；上半年独自居住天数：0天；上半年仅与配偶同住天数：0天
情绪信息：生活满意度：有点满意；对子女满意度：有点满意；因小事烦恼（过去一周）：几乎没有（<1天）；感到抑郁（过去一周）：几乎没有（<1天）；对未来抱有希望（过去一周）：少量（1–2天）；感到孤独（过去一周）：几乎没有（<1天）；感到高兴（过去一周）：有时/中等（3–4天）；睡眠不安（过去一周）：有时/中等（3–4天）
健康信息：自评健康状况：好；医生诊断慢性病：未报告上述疾病；身体疼痛程度：有些；上月平均每天实际睡眠小时数：7.5小时；是否因健康/残疾不能工作：没问题；是否因健康/残疾不能做家事：没问题；多久接受他人帮助：从不
活动信息：高强度体力活动：否；中等强度体力活动：是；中等强度体力活动目的：工作需要；轻度体力活动：是；轻度体力活动目的：娱乐；上月活动：与朋友交往（几乎每周）、帮助不住一起的家人朋友邻居（不规律）、参加社区相关组织（几乎每周）
上网信息：是否使用互联网：否
子女信息：子女总数：4个；健在子女数：4个；第1子女：是否工作/上学：都不；婚姻状况：已婚且配偶同住；过去一年同住月数：0个月；见面频率：其他；电话/短信/微信联系频率：每周1次；第2子女：是否工作/上学：工作；婚姻状况：已婚且配偶同住；过去一年同住月数：0个月；见面频率：每周1次
工作信息：是否从事农业/家庭农活：有；是否已办理退休：否；是否在工作：是；过去一年总工作天数：365天"
319,10206206003,基础信息：性别：女；年龄：70岁；城乡类型：农村,教育信息：教育程度：小学,婚姻信息：婚姻状况：丧偶；是否有人以配偶身份同住：否；上半年独自居住天数：0天,情绪信息：生活满意度：非常满意；对子女满意度：很满意；因小事烦恼（过去一周）：有时/中等（3–4天）；感到抑郁（过去一周）：大多数时候（5–7天）；对未来抱有希望（过去一周）：大多数时候（5–7天）；感到孤独（过去一周）：几乎没有（<1天）；感到高兴（过去一周）：有时/中等（3–4天）；睡眠不安（过去一周）：少量（1–2天）,健康信息：自评健康状况：很差；医生诊断慢性病：心脏病；身体疼痛程度：有些；上月平均每天实际睡眠小时数：6小时；是否因健康/残疾不能工作：完全不能工作；多久接受他人帮助：从不,活动信息：高强度体力活动：否；中等强度体力活动：是；中等强度体力活动目的：锻炼；轻度体力活动：否；上月活动：以上都没有,上网信息：是否使用互联网：否,子女信息：子女总数：2个；健在子女数：2个；第1子女：是否工作/上学：工作；婚姻状况：已婚且配偶同住；过去一年同住月数：12个月；第2子女：是否工作/上学：工作；婚姻状况：已婚且配偶同住；过去一年同住月数：0个月；见面频率：每年；电话/短信/微信联系频率：每月,工作信息：是否从事农业/家庭农活：无；是否已办理退休：否；是否在工作：否；过去一年总工作天数：0天；上月是否在找工作：否,"基础信息：性别：女；年龄：70岁；城乡类型：农村
教育信息：教育程度：小学
婚姻信息：婚姻状况：丧偶；是否有人以配偶身份同住：否；上半年独自居住天数：0天
情绪信息：生活满意度：非常满意；对子女满意度：很满意；因小事烦恼（过去一周）：有时/中等（3–4天）；感到抑郁（过去一周）：大多数时候（5–7天）；对未来抱有希望（过去一周）：大多数时候（5–7天）；感到孤独（过去一周）：几乎没有（<1天）；感到高兴（过去一周）：有时/中等（3–4天）；睡眠不安（过去一周）：少量（1–2天）
健康信息：自评健康状况：很差；医生诊断慢性病：心脏病；身体疼痛程度：有些；上月平均每天实际睡眠小时数：6小时；是否因健康/残疾不能工作：完全不能工作；多久接受他人帮助：从不
活动信息：高强度体力活动：否；中等强度体力活动：是；中等强度体力活动目的：锻炼；轻度体力活动：否；上月活动：以上都没有
上网信息：是否使用互联网：否
子女信息：子女总数：2个；健在子女数：2个；第1子女：是否工作/上学：工作；婚姻状况：已婚且配偶同住；过去一年同住月数：12个月；第2子女：是否工作/上学：工作；婚姻状况：已婚且配偶同住；过去一年同住月数：0个月；见面频率：每年；电话/短信/微信联系频率：每月
工作信息：是否从事农业/家庭农活：无；是否已办理退休：否；是否在工作：否；过去一年总工作天数：0天；上月是否在找工作：否"
320,155676204001,基础信息：性别：女；年龄：62岁；城乡类型：农村,教育信息：教育程度：未读完小学,婚姻信息：婚姻状况：已婚且配偶同住；过去一年与配偶同住月数：12个月；上半年独自居住天数：0天；上半年仅与配偶同住天数：0天,情绪信息：生活满意度：非常满意；对子女满意度：很满意；因小事烦恼（过去一周）：几乎没有（<1天）；感到抑郁（过去一周）：大多数时候（5–7天）；对未来抱有希望（过去一周）：有时/中等（3–4天）；感到孤独（过去一周）：少量（1–2天）；感到高兴（过去一周）：有时/中等（3–4天）；睡眠不安（过去一周）：有时/中等（3–4天）,健康信息：自评健康状况：一般；医生诊断慢性病：未报告上述疾病；身体疼痛程度：一点；上月平均每天实际睡眠小时数：5小时；是否因健康/残疾不能工作：不能长时间工作；是否因健康/残疾不能做家事：不能长时间；多久接受他人帮助：从不,活动信息：高强度体力活动：否；中等强度体力活动：是；中等强度体力活动目的：其他；轻度体力活动：是；轻度体力活动目的：锻炼；上月活动：以上都没有,上网信息：是否使用互联网：否,子女信息：子女总数：4个；健在子女数：4个；第1子女：是否工作/上学：工作；婚姻状况：已婚暂分居；过去一年同住月数：0个月；见面频率：每年；电话/短信/微信联系频率：每两周；第2子女：是否工作/上学：工作；婚姻状况：已婚暂分居；过去一年同住月数：12个月,工作信息：是否从事农业/家庭农活：有；是否已办理退休：否；是否在工作：是；过去一年总工作天数：300天,"基础信息：性别：女；年龄：62岁；城乡类型：农村
教育信息：教育程度：未读完小学
婚姻信息：婚姻状况：已婚且配偶同住；过去一年与配偶同住月数：12个月；上半年独自居住天数：0天；上半年仅与配偶同住天数：0天
情绪信息：生活满意度：非常满意；对子女满意度：很满意；因小事烦恼（过去一周）：几乎没有（<1天）；感到抑郁（过去一周）：大多数时候（5–7天）；对未来抱有希望（过去一周）：有时/中等（3–4天）；感到孤独（过去一周）：少量（1–2天）；感到高兴（过去一周）：有时/中等（3–4天）；睡眠不安（过去一周）：有时/中等（3–4天）
健康信息：自评健康状况：一般；医生诊断慢性病：未报告上述疾病；身体疼痛程度：一点；上月平均每天实际睡眠小时数：5小时；是否因健康/残疾不能工作：不能长时间工作；是否因健康/残疾不能做家事：不能长时间；多久接受他人帮助：从不
活动信息：高强度体力活动：否；中等强度体力活动：是；中等强度体力活动目的：其他；轻度体力活动：是；轻度体力活动目的：锻炼；上月活动：以上都没有
上网信息：是否使用互联网：否
子女信息：子女总数：4个；健在子女数：4个；第1子女：是否工作/上学：工作；婚姻状况：已婚暂分居；过去一年同住月数：0个月；见面频率：每年；电话/短信/微信联系频率：每两周；第2子女：是否工作/上学：工作；婚姻状况：已婚暂分居；过去一年同住月数：12个月
工作信息：是否从事农业/家庭农活：有；是否已办理退休：否；是否在工作：是；过去一年总工作天数：300天"
321,288251228002,基础信息：性别：男；年龄：76岁；城乡类型：农村,教育信息：教育程度：未读完小学,婚姻信息：婚姻状况：已婚且配偶同住；过去一年与配偶同住月数：0个月；上半年独自居住天数：180天；上半年仅与配偶同住天数：0天；上半年因不与别人同住而受影响程度：0,情绪信息：生活满意度：不太满意；对子女满意度：有点满意；因小事烦恼（过去一周）：大多数时候（5–7天）；感到抑郁（过去一周）：大多数时候（5–7天）；对未来抱有希望（过去一周）：几乎没有（<1天）；感到孤独（过去一周）：大多数时候（5–7天）；感到高兴（过去一周）：几乎没有（<1天）；睡眠不安（过去一周）：大多数时候（5–7天）,健康信息：自评健康状况：差；医生诊断慢性病：心脏病；身体疼痛程度：有些；上月平均每天实际睡眠小时数：4小时；是否因健康/残疾不能工作：完全不能工作；多久接受他人帮助：偶尔,活动信息：高强度体力活动：否；中等强度体力活动：否；轻度体力活动：是；轻度体力活动目的：锻炼；上月活动：以上都没有,上网信息：是否使用互联网：否,子女信息：子女总数：10个；健在子女数：10个；第1子女：是否工作/上学：都不；婚姻状况：已婚且配偶同住；过去一年同住月数：0个月；见面频率：每半年；电话/短信/微信联系频率：每两周；第2子女：是否工作/上学：都不；婚姻状况：已婚且配偶同住；过去一年同住月数：2个月；见面频率：每周1次,工作信息：是否从事农业/家庭农活：无；是否已办理退休：否；是否在工作：否；过去一年总工作天数：0天；上月是否在找工作：否,"基础信息：性别：男；年龄：76岁；城乡类型：农村
教育信息：教育程度：未读完小学
婚姻信息：婚姻状况：已婚且配偶同住；过去一年与配偶同住月数：0个月；上半年独自居住天数：180天；上半年仅与配偶同住天数：0天；上半年因不与别人同住而受影响程度：0
情绪信息：生活满意度：不太满意；对子女满意度：有点满意；因小事烦恼（过去一周）：大多数时候（5–7天）；感到抑郁（过去一周）：大多数时候（5–7天）；对未来抱有希望（过去一周）：几乎没有（<1天）；感到孤独（过去一周）：大多数时候（5–7天）；感到高兴（过去一周）：几乎没有（<1天）；睡眠不安（过去一周）：大多数时候（5–7天）
健康信息：自评健康状况：差；医生诊断慢性病：心脏病；身体疼痛程度：有些；上月平均每天实际睡眠小时数：4小时；是否因健康/残疾不能工作：完全不能工作；多久接受他人帮助：偶尔
活动信息：高强度体力活动：否；中等强度体力活动：否；轻度体力活动：是；轻度体力活动目的：锻炼；上月活动：以上都没有
上网信息：是否使用互联网：否
子女信息：子女总数：10个；健在子女数：10个；第1子女：是否工作/上学：都不；婚姻状况：已婚且配偶同住；过去一年同住月数：0个月；见面频率：每半年；电话/短信/微信联系频率：每两周；第2子女：是否工作/上学：都不；婚姻状况：已婚且配偶同住；过去一年同住月数：2个月；见面频率：每周1次
工作信息：是否从事农业/家庭农活：无；是否已办理退休：否；是否在工作：否；过去一年总工作天数：0天；上月是否在找工作：否"
322,324045101002,基础信息：性别：男；年龄：68岁；现居住地地址类型：家庭住房；城乡类型：城/镇中心,教育信息：教育程度：初中,婚姻信息：婚姻状况：已婚且配偶同住；过去一年与配偶同住月数：12个月；上半年独自居住天数：0天；上半年仅与配偶同住天数：180天；上半年因不与别人同住而受影响程度：0,情绪信息：生活满意度：有点满意；对子女满意度：有点满意；因小事烦恼（过去一周）：几乎没有（<1天）；感到抑郁（过去一周）：几乎没有（<1天）；对未来抱有希望（过去一周）：大多数时候（5–7天）；感到孤独（过去一周）：几乎没有（<1天）；感到高兴（过去一周）：大多数时候（5–7天）；睡眠不安（过去一周）：几乎没有（<1天）,健康信息：自评健康状况：一般；医生诊断慢性病：未报告上述疾病；身体疼痛程度：无；上月平均每天实际睡眠小时数：5小时；是否因健康/残疾不能工作：没问题；是否因健康/残疾不能做家事：没问题；多久接受他人帮助：从不,活动信息：高强度体力活动：否；中等强度体力活动：是；中等强度体力活动目的：其他；轻度体力活动：是；轻度体力活动目的：锻炼；上月活动：以上都没有,上网信息：是否使用互联网：否,子女信息：子女总数：4个；健在子女数：4个；第1子女：是否工作/上学：都不；婚姻状况：已婚暂分居；过去一年同住月数：0个月；见面频率：每周1次；第2子女：是否工作/上学：工作；婚姻状况：已婚且配偶同住；过去一年同住月数：0个月；见面频率：每周1次,工作信息：是否从事农业/家庭农活：无；是否在工作：否；过去一年总工作天数：0天；上月是否在找工作：否,"基础信息：性别：男；年龄：68岁；现居住地地址类型：家庭住房；城乡类型：城/镇中心
教育信息：教育程度：初中
婚姻信息：婚姻状况：已婚且配偶同住；过去一年与配偶同住月数：12个月；上半年独自居住天数：0天；上半年仅与配偶同住天数：180天；上半年因不与别人同住而受影响程度：0
情绪信息：生活满意度：有点满意；对子女满意度：有点满意；因小事烦恼（过去一周）：几乎没有（<1天）；感到抑郁（过去一周）：几乎没有（<1天）；对未来抱有希望（过去一周）：大多数时候（5–7天）；感到孤独（过去一周）：几乎没有（<1天）；感到高兴（过去一周）：大多数时候（5–7天）；睡眠不安（过去一周）：几乎没有（<1天）
健康信息：自评健康状况：一般；医生诊断慢性病：未报告上述疾病；身体疼痛程度：无；上月平均每天实际睡眠小时数：5小时；是否因健康/残疾不能工作：没问题；是否因健康/残疾不能做家事：没问题；多久接受他人帮助：从不
活动信息：高强度体力活动：否；中等强度体力活动：是；中等强度体力活动目的：其他；轻度体力活动：是；轻度体力活动目的：锻炼；上月活动：以上都没有
上网信息：是否使用互联网：否
子女信息：子女总数：4个；健在子女数：4个；第1子女：是否工作/上学：都不；婚姻状况：已婚暂分居；过去一年同住月数：0个月；见面频率：每周1次；第2子女：是否工作/上学：工作；婚姻状况：已婚且配偶同住；过去一年同住月数：0个月；见面频率：每周1次
工作信息：是否从事农业/家庭农活：无；是否在工作：否；过去一年总工作天数：0天；上月是否在找工作：否"
323,65546111001,基础信息：性别：女；年龄：59岁；城乡类型：农村,教育信息：教育程度：高中,婚姻信息：婚姻状况：已婚且配偶同住；过去一年与配偶同住月数：9个月；上半年独自居住天数：60天；上半年仅与配偶同住天数：90天；上半年因不与别人同住而受影响程度：70,情绪信息：生活满意度：有点满意；对子女满意度：有点满意；因小事烦恼（过去一周）：少量（1–2天）；感到抑郁（过去一周）：少量（1–2天）；对未来抱有希望（过去一周）：几乎没有（<1天）；感到孤独（过去一周）：少量（1–2天）；睡眠不安（过去一周）：大多数时候（5–7天）,健康信息：自评健康状况：很差；医生诊断慢性病：心脏病、肾脏疾病；身体疼痛程度：非常；上月平均每天实际睡眠小时数：4小时；是否因健康/残疾不能工作：不能长时间工作；是否因健康/残疾不能做家事：不能长时间；多久接受他人帮助：从不,活动信息：高强度体力活动：否；中等强度体力活动：是；中等强度体力活动目的：工作需要；轻度体力活动：是；轻度体力活动目的：锻炼；上月活动：与朋友交往（不规律）、参加运动/社交等俱乐部（几乎每天）,上网信息：是否使用互联网：是；上网设备：手机；上网用途：聊天、看新闻、看视频；是否用手机支付：是；是否使用微信：是；是否使用微信朋友圈：是,子女信息：子女总数：1个；健在子女数：1个；第1子女：是否工作/上学：工作；婚姻状况：已婚且配偶同住；过去一年同住月数：0个月；见面频率：每三月；电话/短信/微信联系频率：每周1次,工作信息：是否从事农业/家庭农活：有；是否已办理退休：否；是否在工作：是；过去一年总工作天数：90天,"基础信息：性别：女；年龄：59岁；城乡类型：农村
教育信息：教育程度：高中
婚姻信息：婚姻状况：已婚且配偶同住；过去一年与配偶同住月数：9个月；上半年独自居住天数：60天；上半年仅与配偶同住天数：90天；上半年因不与别人同住而受影响程度：70
情绪信息：生活满意度：有点满意；对子女满意度：有点满意；因小事烦恼（过去一周）：少量（1–2天）；感到抑郁（过去一周）：少量（1–2天）；对未来抱有希望（过去一周）：几乎没有（<1天）；感到孤独（过去一周）：少量（1–2天）；睡眠不安（过去一周）：大多数时候（5–7天）
健康信息：自评健康状况：很差；医生诊断慢性病：心脏病、肾脏疾病；身体疼痛程度：非常；上月平均每天实际睡眠小时数：4小时；是否因健康/残疾不能工作：不能长时间工作；是否因健康/残疾不能做家事：不能长时间；多久接受他人帮助：从不
活动信息：高强度体力活动：否；中等强度体力活动：是；中等强度体力活动目的：工作需要；轻度体力活动：是；轻度体力活动目的：锻炼；上月活动：与朋友交往（不规律）、参加运动/社交等俱乐部（几乎每天）
上网信息：是否使用互联网：是；上网设备：手机；上网用途：聊天、看新闻、看视频；是否用手机支付：是；是否使用微信：是；是否使用微信朋友圈：是
子女信息：子女总数：1个；健在子女数：1个；第1子女：是否工作/上学：工作；婚姻状况：已婚且配偶同住；过去一年同住月数：0个月；见面频率：每三月；电话/短信/微信联系频率：每周1次
工作信息：是否从事农业/家庭农活：有；是否已办理退休：否；是否在工作：是；过去一年总工作天数：90天"
324,135559315002,基础信息：性别：男；年龄：56岁；现居住地地址类型：其他；城乡类型：农村,教育信息：教育程度：高中,婚姻信息：婚姻状况：已婚暂分居；过去一年与配偶同住月数：1个月；上半年独自居住天数：150天；上半年仅与配偶同住天数：0天；上半年因不与别人同住而受影响程度：0,情绪信息：生活满意度：不太满意；对子女满意度：不太满意；因小事烦恼（过去一周）：有时/中等（3–4天）；感到抑郁（过去一周）：少量（1–2天）；对未来抱有希望（过去一周）：有时/中等（3–4天）；感到孤独（过去一周）：大多数时候（5–7天）；感到高兴（过去一周）：少量（1–2天）；睡眠不安（过去一周）：大多数时候（5–7天）,健康信息：自评健康状况：一般；医生诊断慢性病：未报告上述疾病；身体疼痛程度：非常；上月平均每天实际睡眠小时数：6小时；是否因健康/残疾不能工作：没问题；是否因健康/残疾不能做家事：没问题；多久接受他人帮助：从不,活动信息：高强度体力活动：否；中等强度体力活动：否；轻度体力活动：是；轻度体力活动目的：工作需要；上月活动：做志愿/慈善或照顾不住一起的病弱者（不规律）,上网信息：是否使用互联网：是；上网设备：手机；上网用途：聊天；是否用手机支付：是；是否使用微信：是；是否使用微信朋友圈：是,子女信息：子女总数：2个；健在子女数：2个；第1子女：是否工作/上学：工作；婚姻状况：已婚且配偶同住；过去一年同住月数：12个月；第2子女：婚姻状况：已婚暂分居；过去一年同住月数：0个月；见面频率：每年；电话/短信/微信联系频率：每周2–3次,工作信息：是否从事农业/家庭农活：无；是否已办理退休：否；是否在工作：是；过去一年总工作天数：364天,"基础信息：性别：男；年龄：56岁；现居住地地址类型：其他；城乡类型：农村
教育信息：教育程度：高中
婚姻信息：婚姻状况：已婚暂分居；过去一年与配偶同住月数：1个月；上半年独自居住天数：150天；上半年仅与配偶同住天数：0天；上半年因不与别人同住而受影响程度：0
情绪信息：生活满意度：不太满意；对子女满意度：不太满意；因小事烦恼（过去一周）：有时/中等（3–4天）；感到抑郁（过去一周）：少量（1–2天）；对未来抱有希望（过去一周）：有时/中等（3–4天）；感到孤独（过去一周）：大多数时候（5–7天）；感到高兴（过去一周）：少量（1–2天）；睡眠不安（过去一周）：大多数时候（5–7天）
健康信息：自评健康状况：一般；医生诊断慢性病：未报告上述疾病；身体疼痛程度：非常；上月平均每天实际睡眠小时数：6小时；是否因健康/残疾不能工作：没问题；是否因健康/残疾不能做家事：没问题；多久接受他人帮助：从不
活动信息：高强度体力活动：否；中等强度体力活动：否；轻度体力活动：是；轻度体力活动目的：工作需要；上月活动：做志愿/慈善或照顾不住一起的病弱者（不规律）
上网信息：是否使用互联网：是；上网设备：手机；上网用途：聊天；是否用手机支付：是；是否使用微信：是；是否使用微信朋友圈：是
子女信息：子女总数：2个；健在子女数：2个；第1子女：是否工作/上学：工作；婚姻状况：已婚且配偶同住；过去一年同住月数：12个月；第2子女：婚姻状况：已婚暂分居；过去一年同住月数：0个月；见面频率：每年；电话/短信/微信联系频率：每周2–3次
工作信息：是否从事农业/家庭农活：无；是否已办理退休：否；是否在工作：是；过去一年总工作天数：364天"
325,162431326001,基础信息：性别：男；年龄：65岁；现居住地地址类型：家庭住房；城乡类型：城/镇中心,教育信息：教育程度：大专,婚姻信息：婚姻状况：已婚且配偶同住；过去一年与配偶同住月数：12个月；上半年独自居住天数：0天；上半年仅与配偶同住天数：180天；上半年因不与别人同住而受影响程度：0,情绪信息：生活满意度：有点满意；对子女满意度：不太满意；因小事烦恼（过去一周）：几乎没有（<1天）；感到抑郁（过去一周）：大多数时候（5–7天）；对未来抱有希望（过去一周）：大多数时候（5–7天）；感到孤独（过去一周）：大多数时候（5–7天）；感到高兴（过去一周）：几乎没有（<1天）；睡眠不安（过去一周）：有时/中等（3–4天）,健康信息：自评健康状况：差；医生诊断慢性病：慢性肺部疾病、中风、关节炎或风湿病、哮喘、白内障或其他视力问题；身体疼痛程度：非常；上月平均每天实际睡眠小时数：6小时；是否因健康/残疾不能工作：不能长时间工作；是否因健康/残疾不能做家事：不能长时间；多久接受他人帮助：从不,活动信息：高强度体力活动：否；中等强度体力活动：是；中等强度体力活动目的：工作需要；轻度体力活动：否；上月活动：以上都没有,上网信息：是否使用互联网：否,子女信息：子女总数：1个；健在子女数：1个；第1子女：是否工作/上学：工作；婚姻状况：已婚且配偶同住；过去一年同住月数：0个月；见面频率：几乎每天,工作信息：是否从事农业/家庭农活：无；是否在工作：是；过去一年总工作天数：345天,"基础信息：性别：男；年龄：65岁；现居住地地址类型：家庭住房；城乡类型：城/镇中心
教育信息：教育程度：大专
婚姻信息：婚姻状况：已婚且配偶同住；过去一年与配偶同住月数：12个月；上半年独自居住天数：0天；上半年仅与配偶同住天数：180天；上半年因不与别人同住而受影响程度：0
情绪信息：生活满意度：有点满意；对子女满意度：不太满意；因小事烦恼（过去一周）：几乎没有（<1天）；感到抑郁（过去一周）：大多数时候（5–7天）；对未来抱有希望（过去一周）：大多数时候（5–7天）；感到孤独（过去一周）：大多数时候（5–7天）；感到高兴（过去一周）：几乎没有（<1天）；睡眠不安（过去一周）：有时/中等（3–4天）
健康信息：自评健康状况：差；医生诊断慢性病：慢性肺部疾病、中风、关节炎或风湿病、哮喘、白内障或其他视力问题；身体疼痛程度：非常；上月平均每天实际睡眠小时数：6小时；是否因健康/残疾不能工作：不能长时间工作；是否因健康/残疾不能做家事：不能长时间；多久接受他人帮助：从不
活动信息：高强度体力活动：否；中等强度体力活动：是；中等强度体力活动目的：工作需要；轻度体力活动：否；上月活动：以上都没有
上网信息：是否使用互联网：否
子女信息：子女总数：1个；健在子女数：1个；第1子女：是否工作/上学：工作；婚姻状况：已婚且配偶同住；过去一年同住月数：0个月；见面频率：几乎每天
工作信息：是否从事农业/家庭农活：无；是否在工作：是；过去一年总工作天数：345天"
326,168231120002,基础信息：性别：女；年龄：62岁；城乡类型：农村,教育信息：教育程度：小学,婚姻信息：婚姻状况：丧偶；是否有人以配偶身份同住：否；上半年独自居住天数：0天,情绪信息：生活满意度：很满意；对子女满意度：很满意；因小事烦恼（过去一周）：有时/中等（3–4天）；感到抑郁（过去一周）：几乎没有（<1天）；对未来抱有希望（过去一周）：几乎没有（<1天）；感到孤独（过去一周）：几乎没有（<1天）；感到高兴（过去一周）：大多数时候（5–7天）；睡眠不安（过去一周）：有时/中等（3–4天）,健康信息：自评健康状况：一般；医生诊断慢性病：未报告上述疾病；身体疼痛程度：无；上月平均每天实际睡眠小时数：7小时；是否因健康/残疾不能工作：没问题；是否因健康/残疾不能做家事：不能长时间；多久接受他人帮助：从不,活动信息：高强度体力活动：否；中等强度体力活动：是；中等强度体力活动目的：锻炼；轻度体力活动：否；上月活动：与朋友交往（不规律）,上网信息：是否使用互联网：否,子女信息：子女总数：2个；健在子女数：2个；第1子女：是否工作/上学：工作；婚姻状况：已婚且配偶同住；过去一年同住月数：12个月；第2子女：是否工作/上学：工作；婚姻状况：已婚且配偶同住；过去一年同住月数：0个月；见面频率：每三月；电话/短信/微信联系频率：每周2–3次,工作信息：是否从事农业/家庭农活：无；是否已办理退休：否；是否在工作：否；过去一年总工作天数：0天；上月是否在找工作：否,"基础信息：性别：女；年龄：62岁；城乡类型：农村
教育信息：教育程度：小学
婚姻信息：婚姻状况：丧偶；是否有人以配偶身份同住：否；上半年独自居住天数：0天
情绪信息：生活满意度：很满意；对子女满意度：很满意；因小事烦恼（过去一周）：有时/中等（3–4天）；感到抑郁（过去一周）：几乎没有（<1天）；对未来抱有希望（过去一周）：几乎没有（<1天）；感到孤独（过去一周）：几乎没有（<1天）；感到高兴（过去一周）：大多数时候（5–7天）；睡眠不安（过去一周）：有时/中等（3–4天）
健康信息：自评健康状况：一般；医生诊断慢性病：未报告上述疾病；身体疼痛程度：无；上月平均每天实际睡眠小时数：7小时；是否因健康/残疾不能工作：没问题；是否因健康/残疾不能做家事：不能长时间；多久接受他人帮助：从不
活动信息：高强度体力活动：否；中等强度体力活动：是；中等强度体力活动目的：锻炼；轻度体力活动：否；上月活动：与朋友交往（不规律）
上网信息：是否使用互联网：否
子女信息：子女总数：2个；健在子女数：2个；第1子女：是否工作/上学：工作；婚姻状况：已婚且配偶同住；过去一年同住月数：12个月；第2子女：是否工作/上学：工作；婚姻状况：已婚且配偶同住；过去一年同住月数：0个月；见面频率：每三月；电话/短信/微信联系频率：每周2–3次
工作信息：是否从事农业/家庭农活：无；是否已办理退休：否；是否在工作：否；过去一年总工作天数：0天；上月是否在找工作：否"
327,324078206002,基础信息：性别：女；年龄：62岁；城乡类型：城/镇中心,教育信息：教育程度：未读完小学,婚姻信息：婚姻状况：已婚且配偶同住；过去一年与配偶同住月数：12个月；上半年独自居住天数：0天；上半年仅与配偶同住天数：0天,情绪信息：生活满意度：有点满意；对子女满意度：很满意；因小事烦恼（过去一周）：少量（1–2天）；感到抑郁（过去一周）：几乎没有（<1天）；对未来抱有希望（过去一周）：几乎没有（<1天）；感到孤独（过去一周）：几乎没有（<1天）；感到高兴（过去一周）：大多数时候（5–7天）；睡眠不安（过去一周）：少量（1–2天）,健康信息：自评健康状况：一般；医生诊断慢性病：未报告上述疾病；身体疼痛程度：无；上月平均每天实际睡眠小时数：6小时；是否因健康/残疾不能工作：没问题；是否因健康/残疾不能做家事：没问题；多久接受他人帮助：偶尔,活动信息：高强度体力活动：否；中等强度体力活动：否；轻度体力活动：是；轻度体力活动目的：锻炼；上月活动：与朋友交往（几乎每天）,上网信息：是否使用互联网：否,子女信息：子女总数：2个；健在子女数：2个；第1子女：是否工作/上学：都不；婚姻状况：已婚且配偶同住；过去一年同住月数：12个月；第2子女：是否工作/上学：都不；婚姻状况：已婚且配偶同住；过去一年同住月数：0个月；见面频率：每周1次,工作信息：是否从事农业/家庭农活：无；是否已办理退休：否；是否在工作：否；过去一年总工作天数：0天；上月是否在找工作：否,"基础信息：性别：女；年龄：62岁；城乡类型：城/镇中心
教育信息：教育程度：未读完小学
婚姻信息：婚姻状况：已婚且配偶同住；过去一年与配偶同住月数：12个月；上半年独自居住天数：0天；上半年仅与配偶同住天数：0天
情绪信息：生活满意度：有点满意；对子女满意度：很满意；因小事烦恼（过去一周）：少量（1–2天）；感到抑郁（过去一周）：几乎没有（<1天）；对未来抱有希望（过去一周）：几乎没有（<1天）；感到孤独（过去一周）：几乎没有（<1天）；感到高兴（过去一周）：大多数时候（5–7天）；睡眠不安（过去一周）：少量（1–2天）
健康信息：自评健康状况：一般；医生诊断慢性病：未报告上述疾病；身体疼痛程度：无；上月平均每天实际睡眠小时数：6小时；是否因健康/残疾不能工作：没问题；是否因健康/残疾不能做家事：没问题；多久接受他人帮助：偶尔
活动信息：高强度体力活动：否；中等强度体力活动：否；轻度体力活动：是；轻度体力活动目的：锻炼；上月活动：与朋友交往（几乎每天）
上网信息：是否使用互联网：否
子女信息：子女总数：2个；健在子女数：2个；第1子女：是否工作/上学：都不；婚姻状况：已婚且配偶同住；过去一年同住月数：12个月；第2子女：是否工作/上学：都不；婚姻状况：已婚且配偶同住；过去一年同住月数：0个月；见面频率：每周1次
工作信息：是否从事农业/家庭农活：无；是否已办理退休：否；是否在工作：否；过去一年总工作天数：0天；上月是否在找工作：否"
328,297439127002,基础信息：性别：男；年龄：62岁；城乡类型：城/镇中心,教育信息：教育程度：初中,婚姻信息：婚姻状况：已婚且配偶同住；过去一年与配偶同住月数：12个月；上半年独自居住天数：0天；上半年仅与配偶同住天数：180天；上半年因不与别人同住而受影响程度：0,情绪信息：生活满意度：有点满意；对子女满意度：有点满意；因小事烦恼（过去一周）：有时/中等（3–4天）；感到抑郁（过去一周）：少量（1–2天）；对未来抱有希望（过去一周）：大多数时候（5–7天）；感到孤独（过去一周）：几乎没有（<1天）；感到高兴（过去一周）：几乎没有（<1天）；睡眠不安（过去一周）：几乎没有（<1天）,健康信息：自评健康状况：好；医生诊断慢性病：未报告上述疾病；身体疼痛程度：无；上月平均每天实际睡眠小时数：8小时；是否因健康/残疾不能工作：没问题；是否因健康/残疾不能做家事：没问题；多久接受他人帮助：偶尔,活动信息：高强度体力活动：否；中等强度体力活动：否；轻度体力活动：是；轻度体力活动目的：锻炼；上月活动：以上都没有,上网信息：是否使用互联网：否,子女信息：子女总数：1个；健在子女数：1个；第1子女：是否工作/上学：工作；婚姻状况：已婚暂分居；过去一年同住月数：0个月；见面频率：每三月；电话/短信/微信联系频率：每月,工作信息：是否从事农业/家庭农活：无；是否在工作：是；过去一年总工作天数：300天,"基础信息：性别：男；年龄：62岁；城乡类型：城/镇中心
教育信息：教育程度：初中
婚姻信息：婚姻状况：已婚且配偶同住；过去一年与配偶同住月数：12个月；上半年独自居住天数：0天；上半年仅与配偶同住天数：180天；上半年因不与别人同住而受影响程度：0
情绪信息：生活满意度：有点满意；对子女满意度：有点满意；因小事烦恼（过去一周）：有时/中等（3–4天）；感到抑郁（过去一周）：少量（1–2天）；对未来抱有希望（过去一周）：大多数时候（5–7天）；感到孤独（过去一周）：几乎没有（<1天）；感到高兴（过去一周）：几乎没有（<1天）；睡眠不安（过去一周）：几乎没有（<1天）
健康信息：自评健康状况：好；医生诊断慢性病：未报告上述疾病；身体疼痛程度：无；上月平均每天实际睡眠小时数：8小时；是否因健康/残疾不能工作：没问题；是否因健康/残疾不能做家事：没问题；多久接受他人帮助：偶尔
活动信息：高强度体力活动：否；中等强度体力活动：否；轻度体力活动：是；轻度体力活动目的：锻炼；上月活动：以上都没有
上网信息：是否使用互联网：否
子女信息：子女总数：1个；健在子女数：1个；第1子女：是否工作/上学：工作；婚姻状况：已婚暂分居；过去一年同住月数：0个月；见面频率：每三月；电话/短信/微信联系频率：每月
工作信息：是否从事农业/家庭农活：无；是否在工作：是；过去一年总工作天数：300天"
329,330102129002,基础信息：性别：女；年龄：66岁；城乡类型：城/镇中心,教育信息：教育程度：小学,婚姻信息：婚姻状况：已婚且配偶同住；过去一年与配偶同住月数：12个月；上半年独自居住天数：0天；上半年仅与配偶同住天数：0天,情绪信息：生活满意度：有点满意；对子女满意度：很满意；因小事烦恼（过去一周）：有时/中等（3–4天）；感到抑郁（过去一周）：几乎没有（<1天）；对未来抱有希望（过去一周）：有时/中等（3–4天）；感到孤独（过去一周）：几乎没有（<1天）；感到高兴（过去一周）：大多数时候（5–7天）；睡眠不安（过去一周）：有时/中等（3–4天）,健康信息：自评健康状况：一般；医生诊断慢性病：血脂异常；身体疼痛程度：相当；上月平均每天实际睡眠小时数：6小时；是否因健康/残疾不能工作：不能长时间工作；是否因健康/残疾不能做家事：不能长时间；多久接受他人帮助：偶尔,活动信息：高强度体力活动：否；中等强度体力活动：是；中等强度体力活动目的：工作需要；轻度体力活动：是；轻度体力活动目的：工作需要；上月活动：参加运动/社交等俱乐部（不规律）,上网信息：是否使用互联网：否,子女信息：子女总数：2个；健在子女数：2个；第1子女：是否工作/上学：工作；婚姻状况：已婚且配偶同住；过去一年同住月数：12个月；第2子女：是否工作/上学：工作；婚姻状况：离婚；过去一年同住月数：0个月；见面频率：每两周；电话/短信/微信联系频率：每两周,工作信息：是否从事农业/家庭农活：无；是否已办理退休：是；是否在工作：否；过去一年总工作天数：0天；上月是否在找工作：否,"基础信息：性别：女；年龄：66岁；城乡类型：城/镇中心
教育信息：教育程度：小学
婚姻信息：婚姻状况：已婚且配偶同住；过去一年与配偶同住月数：12个月；上半年独自居住天数：0天；上半年仅与配偶同住天数：0天
情绪信息：生活满意度：有点满意；对子女满意度：很满意；因小事烦恼（过去一周）：有时/中等（3–4天）；感到抑郁（过去一周）：几乎没有（<1天）；对未来抱有希望（过去一周）：有时/中等（3–4天）；感到孤独（过去一周）：几乎没有（<1天）；感到高兴（过去一周）：大多数时候（5–7天）；睡眠不安（过去一周）：有时/中等（3–4天）
健康信息：自评健康状况：一般；医生诊断慢性病：血脂异常；身体疼痛程度：相当；上月平均每天实际睡眠小时数：6小时；是否因健康/残疾不能工作：不能长时间工作；是否因健康/残疾不能做家事：不能长时间；多久接受他人帮助：偶尔
活动信息：高强度体力活动：否；中等强度体力活动：是；中等强度体力活动目的：工作需要；轻度体力活动：是；轻度体力活动目的：工作需要；上月活动：参加运动/社交等俱乐部（不规律）
上网信息：是否使用互联网：否
子女信息：子女总数：2个；健在子女数：2个；第1子女：是否工作/上学：工作；婚姻状况：已婚且配偶同住；过去一年同住月数：12个月；第2子女：是否工作/上学：工作；婚姻状况：离婚；过去一年同住月数：0个月；见面频率：每两周；电话/短信/微信联系频率：每两周
工作信息：是否从事农业/家庭农活：无；是否已办理退休：是；是否在工作：否；过去一年总工作天数：0天；上月是否在找工作：否"
330,94004313001,基础信息：性别：女；年龄：49岁；城乡类型：城/镇中心,教育信息：教育程度：本科,婚姻信息：婚姻状况：离婚；是否有人以配偶身份同住：否；上半年独自居住天数：5天；上半年因不与别人同住而受影响程度：0,情绪信息：生活满意度：有点满意；对子女满意度：有点满意；因小事烦恼（过去一周）：几乎没有（<1天）；感到抑郁（过去一周）：几乎没有（<1天）；对未来抱有希望（过去一周）：大多数时候（5–7天）；感到孤独（过去一周）：有时/中等（3–4天）；感到高兴（过去一周）：大多数时候（5–7天）；睡眠不安（过去一周）：几乎没有（<1天）,健康信息：自评健康状况：好；医生诊断慢性病：未报告上述疾病；身体疼痛程度：一点；上月平均每天实际睡眠小时数：6小时；是否因健康/残疾不能工作：没问题；是否因健康/残疾不能做家事：没问题；多久接受他人帮助：从不,活动信息：高强度体力活动：否；中等强度体力活动：是；中等强度体力活动目的：锻炼；轻度体力活动：是；轻度体力活动目的：其他；上月活动：帮助不住一起的家人朋友邻居（几乎每周）、参加运动/社交等俱乐部（几乎每天）,上网信息：是否使用互联网：是；上网设备：手机；上网用途：聊天、看新闻、其他；是否用手机支付：是；是否使用微信：是；是否使用微信朋友圈：是,子女信息：子女总数：1个；健在子女数：1个；第1子女：是否工作/上学：上学；婚姻状况：未婚；过去一年同住月数：7个月；见面频率：每月；电话/短信/微信联系频率：每周1次,工作信息：是否从事农业/家庭农活：无；是否已办理退休：是；退休时间：2019年5月；是否在工作：否；过去一年总工作天数：0天；上月是否在找工作：否,"基础信息：性别：女；年龄：49岁；城乡类型：城/镇中心
教育信息：教育程度：本科
婚姻信息：婚姻状况：离婚；是否有人以配偶身份同住：否；上半年独自居住天数：5天；上半年因不与别人同住而受影响程度：0
情绪信息：生活满意度：有点满意；对子女满意度：有点满意；因小事烦恼（过去一周）：几乎没有（<1天）；感到抑郁（过去一周）：几乎没有（<1天）；对未来抱有希望（过去一周）：大多数时候（5–7天）；感到孤独（过去一周）：有时/中等（3–4天）；感到高兴（过去一周）：大多数时候（5–7天）；睡眠不安（过去一周）：几乎没有（<1天）
健康信息：自评健康状况：好；医生诊断慢性病：未报告上述疾病；身体疼痛程度：一点；上月平均每天实际睡眠小时数：6小时；是否因健康/残疾不能工作：没问题；是否因健康/残疾不能做家事：没问题；多久接受他人帮助：从不
活动信息：高强度体力活动：否；中等强度体力活动：是；中等强度体力活动目的：锻炼；轻度体力活动：是；轻度体力活动目的：其他；上月活动：帮助不住一起的家人朋友邻居（几乎每周）、参加运动/社交等俱乐部（几乎每天）
上网信息：是否使用互联网：是；上网设备：手机；上网用途：聊天、看新闻、其他；是否用手机支付：是；是否使用微信：是；是否使用微信朋友圈：是
子女信息：子女总数：1个；健在子女数：1个；第1子女：是否工作/上学：上学；婚姻状况：未婚；过去一年同住月数：7个月；见面频率：每月；电话/短信/微信联系频率：每周1次
工作信息：是否从事农业/家庭农活：无；是否已办理退休：是；退休时间：2019年5月；是否在工作：否；过去一年总工作天数：0天；上月是否在找工作：否"
331,57633324002,基础信息：性别：女；年龄：48岁；城乡类型：农村,教育信息：教育程度：未受教育,婚姻信息：婚姻状况：已婚且配偶同住；过去一年与配偶同住月数：2个月；上半年独自居住天数：0天；上半年仅与配偶同住天数：2天；上半年因不与别人同住而受影响程度：0,情绪信息：生活满意度：很满意；对子女满意度：非常满意；因小事烦恼（过去一周）：几乎没有（<1天）；感到抑郁（过去一周）：有时/中等（3–4天）；对未来抱有希望（过去一周）：几乎没有（<1天）；感到孤独（过去一周）：几乎没有（<1天）；感到高兴（过去一周）：几乎没有（<1天）；睡眠不安（过去一周）：几乎没有（<1天）,健康信息：自评健康状况：一般；医生诊断慢性病：未报告上述疾病；身体疼痛程度：一点；上月平均每天实际睡眠小时数：6小时；是否因健康/残疾不能工作：没问题；是否因健康/残疾不能做家事：没问题；多久接受他人帮助：从不,活动信息：高强度体力活动：否；中等强度体力活动：否；轻度体力活动：是；轻度体力活动目的：工作需要；上月活动：以上都没有,上网信息：是否使用互联网：否,子女信息：子女总数：3个；健在子女数：3个；第1子女：是否工作/上学：都不；婚姻状况：已婚且配偶同住；过去一年同住月数：2个月；见面频率：每半年；电话/短信/微信联系频率：几乎每天；第2子女：是否工作/上学：都不；婚姻状况：已婚且配偶同住；过去一年同住月数：2个月；见面频率：每半年；电话/短信/微信联系频率：几乎每天,工作信息：是否从事农业/家庭农活：有；是否已办理退休：否；是否在工作：是；过去一年总工作天数：60天,"基础信息：性别：女；年龄：48岁；城乡类型：农村
教育信息：教育程度：未受教育
婚姻信息：婚姻状况：已婚且配偶同住；过去一年与配偶同住月数：2个月；上半年独自居住天数：0天；上半年仅与配偶同住天数：2天；上半年因不与别人同住而受影响程度：0
情绪信息：生活满意度：很满意；对子女满意度：非常满意；因小事烦恼（过去一周）：几乎没有（<1天）；感到抑郁（过去一周）：有时/中等（3–4天）；对未来抱有希望（过去一周）：几乎没有（<1天）；感到孤独（过去一周）：几乎没有（<1天）；感到高兴（过去一周）：几乎没有（<1天）；睡眠不安（过去一周）：几乎没有（<1天）
健康信息：自评健康状况：一般；医生诊断慢性病：未报告上述疾病；身体疼痛程度：一点；上月平均每天实际睡眠小时数：6小时；是否因健康/残疾不能工作：没问题；是否因健康/残疾不能做家事：没问题；多久接受他人帮助：从不
活动信息：高强度体力活动：否；中等强度体力活动：否；轻度体力活动：是；轻度体力活动目的：工作需要；上月活动：以上都没有
上网信息：是否使用互联网：否
子女信息：子女总数：3个；健在子女数：3个；第1子女：是否工作/上学：都不；婚姻状况：已婚且配偶同住；过去一年同住月数：2个月；见面频率：每半年；电话/短信/微信联系频率：几乎每天；第2子女：是否工作/上学：都不；婚姻状况：已婚且配偶同住；过去一年同住月数：2个月；见面频率：每半年；电话/短信/微信联系频率：几乎每天
工作信息：是否从事农业/家庭农活：有；是否已办理退休：否；是否在工作：是；过去一年总工作天数：60天"
332,46746309002,基础信息：性别：男；年龄：68岁；城乡类型：农村,教育信息：教育程度：未读完小学,婚姻信息：婚姻状况：已婚且配偶同住；过去一年与配偶同住月数：12个月；上半年独自居住天数：0天；上半年仅与配偶同住天数：0天,情绪信息：生活满意度：有点满意；对子女满意度：有点满意；因小事烦恼（过去一周）：有时/中等（3–4天）；感到抑郁（过去一周）：有时/中等（3–4天）；对未来抱有希望（过去一周）：有时/中等（3–4天）；感到孤独（过去一周）：有时/中等（3–4天）；感到高兴（过去一周）：有时/中等（3–4天）；睡眠不安（过去一周）：有时/中等（3–4天）,健康信息：自评健康状况：一般；医生诊断慢性病：未报告上述疾病；身体疼痛程度：一点；上月平均每天实际睡眠小时数：8小时；是否因健康/残疾不能工作：不能长时间工作；是否因健康/残疾不能做家事：不能长时间；多久接受他人帮助：从不,活动信息：高强度体力活动：是；高强度体力活动目的：其他；中等强度体力活动：是；中等强度体力活动目的：工作需要；轻度体力活动：否；上月活动：与朋友交往（几乎每天）、参加教育/培训课程（几乎每周）,上网信息：是否使用互联网：是；上网设备：手机；上网用途：看新闻、看视频；是否用手机支付：否；是否使用微信：是；是否使用微信朋友圈：否,子女信息：子女总数：2个；健在子女数：2个；第1子女：是否工作/上学：工作；婚姻状况：已婚且配偶同住；过去一年同住月数：0个月；见面频率：每月；电话/短信/微信联系频率：每周1次；第2子女：是否工作/上学：工作；婚姻状况：已婚且配偶同住；过去一年同住月数：0个月；见面频率：每月；电话/短信/微信联系频率：每周1次,工作信息：是否从事农业/家庭农活：有；是否已办理退休：否；是否在工作：是；过去一年总工作天数：60天,"基础信息：性别：男；年龄：68岁；城乡类型：农村
教育信息：教育程度：未读完小学
婚姻信息：婚姻状况：已婚且配偶同住；过去一年与配偶同住月数：12个月；上半年独自居住天数：0天；上半年仅与配偶同住天数：0天
情绪信息：生活满意度：有点满意；对子女满意度：有点满意；因小事烦恼（过去一周）：有时/中等（3–4天）；感到抑郁（过去一周）：有时/中等（3–4天）；对未来抱有希望（过去一周）：有时/中等（3–4天）；感到孤独（过去一周）：有时/中等（3–4天）；感到高兴（过去一周）：有时/中等（3–4天）；睡眠不安（过去一周）：有时/中等（3–4天）
健康信息：自评健康状况：一般；医生诊断慢性病：未报告上述疾病；身体疼痛程度：一点；上月平均每天实际睡眠小时数：8小时；是否因健康/残疾不能工作：不能长时间工作；是否因健康/残疾不能做家事：不能长时间；多久接受他人帮助：从不
活动信息：高强度体力活动：是；高强度体力活动目的：其他；中等强度体力活动：是；中等强度体力活动目的：工作需要；轻度体力活动：否；上月活动：与朋友交往（几乎每天）、参加教育/培训课程（几乎每周）
上网信息：是否使用互联网：是；上网设备：手机；上网用途：看新闻、看视频；是否用手机支付：否；是否使用微信：是；是否使用微信朋友圈：否
子女信息：子女总数：2个；健在子女数：2个；第1子女：是否工作/上学：工作；婚姻状况：已婚且配偶同住；过去一年同住月数：0个月；见面频率：每月；电话/短信/微信联系频率：每周1次；第2子女：是否工作/上学：工作；婚姻状况：已婚且配偶同住；过去一年同住月数：0个月；见面频率：每月；电话/短信/微信联系频率：每周1次
工作信息：是否从事农业/家庭农活：有；是否已办理退休：否；是否在工作：是；过去一年总工作天数：60天"
333,298245113001,基础信息：性别：女；年龄：53岁；城乡类型：农村,教育信息：教育程度：小学,婚姻信息：婚姻状况：已婚且配偶同住；过去一年与配偶同住月数：12个月；上半年独自居住天数：0天；上半年仅与配偶同住天数：182天；上半年因不与别人同住而受影响程度：60,情绪信息：生活满意度：有点满意；对子女满意度：很满意；因小事烦恼（过去一周）：几乎没有（<1天）；感到抑郁（过去一周）：几乎没有（<1天）；对未来抱有希望（过去一周）：几乎没有（<1天）；感到孤独（过去一周）：几乎没有（<1天）；感到高兴（过去一周）：大多数时候（5–7天）；睡眠不安（过去一周）：几乎没有（<1天）,健康信息：自评健康状况：好；医生诊断慢性病：未报告上述疾病；身体疼痛程度：无；上月平均每天实际睡眠小时数：8小时；是否因健康/残疾不能工作：没问题；是否因健康/残疾不能做家事：没问题；多久接受他人帮助：从不,活动信息：高强度体力活动：否；中等强度体力活动：是；中等强度体力活动目的：其他；轻度体力活动：是；轻度体力活动目的：工作需要；上月活动：与朋友交往（不规律）,上网信息：是否使用互联网：是；上网设备：手机；上网用途：看新闻、看视频、其他；是否用手机支付：否；是否使用微信：否,子女信息：子女总数：1个；健在子女数：1个；第1子女：是否工作/上学：工作；婚姻状况：已婚且配偶同住；过去一年同住月数：0个月；见面频率：几乎每天,工作信息：是否从事农业/家庭农活：有；是否已办理退休：否；是否在工作：是；过去一年总工作天数：330天,"基础信息：性别：女；年龄：53岁；城乡类型：农村
教育信息：教育程度：小学
婚姻信息：婚姻状况：已婚且配偶同住；过去一年与配偶同住月数：12个月；上半年独自居住天数：0天；上半年仅与配偶同住天数：182天；上半年因不与别人同住而受影响程度：60
情绪信息：生活满意度：有点满意；对子女满意度：很满意；因小事烦恼（过去一周）：几乎没有（<1天）；感到抑郁（过去一周）：几乎没有（<1天）；对未来抱有希望（过去一周）：几乎没有（<1天）；感到孤独（过去一周）：几乎没有（<1天）；感到高兴（过去一周）：大多数时候（5–7天）；睡眠不安（过去一周）：几乎没有（<1天）
健康信息：自评健康状况：好；医生诊断慢性病：未报告上述疾病；身体疼痛程度：无；上月平均每天实际睡眠小时数：8小时；是否因健康/残疾不能工作：没问题；是否因健康/残疾不能做家事：没问题；多久接受他人帮助：从不
活动信息：高强度体力活动：否；中等强度体力活动：是；中等强度体力活动目的：其他；轻度体力活动：是；轻度体力活动目的：工作需要；上月活动：与朋友交往（不规律）
上网信息：是否使用互联网：是；上网设备：手机；上网用途：看新闻、看视频、其他；是否用手机支付：否；是否使用微信：否
子女信息：子女总数：1个；健在子女数：1个；第1子女：是否工作/上学：工作；婚姻状况：已婚且配偶同住；过去一年同住月数：0个月；见面频率：几乎每天
工作信息：是否从事农业/家庭农活：有；是否已办理退休：否；是否在工作：是；过去一年总工作天数：330天"
334,175531208002,基础信息：性别：女；年龄：69岁；城乡类型：农村,教育信息：教育程度：未读完小学,婚姻信息：婚姻状况：已婚且配偶同住；过去一年与配偶同住月数：12个月；上半年独自居住天数：0天；上半年仅与配偶同住天数：0天,情绪信息：生活满意度：不太满意；对子女满意度：很满意；因小事烦恼（过去一周）：有时/中等（3–4天）；感到抑郁（过去一周）：大多数时候（5–7天）；对未来抱有希望（过去一周）：几乎没有（<1天）；感到孤独（过去一周）：大多数时候（5–7天）；感到高兴（过去一周）：几乎没有（<1天）；睡眠不安（过去一周）：有时/中等（3–4天）,健康信息：自评健康状况：差；医生诊断慢性病：未报告上述疾病；身体疼痛程度：一点；上月平均每天实际睡眠小时数：2小时；是否因健康/残疾不能工作：完全不能工作；多久接受他人帮助：从不,活动信息：高强度体力活动：否；中等强度体力活动：否；轻度体力活动：是；轻度体力活动目的：其他；上月活动：与朋友交往（不规律）,上网信息：是否使用互联网：否,子女信息：子女总数：3个；健在子女数：3个；第1子女：是否工作/上学：工作；婚姻状况：未婚；过去一年同住月数：12个月；第2子女：是否工作/上学：工作；婚姻状况：未婚；过去一年同住月数：0个月；见面频率：其他；电话/短信/微信联系频率：其他,工作信息：是否从事农业/家庭农活：无；是否已办理退休：否；是否在工作：否；过去一年总工作天数：0天；上月是否在找工作：否,"基础信息：性别：女；年龄：69岁；城乡类型：农村
教育信息：教育程度：未读完小学
婚姻信息：婚姻状况：已婚且配偶同住；过去一年与配偶同住月数：12个月；上半年独自居住天数：0天；上半年仅与配偶同住天数：0天
情绪信息：生活满意度：不太满意；对子女满意度：很满意；因小事烦恼（过去一周）：有时/中等（3–4天）；感到抑郁（过去一周）：大多数时候（5–7天）；对未来抱有希望（过去一周）：几乎没有（<1天）；感到孤独（过去一周）：大多数时候（5–7天）；感到高兴（过去一周）：几乎没有（<1天）；睡眠不安（过去一周）：有时/中等（3–4天）
健康信息：自评健康状况：差；医生诊断慢性病：未报告上述疾病；身体疼痛程度：一点；上月平均每天实际睡眠小时数：2小时；是否因健康/残疾不能工作：完全不能工作；多久接受他人帮助：从不
活动信息：高强度体力活动：否；中等强度体力活动：否；轻度体力活动：是；轻度体力活动目的：其他；上月活动：与朋友交往（不规律）
上网信息：是否使用互联网：否
子女信息：子女总数：3个；健在子女数：3个；第1子女：是否工作/上学：工作；婚姻状况：未婚；过去一年同住月数：12个月；第2子女：是否工作/上学：工作；婚姻状况：未婚；过去一年同住月数：0个月；见面频率：其他；电话/短信/微信联系频率：其他
工作信息：是否从事农业/家庭农活：无；是否已办理退休：否；是否在工作：否；过去一年总工作天数：0天；上月是否在找工作：否"
335,56604137002,基础信息：性别：女；年龄：61岁；城乡类型：农村,教育信息：教育程度：小学,婚姻信息：婚姻状况：已婚且配偶同住；过去一年与配偶同住月数：12个月；上半年独自居住天数：0天；上半年仅与配偶同住天数：182天；上半年因不与别人同住而受影响程度：0,情绪信息：生活满意度：有点满意；对子女满意度：有点满意；因小事烦恼（过去一周）：少量（1–2天）；感到抑郁（过去一周）：有时/中等（3–4天）；对未来抱有希望（过去一周）：有时/中等（3–4天）；感到孤独（过去一周）：几乎没有（<1天）；感到高兴（过去一周）：有时/中等（3–4天）；睡眠不安（过去一周）：几乎没有（<1天）,健康信息：自评健康状况：一般；医生诊断慢性病：未报告上述疾病；身体疼痛程度：非常；上月平均每天实际睡眠小时数：5小时；是否因健康/残疾不能工作：不能长时间工作；是否因健康/残疾不能做家事：不能长时间；多久接受他人帮助：偶尔,活动信息：高强度体力活动：是；高强度体力活动目的：工作需要；中等强度体力活动：是；中等强度体力活动目的：工作需要；轻度体力活动：是；轻度体力活动目的：工作需要；上月活动：帮助不住一起的家人朋友邻居（不规律）,上网信息：是否使用互联网：是；上网设备：手机；上网用途：聊天、看视频；是否用手机支付：否；是否使用微信：是；是否使用微信朋友圈：否,子女信息：子女总数：3个；健在子女数：3个；第1子女：是否工作/上学：工作；婚姻状况：未婚；过去一年同住月数：0个月；见面频率：每三月；电话/短信/微信联系频率：每两周；第2子女：是否工作/上学：工作；婚姻状况：已婚且配偶同住；过去一年同住月数：0个月；见面频率：每三月；电话/短信/微信联系频率：几乎每天,工作信息：是否从事农业/家庭农活：有；是否已办理退休：否；是否在工作：是；过去一年总工作天数：300天,"基础信息：性别：女；年龄：61岁；城乡类型：农村
教育信息：教育程度：小学
婚姻信息：婚姻状况：已婚且配偶同住；过去一年与配偶同住月数：12个月；上半年独自居住天数：0天；上半年仅与配偶同住天数：182天；上半年因不与别人同住而受影响程度：0
情绪信息：生活满意度：有点满意；对子女满意度：有点满意；因小事烦恼（过去一周）：少量（1–2天）；感到抑郁（过去一周）：有时/中等（3–4天）；对未来抱有希望（过去一周）：有时/中等（3–4天）；感到孤独（过去一周）：几乎没有（<1天）；感到高兴（过去一周）：有时/中等（3–4天）；睡眠不安（过去一周）：几乎没有（<1天）
健康信息：自评健康状况：一般；医生诊断慢性病：未报告上述疾病；身体疼痛程度：非常；上月平均每天实际睡眠小时数：5小时；是否因健康/残疾不能工作：不能长时间工作；是否因健康/残疾不能做家事：不能长时间；多久接受他人帮助：偶尔
活动信息：高强度体力活动：是；高强度体力活动目的：工作需要；中等强度体力活动：是；中等强度体力活动目的：工作需要；轻度体力活动：是；轻度体力活动目的：工作需要；上月活动：帮助不住一起的家人朋友邻居（不规律）
上网信息：是否使用互联网：是；上网设备：手机；上网用途：聊天、看视频；是否用手机支付：否；是否使用微信：是；是否使用微信朋友圈：否
子女信息：子女总数：3个；健在子女数：3个；第1子女：是否工作/上学：工作；婚姻状况：未婚；过去一年同住月数：0个月；见面频率：每三月；电话/短信/微信联系频率：每两周；第2子女：是否工作/上学：工作；婚姻状况：已婚且配偶同住；过去一年同住月数：0个月；见面频率：每三月；电话/短信/微信联系频率：几乎每天
工作信息：是否从事农业/家庭农活：有；是否已办理退休：否；是否在工作：是；过去一年总工作天数：300天"
336,110131312002,基础信息：性别：女；年龄：61岁；城乡类型：农村,教育信息：教育程度：未读完小学,婚姻信息：婚姻状况：已婚且配偶同住；过去一年与配偶同住月数：12个月；上半年独自居住天数：0天；上半年仅与配偶同住天数：180天；上半年因不与别人同住而受影响程度：0,情绪信息：生活满意度：很满意；对子女满意度：很满意；因小事烦恼（过去一周）：几乎没有（<1天）；感到抑郁（过去一周）：几乎没有（<1天）；对未来抱有希望（过去一周）：大多数时候（5–7天）；感到孤独（过去一周）：几乎没有（<1天）；感到高兴（过去一周）：大多数时候（5–7天）；睡眠不安（过去一周）：几乎没有（<1天）,健康信息：自评健康状况：一般；医生诊断慢性病：肝脏疾病；身体疼痛程度：无；上月平均每天实际睡眠小时数：8小时；是否因健康/残疾不能工作：没问题；是否因健康/残疾不能做家事：没问题；多久接受他人帮助：从不,活动信息：高强度体力活动：是；高强度体力活动目的：锻炼；中等强度体力活动：是；中等强度体力活动目的：工作需要；轻度体力活动：否；上月活动：以上都没有,上网信息：是否使用互联网：否,子女信息：子女总数：1个；健在子女数：1个；第1子女：是否工作/上学：工作；婚姻状况：已婚且配偶同住；过去一年同住月数：0个月；见面频率：几乎每天,工作信息：是否从事农业/家庭农活：无；是否已办理退休：是；退休时间：2012年8月；是否在工作：是；过去一年总工作天数：15天,"基础信息：性别：女；年龄：61岁；城乡类型：农村
教育信息：教育程度：未读完小学
婚姻信息：婚姻状况：已婚且配偶同住；过去一年与配偶同住月数：12个月；上半年独自居住天数：0天；上半年仅与配偶同住天数：180天；上半年因不与别人同住而受影响程度：0
情绪信息：生活满意度：很满意；对子女满意度：很满意；因小事烦恼（过去一周）：几乎没有（<1天）；感到抑郁（过去一周）：几乎没有（<1天）；对未来抱有希望（过去一周）：大多数时候（5–7天）；感到孤独（过去一周）：几乎没有（<1天）；感到高兴（过去一周）：大多数时候（5–7天）；睡眠不安（过去一周）：几乎没有（<1天）
健康信息：自评健康状况：一般；医生诊断慢性病：肝脏疾病；身体疼痛程度：无；上月平均每天实际睡眠小时数：8小时；是否因健康/残疾不能工作：没问题；是否因健康/残疾不能做家事：没问题；多久接受他人帮助：从不
活动信息：高强度体力活动：是；高强度体力活动目的：锻炼；中等强度体力活动：是；中等强度体力活动目的：工作需要；轻度体力活动：否；上月活动：以上都没有
上网信息：是否使用互联网：否
子女信息：子女总数：1个；健在子女数：1个；第1子女：是否工作/上学：工作；婚姻状况：已婚且配偶同住；过去一年同住月数：0个月；见面频率：几乎每天
工作信息：是否从事农业/家庭农活：无；是否已办理退休：是；退休时间：2012年8月；是否在工作：是；过去一年总工作天数：15天"
337,75376227001,基础信息：性别：女；年龄：63岁；城乡类型：城/镇中心,教育信息：教育程度：高中,婚姻信息：婚姻状况：已婚且配偶同住；过去一年与配偶同住月数：12个月；上半年独自居住天数：0天；上半年仅与配偶同住天数：0天,情绪信息：生活满意度：很满意；对子女满意度：很满意；因小事烦恼（过去一周）：几乎没有（<1天）；感到抑郁（过去一周）：几乎没有（<1天）；对未来抱有希望（过去一周）：大多数时候（5–7天）；感到孤独（过去一周）：几乎没有（<1天）；感到高兴（过去一周）：大多数时候（5–7天）；睡眠不安（过去一周）：几乎没有（<1天）,健康信息：自评健康状况：一般；医生诊断慢性病：血脂异常；身体疼痛程度：无；上月平均每天实际睡眠小时数：6.5小时；是否因健康/残疾不能工作：没问题；是否因健康/残疾不能做家事：没问题；多久接受他人帮助：从不,活动信息：高强度体力活动：否；中等强度体力活动：是；中等强度体力活动目的：锻炼；轻度体力活动：否；上月活动：以上都没有,上网信息：是否使用互联网：是；上网设备：手机；上网用途：聊天；是否用手机支付：是；是否使用微信：是；是否使用微信朋友圈：否,子女信息：子女总数：2个；健在子女数：2个；第1子女：是否工作/上学：工作；婚姻状况：已婚且配偶同住；过去一年同住月数：0个月；见面频率：每年；电话/短信/微信联系频率：几乎每天；第2子女：是否工作/上学：工作；婚姻状况：已婚且配偶同住；过去一年同住月数：12个月,工作信息：是否从事农业/家庭农活：无；是否在工作：否；过去一年总工作天数：0天；上月是否在找工作：否,"基础信息：性别：女；年龄：63岁；城乡类型：城/镇中心
教育信息：教育程度：高中
婚姻信息：婚姻状况：已婚且配偶同住；过去一年与配偶同住月数：12个月；上半年独自居住天数：0天；上半年仅与配偶同住天数：0天
情绪信息：生活满意度：很满意；对子女满意度：很满意；因小事烦恼（过去一周）：几乎没有（<1天）；感到抑郁（过去一周）：几乎没有（<1天）；对未来抱有希望（过去一周）：大多数时候（5–7天）；感到孤独（过去一周）：几乎没有（<1天）；感到高兴（过去一周）：大多数时候（5–7天）；睡眠不安（过去一周）：几乎没有（<1天）
健康信息：自评健康状况：一般；医生诊断慢性病：血脂异常；身体疼痛程度：无；上月平均每天实际睡眠小时数：6.5小时；是否因健康/残疾不能工作：没问题；是否因健康/残疾不能做家事：没问题；多久接受他人帮助：从不
活动信息：高强度体力活动：否；中等强度体力活动：是；中等强度体力活动目的：锻炼；轻度体力活动：否；上月活动：以上都没有
上网信息：是否使用互联网：是；上网设备：手机；上网用途：聊天；是否用手机支付：是；是否使用微信：是；是否使用微信朋友圈：否
子女信息：子女总数：2个；健在子女数：2个；第1子女：是否工作/上学：工作；婚姻状况：已婚且配偶同住；过去一年同住月数：0个月；见面频率：每年；电话/短信/微信联系频率：几乎每天；第2子女：是否工作/上学：工作；婚姻状况：已婚且配偶同住；过去一年同住月数：12个月
工作信息：是否从事农业/家庭农活：无；是否在工作：否；过去一年总工作天数：0天；上月是否在找工作：否"
338,116006209001,基础信息：性别：男；年龄：69岁；城乡类型：农村,教育信息：教育程度：未受教育,婚姻信息：婚姻状况：已婚且配偶同住；过去一年与配偶同住月数：12个月；上半年独自居住天数：0天；上半年仅与配偶同住天数：180天；上半年因不与别人同住而受影响程度：0,情绪信息：生活满意度：非常满意；对子女满意度：非常满意；因小事烦恼（过去一周）：少量（1–2天）；感到抑郁（过去一周）：几乎没有（<1天）；对未来抱有希望（过去一周）：几乎没有（<1天）；感到孤独（过去一周）：几乎没有（<1天）；感到高兴（过去一周）：大多数时候（5–7天）；睡眠不安（过去一周）：少量（1–2天）,健康信息：自评健康状况：差；医生诊断慢性病：血脂异常；身体疼痛程度：相当；上月平均每天实际睡眠小时数：5小时；是否因健康/残疾不能工作：没问题；是否因健康/残疾不能做家事：没问题；多久接受他人帮助：从不,活动信息：高强度体力活动：是；高强度体力活动目的：工作需要；中等强度体力活动：是；中等强度体力活动目的：工作需要；轻度体力活动：是；轻度体力活动目的：工作需要；上月活动：帮助不住一起的家人朋友邻居（不规律）,上网信息：是否使用互联网：否,子女信息：子女总数：2个；健在子女数：2个；第1子女：是否工作/上学：工作；婚姻状况：已婚且配偶同住；过去一年同住月数：0个月；见面频率：每周1次；第2子女：是否工作/上学：工作；婚姻状况：已婚且配偶同住；过去一年同住月数：0个月；见面频率：每年；电话/短信/微信联系频率：每月,工作信息：是否从事农业/家庭农活：有；是否已办理退休：否；是否在工作：是；过去一年总工作天数：120天,"基础信息：性别：男；年龄：69岁；城乡类型：农村
教育信息：教育程度：未受教育
婚姻信息：婚姻状况：已婚且配偶同住；过去一年与配偶同住月数：12个月；上半年独自居住天数：0天；上半年仅与配偶同住天数：180天；上半年因不与别人同住而受影响程度：0
情绪信息：生活满意度：非常满意；对子女满意度：非常满意；因小事烦恼（过去一周）：少量（1–2天）；感到抑郁（过去一周）：几乎没有（<1天）；对未来抱有希望（过去一周）：几乎没有（<1天）；感到孤独（过去一周）：几乎没有（<1天）；感到高兴（过去一周）：大多数时候（5–7天）；睡眠不安（过去一周）：少量（1–2天）
健康信息：自评健康状况：差；医生诊断慢性病：血脂异常；身体疼痛程度：相当；上月平均每天实际睡眠小时数：5小时；是否因健康/残疾不能工作：没问题；是否因健康/残疾不能做家事：没问题；多久接受他人帮助：从不
活动信息：高强度体力活动：是；高强度体力活动目的：工作需要；中等强度体力活动：是；中等强度体力活动目的：工作需要；轻度体力活动：是；轻度体力活动目的：工作需要；上月活动：帮助不住一起的家人朋友邻居（不规律）
上网信息：是否使用互联网：否
子女信息：子女总数：2个；健在子女数：2个；第1子女：是否工作/上学：工作；婚姻状况：已婚且配偶同住；过去一年同住月数：0个月；见面频率：每周1次；第2子女：是否工作/上学：工作；婚姻状况：已婚且配偶同住；过去一年同住月数：0个月；见面频率：每年；电话/短信/微信联系频率：每月
工作信息：是否从事农业/家庭农活：有；是否已办理退休：否；是否在工作：是；过去一年总工作天数：120天"
339,134902225002,基础信息：性别：男；年龄：57岁；现居住地地址类型：其他；城乡类型：城乡结合部/镇乡,教育信息：教育程度：未读完小学,婚姻信息：婚姻状况：已婚暂分居；过去一年与配偶同住月数：4个月；上半年独自居住天数：0天；上半年仅与配偶同住天数：0天,情绪信息：生活满意度：不太满意；对子女满意度：有点满意；因小事烦恼（过去一周）：有时/中等（3–4天）；感到抑郁（过去一周）：大多数时候（5–7天）；对未来抱有希望（过去一周）：几乎没有（<1天）；感到孤独（过去一周）：几乎没有（<1天）；感到高兴（过去一周）：几乎没有（<1天）；睡眠不安（过去一周）：有时/中等（3–4天）,健康信息：自评健康状况：一般；医生诊断慢性病：慢性肺部疾病；身体疼痛程度：相当；上月平均每天实际睡眠小时数：8小时；是否因健康/残疾不能工作：没问题；是否因健康/残疾不能做家事：没问题；多久接受他人帮助：从不,活动信息：高强度体力活动：是；高强度体力活动目的：工作需要；中等强度体力活动：是；中等强度体力活动目的：工作需要；轻度体力活动：是；轻度体力活动目的：工作需要；上月活动：以上都没有,上网信息：是否使用互联网：否,子女信息：子女总数：2个；健在子女数：2个；第1子女：是否工作/上学：工作；婚姻状况：已婚暂分居；过去一年同住月数：12个月；第2子女：是否工作/上学：都不；婚姻状况：已婚且配偶同住；过去一年同住月数：0个月；见面频率：每半年；电话/短信/微信联系频率：每月,工作信息：是否从事农业/家庭农活：有；是否已办理退休：否；是否在工作：是；过去一年总工作天数：220天,"基础信息：性别：男；年龄：57岁；现居住地地址类型：其他；城乡类型：城乡结合部/镇乡
教育信息：教育程度：未读完小学
婚姻信息：婚姻状况：已婚暂分居；过去一年与配偶同住月数：4个月；上半年独自居住天数：0天；上半年仅与配偶同住天数：0天
情绪信息：生活满意度：不太满意；对子女满意度：有点满意；因小事烦恼（过去一周）：有时/中等（3–4天）；感到抑郁（过去一周）：大多数时候（5–7天）；对未来抱有希望（过去一周）：几乎没有（<1天）；感到孤独（过去一周）：几乎没有（<1天）；感到高兴（过去一周）：几乎没有（<1天）；睡眠不安（过去一周）：有时/中等（3–4天）
健康信息：自评健康状况：一般；医生诊断慢性病：慢性肺部疾病；身体疼痛程度：相当；上月平均每天实际睡眠小时数：8小时；是否因健康/残疾不能工作：没问题；是否因健康/残疾不能做家事：没问题；多久接受他人帮助：从不
活动信息：高强度体力活动：是；高强度体力活动目的：工作需要；中等强度体力活动：是；中等强度体力活动目的：工作需要；轻度体力活动：是；轻度体力活动目的：工作需要；上月活动：以上都没有
上网信息：是否使用互联网：否
子女信息：子女总数：2个；健在子女数：2个；第1子女：是否工作/上学：工作；婚姻状况：已婚暂分居；过去一年同住月数：12个月；第2子女：是否工作/上学：都不；婚姻状况：已婚且配偶同住；过去一年同住月数：0个月；见面频率：每半年；电话/短信/微信联系频率：每月
工作信息：是否从事农业/家庭农活：有；是否已办理退休：否；是否在工作：是；过去一年总工作天数：220天"
340,285502324001,基础信息：性别：男；年龄：74岁；城乡类型：农村,教育信息：教育程度：小学,婚姻信息：婚姻状况：已婚且配偶同住；过去一年与配偶同住月数：12个月；上半年独自居住天数：0天；上半年仅与配偶同住天数：180天；上半年因不与别人同住而受影响程度：0,情绪信息：生活满意度：有点满意；对子女满意度：有点满意；因小事烦恼（过去一周）：大多数时候（5–7天）,健康信息：自评健康状况：差；医生诊断慢性病：未报告上述疾病；身体疼痛程度：非常；上月平均每天实际睡眠小时数：10小时；是否因健康/残疾不能工作：完全不能工作；多久接受他人帮助：从不,活动信息：高强度体力活动：否；中等强度体力活动：是；中等强度体力活动目的：锻炼；轻度体力活动：是；轻度体力活动目的：锻炼；上月活动：以上都没有,上网信息：是否使用互联网：否,子女信息：子女总数：4个；健在子女数：4个；第1子女：是否工作/上学：工作；婚姻状况：已婚且配偶同住；过去一年同住月数：12个月；第2子女：是否工作/上学：工作；婚姻状况：已婚且配偶同住；过去一年同住月数：0个月；见面频率：每三月；电话/短信/微信联系频率：每三月,工作信息：是否从事农业/家庭农活：无；是否已办理退休：否；是否在工作：否；过去一年总工作天数：0天；上月是否在找工作：否,"基础信息：性别：男；年龄：74岁；城乡类型：农村
教育信息：教育程度：小学
婚姻信息：婚姻状况：已婚且配偶同住；过去一年与配偶同住月数：12个月；上半年独自居住天数：0天；上半年仅与配偶同住天数：180天；上半年因不与别人同住而受影响程度：0
情绪信息：生活满意度：有点满意；对子女满意度：有点满意；因小事烦恼（过去一周）：大多数时候（5–7天）
健康信息：自评健康状况：差；医生诊断慢性病：未报告上述疾病；身体疼痛程度：非常；上月平均每天实际睡眠小时数：10小时；是否因健康/残疾不能工作：完全不能工作；多久接受他人帮助：从不
活动信息：高强度体力活动：否；中等强度体力活动：是；中等强度体力活动目的：锻炼；轻度体力活动：是；轻度体力活动目的：锻炼；上月活动：以上都没有
上网信息：是否使用互联网：否
子女信息：子女总数：4个；健在子女数：4个；第1子女：是否工作/上学：工作；婚姻状况：已婚且配偶同住；过去一年同住月数：12个月；第2子女：是否工作/上学：工作；婚姻状况：已婚且配偶同住；过去一年同住月数：0个月；见面频率：每三月；电话/短信/微信联系频率：每三月
工作信息：是否从事农业/家庭农活：无；是否已办理退休：否；是否在工作：否；过去一年总工作天数：0天；上月是否在找工作：否"
341,271806112003,基础信息：性别：男；年龄：60岁；城乡类型：农村,教育信息：教育程度：初中,婚姻信息：婚姻状况：已婚且配偶同住；过去一年与配偶同住月数：12个月；上半年独自居住天数：0天；上半年仅与配偶同住天数：0天；上半年因不与别人同住而受影响程度：100,情绪信息：生活满意度：有点满意；对子女满意度：有点满意；因小事烦恼（过去一周）：大多数时候（5–7天）；感到抑郁（过去一周）：大多数时候（5–7天）；对未来抱有希望（过去一周）：大多数时候（5–7天）；感到孤独（过去一周）：有时/中等（3–4天）；感到高兴（过去一周）：大多数时候（5–7天）；睡眠不安（过去一周）：大多数时候（5–7天）,健康信息：自评健康状况：差；医生诊断慢性病：高血压；身体疼痛程度：非常；上月平均每天实际睡眠小时数：5小时；是否因健康/残疾不能工作：不能长时间工作；是否因健康/残疾不能做家事：不能长时间；多久接受他人帮助：从不,活动信息：高强度体力活动：是；高强度体力活动目的：工作需要；中等强度体力活动：是；中等强度体力活动目的：工作需要；轻度体力活动：是；轻度体力活动目的：工作需要；上月活动：以上都没有,上网信息：是否使用互联网：否,子女信息：子女总数：2个；健在子女数：2个；第1子女：是否工作/上学：工作；婚姻状况：已婚且配偶同住；过去一年同住月数：11个月；见面频率：每年；电话/短信/微信联系频率：每周1次；第2子女：是否工作/上学：工作；婚姻状况：已婚暂分居；过去一年同住月数：0个月；见面频率：每年；电话/短信/微信联系频率：每三月,工作信息：是否从事农业/家庭农活：有；是否已办理退休：否；是否在工作：是；过去一年总工作天数：200天,"基础信息：性别：男；年龄：60岁；城乡类型：农村
教育信息：教育程度：初中
婚姻信息：婚姻状况：已婚且配偶同住；过去一年与配偶同住月数：12个月；上半年独自居住天数：0天；上半年仅与配偶同住天数：0天；上半年因不与别人同住而受影响程度：100
情绪信息：生活满意度：有点满意；对子女满意度：有点满意；因小事烦恼（过去一周）：大多数时候（5–7天）；感到抑郁（过去一周）：大多数时候（5–7天）；对未来抱有希望（过去一周）：大多数时候（5–7天）；感到孤独（过去一周）：有时/中等（3–4天）；感到高兴（过去一周）：大多数时候（5–7天）；睡眠不安（过去一周）：大多数时候（5–7天）
健康信息：自评健康状况：差；医生诊断慢性病：高血压；身体疼痛程度：非常；上月平均每天实际睡眠小时数：5小时；是否因健康/残疾不能工作：不能长时间工作；是否因健康/残疾不能做家事：不能长时间；多久接受他人帮助：从不
活动信息：高强度体力活动：是；高强度体力活动目的：工作需要；中等强度体力活动：是；中等强度体力活动目的：工作需要；轻度体力活动：是；轻度体力活动目的：工作需要；上月活动：以上都没有
上网信息：是否使用互联网：否
子女信息：子女总数：2个；健在子女数：2个；第1子女：是否工作/上学：工作；婚姻状况：已婚且配偶同住；过去一年同住月数：11个月；见面频率：每年；电话/短信/微信联系频率：每周1次；第2子女：是否工作/上学：工作；婚姻状况：已婚暂分居；过去一年同住月数：0个月；见面频率：每年；电话/短信/微信联系频率：每三月
工作信息：是否从事农业/家庭农活：有；是否已办理退休：否；是否在工作：是；过去一年总工作天数：200天"
342,60481327002,基础信息：性别：女；年龄：47岁；城乡类型：农村,教育信息：教育程度：小学,婚姻信息：婚姻状况：已婚且配偶同住；过去一年与配偶同住月数：12个月；上半年独自居住天数：0天；上半年仅与配偶同住天数：0天,情绪信息：生活满意度：不太满意；对子女满意度：很满意；因小事烦恼（过去一周）：有时/中等（3–4天）；感到抑郁（过去一周）：有时/中等（3–4天）；对未来抱有希望（过去一周）：几乎没有（<1天）；感到孤独（过去一周）：几乎没有（<1天）；感到高兴（过去一周）：有时/中等（3–4天）；睡眠不安（过去一周）：几乎没有（<1天）,健康信息：自评健康状况：差；医生诊断慢性病：记忆相关疾病；身体疼痛程度：相当；上月平均每天实际睡眠小时数：6小时；是否因健康/残疾不能工作：没问题；是否因健康/残疾不能做家事：没问题；多久接受他人帮助：从不,活动信息：高强度体力活动：是；高强度体力活动目的：工作需要；中等强度体力活动：是；中等强度体力活动目的：工作需要；轻度体力活动：是；轻度体力活动目的：锻炼；上月活动：与朋友交往（几乎每周）,上网信息：是否使用互联网：是；上网设备：手机；上网用途：聊天、看新闻；是否用手机支付：是；是否使用微信：是；是否使用微信朋友圈：否,子女信息：子女总数：2个；健在子女数：2个；第1子女：是否工作/上学：工作；婚姻状况：已婚且配偶同住；过去一年同住月数：12个月；第2子女：是否工作/上学：上学；过去一年同住月数：8个月；见面频率：每两周；电话/短信/微信联系频率：其他,工作信息：是否从事农业/家庭农活：有；是否已办理退休：否；是否在工作：是,"基础信息：性别：女；年龄：47岁；城乡类型：农村
教育信息：教育程度：小学
婚姻信息：婚姻状况：已婚且配偶同住；过去一年与配偶同住月数：12个月；上半年独自居住天数：0天；上半年仅与配偶同住天数：0天
情绪信息：生活满意度：不太满意；对子女满意度：很满意；因小事烦恼（过去一周）：有时/中等（3–4天）；感到抑郁（过去一周）：有时/中等（3–4天）；对未来抱有希望（过去一周）：几乎没有（<1天）；感到孤独（过去一周）：几乎没有（<1天）；感到高兴（过去一周）：有时/中等（3–4天）；睡眠不安（过去一周）：几乎没有（<1天）
健康信息：自评健康状况：差；医生诊断慢性病：记忆相关疾病；身体疼痛程度：相当；上月平均每天实际睡眠小时数：6小时；是否因健康/残疾不能工作：没问题；是否因健康/残疾不能做家事：没问题；多久接受他人帮助：从不
活动信息：高强度体力活动：是；高强度体力活动目的：工作需要；中等强度体力活动：是；中等强度体力活动目的：工作需要；轻度体力活动：是；轻度体力活动目的：锻炼；上月活动：与朋友交往（几乎每周）
上网信息：是否使用互联网：是；上网设备：手机；上网用途：聊天、看新闻；是否用手机支付：是；是否使用微信：是；是否使用微信朋友圈：否
子女信息：子女总数：2个；健在子女数：2个；第1子女：是否工作/上学：工作；婚姻状况：已婚且配偶同住；过去一年同住月数：12个月；第2子女：是否工作/上学：上学；过去一年同住月数：8个月；见面频率：每两周；电话/短信/微信联系频率：其他
工作信息：是否从事农业/家庭农活：有；是否已办理退休：否；是否在工作：是"
343,94004119002,基础信息：性别：男；年龄：84岁；城乡类型：城乡结合部/镇乡,教育信息：教育程度：小学,婚姻信息：婚姻状况：丧偶；是否有人以配偶身份同住：否；上半年独自居住天数：182天；上半年因不与别人同住而受影响程度：0,情绪信息：生活满意度：有点满意；对子女满意度：很满意；因小事烦恼（过去一周）：几乎没有（<1天）；感到抑郁（过去一周）：几乎没有（<1天）；对未来抱有希望（过去一周）：少量（1–2天）；感到孤独（过去一周）：有时/中等（3–4天）；感到高兴（过去一周）：有时/中等（3–4天）；睡眠不安（过去一周）：少量（1–2天）,健康信息：自评健康状况：一般；医生诊断慢性病：未报告上述疾病；身体疼痛程度：无；上月平均每天实际睡眠小时数：7小时；是否因健康/残疾不能工作：不能长时间工作；是否因健康/残疾不能做家事：没问题；多久接受他人帮助：偶尔,活动信息：高强度体力活动：否；中等强度体力活动：是；中等强度体力活动目的：锻炼；轻度体力活动：否；上月活动：以上都没有,上网信息：是否使用互联网：否,子女信息：子女总数：2个；健在子女数：2个；第1子女：是否工作/上学：工作；婚姻状况：已婚且配偶同住；过去一年同住月数：0个月；见面频率：每年；电话/短信/微信联系频率：每月；第2子女：是否工作/上学：工作；婚姻状况：已婚且配偶同住；过去一年同住月数：0个月；见面频率：每年；电话/短信/微信联系频率：每三月,工作信息：是否从事农业/家庭农活：无；是否在工作：否；过去一年总工作天数：0天；上月是否在找工作：否,"基础信息：性别：男；年龄：84岁；城乡类型：城乡结合部/镇乡
教育信息：教育程度：小学
婚姻信息：婚姻状况：丧偶；是否有人以配偶身份同住：否；上半年独自居住天数：182天；上半年因不与别人同住而受影响程度：0
情绪信息：生活满意度：有点满意；对子女满意度：很满意；因小事烦恼（过去一周）：几乎没有（<1天）；感到抑郁（过去一周）：几乎没有（<1天）；对未来抱有希望（过去一周）：少量（1–2天）；感到孤独（过去一周）：有时/中等（3–4天）；感到高兴（过去一周）：有时/中等（3–4天）；睡眠不安（过去一周）：少量（1–2天）
健康信息：自评健康状况：一般；医生诊断慢性病：未报告上述疾病；身体疼痛程度：无；上月平均每天实际睡眠小时数：7小时；是否因健康/残疾不能工作：不能长时间工作；是否因健康/残疾不能做家事：没问题；多久接受他人帮助：偶尔
活动信息：高强度体力活动：否；中等强度体力活动：是；中等强度体力活动目的：锻炼；轻度体力活动：否；上月活动：以上都没有
上网信息：是否使用互联网：否
子女信息：子女总数：2个；健在子女数：2个；第1子女：是否工作/上学：工作；婚姻状况：已婚且配偶同住；过去一年同住月数：0个月；见面频率：每年；电话/短信/微信联系频率：每月；第2子女：是否工作/上学：工作；婚姻状况：已婚且配偶同住；过去一年同住月数：0个月；见面频率：每年；电话/短信/微信联系频率：每三月
工作信息：是否从事农业/家庭农活：无；是否在工作：否；过去一年总工作天数：0天；上月是否在找工作：否"
344,261676215002,基础信息：性别：女；年龄：65岁；城乡类型：城/镇中心,教育信息：教育程度：未受教育,婚姻信息：婚姻状况：已婚且配偶同住；过去一年与配偶同住月数：12个月；上半年独自居住天数：0天；上半年仅与配偶同住天数：0天,情绪信息：生活满意度：有点满意；对子女满意度：有点满意；因小事烦恼（过去一周）：几乎没有（<1天）；感到抑郁（过去一周）：几乎没有（<1天）；对未来抱有希望（过去一周）：少量（1–2天）；感到孤独（过去一周）：几乎没有（<1天）；感到高兴（过去一周）：少量（1–2天）；睡眠不安（过去一周）：有时/中等（3–4天）,健康信息：自评健康状况：一般；医生诊断慢性病：高血压；身体疼痛程度：一点；上月平均每天实际睡眠小时数：5小时；是否因健康/残疾不能工作：不能长时间工作；是否因健康/残疾不能做家事：没问题；多久接受他人帮助：偶尔,活动信息：高强度体力活动：否；中等强度体力活动：否；轻度体力活动：是；轻度体力活动目的：工作需要；上月活动：以上都没有,上网信息：是否使用互联网：否,子女信息：子女总数：3个；健在子女数：3个；第2子女：是否工作/上学：工作；婚姻状况：已婚且配偶同住；过去一年同住月数：0个月；见面频率：每月；电话/短信/微信联系频率：其他,工作信息：是否从事农业/家庭农活：无；是否在工作：是；过去一年总工作天数：30天,"基础信息：性别：女；年龄：65岁；城乡类型：城/镇中心
教育信息：教育程度：未受教育
婚姻信息：婚姻状况：已婚且配偶同住；过去一年与配偶同住月数：12个月；上半年独自居住天数：0天；上半年仅与配偶同住天数：0天
情绪信息：生活满意度：有点满意；对子女满意度：有点满意；因小事烦恼（过去一周）：几乎没有（<1天）；感到抑郁（过去一周）：几乎没有（<1天）；对未来抱有希望（过去一周）：少量（1–2天）；感到孤独（过去一周）：几乎没有（<1天）；感到高兴（过去一周）：少量（1–2天）；睡眠不安（过去一周）：有时/中等（3–4天）
健康信息：自评健康状况：一般；医生诊断慢性病：高血压；身体疼痛程度：一点；上月平均每天实际睡眠小时数：5小时；是否因健康/残疾不能工作：不能长时间工作；是否因健康/残疾不能做家事：没问题；多久接受他人帮助：偶尔
活动信息：高强度体力活动：否；中等强度体力活动：否；轻度体力活动：是；轻度体力活动目的：工作需要；上月活动：以上都没有
上网信息：是否使用互联网：否
子女信息：子女总数：3个；健在子女数：3个；第2子女：是否工作/上学：工作；婚姻状况：已婚且配偶同住；过去一年同住月数：0个月；见面频率：每月；电话/短信/微信联系频率：其他
工作信息：是否从事农业/家庭农活：无；是否在工作：是；过去一年总工作天数：30天"
345,138202207001,基础信息：性别：女；年龄：70岁；城乡类型：城乡结合部/镇乡,教育信息：教育程度：未受教育,婚姻信息：婚姻状况：丧偶；是否有人以配偶身份同住：否；上半年独自居住天数：0天,情绪信息：生活满意度：不太满意；对子女满意度：很满意；因小事烦恼（过去一周）：大多数时候（5–7天）；感到抑郁（过去一周）：几乎没有（<1天）；对未来抱有希望（过去一周）：几乎没有（<1天）；感到孤独（过去一周）：大多数时候（5–7天）；感到高兴（过去一周）：几乎没有（<1天）；睡眠不安（过去一周）：有时/中等（3–4天）,健康信息：自评健康状况：很差；医生诊断慢性病：未报告上述疾病；身体疼痛程度：相当；上月平均每天实际睡眠小时数：4小时；是否因健康/残疾不能工作：没问题；是否因健康/残疾不能做家事：不能长时间；多久接受他人帮助：从不,活动信息：高强度体力活动：否；中等强度体力活动：是；中等强度体力活动目的：锻炼；轻度体力活动：是；轻度体力活动目的：锻炼；上月活动：以上都没有,上网信息：是否使用互联网：否,子女信息：子女总数：6个；健在子女数：6个；第1子女：是否工作/上学：工作；婚姻状况：已婚且配偶同住；过去一年同住月数：5个月；见面频率：每三月；电话/短信/微信联系频率：每两周；第2子女：是否工作/上学：工作；婚姻状况：已婚且配偶同住；过去一年同住月数：0个月；见面频率：每周2–3次,工作信息：是否从事农业/家庭农活：无；是否已办理退休：否；是否在工作：否；过去一年总工作天数：0天；上月是否在找工作：否,"基础信息：性别：女；年龄：70岁；城乡类型：城乡结合部/镇乡
教育信息：教育程度：未受教育
婚姻信息：婚姻状况：丧偶；是否有人以配偶身份同住：否；上半年独自居住天数：0天
情绪信息：生活满意度：不太满意；对子女满意度：很满意；因小事烦恼（过去一周）：大多数时候（5–7天）；感到抑郁（过去一周）：几乎没有（<1天）；对未来抱有希望（过去一周）：几乎没有（<1天）；感到孤独（过去一周）：大多数时候（5–7天）；感到高兴（过去一周）：几乎没有（<1天）；睡眠不安（过去一周）：有时/中等（3–4天）
健康信息：自评健康状况：很差；医生诊断慢性病：未报告上述疾病；身体疼痛程度：相当；上月平均每天实际睡眠小时数：4小时；是否因健康/残疾不能工作：没问题；是否因健康/残疾不能做家事：不能长时间；多久接受他人帮助：从不
活动信息：高强度体力活动：否；中等强度体力活动：是；中等强度体力活动目的：锻炼；轻度体力活动：是；轻度体力活动目的：锻炼；上月活动：以上都没有
上网信息：是否使用互联网：否
子女信息：子女总数：6个；健在子女数：6个；第1子女：是否工作/上学：工作；婚姻状况：已婚且配偶同住；过去一年同住月数：5个月；见面频率：每三月；电话/短信/微信联系频率：每两周；第2子女：是否工作/上学：工作；婚姻状况：已婚且配偶同住；过去一年同住月数：0个月；见面频率：每周2–3次
工作信息：是否从事农业/家庭农活：无；是否已办理退休：否；是否在工作：否；过去一年总工作天数：0天；上月是否在找工作：否"
346,31106120001,基础信息：性别：女；年龄：78岁；城乡类型：农村,教育信息：教育程度：未受教育,婚姻信息：婚姻状况：丧偶；是否有人以配偶身份同住：否；上半年独自居住天数：0天,情绪信息：生活满意度：有点满意；对子女满意度：有点满意；因小事烦恼（过去一周）：几乎没有（<1天）；感到抑郁（过去一周）：几乎没有（<1天）；对未来抱有希望（过去一周）：少量（1–2天）；感到孤独（过去一周）：几乎没有（<1天）；感到高兴（过去一周）：大多数时候（5–7天）；睡眠不安（过去一周）：几乎没有（<1天）,健康信息：自评健康状况：好；医生诊断慢性病：未报告上述疾病；身体疼痛程度：无；上月平均每天实际睡眠小时数：7小时；是否因健康/残疾不能工作：完全不能工作；多久接受他人帮助：偶尔,活动信息：高强度体力活动：否；中等强度体力活动：否；轻度体力活动：否；上月活动：以上都没有,上网信息：是否使用互联网：否,子女信息：子女总数：4个；健在子女数：4个；第1子女：是否工作/上学：工作；婚姻状况：已婚且配偶同住；过去一年同住月数：0个月；见面频率：每周2–3次；第2子女：是否工作/上学：工作；婚姻状况：已婚暂分居；过去一年同住月数：0个月；见面频率：每三月；电话/短信/微信联系频率：几乎不见/不联系,工作信息：是否从事农业/家庭农活：无；是否已办理退休：否；是否在工作：否；过去一年总工作天数：0天；上月是否在找工作：否,"基础信息：性别：女；年龄：78岁；城乡类型：农村
教育信息：教育程度：未受教育
婚姻信息：婚姻状况：丧偶；是否有人以配偶身份同住：否；上半年独自居住天数：0天
情绪信息：生活满意度：有点满意；对子女满意度：有点满意；因小事烦恼（过去一周）：几乎没有（<1天）；感到抑郁（过去一周）：几乎没有（<1天）；对未来抱有希望（过去一周）：少量（1–2天）；感到孤独（过去一周）：几乎没有（<1天）；感到高兴（过去一周）：大多数时候（5–7天）；睡眠不安（过去一周）：几乎没有（<1天）
健康信息：自评健康状况：好；医生诊断慢性病：未报告上述疾病；身体疼痛程度：无；上月平均每天实际睡眠小时数：7小时；是否因健康/残疾不能工作：完全不能工作；多久接受他人帮助：偶尔
活动信息：高强度体力活动：否；中等强度体力活动：否；轻度体力活动：否；上月活动：以上都没有
上网信息：是否使用互联网：否
子女信息：子女总数：4个；健在子女数：4个；第1子女：是否工作/上学：工作；婚姻状况：已婚且配偶同住；过去一年同住月数：0个月；见面频率：每周2–3次；第2子女：是否工作/上学：工作；婚姻状况：已婚暂分居；过去一年同住月数：0个月；见面频率：每三月；电话/短信/微信联系频率：几乎不见/不联系
工作信息：是否从事农业/家庭农活：无；是否已办理退休：否；是否在工作：否；过去一年总工作天数：0天；上月是否在找工作：否"
347,114604106001,基础信息：性别：男；年龄：82岁；城乡类型：城/镇中心,教育信息：教育程度：未读完小学,婚姻信息：婚姻状况：已婚且配偶同住；过去一年与配偶同住月数：12个月；上半年独自居住天数：0天；上半年仅与配偶同住天数：180天；上半年因不与别人同住而受影响程度：0,情绪信息：生活满意度：很满意；对子女满意度：很满意；因小事烦恼（过去一周）：几乎没有（<1天）；感到抑郁（过去一周）：几乎没有（<1天）；对未来抱有希望（过去一周）：几乎没有（<1天）；感到孤独（过去一周）：几乎没有（<1天）；感到高兴（过去一周）：几乎没有（<1天）；睡眠不安（过去一周）：几乎没有（<1天）,健康信息：自评健康状况：一般；医生诊断慢性病：肾脏疾病；身体疼痛程度：无；上月平均每天实际睡眠小时数：8小时；是否因健康/残疾不能工作：不能长时间工作；是否因健康/残疾不能做家事：不能长时间；多久接受他人帮助：从不,活动信息：高强度体力活动：否；中等强度体力活动：是；中等强度体力活动目的：其他；轻度体力活动：是；轻度体力活动目的：锻炼；上月活动：以上都没有,上网信息：是否使用互联网：否,子女信息：子女总数：3个；健在子女数：3个；第1子女：是否工作/上学：工作；婚姻状况：已婚且配偶同住；过去一年同住月数：0个月；见面频率：几乎每天；第2子女：是否工作/上学：工作；婚姻状况：已婚且配偶同住；过去一年同住月数：0个月；见面频率：每月；电话/短信/微信联系频率：每周1次,工作信息：是否从事农业/家庭农活：无；是否在工作：否；过去一年总工作天数：0天；上月是否在找工作：否,"基础信息：性别：男；年龄：82岁；城乡类型：城/镇中心
教育信息：教育程度：未读完小学
婚姻信息：婚姻状况：已婚且配偶同住；过去一年与配偶同住月数：12个月；上半年独自居住天数：0天；上半年仅与配偶同住天数：180天；上半年因不与别人同住而受影响程度：0
情绪信息：生活满意度：很满意；对子女满意度：很满意；因小事烦恼（过去一周）：几乎没有（<1天）；感到抑郁（过去一周）：几乎没有（<1天）；对未来抱有希望（过去一周）：几乎没有（<1天）；感到孤独（过去一周）：几乎没有（<1天）；感到高兴（过去一周）：几乎没有（<1天）；睡眠不安（过去一周）：几乎没有（<1天）
健康信息：自评健康状况：一般；医生诊断慢性病：肾脏疾病；身体疼痛程度：无；上月平均每天实际睡眠小时数：8小时；是否因健康/残疾不能工作：不能长时间工作；是否因健康/残疾不能做家事：不能长时间；多久接受他人帮助：从不
活动信息：高强度体力活动：否；中等强度体力活动：是；中等强度体力活动目的：其他；轻度体力活动：是；轻度体力活动目的：锻炼；上月活动：以上都没有
上网信息：是否使用互联网：否
子女信息：子女总数：3个；健在子女数：3个；第1子女：是否工作/上学：工作；婚姻状况：已婚且配偶同住；过去一年同住月数：0个月；见面频率：几乎每天；第2子女：是否工作/上学：工作；婚姻状况：已婚且配偶同住；过去一年同住月数：0个月；见面频率：每月；电话/短信/微信联系频率：每周1次
工作信息：是否从事农业/家庭农活：无；是否在工作：否；过去一年总工作天数：0天；上月是否在找工作：否"
348,166006334002,基础信息：性别：女；年龄：51岁；城乡类型：农村,教育信息：教育程度：未读完小学,婚姻信息：婚姻状况：已婚且配偶同住；过去一年与配偶同住月数：4个月；上半年独自居住天数：120天；上半年仅与配偶同住天数：60天；上半年因不与别人同住而受影响程度：0,情绪信息：生活满意度：有点满意；对子女满意度：有点满意；因小事烦恼（过去一周）：有时/中等（3–4天）；感到抑郁（过去一周）：有时/中等（3–4天）；对未来抱有希望（过去一周）：几乎没有（<1天）；感到孤独（过去一周）：有时/中等（3–4天）；感到高兴（过去一周）：几乎没有（<1天）；睡眠不安（过去一周）：几乎没有（<1天）,健康信息：自评健康状况：一般；医生诊断慢性病：未报告上述疾病；身体疼痛程度：有些；上月平均每天实际睡眠小时数：5小时；是否因健康/残疾不能工作：没问题；是否因健康/残疾不能做家事：没问题；多久接受他人帮助：从不,活动信息：高强度体力活动：是；高强度体力活动目的：工作需要；中等强度体力活动：是；中等强度体力活动目的：其他；轻度体力活动：否；上月活动：以上都没有,上网信息：是否使用互联网：是；上网设备：手机；上网用途：聊天；是否用手机支付：是；是否使用微信：是；是否使用微信朋友圈：是,子女信息：子女总数：2个；健在子女数：2个；第1子女：是否工作/上学：上学；婚姻状况：未婚；过去一年同住月数：5个月；见面频率：每月；电话/短信/微信联系频率：每周1次；第2子女：是否工作/上学：工作；婚姻状况：已婚且配偶同住；过去一年同住月数：0个月；见面频率：每半年；电话/短信/微信联系频率：每周1次,工作信息：是否从事农业/家庭农活：有；是否已办理退休：否；是否在工作：是；过去一年总工作天数：0天,"基础信息：性别：女；年龄：51岁；城乡类型：农村
教育信息：教育程度：未读完小学
婚姻信息：婚姻状况：已婚且配偶同住；过去一年与配偶同住月数：4个月；上半年独自居住天数：120天；上半年仅与配偶同住天数：60天；上半年因不与别人同住而受影响程度：0
情绪信息：生活满意度：有点满意；对子女满意度：有点满意；因小事烦恼（过去一周）：有时/中等（3–4天）；感到抑郁（过去一周）：有时/中等（3–4天）；对未来抱有希望（过去一周）：几乎没有（<1天）；感到孤独（过去一周）：有时/中等（3–4天）；感到高兴（过去一周）：几乎没有（<1天）；睡眠不安（过去一周）：几乎没有（<1天）
健康信息：自评健康状况：一般；医生诊断慢性病：未报告上述疾病；身体疼痛程度：有些；上月平均每天实际睡眠小时数：5小时；是否因健康/残疾不能工作：没问题；是否因健康/残疾不能做家事：没问题；多久接受他人帮助：从不
活动信息：高强度体力活动：是；高强度体力活动目的：工作需要；中等强度体力活动：是；中等强度体力活动目的：其他；轻度体力活动：否；上月活动：以上都没有
上网信息：是否使用互联网：是；上网设备：手机；上网用途：聊天；是否用手机支付：是；是否使用微信：是；是否使用微信朋友圈：是
子女信息：子女总数：2个；健在子女数：2个；第1子女：是否工作/上学：上学；婚姻状况：未婚；过去一年同住月数：5个月；见面频率：每月；电话/短信/微信联系频率：每周1次；第2子女：是否工作/上学：工作；婚姻状况：已婚且配偶同住；过去一年同住月数：0个月；见面频率：每半年；电话/短信/微信联系频率：每周1次
工作信息：是否从事农业/家庭农活：有；是否已办理退休：否；是否在工作：是；过去一年总工作天数：0天"
349,271806315002,基础信息：性别：男；年龄：55岁；城乡类型：农村,教育信息：教育程度：高中,婚姻信息：婚姻状况：已婚且配偶同住；过去一年与配偶同住月数：6个月；上半年独自居住天数：90天；上半年仅与配偶同住天数：0天；上半年因不与别人同住而受影响程度：0,情绪信息：生活满意度：有点满意；对子女满意度：有点满意；因小事烦恼（过去一周）：有时/中等（3–4天）；感到抑郁（过去一周）：几乎没有（<1天）；对未来抱有希望（过去一周）：大多数时候（5–7天）；感到孤独（过去一周）：几乎没有（<1天）；感到高兴（过去一周）：大多数时候（5–7天）；睡眠不安（过去一周）：几乎没有（<1天）,健康信息：自评健康状况：很好；医生诊断慢性病：未报告上述疾病；身体疼痛程度：无；上月平均每天实际睡眠小时数：6小时；是否因健康/残疾不能工作：没问题；是否因健康/残疾不能做家事：没问题；多久接受他人帮助：从不,活动信息：高强度体力活动：是；高强度体力活动目的：工作需要；中等强度体力活动：是；中等强度体力活动目的：锻炼；轻度体力活动：是；轻度体力活动目的：锻炼；上月活动：与朋友交往（不规律）、打麻将/下棋/打牌/去社区活动室（不规律）、帮助不住一起的家人朋友邻居（不规律）、参加社区相关组织（不规律）,上网信息：是否使用互联网：是；上网设备：手机；上网用途：聊天、看新闻、看视频、玩游戏；是否用手机支付：是；是否使用微信：是；是否使用微信朋友圈：否,子女信息：子女总数：1个；健在子女数：1个；第1子女：是否工作/上学：工作；婚姻状况：已婚且配偶同住；过去一年同住月数：12个月,工作信息：是否从事农业/家庭农活：有；是否已办理退休：否；是否在工作：是；过去一年总工作天数：150天,"基础信息：性别：男；年龄：55岁；城乡类型：农村
教育信息：教育程度：高中
婚姻信息：婚姻状况：已婚且配偶同住；过去一年与配偶同住月数：6个月；上半年独自居住天数：90天；上半年仅与配偶同住天数：0天；上半年因不与别人同住而受影响程度：0
情绪信息：生活满意度：有点满意；对子女满意度：有点满意；因小事烦恼（过去一周）：有时/中等（3–4天）；感到抑郁（过去一周）：几乎没有（<1天）；对未来抱有希望（过去一周）：大多数时候（5–7天）；感到孤独（过去一周）：几乎没有（<1天）；感到高兴（过去一周）：大多数时候（5–7天）；睡眠不安（过去一周）：几乎没有（<1天）
健康信息：自评健康状况：很好；医生诊断慢性病：未报告上述疾病；身体疼痛程度：无；上月平均每天实际睡眠小时数：6小时；是否因健康/残疾不能工作：没问题；是否因健康/残疾不能做家事：没问题；多久接受他人帮助：从不
活动信息：高强度体力活动：是；高强度体力活动目的：工作需要；中等强度体力活动：是；中等强度体力活动目的：锻炼；轻度体力活动：是；轻度体力活动目的：锻炼；上月活动：与朋友交往（不规律）、打麻将/下棋/打牌/去社区活动室（不规律）、帮助不住一起的家人朋友邻居（不规律）、参加社区相关组织（不规律）
上网信息：是否使用互联网：是；上网设备：手机；上网用途：聊天、看新闻、看视频、玩游戏；是否用手机支付：是；是否使用微信：是；是否使用微信朋友圈：否
子女信息：子女总数：1个；健在子女数：1个；第1子女：是否工作/上学：工作；婚姻状况：已婚且配偶同住；过去一年同住月数：12个月
工作信息：是否从事农业/家庭农活：有；是否已办理退休：否；是否在工作：是；过去一年总工作天数：150天"
350,244604313002,基础信息：性别：男；年龄：53岁；城乡类型：农村,教育信息：教育程度：初中,婚姻信息：婚姻状况：已婚且配偶同住；过去一年与配偶同住月数：12个月；上半年独自居住天数：0天；上半年仅与配偶同住天数：170天；上半年因不与别人同住而受影响程度：0,情绪信息：生活满意度：有点满意；对子女满意度：有点满意；因小事烦恼（过去一周）：几乎没有（<1天）；感到抑郁（过去一周）：几乎没有（<1天）；对未来抱有希望（过去一周）：少量（1–2天）；感到孤独（过去一周）：几乎没有（<1天）；感到高兴（过去一周）：有时/中等（3–4天）；睡眠不安（过去一周）：几乎没有（<1天）,健康信息：自评健康状况：差；医生诊断慢性病：肝脏疾病；身体疼痛程度：有些；上月平均每天实际睡眠小时数：5小时；是否因健康/残疾不能工作：不能长时间工作；是否因健康/残疾不能做家事：没问题；多久接受他人帮助：从不,活动信息：高强度体力活动：是；高强度体力活动目的：工作需要；中等强度体力活动：是；中等强度体力活动目的：工作需要；轻度体力活动：是；轻度体力活动目的：工作需要；上月活动：与朋友交往（几乎每周）,上网信息：是否使用互联网：是；上网设备：手机；上网用途：看新闻、看视频；是否用手机支付：是；是否使用微信：是；是否使用微信朋友圈：是,子女信息：子女总数：2个；健在子女数：2个；第1子女：是否工作/上学：工作；婚姻状况：已婚且配偶同住；过去一年同住月数：0个月；见面频率：每周1次；第2子女：是否工作/上学：工作；婚姻状况：未婚；过去一年同住月数：12个月,工作信息：是否从事农业/家庭农活：有；是否已办理退休：否；是否在工作：是；过去一年总工作天数：260天,"基础信息：性别：男；年龄：53岁；城乡类型：农村
教育信息：教育程度：初中
婚姻信息：婚姻状况：已婚且配偶同住；过去一年与配偶同住月数：12个月；上半年独自居住天数：0天；上半年仅与配偶同住天数：170天；上半年因不与别人同住而受影响程度：0
情绪信息：生活满意度：有点满意；对子女满意度：有点满意；因小事烦恼（过去一周）：几乎没有（<1天）；感到抑郁（过去一周）：几乎没有（<1天）；对未来抱有希望（过去一周）：少量（1–2天）；感到孤独（过去一周）：几乎没有（<1天）；感到高兴（过去一周）：有时/中等（3–4天）；睡眠不安（过去一周）：几乎没有（<1天）
健康信息：自评健康状况：差；医生诊断慢性病：肝脏疾病；身体疼痛程度：有些；上月平均每天实际睡眠小时数：5小时；是否因健康/残疾不能工作：不能长时间工作；是否因健康/残疾不能做家事：没问题；多久接受他人帮助：从不
活动信息：高强度体力活动：是；高强度体力活动目的：工作需要；中等强度体力活动：是；中等强度体力活动目的：工作需要；轻度体力活动：是；轻度体力活动目的：工作需要；上月活动：与朋友交往（几乎每周）
上网信息：是否使用互联网：是；上网设备：手机；上网用途：看新闻、看视频；是否用手机支付：是；是否使用微信：是；是否使用微信朋友圈：是
子女信息：子女总数：2个；健在子女数：2个；第1子女：是否工作/上学：工作；婚姻状况：已婚且配偶同住；过去一年同住月数：0个月；见面频率：每周1次；第2子女：是否工作/上学：工作；婚姻状况：未婚；过去一年同住月数：12个月
工作信息：是否从事农业/家庭农活：有；是否已办理退休：否；是否在工作：是；过去一年总工作天数：260天"
351,194037118002,基础信息：性别：男；年龄：54岁；城乡类型：城乡结合部/镇乡,教育信息：教育程度：小学,婚姻信息：婚姻状况：已婚且配偶同住；过去一年与配偶同住月数：12个月；上半年独自居住天数：0天；上半年仅与配偶同住天数：182天；上半年因不与别人同住而受影响程度：0,情绪信息：生活满意度：有点满意；对子女满意度：有点满意；因小事烦恼（过去一周）：少量（1–2天）；感到抑郁（过去一周）：少量（1–2天）；对未来抱有希望（过去一周）：大多数时候（5–7天）；感到孤独（过去一周）：几乎没有（<1天）；感到高兴（过去一周）：大多数时候（5–7天）；睡眠不安（过去一周）：少量（1–2天）,健康信息：自评健康状况：好；医生诊断慢性病：血脂异常；身体疼痛程度：无；上月平均每天实际睡眠小时数：6小时；是否因健康/残疾不能工作：没问题；是否因健康/残疾不能做家事：没问题；多久接受他人帮助：从不,活动信息：高强度体力活动：否；中等强度体力活动：是；中等强度体力活动目的：其他；轻度体力活动：是；轻度体力活动目的：锻炼；上月活动：其他活动（不规律）,上网信息：是否使用互联网：是；上网设备：手机；上网用途：看新闻；是否用手机支付：是；是否使用微信：是；是否使用微信朋友圈：否,子女信息：子女总数：1个；健在子女数：1个；第1子女：是否工作/上学：工作；婚姻状况：已婚且配偶同住；过去一年同住月数：0个月；见面频率：每两周；电话/短信/微信联系频率：每周2–3次,工作信息：是否从事农业/家庭农活：无；是否已办理退休：否；是否在工作：否；过去一年总工作天数：0天；上月是否在找工作：否,"基础信息：性别：男；年龄：54岁；城乡类型：城乡结合部/镇乡
教育信息：教育程度：小学
婚姻信息：婚姻状况：已婚且配偶同住；过去一年与配偶同住月数：12个月；上半年独自居住天数：0天；上半年仅与配偶同住天数：182天；上半年因不与别人同住而受影响程度：0
情绪信息：生活满意度：有点满意；对子女满意度：有点满意；因小事烦恼（过去一周）：少量（1–2天）；感到抑郁（过去一周）：少量（1–2天）；对未来抱有希望（过去一周）：大多数时候（5–7天）；感到孤独（过去一周）：几乎没有（<1天）；感到高兴（过去一周）：大多数时候（5–7天）；睡眠不安（过去一周）：少量（1–2天）
健康信息：自评健康状况：好；医生诊断慢性病：血脂异常；身体疼痛程度：无；上月平均每天实际睡眠小时数：6小时；是否因健康/残疾不能工作：没问题；是否因健康/残疾不能做家事：没问题；多久接受他人帮助：从不
活动信息：高强度体力活动：否；中等强度体力活动：是；中等强度体力活动目的：其他；轻度体力活动：是；轻度体力活动目的：锻炼；上月活动：其他活动（不规律）
上网信息：是否使用互联网：是；上网设备：手机；上网用途：看新闻；是否用手机支付：是；是否使用微信：是；是否使用微信朋友圈：否
子女信息：子女总数：1个；健在子女数：1个；第1子女：是否工作/上学：工作；婚姻状况：已婚且配偶同住；过去一年同住月数：0个月；见面频率：每两周；电话/短信/微信联系频率：每周2–3次
工作信息：是否从事农业/家庭农活：无；是否已办理退休：否；是否在工作：否；过去一年总工作天数：0天；上月是否在找工作：否"
352,211176203002,基础信息：性别：男；年龄：61岁；现居住地地址类型：其他；城乡类型：城/镇中心,教育信息：教育程度：高中,婚姻信息：婚姻状况：已婚暂分居；过去一年与配偶同住月数：10个月；上半年独自居住天数：30天；上半年仅与配偶同住天数：180天；上半年因不与别人同住而受影响程度：100,情绪信息：生活满意度：很满意；对子女满意度：很满意；因小事烦恼（过去一周）：少量（1–2天）；感到抑郁（过去一周）：少量（1–2天）；对未来抱有希望（过去一周）：少量（1–2天）；感到孤独（过去一周）：几乎没有（<1天）；感到高兴（过去一周）：少量（1–2天）；睡眠不安（过去一周）：少量（1–2天）,健康信息：自评健康状况：很好；医生诊断慢性病：胃部或其他消化系统疾病、记忆相关疾病；身体疼痛程度：无；上月平均每天实际睡眠小时数：10小时；是否因健康/残疾不能工作：没问题；是否因健康/残疾不能做家事：没问题；多久接受他人帮助：从不,活动信息：高强度体力活动：否；中等强度体力活动：否；轻度体力活动：是；轻度体力活动目的：工作需要；上月活动：以上都没有,上网信息：是否使用互联网：是；上网设备：手机；上网用途：聊天、看新闻、看视频；是否用手机支付：是；是否使用微信：是；是否使用微信朋友圈：否,子女信息：子女总数：2个；健在子女数：2个；第1子女：是否工作/上学：工作；婚姻状况：已婚且配偶同住；过去一年同住月数：12个月；第2子女：是否工作/上学：工作；婚姻状况：离婚；过去一年同住月数：0个月；见面频率：每两周；电话/短信/微信联系频率：几乎每天,工作信息：是否从事农业/家庭农活：有；是否已办理退休：否；是否在工作：是；过去一年总工作天数：100天,"基础信息：性别：男；年龄：61岁；现居住地地址类型：其他；城乡类型：城/镇中心
教育信息：教育程度：高中
婚姻信息：婚姻状况：已婚暂分居；过去一年与配偶同住月数：10个月；上半年独自居住天数：30天；上半年仅与配偶同住天数：180天；上半年因不与别人同住而受影响程度：100
情绪信息：生活满意度：很满意；对子女满意度：很满意；因小事烦恼（过去一周）：少量（1–2天）；感到抑郁（过去一周）：少量（1–2天）；对未来抱有希望（过去一周）：少量（1–2天）；感到孤独（过去一周）：几乎没有（<1天）；感到高兴（过去一周）：少量（1–2天）；睡眠不安（过去一周）：少量（1–2天）
健康信息：自评健康状况：很好；医生诊断慢性病：胃部或其他消化系统疾病、记忆相关疾病；身体疼痛程度：无；上月平均每天实际睡眠小时数：10小时；是否因健康/残疾不能工作：没问题；是否因健康/残疾不能做家事：没问题；多久接受他人帮助：从不
活动信息：高强度体力活动：否；中等强度体力活动：否；轻度体力活动：是；轻度体力活动目的：工作需要；上月活动：以上都没有
上网信息：是否使用互联网：是；上网设备：手机；上网用途：聊天、看新闻、看视频；是否用手机支付：是；是否使用微信：是；是否使用微信朋友圈：否
子女信息：子女总数：2个；健在子女数：2个；第1子女：是否工作/上学：工作；婚姻状况：已婚且配偶同住；过去一年同住月数：12个月；第2子女：是否工作/上学：工作；婚姻状况：离婚；过去一年同住月数：0个月；见面频率：每两周；电话/短信/微信联系频率：几乎每天
工作信息：是否从事农业/家庭农活：有；是否已办理退休：否；是否在工作：是；过去一年总工作天数：100天"
353,194037347002,基础信息：性别：男；年龄：51岁；现居住地地址类型：家庭住房；城乡类型：农村,教育信息：教育程度：小学,婚姻信息：婚姻状况：已婚暂分居；过去一年与配偶同住月数：3个月；上半年独自居住天数：90天；上半年仅与配偶同住天数：0天；上半年因不与别人同住而受影响程度：40,情绪信息：生活满意度：有点满意；对子女满意度：很满意；因小事烦恼（过去一周）：几乎没有（<1天）；感到抑郁（过去一周）：几乎没有（<1天）；对未来抱有希望（过去一周）：大多数时候（5–7天）；感到孤独（过去一周）：几乎没有（<1天）；感到高兴（过去一周）：大多数时候（5–7天）；睡眠不安（过去一周）：几乎没有（<1天）,健康信息：自评健康状况：很好；医生诊断慢性病：未报告上述疾病；身体疼痛程度：无；上月平均每天实际睡眠小时数：7小时；是否因健康/残疾不能工作：没问题；是否因健康/残疾不能做家事：没问题；多久接受他人帮助：从不,活动信息：高强度体力活动：否；中等强度体力活动：否；轻度体力活动：否；上月活动：以上都没有,上网信息：是否使用互联网：是；上网设备：手机；上网用途：看新闻、看视频；是否用手机支付：否；是否使用微信：是；是否使用微信朋友圈：是,子女信息：子女总数：1个；健在子女数：1个；第1子女：是否工作/上学：工作；婚姻状况：已婚且配偶同住；过去一年同住月数：3个月；见面频率：每年；电话/短信/微信联系频率：每周2–3次,工作信息：是否从事农业/家庭农活：有；是否已办理退休：否；是否在工作：是；过去一年总工作天数：270天,"基础信息：性别：男；年龄：51岁；现居住地地址类型：家庭住房；城乡类型：农村
教育信息：教育程度：小学
婚姻信息：婚姻状况：已婚暂分居；过去一年与配偶同住月数：3个月；上半年独自居住天数：90天；上半年仅与配偶同住天数：0天；上半年因不与别人同住而受影响程度：40
情绪信息：生活满意度：有点满意；对子女满意度：很满意；因小事烦恼（过去一周）：几乎没有（<1天）；感到抑郁（过去一周）：几乎没有（<1天）；对未来抱有希望（过去一周）：大多数时候（5–7天）；感到孤独（过去一周）：几乎没有（<1天）；感到高兴（过去一周）：大多数时候（5–7天）；睡眠不安（过去一周）：几乎没有（<1天）
健康信息：自评健康状况：很好；医生诊断慢性病：未报告上述疾病；身体疼痛程度：无；上月平均每天实际睡眠小时数：7小时；是否因健康/残疾不能工作：没问题；是否因健康/残疾不能做家事：没问题；多久接受他人帮助：从不
活动信息：高强度体力活动：否；中等强度体力活动：否；轻度体力活动：否；上月活动：以上都没有
上网信息：是否使用互联网：是；上网设备：手机；上网用途：看新闻、看视频；是否用手机支付：否；是否使用微信：是；是否使用微信朋友圈：是
子女信息：子女总数：1个；健在子女数：1个；第1子女：是否工作/上学：工作；婚姻状况：已婚且配偶同住；过去一年同住月数：3个月；见面频率：每年；电话/短信/微信联系频率：每周2–3次
工作信息：是否从事农业/家庭农活：有；是否已办理退休：否；是否在工作：是；过去一年总工作天数：270天"
354,275559312001,基础信息：性别：男；年龄：58岁；城乡类型：城/镇中心,教育信息：教育程度：高中,婚姻信息：婚姻状况：已婚且配偶同住；过去一年与配偶同住月数：12个月；上半年独自居住天数：0天；上半年仅与配偶同住天数：100天；上半年因不与别人同住而受影响程度：100,情绪信息：生活满意度：有点满意；对子女满意度：有点满意；因小事烦恼（过去一周）：几乎没有（<1天）；感到抑郁（过去一周）：几乎没有（<1天）；对未来抱有希望（过去一周）：有时/中等（3–4天）；感到孤独（过去一周）：少量（1–2天）；感到高兴（过去一周）：有时/中等（3–4天）；睡眠不安（过去一周）：有时/中等（3–4天）,健康信息：自评健康状况：好；医生诊断慢性病：胃部或其他消化系统疾病；身体疼痛程度：无；上月平均每天实际睡眠小时数：7小时；是否因健康/残疾不能工作：没问题；是否因健康/残疾不能做家事：没问题；多久接受他人帮助：从不,活动信息：高强度体力活动：否；中等强度体力活动：是；中等强度体力活动目的：其他；轻度体力活动：是；轻度体力活动目的：锻炼；上月活动：与朋友交往（不规律）,上网信息：是否使用互联网：是；上网设备：手机；上网用途：看新闻、玩游戏；是否用手机支付：是；是否使用微信：是；是否使用微信朋友圈：是,子女信息：子女总数：1个；健在子女数：1个；第1子女：是否工作/上学：工作；婚姻状况：未婚；过去一年同住月数：0个月；见面频率：每三月；电话/短信/微信联系频率：几乎每天,工作信息：是否从事农业/家庭农活：无；是否已办理退休：是；退休时间：2015年12月；是否在工作：是；过去一年总工作天数：156天,"基础信息：性别：男；年龄：58岁；城乡类型：城/镇中心
教育信息：教育程度：高中
婚姻信息：婚姻状况：已婚且配偶同住；过去一年与配偶同住月数：12个月；上半年独自居住天数：0天；上半年仅与配偶同住天数：100天；上半年因不与别人同住而受影响程度：100
情绪信息：生活满意度：有点满意；对子女满意度：有点满意；因小事烦恼（过去一周）：几乎没有（<1天）；感到抑郁（过去一周）：几乎没有（<1天）；对未来抱有希望（过去一周）：有时/中等（3–4天）；感到孤独（过去一周）：少量（1–2天）；感到高兴（过去一周）：有时/中等（3–4天）；睡眠不安（过去一周）：有时/中等（3–4天）
健康信息：自评健康状况：好；医生诊断慢性病：胃部或其他消化系统疾病；身体疼痛程度：无；上月平均每天实际睡眠小时数：7小时；是否因健康/残疾不能工作：没问题；是否因健康/残疾不能做家事：没问题；多久接受他人帮助：从不
活动信息：高强度体力活动：否；中等强度体力活动：是；中等强度体力活动目的：其他；轻度体力活动：是；轻度体力活动目的：锻炼；上月活动：与朋友交往（不规律）
上网信息：是否使用互联网：是；上网设备：手机；上网用途：看新闻、玩游戏；是否用手机支付：是；是否使用微信：是；是否使用微信朋友圈：是
子女信息：子女总数：1个；健在子女数：1个；第1子女：是否工作/上学：工作；婚姻状况：未婚；过去一年同住月数：0个月；见面频率：每三月；电话/短信/微信联系频率：几乎每天
工作信息：是否从事农业/家庭农活：无；是否已办理退休：是；退休时间：2015年12月；是否在工作：是；过去一年总工作天数：156天"
355,74004306002,基础信息：性别：男；年龄：56岁；城乡类型：城/镇中心,教育信息：教育程度：初中,婚姻信息：婚姻状况：已婚且配偶同住；过去一年与配偶同住月数：12个月；上半年独自居住天数：0天；上半年仅与配偶同住天数：60天；上半年因不与别人同住而受影响程度：0,情绪信息：生活满意度：很满意；对子女满意度：很满意；因小事烦恼（过去一周）：几乎没有（<1天）；感到抑郁（过去一周）：有时/中等（3–4天）；对未来抱有希望（过去一周）：大多数时候（5–7天）；感到孤独（过去一周）：几乎没有（<1天）；感到高兴（过去一周）：大多数时候（5–7天）；睡眠不安（过去一周）：大多数时候（5–7天）,健康信息：自评健康状况：一般；医生诊断慢性病：未报告上述疾病；身体疼痛程度：无；上月平均每天实际睡眠小时数：7.5小时；是否因健康/残疾不能工作：没问题；是否因健康/残疾不能做家事：没问题；多久接受他人帮助：从不,活动信息：高强度体力活动：否；中等强度体力活动：否；轻度体力活动：是；轻度体力活动目的：锻炼；上月活动：以上都没有,上网信息：是否使用互联网：否,子女信息：子女总数：1个；健在子女数：1个；第1子女：是否工作/上学：工作；婚姻状况：已婚且配偶同住；过去一年同住月数：4个月；见面频率：每月；电话/短信/微信联系频率：每周2–3次,工作信息：是否从事农业/家庭农活：无；是否已办理退休：否；是否在工作：是；过去一年总工作天数：219天,"基础信息：性别：男；年龄：56岁；城乡类型：城/镇中心
教育信息：教育程度：初中
婚姻信息：婚姻状况：已婚且配偶同住；过去一年与配偶同住月数：12个月；上半年独自居住天数：0天；上半年仅与配偶同住天数：60天；上半年因不与别人同住而受影响程度：0
情绪信息：生活满意度：很满意；对子女满意度：很满意；因小事烦恼（过去一周）：几乎没有（<1天）；感到抑郁（过去一周）：有时/中等（3–4天）；对未来抱有希望（过去一周）：大多数时候（5–7天）；感到孤独（过去一周）：几乎没有（<1天）；感到高兴（过去一周）：大多数时候（5–7天）；睡眠不安（过去一周）：大多数时候（5–7天）
健康信息：自评健康状况：一般；医生诊断慢性病：未报告上述疾病；身体疼痛程度：无；上月平均每天实际睡眠小时数：7.5小时；是否因健康/残疾不能工作：没问题；是否因健康/残疾不能做家事：没问题；多久接受他人帮助：从不
活动信息：高强度体力活动：否；中等强度体力活动：否；轻度体力活动：是；轻度体力活动目的：锻炼；上月活动：以上都没有
上网信息：是否使用互联网：否
子女信息：子女总数：1个；健在子女数：1个；第1子女：是否工作/上学：工作；婚姻状况：已婚且配偶同住；过去一年同住月数：4个月；见面频率：每月；电话/短信/微信联系频率：每周2–3次
工作信息：是否从事农业/家庭农活：无；是否已办理退休：否；是否在工作：是；过去一年总工作天数：219天"
356,265576222001,基础信息：性别：女；年龄：53岁；城乡类型：城/镇中心,教育信息：教育程度：未读完小学,婚姻信息：婚姻状况：已婚暂分居；过去一年与配偶同住月数：2个月；上半年独自居住天数：0天；上半年仅与配偶同住天数：0天,情绪信息：生活满意度：很满意；对子女满意度：很满意；因小事烦恼（过去一周）：几乎没有（<1天）；感到抑郁（过去一周）：几乎没有（<1天）；对未来抱有希望（过去一周）：大多数时候（5–7天）；感到孤独（过去一周）：几乎没有（<1天）；感到高兴（过去一周）：大多数时候（5–7天）；睡眠不安（过去一周）：几乎没有（<1天）,健康信息：自评健康状况：一般；医生诊断慢性病：未报告上述疾病；身体疼痛程度：无；上月平均每天实际睡眠小时数：6小时；是否因健康/残疾不能工作：没问题；是否因健康/残疾不能做家事：没问题；多久接受他人帮助：从不,活动信息：高强度体力活动：否；中等强度体力活动：是；中等强度体力活动目的：其他；轻度体力活动：否；上月活动：与朋友交往（不规律）,上网信息：是否使用互联网：否,子女信息：子女总数：2个；健在子女数：2个；第1子女：是否工作/上学：工作；婚姻状况：已婚且配偶同住；过去一年同住月数：1个月；见面频率：每月；电话/短信/微信联系频率：几乎每天；第2子女：最高学历：本科；是否工作/上学：工作；婚姻状况：未婚；过去一年同住月数：1个月；见面频率：每月；电话/短信/微信联系频率：几乎每天,工作信息：是否从事农业/家庭农活：无；是否已办理退休：是；退休时间：2016年7月；是否在工作：否；过去一年总工作天数：0天；上月是否在找工作：否,"基础信息：性别：女；年龄：53岁；城乡类型：城/镇中心
教育信息：教育程度：未读完小学
婚姻信息：婚姻状况：已婚暂分居；过去一年与配偶同住月数：2个月；上半年独自居住天数：0天；上半年仅与配偶同住天数：0天
情绪信息：生活满意度：很满意；对子女满意度：很满意；因小事烦恼（过去一周）：几乎没有（<1天）；感到抑郁（过去一周）：几乎没有（<1天）；对未来抱有希望（过去一周）：大多数时候（5–7天）；感到孤独（过去一周）：几乎没有（<1天）；感到高兴（过去一周）：大多数时候（5–7天）；睡眠不安（过去一周）：几乎没有（<1天）
健康信息：自评健康状况：一般；医生诊断慢性病：未报告上述疾病；身体疼痛程度：无；上月平均每天实际睡眠小时数：6小时；是否因健康/残疾不能工作：没问题；是否因健康/残疾不能做家事：没问题；多久接受他人帮助：从不
活动信息：高强度体力活动：否；中等强度体力活动：是；中等强度体力活动目的：其他；轻度体力活动：否；上月活动：与朋友交往（不规律）
上网信息：是否使用互联网：否
子女信息：子女总数：2个；健在子女数：2个；第1子女：是否工作/上学：工作；婚姻状况：已婚且配偶同住；过去一年同住月数：1个月；见面频率：每月；电话/短信/微信联系频率：几乎每天；第2子女：最高学历：本科；是否工作/上学：工作；婚姻状况：未婚；过去一年同住月数：1个月；见面频率：每月；电话/短信/微信联系频率：几乎每天
工作信息：是否从事农业/家庭农活：无；是否已办理退休：是；退休时间：2016年7月；是否在工作：否；过去一年总工作天数：0天；上月是否在找工作：否"
357,58659203002,基础信息：性别：男；年龄：76岁；城乡类型：城/镇中心,教育信息：教育程度：职高,婚姻信息：婚姻状况：丧偶；是否有人以配偶身份同住：否；上半年独自居住天数：0天,情绪信息：生活满意度：有点满意；对子女满意度：完全不满意；因小事烦恼（过去一周）：几乎没有（<1天）；感到抑郁（过去一周）：几乎没有（<1天）；对未来抱有希望（过去一周）：几乎没有（<1天）；感到孤独（过去一周）：大多数时候（5–7天）；感到高兴（过去一周）：几乎没有（<1天）；睡眠不安（过去一周）：大多数时候（5–7天）,健康信息：自评健康状况：差；医生诊断慢性病：未报告上述疾病；身体疼痛程度：无；上月平均每天实际睡眠小时数：8小时；是否因健康/残疾不能工作：完全不能工作；多久接受他人帮助：大多时候,活动信息：高强度体力活动：否；中等强度体力活动：否；轻度体力活动：是；轻度体力活动目的：锻炼；上月活动：与朋友交往（不规律）,上网信息：是否使用互联网：否,子女信息：子女总数：1个；健在子女数：1个；第1子女：过去一年同住月数：0个月；见面频率：几乎不见/不联系；电话/短信/微信联系频率：几乎不见/不联系,工作信息：是否从事农业/家庭农活：无；是否在工作：否；过去一年总工作天数：0天；上月是否在找工作：否,"基础信息：性别：男；年龄：76岁；城乡类型：城/镇中心
教育信息：教育程度：职高
婚姻信息：婚姻状况：丧偶；是否有人以配偶身份同住：否；上半年独自居住天数：0天
情绪信息：生活满意度：有点满意；对子女满意度：完全不满意；因小事烦恼（过去一周）：几乎没有（<1天）；感到抑郁（过去一周）：几乎没有（<1天）；对未来抱有希望（过去一周）：几乎没有（<1天）；感到孤独（过去一周）：大多数时候（5–7天）；感到高兴（过去一周）：几乎没有（<1天）；睡眠不安（过去一周）：大多数时候（5–7天）
健康信息：自评健康状况：差；医生诊断慢性病：未报告上述疾病；身体疼痛程度：无；上月平均每天实际睡眠小时数：8小时；是否因健康/残疾不能工作：完全不能工作；多久接受他人帮助：大多时候
活动信息：高强度体力活动：否；中等强度体力活动：否；轻度体力活动：是；轻度体力活动目的：锻炼；上月活动：与朋友交往（不规律）
上网信息：是否使用互联网：否
子女信息：子女总数：1个；健在子女数：1个；第1子女：过去一年同住月数：0个月；见面频率：几乎不见/不联系；电话/短信/微信联系频率：几乎不见/不联系
工作信息：是否从事农业/家庭农活：无；是否在工作：否；过去一年总工作天数：0天；上月是否在找工作：否"
358,294099315001,基础信息：性别：女；年龄：55岁；城乡类型：农村,教育信息：教育程度：未受教育,婚姻信息：婚姻状况：已婚且配偶同住；过去一年与配偶同住月数：12个月；上半年独自居住天数：0天；上半年仅与配偶同住天数：0天,情绪信息：生活满意度：完全不满意；对子女满意度：无子女,健康信息：医生诊断慢性病：未报告上述疾病；身体疼痛程度：一点；上月平均每天实际睡眠小时数：5小时；是否因健康/残疾不能工作：不能长时间工作；是否因健康/残疾不能做家事：没问题；多久接受他人帮助：本节由代答完成,活动信息：高强度体力活动：否；中等强度体力活动：是；中等强度体力活动目的：其他；轻度体力活动：是；轻度体力活动目的：锻炼；上月活动：以上都没有,上网信息：是否使用互联网：否,子女信息：子女总数：1个；健在子女数：1个；第1子女：是否工作/上学：工作；婚姻状况：已婚且配偶同住；过去一年同住月数：0个月；见面频率：几乎不见/不联系；电话/短信/微信联系频率：其他,工作信息：是否从事农业/家庭农活：无；是否已办理退休：否；是否在工作：否；上月是否在找工作：否,"基础信息：性别：女；年龄：55岁；城乡类型：农村
教育信息：教育程度：未受教育
婚姻信息：婚姻状况：已婚且配偶同住；过去一年与配偶同住月数：12个月；上半年独自居住天数：0天；上半年仅与配偶同住天数：0天
情绪信息：生活满意度：完全不满意；对子女满意度：无子女
健康信息：医生诊断慢性病：未报告上述疾病；身体疼痛程度：一点；上月平均每天实际睡眠小时数：5小时；是否因健康/残疾不能工作：不能长时间工作；是否因健康/残疾不能做家事：没问题；多久接受他人帮助：本节由代答完成
活动信息：高强度体力活动：否；中等强度体力活动：是；中等强度体力活动目的：其他；轻度体力活动：是；轻度体力活动目的：锻炼；上月活动：以上都没有
上网信息：是否使用互联网：否
子女信息：子女总数：1个；健在子女数：1个；第1子女：是否工作/上学：工作；婚姻状况：已婚且配偶同住；过去一年同住月数：0个月；见面频率：几乎不见/不联系；电话/短信/微信联系频率：其他
工作信息：是否从事农业/家庭农活：无；是否已办理退休：否；是否在工作：否；上月是否在找工作：否"
359,60440137001,基础信息：性别：男；年龄：47岁；城乡类型：农村,教育信息：教育程度：小学,婚姻信息：婚姻状况：已婚且配偶同住；过去一年与配偶同住月数：12个月；上半年独自居住天数：2天；上半年仅与配偶同住天数：180天；上半年因不与别人同住而受影响程度：0,情绪信息：生活满意度：有点满意；对子女满意度：不太满意；感到抑郁（过去一周）：大多数时候（5–7天）；对未来抱有希望（过去一周）：大多数时候（5–7天）；感到孤独（过去一周）：有时/中等（3–4天）；感到高兴（过去一周）：大多数时候（5–7天）；睡眠不安（过去一周）：大多数时候（5–7天）,健康信息：自评健康状况：差；医生诊断慢性病：未报告上述疾病；身体疼痛程度：一点；上月平均每天实际睡眠小时数：10小时；是否因健康/残疾不能工作：完全不能工作；多久接受他人帮助：偶尔,活动信息：高强度体力活动：否；中等强度体力活动：否；轻度体力活动：是；轻度体力活动目的：锻炼；上月活动：以上都没有,上网信息：是否使用互联网：否,子女信息：子女总数：1个；健在子女数：1个；第1子女：是否工作/上学：都不；婚姻状况：未婚；过去一年同住月数：3个月；见面频率：每月；电话/短信/微信联系频率：每两周,工作信息：是否从事农业/家庭农活：无；是否已办理退休：否；是否在工作：否；过去一年总工作天数：25天；上月是否在找工作：否,"基础信息：性别：男；年龄：47岁；城乡类型：农村
教育信息：教育程度：小学
婚姻信息：婚姻状况：已婚且配偶同住；过去一年与配偶同住月数：12个月；上半年独自居住天数：2天；上半年仅与配偶同住天数：180天；上半年因不与别人同住而受影响程度：0
情绪信息：生活满意度：有点满意；对子女满意度：不太满意；感到抑郁（过去一周）：大多数时候（5–7天）；对未来抱有希望（过去一周）：大多数时候（5–7天）；感到孤独（过去一周）：有时/中等（3–4天）；感到高兴（过去一周）：大多数时候（5–7天）；睡眠不安（过去一周）：大多数时候（5–7天）
健康信息：自评健康状况：差；医生诊断慢性病：未报告上述疾病；身体疼痛程度：一点；上月平均每天实际睡眠小时数：10小时；是否因健康/残疾不能工作：完全不能工作；多久接受他人帮助：偶尔
活动信息：高强度体力活动：否；中等强度体力活动：否；轻度体力活动：是；轻度体力活动目的：锻炼；上月活动：以上都没有
上网信息：是否使用互联网：否
子女信息：子女总数：1个；健在子女数：1个；第1子女：是否工作/上学：都不；婚姻状况：未婚；过去一年同住月数：3个月；见面频率：每月；电话/短信/微信联系频率：每两周
工作信息：是否从事农业/家庭农活：无；是否已办理退休：否；是否在工作：否；过去一年总工作天数：25天；上月是否在找工作：否"
360,244056322001,基础信息：性别：女；年龄：89岁；城乡类型：农村,教育信息：教育程度：未读完小学,婚姻信息：婚姻状况：丧偶；是否有人以配偶身份同住：否；上半年独自居住天数：0天,情绪信息：生活满意度：有点满意；对子女满意度：很满意；因小事烦恼（过去一周）：几乎没有（<1天）；感到抑郁（过去一周）：几乎没有（<1天）；感到孤独（过去一周）：几乎没有（<1天）；睡眠不安（过去一周）：少量（1–2天）,健康信息：自评健康状况：差；医生诊断慢性病：未报告上述疾病；身体疼痛程度：无；上月平均每天实际睡眠小时数：10小时；是否因健康/残疾不能工作：不能长时间工作；是否因健康/残疾不能做家事：不能长时间；多久接受他人帮助：从不,活动信息：高强度体力活动：否；中等强度体力活动：否；轻度体力活动：否；上月活动：以上都没有,上网信息：是否使用互联网：否,子女信息：子女总数：6个；健在子女数：6个；第1子女：是否工作/上学：工作；婚姻状况：已婚且配偶同住；过去一年同住月数：12个月；第2子女：是否工作/上学：都不；婚姻状况：已婚且配偶同住；过去一年同住月数：2个月；见面频率：每三月；电话/短信/微信联系频率：每两周,工作信息：是否从事农业/家庭农活：无；是否已办理退休：否；是否在工作：否；过去一年总工作天数：0天；上月是否在找工作：否,"基础信息：性别：女；年龄：89岁；城乡类型：农村
教育信息：教育程度：未读完小学
婚姻信息：婚姻状况：丧偶；是否有人以配偶身份同住：否；上半年独自居住天数：0天
情绪信息：生活满意度：有点满意；对子女满意度：很满意；因小事烦恼（过去一周）：几乎没有（<1天）；感到抑郁（过去一周）：几乎没有（<1天）；感到孤独（过去一周）：几乎没有（<1天）；睡眠不安（过去一周）：少量（1–2天）
健康信息：自评健康状况：差；医生诊断慢性病：未报告上述疾病；身体疼痛程度：无；上月平均每天实际睡眠小时数：10小时；是否因健康/残疾不能工作：不能长时间工作；是否因健康/残疾不能做家事：不能长时间；多久接受他人帮助：从不
活动信息：高强度体力活动：否；中等强度体力活动：否；轻度体力活动：否；上月活动：以上都没有
上网信息：是否使用互联网：否
子女信息：子女总数：6个；健在子女数：6个；第1子女：是否工作/上学：工作；婚姻状况：已婚且配偶同住；过去一年同住月数：12个月；第2子女：是否工作/上学：都不；婚姻状况：已婚且配偶同住；过去一年同住月数：2个月；见面频率：每三月；电话/短信/微信联系频率：每两周
工作信息：是否从事农业/家庭农活：无；是否已办理退休：否；是否在工作：否；过去一年总工作天数：0天；上月是否在找工作：否"
361,160104239002,基础信息：性别：男；年龄：48岁；城乡类型：城/镇中心,教育信息：教育程度：初中,婚姻信息：婚姻状况：已婚且配偶同住；过去一年与配偶同住月数：12个月；上半年独自居住天数：0天；上半年仅与配偶同住天数：0天,情绪信息：生活满意度：有点满意；对子女满意度：很满意；因小事烦恼（过去一周）：几乎没有（<1天）；感到抑郁（过去一周）：几乎没有（<1天）；对未来抱有希望（过去一周）：大多数时候（5–7天）；感到孤独（过去一周）：几乎没有（<1天）；感到高兴（过去一周）：大多数时候（5–7天）；睡眠不安（过去一周）：有时/中等（3–4天）,健康信息：自评健康状况：很好；医生诊断慢性病：未报告上述疾病；身体疼痛程度：无；上月平均每天实际睡眠小时数：6小时；是否因健康/残疾不能工作：没问题；是否因健康/残疾不能做家事：没问题；多久接受他人帮助：从不,活动信息：高强度体力活动：否；中等强度体力活动：是；中等强度体力活动目的：工作需要；轻度体力活动：是；轻度体力活动目的：工作需要；上月活动：参加运动/社交等俱乐部（不规律）,上网信息：是否使用互联网：是；上网设备：手机；上网用途：看新闻、看视频；是否用手机支付：是；是否使用微信：是；是否使用微信朋友圈：是,子女信息：子女总数：1个；健在子女数：1个；第1子女：是否工作/上学：上学；婚姻状况：未婚；过去一年同住月数：7个月；见面频率：每月；电话/短信/微信联系频率：几乎每天,工作信息：是否从事农业/家庭农活：无；是否已办理退休：否；是否在工作：是；过去一年总工作天数：288天,"基础信息：性别：男；年龄：48岁；城乡类型：城/镇中心
教育信息：教育程度：初中
婚姻信息：婚姻状况：已婚且配偶同住；过去一年与配偶同住月数：12个月；上半年独自居住天数：0天；上半年仅与配偶同住天数：0天
情绪信息：生活满意度：有点满意；对子女满意度：很满意；因小事烦恼（过去一周）：几乎没有（<1天）；感到抑郁（过去一周）：几乎没有（<1天）；对未来抱有希望（过去一周）：大多数时候（5–7天）；感到孤独（过去一周）：几乎没有（<1天）；感到高兴（过去一周）：大多数时候（5–7天）；睡眠不安（过去一周）：有时/中等（3–4天）
健康信息：自评健康状况：很好；医生诊断慢性病：未报告上述疾病；身体疼痛程度：无；上月平均每天实际睡眠小时数：6小时；是否因健康/残疾不能工作：没问题；是否因健康/残疾不能做家事：没问题；多久接受他人帮助：从不
活动信息：高强度体力活动：否；中等强度体力活动：是；中等强度体力活动目的：工作需要；轻度体力活动：是；轻度体力活动目的：工作需要；上月活动：参加运动/社交等俱乐部（不规律）
上网信息：是否使用互联网：是；上网设备：手机；上网用途：看新闻、看视频；是否用手机支付：是；是否使用微信：是；是否使用微信朋友圈：是
子女信息：子女总数：1个；健在子女数：1个；第1子女：是否工作/上学：上学；婚姻状况：未婚；过去一年同住月数：7个月；见面频率：每月；电话/短信/微信联系频率：几乎每天
工作信息：是否从事农业/家庭农活：无；是否已办理退休：否；是否在工作：是；过去一年总工作天数：288天"
362,298245314002,基础信息：性别：男；年龄：54岁；城乡类型：农村,教育信息：教育程度：初中,婚姻信息：婚姻状况：已婚且配偶同住；过去一年与配偶同住月数：12个月；上半年独自居住天数：20天；上半年仅与配偶同住天数：160天；上半年因不与别人同住而受影响程度：0,情绪信息：生活满意度：有点满意；对子女满意度：很满意；因小事烦恼（过去一周）：几乎没有（<1天）；感到抑郁（过去一周）：几乎没有（<1天）；对未来抱有希望（过去一周）：大多数时候（5–7天）；感到孤独（过去一周）：几乎没有（<1天）；感到高兴（过去一周）：大多数时候（5–7天）；睡眠不安（过去一周）：几乎没有（<1天）,健康信息：自评健康状况：一般；医生诊断慢性病：糖尿病或高血糖；身体疼痛程度：无；上月平均每天实际睡眠小时数：7小时；是否因健康/残疾不能工作：不能长时间工作；是否因健康/残疾不能做家事：没问题；多久接受他人帮助：从不,活动信息：高强度体力活动：否；中等强度体力活动：是；中等强度体力活动目的：锻炼；轻度体力活动：是；轻度体力活动目的：锻炼；上月活动：与朋友交往（不规律）、打麻将/下棋/打牌/去社区活动室（不规律）、帮助不住一起的家人朋友邻居（几乎每周）、参加社区相关组织（不规律）、做志愿/慈善或照顾不住一起的病弱者（几乎每周）、其他活动（不规律）,上网信息：是否使用互联网：是；上网设备：手机；上网用途：聊天、看新闻、看视频、其他；是否用手机支付：是；是否使用微信：是；是否使用微信朋友圈：是,子女信息：子女总数：1个；健在子女数：1个；第1子女：是否工作/上学：工作；婚姻状况：已婚且配偶同住；过去一年同住月数：0个月；见面频率：每三月；电话/短信/微信联系频率：几乎每天,工作信息：是否从事农业/家庭农活：无；是否已办理退休：否；是否在工作：是；过去一年总工作天数：330天,"基础信息：性别：男；年龄：54岁；城乡类型：农村
教育信息：教育程度：初中
婚姻信息：婚姻状况：已婚且配偶同住；过去一年与配偶同住月数：12个月；上半年独自居住天数：20天；上半年仅与配偶同住天数：160天；上半年因不与别人同住而受影响程度：0
情绪信息：生活满意度：有点满意；对子女满意度：很满意；因小事烦恼（过去一周）：几乎没有（<1天）；感到抑郁（过去一周）：几乎没有（<1天）；对未来抱有希望（过去一周）：大多数时候（5–7天）；感到孤独（过去一周）：几乎没有（<1天）；感到高兴（过去一周）：大多数时候（5–7天）；睡眠不安（过去一周）：几乎没有（<1天）
健康信息：自评健康状况：一般；医生诊断慢性病：糖尿病或高血糖；身体疼痛程度：无；上月平均每天实际睡眠小时数：7小时；是否因健康/残疾不能工作：不能长时间工作；是否因健康/残疾不能做家事：没问题；多久接受他人帮助：从不
活动信息：高强度体力活动：否；中等强度体力活动：是；中等强度体力活动目的：锻炼；轻度体力活动：是；轻度体力活动目的：锻炼；上月活动：与朋友交往（不规律）、打麻将/下棋/打牌/去社区活动室（不规律）、帮助不住一起的家人朋友邻居（几乎每周）、参加社区相关组织（不规律）、做志愿/慈善或照顾不住一起的病弱者（几乎每周）、其他活动（不规律）
上网信息：是否使用互联网：是；上网设备：手机；上网用途：聊天、看新闻、看视频、其他；是否用手机支付：是；是否使用微信：是；是否使用微信朋友圈：是
子女信息：子女总数：1个；健在子女数：1个；第1子女：是否工作/上学：工作；婚姻状况：已婚且配偶同住；过去一年同住月数：0个月；见面频率：每三月；电话/短信/微信联系频率：几乎每天
工作信息：是否从事农业/家庭农活：无；是否已办理退休：否；是否在工作：是；过去一年总工作天数：330天"
363,292458304001,基础信息：性别：女；年龄：49岁；城乡类型：城/镇中心,教育信息：教育程度：小学,婚姻信息：婚姻状况：已婚且配偶同住；过去一年与配偶同住月数：12个月；上半年独自居住天数：0天；上半年仅与配偶同住天数：0天,情绪信息：生活满意度：有点满意；对子女满意度：有点满意；因小事烦恼（过去一周）：几乎没有（<1天）；感到抑郁（过去一周）：几乎没有（<1天）；对未来抱有希望（过去一周）：几乎没有（<1天）；感到孤独（过去一周）：几乎没有（<1天）；感到高兴（过去一周）：大多数时候（5–7天）；睡眠不安（过去一周）：几乎没有（<1天）,健康信息：自评健康状况：一般；医生诊断慢性病：未报告上述疾病；身体疼痛程度：无；上月平均每天实际睡眠小时数：7小时；是否因健康/残疾不能工作：没问题；是否因健康/残疾不能做家事：没问题；多久接受他人帮助：从不,活动信息：高强度体力活动：否；中等强度体力活动：否；轻度体力活动：是；轻度体力活动目的：工作需要；上月活动：以上都没有,上网信息：是否使用互联网：是；上网设备：手机；上网用途：聊天、看新闻、看视频；是否用手机支付：是；是否使用微信：是；是否使用微信朋友圈：否,子女信息：子女总数：2个；健在子女数：2个；第1子女：是否工作/上学：工作；婚姻状况：未婚；过去一年同住月数：12个月；第2子女：是否工作/上学：上学；婚姻状况：未婚；过去一年同住月数：12个月,工作信息：是否从事农业/家庭农活：无；是否已办理退休：否；是否在工作：是；过去一年总工作天数：200天,"基础信息：性别：女；年龄：49岁；城乡类型：城/镇中心
教育信息：教育程度：小学
婚姻信息：婚姻状况：已婚且配偶同住；过去一年与配偶同住月数：12个月；上半年独自居住天数：0天；上半年仅与配偶同住天数：0天
情绪信息：生活满意度：有点满意；对子女满意度：有点满意；因小事烦恼（过去一周）：几乎没有（<1天）；感到抑郁（过去一周）：几乎没有（<1天）；对未来抱有希望（过去一周）：几乎没有（<1天）；感到孤独（过去一周）：几乎没有（<1天）；感到高兴（过去一周）：大多数时候（5–7天）；睡眠不安（过去一周）：几乎没有（<1天）
健康信息：自评健康状况：一般；医生诊断慢性病：未报告上述疾病；身体疼痛程度：无；上月平均每天实际睡眠小时数：7小时；是否因健康/残疾不能工作：没问题；是否因健康/残疾不能做家事：没问题；多久接受他人帮助：从不
活动信息：高强度体力活动：否；中等强度体力活动：否；轻度体力活动：是；轻度体力活动目的：工作需要；上月活动：以上都没有
上网信息：是否使用互联网：是；上网设备：手机；上网用途：聊天、看新闻、看视频；是否用手机支付：是；是否使用微信：是；是否使用微信朋友圈：否
子女信息：子女总数：2个；健在子女数：2个；第1子女：是否工作/上学：工作；婚姻状况：未婚；过去一年同住月数：12个月；第2子女：是否工作/上学：上学；婚姻状况：未婚；过去一年同住月数：12个月
工作信息：是否从事农业/家庭农活：无；是否已办理退休：否；是否在工作：是；过去一年总工作天数：200天"
364,338231120001,基础信息：性别：男；年龄：74岁；城乡类型：城乡结合部/镇乡,教育信息：教育程度：初中,婚姻信息：婚姻状况：已婚且配偶同住；过去一年与配偶同住月数：12个月；上半年独自居住天数：0天；上半年仅与配偶同住天数：180天；上半年因不与别人同住而受影响程度：0,情绪信息：生活满意度：很满意；对子女满意度：很满意；因小事烦恼（过去一周）：有时/中等（3–4天）；感到抑郁（过去一周）：少量（1–2天）；对未来抱有希望（过去一周）：几乎没有（<1天）；感到孤独（过去一周）：几乎没有（<1天）；感到高兴（过去一周）：有时/中等（3–4天）；睡眠不安（过去一周）：几乎没有（<1天）,健康信息：自评健康状况：好；医生诊断慢性病：未报告上述疾病；身体疼痛程度：无；上月平均每天实际睡眠小时数：6小时；是否因健康/残疾不能工作：不能长时间工作；是否因健康/残疾不能做家事：没问题；多久接受他人帮助：从不,活动信息：高强度体力活动：否；中等强度体力活动：是；中等强度体力活动目的：其他；轻度体力活动：是；轻度体力活动目的：锻炼；上月活动：以上都没有,上网信息：是否使用互联网：否,子女信息：子女总数：2个；健在子女数：2个；第1子女：是否工作/上学：工作；婚姻状况：已婚暂分居；过去一年同住月数：12个月；第2子女：是否工作/上学：工作；婚姻状况：已婚且配偶同住；过去一年同住月数：0个月；见面频率：几乎每天,工作信息：是否从事农业/家庭农活：无；是否在工作：否；过去一年总工作天数：0天；上月是否在找工作：否,"基础信息：性别：男；年龄：74岁；城乡类型：城乡结合部/镇乡
教育信息：教育程度：初中
婚姻信息：婚姻状况：已婚且配偶同住；过去一年与配偶同住月数：12个月；上半年独自居住天数：0天；上半年仅与配偶同住天数：180天；上半年因不与别人同住而受影响程度：0
情绪信息：生活满意度：很满意；对子女满意度：很满意；因小事烦恼（过去一周）：有时/中等（3–4天）；感到抑郁（过去一周）：少量（1–2天）；对未来抱有希望（过去一周）：几乎没有（<1天）；感到孤独（过去一周）：几乎没有（<1天）；感到高兴（过去一周）：有时/中等（3–4天）；睡眠不安（过去一周）：几乎没有（<1天）
健康信息：自评健康状况：好；医生诊断慢性病：未报告上述疾病；身体疼痛程度：无；上月平均每天实际睡眠小时数：6小时；是否因健康/残疾不能工作：不能长时间工作；是否因健康/残疾不能做家事：没问题；多久接受他人帮助：从不
活动信息：高强度体力活动：否；中等强度体力活动：是；中等强度体力活动目的：其他；轻度体力活动：是；轻度体力活动目的：锻炼；上月活动：以上都没有
上网信息：是否使用互联网：否
子女信息：子女总数：2个；健在子女数：2个；第1子女：是否工作/上学：工作；婚姻状况：已婚暂分居；过去一年同住月数：12个月；第2子女：是否工作/上学：工作；婚姻状况：已婚且配偶同住；过去一年同住月数：0个月；见面频率：几乎每天
工作信息：是否从事农业/家庭农活：无；是否在工作：否；过去一年总工作天数：0天；上月是否在找工作：否"
365,134004214001,基础信息：性别：男；年龄：48岁；城乡类型：城/镇中心,教育信息：教育程度：初中,婚姻信息：婚姻状况：已婚且配偶同住；过去一年与配偶同住月数：12个月；上半年独自居住天数：0天；上半年仅与配偶同住天数：0天,情绪信息：生活满意度：有点满意；对子女满意度：有点满意；因小事烦恼（过去一周）：几乎没有（<1天）；感到抑郁（过去一周）：几乎没有（<1天）；对未来抱有希望（过去一周）：大多数时候（5–7天）；感到孤独（过去一周）：几乎没有（<1天）；感到高兴（过去一周）：大多数时候（5–7天）；睡眠不安（过去一周）：有时/中等（3–4天）,健康信息：自评健康状况：很好；医生诊断慢性病：未报告上述疾病；身体疼痛程度：无；上月平均每天实际睡眠小时数：7小时；是否因健康/残疾不能工作：没问题；是否因健康/残疾不能做家事：没问题；多久接受他人帮助：从不,活动信息：高强度体力活动：否；中等强度体力活动：是；中等强度体力活动目的：工作需要；轻度体力活动：是；轻度体力活动目的：工作需要；上月活动：以上都没有,上网信息：是否使用互联网：是；上网设备：台式电脑、手机；上网用途：其他；是否用手机支付：否；是否使用微信：否,子女信息：子女总数：1个；健在子女数：1个；第1子女：是否工作/上学：上学；婚姻状况：未婚；过去一年同住月数：6个月；见面频率：每周1次,工作信息：是否从事农业/家庭农活：无；是否已办理退休：否；是否在工作：是；过去一年总工作天数：312天,"基础信息：性别：男；年龄：48岁；城乡类型：城/镇中心
教育信息：教育程度：初中
婚姻信息：婚姻状况：已婚且配偶同住；过去一年与配偶同住月数：12个月；上半年独自居住天数：0天；上半年仅与配偶同住天数：0天
情绪信息：生活满意度：有点满意；对子女满意度：有点满意；因小事烦恼（过去一周）：几乎没有（<1天）；感到抑郁（过去一周）：几乎没有（<1天）；对未来抱有希望（过去一周）：大多数时候（5–7天）；感到孤独（过去一周）：几乎没有（<1天）；感到高兴（过去一周）：大多数时候（5–7天）；睡眠不安（过去一周）：有时/中等（3–4天）
健康信息：自评健康状况：很好；医生诊断慢性病：未报告上述疾病；身体疼痛程度：无；上月平均每天实际睡眠小时数：7小时；是否因健康/残疾不能工作：没问题；是否因健康/残疾不能做家事：没问题；多久接受他人帮助：从不
活动信息：高强度体力活动：否；中等强度体力活动：是；中等强度体力活动目的：工作需要；轻度体力活动：是；轻度体力活动目的：工作需要；上月活动：以上都没有
上网信息：是否使用互联网：是；上网设备：台式电脑、手机；上网用途：其他；是否用手机支付：否；是否使用微信：否
子女信息：子女总数：1个；健在子女数：1个；第1子女：是否工作/上学：上学；婚姻状况：未婚；过去一年同住月数：6个月；见面频率：每周1次
工作信息：是否从事农业/家庭农活：无；是否已办理退休：否；是否在工作：是；过去一年总工作天数：312天"
366,330404223001,基础信息：性别：女；年龄：46岁；城乡类型：城/镇中心,教育信息：教育程度：高中,婚姻信息：婚姻状况：已婚且配偶同住；过去一年与配偶同住月数：12个月；上半年独自居住天数：0天；上半年仅与配偶同住天数：180天；上半年因不与别人同住而受影响程度：0,情绪信息：生活满意度：有点满意；对子女满意度：有点满意；因小事烦恼（过去一周）：少量（1–2天）；感到抑郁（过去一周）：几乎没有（<1天）；对未来抱有希望（过去一周）：大多数时候（5–7天）；感到孤独（过去一周）：几乎没有（<1天）；感到高兴（过去一周）：大多数时候（5–7天）；睡眠不安（过去一周）：几乎没有（<1天）,健康信息：自评健康状况：好；医生诊断慢性病：未报告上述疾病；身体疼痛程度：一点；上月平均每天实际睡眠小时数：6小时；是否因健康/残疾不能工作：没问题；是否因健康/残疾不能做家事：没问题；多久接受他人帮助：从不,活动信息：高强度体力活动：否；中等强度体力活动：是；中等强度体力活动目的：其他；轻度体力活动：是；轻度体力活动目的：工作需要；上月活动：与朋友交往（不规律）、打麻将/下棋/打牌/去社区活动室（几乎每周）,上网信息：是否使用互联网：是；上网设备：手机；上网用途：聊天、看新闻、玩游戏、其他；是否用手机支付：是；是否使用微信：是；是否使用微信朋友圈：否,子女信息：子女总数：1个；健在子女数：1个；第1子女：最高学历：本科；是否工作/上学：上学；婚姻状况：未婚；过去一年同住月数：2个月；见面频率：每半年；电话/短信/微信联系频率：每两周,工作信息：是否从事农业/家庭农活：无；是否在工作：是；过去一年总工作天数：315天,"基础信息：性别：女；年龄：46岁；城乡类型：城/镇中心
教育信息：教育程度：高中
婚姻信息：婚姻状况：已婚且配偶同住；过去一年与配偶同住月数：12个月；上半年独自居住天数：0天；上半年仅与配偶同住天数：180天；上半年因不与别人同住而受影响程度：0
情绪信息：生活满意度：有点满意；对子女满意度：有点满意；因小事烦恼（过去一周）：少量（1–2天）；感到抑郁（过去一周）：几乎没有（<1天）；对未来抱有希望（过去一周）：大多数时候（5–7天）；感到孤独（过去一周）：几乎没有（<1天）；感到高兴（过去一周）：大多数时候（5–7天）；睡眠不安（过去一周）：几乎没有（<1天）
健康信息：自评健康状况：好；医生诊断慢性病：未报告上述疾病；身体疼痛程度：一点；上月平均每天实际睡眠小时数：6小时；是否因健康/残疾不能工作：没问题；是否因健康/残疾不能做家事：没问题；多久接受他人帮助：从不
活动信息：高强度体力活动：否；中等强度体力活动：是；中等强度体力活动目的：其他；轻度体力活动：是；轻度体力活动目的：工作需要；上月活动：与朋友交往（不规律）、打麻将/下棋/打牌/去社区活动室（几乎每周）
上网信息：是否使用互联网：是；上网设备：手机；上网用途：聊天、看新闻、玩游戏、其他；是否用手机支付：是；是否使用微信：是；是否使用微信朋友圈：否
子女信息：子女总数：1个；健在子女数：1个；第1子女：最高学历：本科；是否工作/上学：上学；婚姻状况：未婚；过去一年同住月数：2个月；见面频率：每半年；电话/短信/微信联系频率：每两周
工作信息：是否从事农业/家庭农活：无；是否在工作：是；过去一年总工作天数：315天"
367,297439120001,基础信息：性别：女；年龄：70岁；城乡类型：城/镇中心,教育信息：教育程度：未读完小学,婚姻信息：婚姻状况：已婚且配偶同住；过去一年与配偶同住月数：12个月；上半年独自居住天数：0天；上半年仅与配偶同住天数：180天；上半年因不与别人同住而受影响程度：0,情绪信息：生活满意度：很满意；对子女满意度：很满意；因小事烦恼（过去一周）：几乎没有（<1天）；感到抑郁（过去一周）：有时/中等（3–4天）；对未来抱有希望（过去一周）：大多数时候（5–7天）；感到孤独（过去一周）：几乎没有（<1天）；感到高兴（过去一周）：几乎没有（<1天）；睡眠不安（过去一周）：有时/中等（3–4天）,健康信息：自评健康状况：差；医生诊断慢性病：高血压、糖尿病或高血糖；身体疼痛程度：相当；上月平均每天实际睡眠小时数：6小时；是否因健康/残疾不能工作：不能长时间工作；是否因健康/残疾不能做家事：不能长时间；多久接受他人帮助：偶尔,活动信息：高强度体力活动：否；中等强度体力活动：否；轻度体力活动：否；上月活动：以上都没有,上网信息：是否使用互联网：否,子女信息：子女总数：2个；健在子女数：2个；第1子女：是否工作/上学：工作；婚姻状况：已婚且配偶同住；过去一年同住月数：0个月；见面频率：几乎每天；第2子女：是否工作/上学：工作；婚姻状况：已婚且配偶同住；过去一年同住月数：0个月；见面频率：每两周；电话/短信/微信联系频率：每周2–3次,工作信息：是否从事农业/家庭农活：无；是否在工作：否；过去一年总工作天数：0天；上月是否在找工作：否,"基础信息：性别：女；年龄：70岁；城乡类型：城/镇中心
教育信息：教育程度：未读完小学
婚姻信息：婚姻状况：已婚且配偶同住；过去一年与配偶同住月数：12个月；上半年独自居住天数：0天；上半年仅与配偶同住天数：180天；上半年因不与别人同住而受影响程度：0
情绪信息：生活满意度：很满意；对子女满意度：很满意；因小事烦恼（过去一周）：几乎没有（<1天）；感到抑郁（过去一周）：有时/中等（3–4天）；对未来抱有希望（过去一周）：大多数时候（5–7天）；感到孤独（过去一周）：几乎没有（<1天）；感到高兴（过去一周）：几乎没有（<1天）；睡眠不安（过去一周）：有时/中等（3–4天）
健康信息：自评健康状况：差；医生诊断慢性病：高血压、糖尿病或高血糖；身体疼痛程度：相当；上月平均每天实际睡眠小时数：6小时；是否因健康/残疾不能工作：不能长时间工作；是否因健康/残疾不能做家事：不能长时间；多久接受他人帮助：偶尔
活动信息：高强度体力活动：否；中等强度体力活动：否；轻度体力活动：否；上月活动：以上都没有
上网信息：是否使用互联网：否
子女信息：子女总数：2个；健在子女数：2个；第1子女：是否工作/上学：工作；婚姻状况：已婚且配偶同住；过去一年同住月数：0个月；见面频率：几乎每天；第2子女：是否工作/上学：工作；婚姻状况：已婚且配偶同住；过去一年同住月数：0个月；见面频率：每两周；电话/短信/微信联系频率：每周2–3次
工作信息：是否从事农业/家庭农活：无；是否在工作：否；过去一年总工作天数：0天；上月是否在找工作：否"
368,134902301002,基础信息：性别：男；年龄：54岁；城乡类型：农村,教育信息：教育程度：初中,婚姻信息：婚姻状况：已婚且配偶同住；过去一年与配偶同住月数：12个月；上半年独自居住天数：0天；上半年仅与配偶同住天数：0天；上半年因不与别人同住而受影响程度：0,情绪信息：生活满意度：有点满意；对子女满意度：有点满意；因小事烦恼（过去一周）：少量（1–2天）；感到抑郁（过去一周）：少量（1–2天）；对未来抱有希望（过去一周）：大多数时候（5–7天）；感到孤独（过去一周）：少量（1–2天）；感到高兴（过去一周）：大多数时候（5–7天）；睡眠不安（过去一周）：几乎没有（<1天）,健康信息：自评健康状况：一般；医生诊断慢性病：肾脏疾病；身体疼痛程度：一点；上月平均每天实际睡眠小时数：8小时；是否因健康/残疾不能工作：没问题；是否因健康/残疾不能做家事：没问题；多久接受他人帮助：从不,活动信息：高强度体力活动：是；高强度体力活动目的：工作需要；中等强度体力活动：是；中等强度体力活动目的：其他；轻度体力活动：是；轻度体力活动目的：锻炼；上月活动：与朋友交往（不规律）,上网信息：是否使用互联网：否,子女信息：子女总数：2个；健在子女数：2个；第1子女：是否工作/上学：工作；婚姻状况：已婚且配偶同住；过去一年同住月数：0个月；见面频率：几乎每天；第2子女：是否工作/上学：工作；婚姻状况：已婚且配偶同住；过去一年同住月数：0.7个月；见面频率：每月；电话/短信/微信联系频率：几乎每天,工作信息：是否从事农业/家庭农活：有；是否已办理退休：否；是否在工作：是；过去一年总工作天数：300天,"基础信息：性别：男；年龄：54岁；城乡类型：农村
教育信息：教育程度：初中
婚姻信息：婚姻状况：已婚且配偶同住；过去一年与配偶同住月数：12个月；上半年独自居住天数：0天；上半年仅与配偶同住天数：0天；上半年因不与别人同住而受影响程度：0
情绪信息：生活满意度：有点满意；对子女满意度：有点满意；因小事烦恼（过去一周）：少量（1–2天）；感到抑郁（过去一周）：少量（1–2天）；对未来抱有希望（过去一周）：大多数时候（5–7天）；感到孤独（过去一周）：少量（1–2天）；感到高兴（过去一周）：大多数时候（5–7天）；睡眠不安（过去一周）：几乎没有（<1天）
健康信息：自评健康状况：一般；医生诊断慢性病：肾脏疾病；身体疼痛程度：一点；上月平均每天实际睡眠小时数：8小时；是否因健康/残疾不能工作：没问题；是否因健康/残疾不能做家事：没问题；多久接受他人帮助：从不
活动信息：高强度体力活动：是；高强度体力活动目的：工作需要；中等强度体力活动：是；中等强度体力活动目的：其他；轻度体力活动：是；轻度体力活动目的：锻炼；上月活动：与朋友交往（不规律）
上网信息：是否使用互联网：否
子女信息：子女总数：2个；健在子女数：2个；第1子女：是否工作/上学：工作；婚姻状况：已婚且配偶同住；过去一年同住月数：0个月；见面频率：几乎每天；第2子女：是否工作/上学：工作；婚姻状况：已婚且配偶同住；过去一年同住月数：0.7个月；见面频率：每月；电话/短信/微信联系频率：几乎每天
工作信息：是否从事农业/家庭农活：有；是否已办理退休：否；是否在工作：是；过去一年总工作天数：300天"
369,177402110001,基础信息：性别：女；年龄：73岁；现居住地地址类型：家庭住房；城乡类型：农村,教育信息：教育程度：初中,婚姻信息：婚姻状况：丧偶；是否有人以配偶身份同住：否；上半年独自居住天数：182天；上半年因不与别人同住而受影响程度：0,情绪信息：生活满意度：有点满意；对子女满意度：很满意；因小事烦恼（过去一周）：少量（1–2天）；感到抑郁（过去一周）：几乎没有（<1天）；对未来抱有希望（过去一周）：大多数时候（5–7天）；感到孤独（过去一周）：大多数时候（5–7天）；感到高兴（过去一周）：有时/中等（3–4天）；睡眠不安（过去一周）：大多数时候（5–7天）,健康信息：自评健康状况：差；医生诊断慢性病：未报告上述疾病；身体疼痛程度：相当；上月平均每天实际睡眠小时数：4小时；是否因健康/残疾不能工作：完全不能工作；多久接受他人帮助：从不,活动信息：高强度体力活动：否；中等强度体力活动：否；轻度体力活动：是；轻度体力活动目的：锻炼；上月活动：与朋友交往（几乎每天）,上网信息：是否使用互联网：否,子女信息：子女总数：5个；健在子女数：5个,工作信息：是否从事农业/家庭农活：无；是否已办理退休：否；是否在工作：否；过去一年总工作天数：0天；上月是否在找工作：否,"基础信息：性别：女；年龄：73岁；现居住地地址类型：家庭住房；城乡类型：农村
教育信息：教育程度：初中
婚姻信息：婚姻状况：丧偶；是否有人以配偶身份同住：否；上半年独自居住天数：182天；上半年因不与别人同住而受影响程度：0
情绪信息：生活满意度：有点满意；对子女满意度：很满意；因小事烦恼（过去一周）：少量（1–2天）；感到抑郁（过去一周）：几乎没有（<1天）；对未来抱有希望（过去一周）：大多数时候（5–7天）；感到孤独（过去一周）：大多数时候（5–7天）；感到高兴（过去一周）：有时/中等（3–4天）；睡眠不安（过去一周）：大多数时候（5–7天）
健康信息：自评健康状况：差；医生诊断慢性病：未报告上述疾病；身体疼痛程度：相当；上月平均每天实际睡眠小时数：4小时；是否因健康/残疾不能工作：完全不能工作；多久接受他人帮助：从不
活动信息：高强度体力活动：否；中等强度体力活动：否；轻度体力活动：是；轻度体力活动目的：锻炼；上月活动：与朋友交往（几乎每天）
上网信息：是否使用互联网：否
子女信息：子女总数：5个；健在子女数：5个
工作信息：是否从事农业/家庭农活：无；是否已办理退休：否；是否在工作：否；过去一年总工作天数：0天；上月是否在找工作：否"
370,298245222002,基础信息：性别：女；年龄：47岁；城乡类型：城乡结合部/镇乡,教育信息：教育程度：未受教育,婚姻信息：婚姻状况：已婚且配偶同住；过去一年与配偶同住月数：12个月；上半年独自居住天数：0天；上半年仅与配偶同住天数：182天；上半年因不与别人同住而受影响程度：0,情绪信息：生活满意度：有点满意；对子女满意度：很满意；因小事烦恼（过去一周）：几乎没有（<1天）；感到抑郁（过去一周）：几乎没有（<1天）；对未来抱有希望（过去一周）：大多数时候（5–7天）；感到孤独（过去一周）：几乎没有（<1天）；感到高兴（过去一周）：大多数时候（5–7天）；睡眠不安（过去一周）：几乎没有（<1天）,健康信息：自评健康状况：一般；医生诊断慢性病：未报告上述疾病；身体疼痛程度：无；上月平均每天实际睡眠小时数：6小时；是否因健康/残疾不能工作：没问题；是否因健康/残疾不能做家事：没问题；多久接受他人帮助：从不,活动信息：高强度体力活动：否；中等强度体力活动：否；轻度体力活动：否；上月活动：以上都没有,上网信息：是否使用互联网：否,子女信息：子女总数：1个；健在子女数：1个；第1子女：是否工作/上学：工作；婚姻状况：未婚；过去一年同住月数：12个月,工作信息：是否从事农业/家庭农活：无；是否已办理退休：否；是否在工作：是；过去一年总工作天数：365天,"基础信息：性别：女；年龄：47岁；城乡类型：城乡结合部/镇乡
教育信息：教育程度：未受教育
婚姻信息：婚姻状况：已婚且配偶同住；过去一年与配偶同住月数：12个月；上半年独自居住天数：0天；上半年仅与配偶同住天数：182天；上半年因不与别人同住而受影响程度：0
情绪信息：生活满意度：有点满意；对子女满意度：很满意；因小事烦恼（过去一周）：几乎没有（<1天）；感到抑郁（过去一周）：几乎没有（<1天）；对未来抱有希望（过去一周）：大多数时候（5–7天）；感到孤独（过去一周）：几乎没有（<1天）；感到高兴（过去一周）：大多数时候（5–7天）；睡眠不安（过去一周）：几乎没有（<1天）
健康信息：自评健康状况：一般；医生诊断慢性病：未报告上述疾病；身体疼痛程度：无；上月平均每天实际睡眠小时数：6小时；是否因健康/残疾不能工作：没问题；是否因健康/残疾不能做家事：没问题；多久接受他人帮助：从不
活动信息：高强度体力活动：否；中等强度体力活动：否；轻度体力活动：否；上月活动：以上都没有
上网信息：是否使用互联网：否
子女信息：子女总数：1个；健在子女数：1个；第1子女：是否工作/上学：工作；婚姻状况：未婚；过去一年同住月数：12个月
工作信息：是否从事农业/家庭农活：无；是否已办理退休：否；是否在工作：是；过去一年总工作天数：365天"
371,294028105001,基础信息：性别：女；年龄：57岁；城乡类型：城乡结合部/镇乡,教育信息：教育程度：小学,婚姻信息：婚姻状况：已婚且配偶同住；过去一年与配偶同住月数：12个月；上半年独自居住天数：0天；上半年仅与配偶同住天数：182天；上半年因不与别人同住而受影响程度：0,情绪信息：生活满意度：有点满意；对子女满意度：很满意；因小事烦恼（过去一周）：几乎没有（<1天）；感到抑郁（过去一周）：几乎没有（<1天）；对未来抱有希望（过去一周）：大多数时候（5–7天）；感到孤独（过去一周）：几乎没有（<1天）；感到高兴（过去一周）：大多数时候（5–7天）；睡眠不安（过去一周）：几乎没有（<1天）,健康信息：自评健康状况：差；医生诊断慢性病：未报告上述疾病；身体疼痛程度：一点；上月平均每天实际睡眠小时数：7小时；是否因健康/残疾不能工作：完全不能工作；多久接受他人帮助：从不,活动信息：高强度体力活动：否；中等强度体力活动：是；中等强度体力活动目的：其他；轻度体力活动：是；轻度体力活动目的：锻炼；上月活动：以上都没有,上网信息：是否使用互联网：是；上网设备：手机；上网用途：聊天、看新闻；是否用手机支付：是；是否使用微信：是；是否使用微信朋友圈：否,子女信息：子女总数：2个；健在子女数：2个；第1子女：是否工作/上学：工作；婚姻状况：已婚且配偶同住；过去一年同住月数：0个月；见面频率：每两周；电话/短信/微信联系频率：每周2–3次；第2子女：是否工作/上学：工作；婚姻状况：已婚且配偶同住；过去一年同住月数：5个月；见面频率：每年；电话/短信/微信联系频率：每周2–3次,工作信息：是否从事农业/家庭农活：无；是否已办理退休：否；是否在工作：否；过去一年总工作天数：0天；上月是否在找工作：是,"基础信息：性别：女；年龄：57岁；城乡类型：城乡结合部/镇乡
教育信息：教育程度：小学
婚姻信息：婚姻状况：已婚且配偶同住；过去一年与配偶同住月数：12个月；上半年独自居住天数：0天；上半年仅与配偶同住天数：182天；上半年因不与别人同住而受影响程度：0
情绪信息：生活满意度：有点满意；对子女满意度：很满意；因小事烦恼（过去一周）：几乎没有（<1天）；感到抑郁（过去一周）：几乎没有（<1天）；对未来抱有希望（过去一周）：大多数时候（5–7天）；感到孤独（过去一周）：几乎没有（<1天）；感到高兴（过去一周）：大多数时候（5–7天）；睡眠不安（过去一周）：几乎没有（<1天）
健康信息：自评健康状况：差；医生诊断慢性病：未报告上述疾病；身体疼痛程度：一点；上月平均每天实际睡眠小时数：7小时；是否因健康/残疾不能工作：完全不能工作；多久接受他人帮助：从不
活动信息：高强度体力活动：否；中等强度体力活动：是；中等强度体力活动目的：其他；轻度体力活动：是；轻度体力活动目的：锻炼；上月活动：以上都没有
上网信息：是否使用互联网：是；上网设备：手机；上网用途：聊天、看新闻；是否用手机支付：是；是否使用微信：是；是否使用微信朋友圈：否
子女信息：子女总数：2个；健在子女数：2个；第1子女：是否工作/上学：工作；婚姻状况：已婚且配偶同住；过去一年同住月数：0个月；见面频率：每两周；电话/短信/微信联系频率：每周2–3次；第2子女：是否工作/上学：工作；婚姻状况：已婚且配偶同住；过去一年同住月数：5个月；见面频率：每年；电话/短信/微信联系频率：每周2–3次
工作信息：是否从事农业/家庭农活：无；是否已办理退休：否；是否在工作：否；过去一年总工作天数：0天；上月是否在找工作：是"
372,244676316002,基础信息：性别：男；年龄：77岁；城乡类型：农村,教育信息：教育程度：小学,婚姻信息：婚姻状况：已婚且配偶同住；过去一年与配偶同住月数：12个月；上半年独自居住天数：182天；上半年仅与配偶同住天数：182天；上半年因不与别人同住而受影响程度：0,情绪信息：生活满意度：非常满意；对子女满意度：很满意；因小事烦恼（过去一周）：大多数时候（5–7天）；感到抑郁（过去一周）：几乎没有（<1天）；对未来抱有希望（过去一周）：大多数时候（5–7天）；感到孤独（过去一周）：有时/中等（3–4天）；感到高兴（过去一周）：大多数时候（5–7天）；睡眠不安（过去一周）：几乎没有（<1天）,健康信息：自评健康状况：好；医生诊断慢性病：记忆相关疾病；身体疼痛程度：无；上月平均每天实际睡眠小时数：5小时；是否因健康/残疾不能工作：不能长时间工作；是否因健康/残疾不能做家事：没问题；多久接受他人帮助：从不,活动信息：高强度体力活动：否；中等强度体力活动：否；轻度体力活动：否；上月活动：以上都没有,上网信息：是否使用互联网：否,子女信息：子女总数：6个；健在子女数：6个；第1子女：是否工作/上学：工作；婚姻状况：已婚且配偶同住；过去一年同住月数：3个月；见面频率：其他；电话/短信/微信联系频率：每两周；第2子女：是否工作/上学：都不；婚姻状况：已婚且配偶同住；过去一年同住月数：0个月；见面频率：其他；电话/短信/微信联系频率：其他,工作信息：是否从事农业/家庭农活：有；是否已办理退休：否；是否在工作：是；过去一年总工作天数：50天,"基础信息：性别：男；年龄：77岁；城乡类型：农村
教育信息：教育程度：小学
婚姻信息：婚姻状况：已婚且配偶同住；过去一年与配偶同住月数：12个月；上半年独自居住天数：182天；上半年仅与配偶同住天数：182天；上半年因不与别人同住而受影响程度：0
情绪信息：生活满意度：非常满意；对子女满意度：很满意；因小事烦恼（过去一周）：大多数时候（5–7天）；感到抑郁（过去一周）：几乎没有（<1天）；对未来抱有希望（过去一周）：大多数时候（5–7天）；感到孤独（过去一周）：有时/中等（3–4天）；感到高兴（过去一周）：大多数时候（5–7天）；睡眠不安（过去一周）：几乎没有（<1天）
健康信息：自评健康状况：好；医生诊断慢性病：记忆相关疾病；身体疼痛程度：无；上月平均每天实际睡眠小时数：5小时；是否因健康/残疾不能工作：不能长时间工作；是否因健康/残疾不能做家事：没问题；多久接受他人帮助：从不
活动信息：高强度体力活动：否；中等强度体力活动：否；轻度体力活动：否；上月活动：以上都没有
上网信息：是否使用互联网：否
子女信息：子女总数：6个；健在子女数：6个；第1子女：是否工作/上学：工作；婚姻状况：已婚且配偶同住；过去一年同住月数：3个月；见面频率：其他；电话/短信/微信联系频率：每两周；第2子女：是否工作/上学：都不；婚姻状况：已婚且配偶同住；过去一年同住月数：0个月；见面频率：其他；电话/短信/微信联系频率：其他
工作信息：是否从事农业/家庭农活：有；是否已办理退休：否；是否在工作：是；过去一年总工作天数：50天"
373,296006223002,基础信息：性别：女；年龄：56岁；城乡类型：农村,教育信息：教育程度：未受教育,婚姻信息：婚姻状况：已婚且配偶同住；过去一年与配偶同住月数：12个月；上半年独自居住天数：0天；上半年仅与配偶同住天数：180天；上半年因不与别人同住而受影响程度：0,情绪信息：生活满意度：很满意；对子女满意度：有点满意；因小事烦恼（过去一周）：大多数时候（5–7天）；感到抑郁（过去一周）：大多数时候（5–7天）；对未来抱有希望（过去一周）：少量（1–2天）；感到孤独（过去一周）：几乎没有（<1天）；感到高兴（过去一周）：有时/中等（3–4天）；睡眠不安（过去一周）：大多数时候（5–7天）,健康信息：自评健康状况：一般；医生诊断慢性病：未报告上述疾病；身体疼痛程度：非常；上月平均每天实际睡眠小时数：4小时；是否因健康/残疾不能工作：没问题；是否因健康/残疾不能做家事：没问题；多久接受他人帮助：从不,活动信息：高强度体力活动：否；中等强度体力活动：是；中等强度体力活动目的：锻炼；轻度体力活动：是；轻度体力活动目的：锻炼；上月活动：与朋友交往（几乎每天）,上网信息：是否使用互联网：否,子女信息：子女总数：2个；健在子女数：2个；第1子女：是否工作/上学：都不；婚姻状况：已婚且配偶同住；过去一年同住月数：0个月；见面频率：每周1次；第2子女：是否工作/上学：工作；婚姻状况：已婚且配偶同住；过去一年同住月数：0个月；见面频率：几乎每天,工作信息：是否从事农业/家庭农活：无；是否已办理退休：否；是否在工作：否；过去一年总工作天数：0天；上月是否在找工作：否,"基础信息：性别：女；年龄：56岁；城乡类型：农村
教育信息：教育程度：未受教育
婚姻信息：婚姻状况：已婚且配偶同住；过去一年与配偶同住月数：12个月；上半年独自居住天数：0天；上半年仅与配偶同住天数：180天；上半年因不与别人同住而受影响程度：0
情绪信息：生活满意度：很满意；对子女满意度：有点满意；因小事烦恼（过去一周）：大多数时候（5–7天）；感到抑郁（过去一周）：大多数时候（5–7天）；对未来抱有希望（过去一周）：少量（1–2天）；感到孤独（过去一周）：几乎没有（<1天）；感到高兴（过去一周）：有时/中等（3–4天）；睡眠不安（过去一周）：大多数时候（5–7天）
健康信息：自评健康状况：一般；医生诊断慢性病：未报告上述疾病；身体疼痛程度：非常；上月平均每天实际睡眠小时数：4小时；是否因健康/残疾不能工作：没问题；是否因健康/残疾不能做家事：没问题；多久接受他人帮助：从不
活动信息：高强度体力活动：否；中等强度体力活动：是；中等强度体力活动目的：锻炼；轻度体力活动：是；轻度体力活动目的：锻炼；上月活动：与朋友交往（几乎每天）
上网信息：是否使用互联网：否
子女信息：子女总数：2个；健在子女数：2个；第1子女：是否工作/上学：都不；婚姻状况：已婚且配偶同住；过去一年同住月数：0个月；见面频率：每周1次；第2子女：是否工作/上学：工作；婚姻状况：已婚且配偶同住；过去一年同住月数：0个月；见面频率：几乎每天
工作信息：是否从事农业/家庭农活：无；是否已办理退休：否；是否在工作：否；过去一年总工作天数：0天；上月是否在找工作：否"
374,10233221001,基础信息：性别：男；年龄：52岁；现居住地地址类型：其他；城乡类型：农村,教育信息：教育程度：初中,婚姻信息：婚姻状况：已婚暂分居；过去一年与配偶同住月数：2个月；上半年独自居住天数：150天；上半年仅与配偶同住天数：30天；上半年因不与别人同住而受影响程度：70,情绪信息：生活满意度：有点满意；对子女满意度：有点满意；因小事烦恼（过去一周）：几乎没有（<1天）；感到抑郁（过去一周）：有时/中等（3–4天）；对未来抱有希望（过去一周）：几乎没有（<1天）；感到孤独（过去一周）：有时/中等（3–4天）；感到高兴（过去一周）：有时/中等（3–4天）；睡眠不安（过去一周）：有时/中等（3–4天）,健康信息：自评健康状况：好；医生诊断慢性病：未报告上述疾病；身体疼痛程度：非常；上月平均每天实际睡眠小时数：6小时；是否因健康/残疾不能工作：不能长时间工作；是否因健康/残疾不能做家事：不能长时间；多久接受他人帮助：从不,活动信息：高强度体力活动：是；高强度体力活动目的：其他；中等强度体力活动：是；中等强度体力活动目的：其他；轻度体力活动：是；轻度体力活动目的：其他；上月活动：与朋友交往（几乎每天）、参加教育/培训课程（不规律）、其他活动（不规律）,上网信息：是否使用互联网：是；上网设备：手机；上网用途：看新闻、看视频、其他；是否用手机支付：是；是否使用微信：是；是否使用微信朋友圈：否,子女信息：子女总数：2个；健在子女数：2个；第1子女：是否工作/上学：工作；婚姻状况：未婚；过去一年同住月数：0个月；见面频率：其他；电话/短信/微信联系频率：每月；第2子女：是否工作/上学：上学；婚姻状况：未婚；过去一年同住月数：2个月；见面频率：每月；电话/短信/微信联系频率：每周1次,工作信息：是否从事农业/家庭农活：有；是否已办理退休：否；是否在工作：是；过去一年总工作天数：365天,"基础信息：性别：男；年龄：52岁；现居住地地址类型：其他；城乡类型：农村
教育信息：教育程度：初中
婚姻信息：婚姻状况：已婚暂分居；过去一年与配偶同住月数：2个月；上半年独自居住天数：150天；上半年仅与配偶同住天数：30天；上半年因不与别人同住而受影响程度：70
情绪信息：生活满意度：有点满意；对子女满意度：有点满意；因小事烦恼（过去一周）：几乎没有（<1天）；感到抑郁（过去一周）：有时/中等（3–4天）；对未来抱有希望（过去一周）：几乎没有（<1天）；感到孤独（过去一周）：有时/中等（3–4天）；感到高兴（过去一周）：有时/中等（3–4天）；睡眠不安（过去一周）：有时/中等（3–4天）
健康信息：自评健康状况：好；医生诊断慢性病：未报告上述疾病；身体疼痛程度：非常；上月平均每天实际睡眠小时数：6小时；是否因健康/残疾不能工作：不能长时间工作；是否因健康/残疾不能做家事：不能长时间；多久接受他人帮助：从不
活动信息：高强度体力活动：是；高强度体力活动目的：其他；中等强度体力活动：是；中等强度体力活动目的：其他；轻度体力活动：是；轻度体力活动目的：其他；上月活动：与朋友交往（几乎每天）、参加教育/培训课程（不规律）、其他活动（不规律）
上网信息：是否使用互联网：是；上网设备：手机；上网用途：看新闻、看视频、其他；是否用手机支付：是；是否使用微信：是；是否使用微信朋友圈：否
子女信息：子女总数：2个；健在子女数：2个；第1子女：是否工作/上学：工作；婚姻状况：未婚；过去一年同住月数：0个月；见面频率：其他；电话/短信/微信联系频率：每月；第2子女：是否工作/上学：上学；婚姻状况：未婚；过去一年同住月数：2个月；见面频率：每月；电话/短信/微信联系频率：每周1次
工作信息：是否从事农业/家庭农活：有；是否已办理退休：否；是否在工作：是；过去一年总工作天数：365天"
375,18206210001,基础信息：性别：女；年龄：64岁；城乡类型：农村,教育信息：教育程度：未受教育,婚姻信息：婚姻状况：已婚且配偶同住；过去一年与配偶同住月数：12个月；上半年独自居住天数：0天；上半年仅与配偶同住天数：0天,情绪信息：生活满意度：很满意；对子女满意度：很满意；因小事烦恼（过去一周）：几乎没有（<1天）；感到抑郁（过去一周）：几乎没有（<1天）；对未来抱有希望（过去一周）：几乎没有（<1天）；感到孤独（过去一周）：几乎没有（<1天）；感到高兴（过去一周）：大多数时候（5–7天）；睡眠不安（过去一周）：几乎没有（<1天）,健康信息：自评健康状况：一般；医生诊断慢性病：未报告上述疾病；身体疼痛程度：一点；上月平均每天实际睡眠小时数：9小时；是否因健康/残疾不能工作：没问题；是否因健康/残疾不能做家事：没问题；多久接受他人帮助：从不,活动信息：高强度体力活动：是；高强度体力活动目的：工作需要；中等强度体力活动：否；轻度体力活动：是；轻度体力活动目的：锻炼；上月活动：与朋友交往（不规律）,上网信息：是否使用互联网：否,子女信息：子女总数：2个；健在子女数：2个；第1子女：是否工作/上学：工作；婚姻状况：已婚且配偶同住；过去一年同住月数：3个月；见面频率：每半年；电话/短信/微信联系频率：每两周；第2子女：是否工作/上学：工作；婚姻状况：已婚且配偶同住；过去一年同住月数：0个月；见面频率：几乎每天,工作信息：是否从事农业/家庭农活：有；是否已办理退休：否；是否在工作：是；过去一年总工作天数：48天,"基础信息：性别：女；年龄：64岁；城乡类型：农村
教育信息：教育程度：未受教育
婚姻信息：婚姻状况：已婚且配偶同住；过去一年与配偶同住月数：12个月；上半年独自居住天数：0天；上半年仅与配偶同住天数：0天
情绪信息：生活满意度：很满意；对子女满意度：很满意；因小事烦恼（过去一周）：几乎没有（<1天）；感到抑郁（过去一周）：几乎没有（<1天）；对未来抱有希望（过去一周）：几乎没有（<1天）；感到孤独（过去一周）：几乎没有（<1天）；感到高兴（过去一周）：大多数时候（5–7天）；睡眠不安（过去一周）：几乎没有（<1天）
健康信息：自评健康状况：一般；医生诊断慢性病：未报告上述疾病；身体疼痛程度：一点；上月平均每天实际睡眠小时数：9小时；是否因健康/残疾不能工作：没问题；是否因健康/残疾不能做家事：没问题；多久接受他人帮助：从不
活动信息：高强度体力活动：是；高强度体力活动目的：工作需要；中等强度体力活动：否；轻度体力活动：是；轻度体力活动目的：锻炼；上月活动：与朋友交往（不规律）
上网信息：是否使用互联网：否
子女信息：子女总数：2个；健在子女数：2个；第1子女：是否工作/上学：工作；婚姻状况：已婚且配偶同住；过去一年同住月数：3个月；见面频率：每半年；电话/短信/微信联系频率：每两周；第2子女：是否工作/上学：工作；婚姻状况：已婚且配偶同住；过去一年同住月数：0个月；见面频率：几乎每天
工作信息：是否从事农业/家庭农活：有；是否已办理退休：否；是否在工作：是；过去一年总工作天数：48天"
376,10206205002,基础信息：性别：女；年龄：60岁；城乡类型：农村,教育信息：教育程度：未受教育,婚姻信息：婚姻状况：已婚且配偶同住；过去一年与配偶同住月数：12个月；上半年独自居住天数：0天；上半年仅与配偶同住天数：0天,情绪信息：生活满意度：很满意；对子女满意度：很满意；因小事烦恼（过去一周）：几乎没有（<1天）；感到抑郁（过去一周）：几乎没有（<1天）；对未来抱有希望（过去一周）：几乎没有（<1天）；感到孤独（过去一周）：几乎没有（<1天）；感到高兴（过去一周）：几乎没有（<1天）；睡眠不安（过去一周）：少量（1–2天）,健康信息：自评健康状况：很差；医生诊断慢性病：未报告上述疾病；身体疼痛程度：非常；上月平均每天实际睡眠小时数：5小时；是否因健康/残疾不能工作：不能长时间工作；是否因健康/残疾不能做家事：不能长时间；多久接受他人帮助：偶尔,活动信息：高强度体力活动：是；高强度体力活动目的：工作需要；中等强度体力活动：是；中等强度体力活动目的：其他；轻度体力活动：是；轻度体力活动目的：其他；上月活动：以上都没有,上网信息：是否使用互联网：否,子女信息：子女总数：1个；健在子女数：1个；第1子女：是否工作/上学：工作；婚姻状况：已婚且配偶同住；过去一年同住月数：0个月；见面频率：每月；电话/短信/微信联系频率：每两周,工作信息：是否从事农业/家庭农活：有；是否已办理退休：否；是否在工作：是；过去一年总工作天数：365天,"基础信息：性别：女；年龄：60岁；城乡类型：农村
教育信息：教育程度：未受教育
婚姻信息：婚姻状况：已婚且配偶同住；过去一年与配偶同住月数：12个月；上半年独自居住天数：0天；上半年仅与配偶同住天数：0天
情绪信息：生活满意度：很满意；对子女满意度：很满意；因小事烦恼（过去一周）：几乎没有（<1天）；感到抑郁（过去一周）：几乎没有（<1天）；对未来抱有希望（过去一周）：几乎没有（<1天）；感到孤独（过去一周）：几乎没有（<1天）；感到高兴（过去一周）：几乎没有（<1天）；睡眠不安（过去一周）：少量（1–2天）
健康信息：自评健康状况：很差；医生诊断慢性病：未报告上述疾病；身体疼痛程度：非常；上月平均每天实际睡眠小时数：5小时；是否因健康/残疾不能工作：不能长时间工作；是否因健康/残疾不能做家事：不能长时间；多久接受他人帮助：偶尔
活动信息：高强度体力活动：是；高强度体力活动目的：工作需要；中等强度体力活动：是；中等强度体力活动目的：其他；轻度体力活动：是；轻度体力活动目的：其他；上月活动：以上都没有
上网信息：是否使用互联网：否
子女信息：子女总数：1个；健在子女数：1个；第1子女：是否工作/上学：工作；婚姻状况：已婚且配偶同住；过去一年同住月数：0个月；见面频率：每月；电话/短信/微信联系频率：每两周
工作信息：是否从事农业/家庭农活：有；是否已办理退休：否；是否在工作：是；过去一年总工作天数：365天"
377,297439126002,基础信息：性别：男；年龄：55岁；城乡类型：城/镇中心,教育信息：教育程度：职高,婚姻信息：婚姻状况：已婚且配偶同住；过去一年与配偶同住月数：12个月；上半年独自居住天数：0天；上半年仅与配偶同住天数：60天；上半年因不与别人同住而受影响程度：0,情绪信息：生活满意度：有点满意；对子女满意度：有点满意；因小事烦恼（过去一周）：少量（1–2天）；感到抑郁（过去一周）：少量（1–2天）；对未来抱有希望（过去一周）：大多数时候（5–7天）；感到孤独（过去一周）：几乎没有（<1天）；感到高兴（过去一周）：少量（1–2天）；睡眠不安（过去一周）：几乎没有（<1天）,健康信息：自评健康状况：一般；医生诊断慢性病：未报告上述疾病；身体疼痛程度：一点；上月平均每天实际睡眠小时数：6小时；是否因健康/残疾不能工作：没问题；是否因健康/残疾不能做家事：没问题；多久接受他人帮助：从不,活动信息：高强度体力活动：是；高强度体力活动目的：锻炼；中等强度体力活动：是；中等强度体力活动目的：其他；轻度体力活动：是；轻度体力活动目的：锻炼；上月活动：做志愿/慈善或照顾不住一起的病弱者（不规律）,上网信息：是否使用互联网：是；上网设备：台式电脑、手机；上网用途：看新闻；是否用手机支付：是；是否使用微信：是；是否使用微信朋友圈：是,子女信息：子女总数：1个；健在子女数：1个；第1子女：是否工作/上学：工作；婚姻状况：未婚；过去一年同住月数：0个月；见面频率：每三月；电话/短信/微信联系频率：每周1次,工作信息：是否从事农业/家庭农活：无；是否已办理退休：否；是否在工作：是；过去一年总工作天数：250天,"基础信息：性别：男；年龄：55岁；城乡类型：城/镇中心
教育信息：教育程度：职高
婚姻信息：婚姻状况：已婚且配偶同住；过去一年与配偶同住月数：12个月；上半年独自居住天数：0天；上半年仅与配偶同住天数：60天；上半年因不与别人同住而受影响程度：0
情绪信息：生活满意度：有点满意；对子女满意度：有点满意；因小事烦恼（过去一周）：少量（1–2天）；感到抑郁（过去一周）：少量（1–2天）；对未来抱有希望（过去一周）：大多数时候（5–7天）；感到孤独（过去一周）：几乎没有（<1天）；感到高兴（过去一周）：少量（1–2天）；睡眠不安（过去一周）：几乎没有（<1天）
健康信息：自评健康状况：一般；医生诊断慢性病：未报告上述疾病；身体疼痛程度：一点；上月平均每天实际睡眠小时数：6小时；是否因健康/残疾不能工作：没问题；是否因健康/残疾不能做家事：没问题；多久接受他人帮助：从不
活动信息：高强度体力活动：是；高强度体力活动目的：锻炼；中等强度体力活动：是；中等强度体力活动目的：其他；轻度体力活动：是；轻度体力活动目的：锻炼；上月活动：做志愿/慈善或照顾不住一起的病弱者（不规律）
上网信息：是否使用互联网：是；上网设备：台式电脑、手机；上网用途：看新闻；是否用手机支付：是；是否使用微信：是；是否使用微信朋友圈：是
子女信息：子女总数：1个；健在子女数：1个；第1子女：是否工作/上学：工作；婚姻状况：未婚；过去一年同住月数：0个月；见面频率：每三月；电话/短信/微信联系频率：每周1次
工作信息：是否从事农业/家庭农活：无；是否已办理退休：否；是否在工作：是；过去一年总工作天数：250天"
378,324681101001,基础信息：性别：女；年龄：56岁；城乡类型：农村,教育信息：教育程度：未受教育,婚姻信息：婚姻状况：已婚且配偶同住；过去一年与配偶同住月数：12个月；上半年独自居住天数：0天；上半年仅与配偶同住天数：0天,情绪信息：生活满意度：很满意；对子女满意度：很满意；因小事烦恼（过去一周）：大多数时候（5–7天）；感到抑郁（过去一周）：大多数时候（5–7天）；感到孤独（过去一周）：几乎没有（<1天）；感到高兴（过去一周）：有时/中等（3–4天）；睡眠不安（过去一周）：大多数时候（5–7天）,健康信息：自评健康状况：差；医生诊断慢性病：记忆相关疾病；身体疼痛程度：一点；上月平均每天实际睡眠小时数：3小时；是否因健康/残疾不能工作：不能长时间工作；是否因健康/残疾不能做家事：不能长时间；多久接受他人帮助：偶尔,活动信息：高强度体力活动：是；高强度体力活动目的：工作需要；中等强度体力活动：是；中等强度体力活动目的：工作需要；轻度体力活动：否；上月活动：以上都没有,上网信息：是否使用互联网：否,子女信息：子女总数：3个；健在子女数：3个；第1子女：是否工作/上学：工作；婚姻状况：已婚且配偶同住；过去一年同住月数：6个月；见面频率：每半年；电话/短信/微信联系频率：每两周；第2子女：是否工作/上学：都不；婚姻状况：已婚且配偶同住；过去一年同住月数：0个月；见面频率：每月；电话/短信/微信联系频率：每周2–3次,工作信息：是否从事农业/家庭农活：有；是否已办理退休：否；是否在工作：是；过去一年总工作天数：90天,"基础信息：性别：女；年龄：56岁；城乡类型：农村
教育信息：教育程度：未受教育
婚姻信息：婚姻状况：已婚且配偶同住；过去一年与配偶同住月数：12个月；上半年独自居住天数：0天；上半年仅与配偶同住天数：0天
情绪信息：生活满意度：很满意；对子女满意度：很满意；因小事烦恼（过去一周）：大多数时候（5–7天）；感到抑郁（过去一周）：大多数时候（5–7天）；感到孤独（过去一周）：几乎没有（<1天）；感到高兴（过去一周）：有时/中等（3–4天）；睡眠不安（过去一周）：大多数时候（5–7天）
健康信息：自评健康状况：差；医生诊断慢性病：记忆相关疾病；身体疼痛程度：一点；上月平均每天实际睡眠小时数：3小时；是否因健康/残疾不能工作：不能长时间工作；是否因健康/残疾不能做家事：不能长时间；多久接受他人帮助：偶尔
活动信息：高强度体力活动：是；高强度体力活动目的：工作需要；中等强度体力活动：是；中等强度体力活动目的：工作需要；轻度体力活动：否；上月活动：以上都没有
上网信息：是否使用互联网：否
子女信息：子女总数：3个；健在子女数：3个；第1子女：是否工作/上学：工作；婚姻状况：已婚且配偶同住；过去一年同住月数：6个月；见面频率：每半年；电话/短信/微信联系频率：每两周；第2子女：是否工作/上学：都不；婚姻状况：已婚且配偶同住；过去一年同住月数：0个月；见面频率：每月；电话/短信/微信联系频率：每周2–3次
工作信息：是否从事农业/家庭农活：有；是否已办理退休：否；是否在工作：是；过去一年总工作天数：90天"
379,330131326001,基础信息：性别：女；年龄：50岁；城乡类型：农村,教育信息：教育程度：小学,婚姻信息：婚姻状况：已婚且配偶同住；过去一年与配偶同住月数：12个月；上半年独自居住天数：0天；上半年仅与配偶同住天数：0天,情绪信息：生活满意度：非常满意；对子女满意度：很满意；因小事烦恼（过去一周）：几乎没有（<1天）；感到抑郁（过去一周）：大多数时候（5–7天）；对未来抱有希望（过去一周）：大多数时候（5–7天）；感到孤独（过去一周）：几乎没有（<1天）；感到高兴（过去一周）：大多数时候（5–7天）；睡眠不安（过去一周）：几乎没有（<1天）,健康信息：自评健康状况：很好；医生诊断慢性病：未报告上述疾病；身体疼痛程度：无；上月平均每天实际睡眠小时数：8小时；是否因健康/残疾不能工作：没问题；是否因健康/残疾不能做家事：没问题；多久接受他人帮助：从不,活动信息：高强度体力活动：否；中等强度体力活动：是；中等强度体力活动目的：工作需要；轻度体力活动：否；上月活动：以上都没有,上网信息：是否使用互联网：否,子女信息：子女总数：1个；健在子女数：1个,工作信息：是否从事农业/家庭农活：无；是否已办理退休：否；是否在工作：否；过去一年总工作天数：0天；上月是否在找工作：否,"基础信息：性别：女；年龄：50岁；城乡类型：农村
教育信息：教育程度：小学
婚姻信息：婚姻状况：已婚且配偶同住；过去一年与配偶同住月数：12个月；上半年独自居住天数：0天；上半年仅与配偶同住天数：0天
情绪信息：生活满意度：非常满意；对子女满意度：很满意；因小事烦恼（过去一周）：几乎没有（<1天）；感到抑郁（过去一周）：大多数时候（5–7天）；对未来抱有希望（过去一周）：大多数时候（5–7天）；感到孤独（过去一周）：几乎没有（<1天）；感到高兴（过去一周）：大多数时候（5–7天）；睡眠不安（过去一周）：几乎没有（<1天）
健康信息：自评健康状况：很好；医生诊断慢性病：未报告上述疾病；身体疼痛程度：无；上月平均每天实际睡眠小时数：8小时；是否因健康/残疾不能工作：没问题；是否因健康/残疾不能做家事：没问题；多久接受他人帮助：从不
活动信息：高强度体力活动：否；中等强度体力活动：是；中等强度体力活动目的：工作需要；轻度体力活动：否；上月活动：以上都没有
上网信息：是否使用互联网：否
子女信息：子女总数：1个；健在子女数：1个
工作信息：是否从事农业/家庭农活：无；是否已办理退休：否；是否在工作：否；过去一年总工作天数：0天；上月是否在找工作：否"
380,60481236001,基础信息：性别：女；年龄：65岁；城乡类型：农村,教育信息：教育程度：未读完小学,婚姻信息：婚姻状况：已婚且配偶同住；过去一年与配偶同住月数：12个月；上半年独自居住天数：0天；上半年仅与配偶同住天数：180天；上半年因不与别人同住而受影响程度：0,情绪信息：生活满意度：很满意；对子女满意度：很满意；因小事烦恼（过去一周）：少量（1–2天）；感到抑郁（过去一周）：少量（1–2天）；对未来抱有希望（过去一周）：少量（1–2天）；感到孤独（过去一周）：几乎没有（<1天）；感到高兴（过去一周）：大多数时候（5–7天）；睡眠不安（过去一周）：大多数时候（5–7天）,健康信息：自评健康状况：一般；医生诊断慢性病：高血压；身体疼痛程度：一点；上月平均每天实际睡眠小时数：6小时；是否因健康/残疾不能工作：没问题；是否因健康/残疾不能做家事：没问题；多久接受他人帮助：从不,活动信息：高强度体力活动：否；中等强度体力活动：是；中等强度体力活动目的：工作需要；轻度体力活动：是；轻度体力活动目的：锻炼；上月活动：以上都没有,上网信息：是否使用互联网：否,子女信息：子女总数：2个；健在子女数：2个；第1子女：是否工作/上学：工作；婚姻状况：已婚且配偶同住；过去一年同住月数：12个月；第2子女：是否工作/上学：工作；婚姻状况：已婚且配偶同住；过去一年同住月数：0个月；见面频率：每周2–3次,工作信息：是否从事农业/家庭农活：无；是否已办理退休：否；是否在工作：是；过去一年总工作天数：312天,"基础信息：性别：女；年龄：65岁；城乡类型：农村
教育信息：教育程度：未读完小学
婚姻信息：婚姻状况：已婚且配偶同住；过去一年与配偶同住月数：12个月；上半年独自居住天数：0天；上半年仅与配偶同住天数：180天；上半年因不与别人同住而受影响程度：0
情绪信息：生活满意度：很满意；对子女满意度：很满意；因小事烦恼（过去一周）：少量（1–2天）；感到抑郁（过去一周）：少量（1–2天）；对未来抱有希望（过去一周）：少量（1–2天）；感到孤独（过去一周）：几乎没有（<1天）；感到高兴（过去一周）：大多数时候（5–7天）；睡眠不安（过去一周）：大多数时候（5–7天）
健康信息：自评健康状况：一般；医生诊断慢性病：高血压；身体疼痛程度：一点；上月平均每天实际睡眠小时数：6小时；是否因健康/残疾不能工作：没问题；是否因健康/残疾不能做家事：没问题；多久接受他人帮助：从不
活动信息：高强度体力活动：否；中等强度体力活动：是；中等强度体力活动目的：工作需要；轻度体力活动：是；轻度体力活动目的：锻炼；上月活动：以上都没有
上网信息：是否使用互联网：否
子女信息：子女总数：2个；健在子女数：2个；第1子女：是否工作/上学：工作；婚姻状况：已婚且配偶同住；过去一年同住月数：12个月；第2子女：是否工作/上学：工作；婚姻状况：已婚且配偶同住；过去一年同住月数：0个月；见面频率：每周2–3次
工作信息：是否从事农业/家庭农活：无；是否已办理退休：否；是否在工作：是；过去一年总工作天数：312天"
381,54054203002,基础信息：性别：女；年龄：56岁；城乡类型：农村,教育信息：教育程度：初中,婚姻信息：婚姻状况：已婚且配偶同住；过去一年与配偶同住月数：9个月；上半年独自居住天数：101天；上半年仅与配偶同住天数：82天；上半年因不与别人同住而受影响程度：80,情绪信息：生活满意度：有点满意；对子女满意度：有点满意；因小事烦恼（过去一周）：几乎没有（<1天）；感到抑郁（过去一周）：几乎没有（<1天）；对未来抱有希望（过去一周）：有时/中等（3–4天）；感到孤独（过去一周）：几乎没有（<1天）；感到高兴（过去一周）：大多数时候（5–7天）；睡眠不安（过去一周）：几乎没有（<1天）,健康信息：自评健康状况：很好；医生诊断慢性病：未报告上述疾病；身体疼痛程度：一点；上月平均每天实际睡眠小时数：7小时；是否因健康/残疾不能工作：没问题；是否因健康/残疾不能做家事：没问题；多久接受他人帮助：从不,活动信息：高强度体力活动：否；中等强度体力活动：是；中等强度体力活动目的：工作需要；轻度体力活动：是；轻度体力活动目的：锻炼；上月活动：与朋友交往（不规律）、其他活动（不规律）,上网信息：是否使用互联网：是；上网设备：手机；上网用途：聊天、看视频、其他；是否用手机支付：是；是否使用微信：是；是否使用微信朋友圈：是,子女信息：子女总数：3个；健在子女数：3个；第1子女：是否工作/上学：都不；婚姻状况：已婚且配偶同住；过去一年同住月数：0个月；见面频率：每两周；电话/短信/微信联系频率：每周2–3次；第2子女：是否工作/上学：工作；婚姻状况：离婚；过去一年同住月数：0个月；见面频率：几乎不见/不联系；电话/短信/微信联系频率：每年,工作信息：是否从事农业/家庭农活：无；是否已办理退休：否；是否在工作：否；过去一年总工作天数：105天；上月是否在找工作：否,"基础信息：性别：女；年龄：56岁；城乡类型：农村
教育信息：教育程度：初中
婚姻信息：婚姻状况：已婚且配偶同住；过去一年与配偶同住月数：9个月；上半年独自居住天数：101天；上半年仅与配偶同住天数：82天；上半年因不与别人同住而受影响程度：80
情绪信息：生活满意度：有点满意；对子女满意度：有点满意；因小事烦恼（过去一周）：几乎没有（<1天）；感到抑郁（过去一周）：几乎没有（<1天）；对未来抱有希望（过去一周）：有时/中等（3–4天）；感到孤独（过去一周）：几乎没有（<1天）；感到高兴（过去一周）：大多数时候（5–7天）；睡眠不安（过去一周）：几乎没有（<1天）
健康信息：自评健康状况：很好；医生诊断慢性病：未报告上述疾病；身体疼痛程度：一点；上月平均每天实际睡眠小时数：7小时；是否因健康/残疾不能工作：没问题；是否因健康/残疾不能做家事：没问题；多久接受他人帮助：从不
活动信息：高强度体力活动：否；中等强度体力活动：是；中等强度体力活动目的：工作需要；轻度体力活动：是；轻度体力活动目的：锻炼；上月活动：与朋友交往（不规律）、其他活动（不规律）
上网信息：是否使用互联网：是；上网设备：手机；上网用途：聊天、看视频、其他；是否用手机支付：是；是否使用微信：是；是否使用微信朋友圈：是
子女信息：子女总数：3个；健在子女数：3个；第1子女：是否工作/上学：都不；婚姻状况：已婚且配偶同住；过去一年同住月数：0个月；见面频率：每两周；电话/短信/微信联系频率：每周2–3次；第2子女：是否工作/上学：工作；婚姻状况：离婚；过去一年同住月数：0个月；见面频率：几乎不见/不联系；电话/短信/微信联系频率：每年
工作信息：是否从事农业/家庭农活：无；是否已办理退休：否；是否在工作：否；过去一年总工作天数：105天；上月是否在找工作：否"
382,111154235001,基础信息：性别：男；年龄：61岁；城乡类型：城乡结合部/镇乡,教育信息：教育程度：初中,婚姻信息：婚姻状况：已婚且配偶同住；过去一年与配偶同住月数：12个月；上半年独自居住天数：0天；上半年仅与配偶同住天数：90天；上半年因不与别人同住而受影响程度：0,情绪信息：生活满意度：有点满意；对子女满意度：有点满意；因小事烦恼（过去一周）：有时/中等（3–4天）；感到抑郁（过去一周）：有时/中等（3–4天）；对未来抱有希望（过去一周）：有时/中等（3–4天）；感到孤独（过去一周）：有时/中等（3–4天）；感到高兴（过去一周）：有时/中等（3–4天）；睡眠不安（过去一周）：大多数时候（5–7天）,健康信息：自评健康状况：一般；医生诊断慢性病：中风；身体疼痛程度：一点；上月平均每天实际睡眠小时数：5小时；是否因健康/残疾不能工作：没问题；是否因健康/残疾不能做家事：不能长时间；多久接受他人帮助：偶尔,活动信息：高强度体力活动：否；中等强度体力活动：是；中等强度体力活动目的：锻炼；轻度体力活动：是；轻度体力活动目的：锻炼；上月活动：与朋友交往（几乎每天）,上网信息：是否使用互联网：否,子女信息：子女总数：2个；健在子女数：2个；第1子女：是否工作/上学：工作；婚姻状况：已婚且配偶同住；过去一年同住月数：3个月；见面频率：每周1次；第2子女：是否工作/上学：工作；婚姻状况：已婚且配偶同住；过去一年同住月数：0个月；见面频率：每周1次,工作信息：是否从事农业/家庭农活：无；是否已办理退休：否；是否在工作：否；过去一年总工作天数：0天；上月是否在找工作：否,"基础信息：性别：男；年龄：61岁；城乡类型：城乡结合部/镇乡
教育信息：教育程度：初中
婚姻信息：婚姻状况：已婚且配偶同住；过去一年与配偶同住月数：12个月；上半年独自居住天数：0天；上半年仅与配偶同住天数：90天；上半年因不与别人同住而受影响程度：0
情绪信息：生活满意度：有点满意；对子女满意度：有点满意；因小事烦恼（过去一周）：有时/中等（3–4天）；感到抑郁（过去一周）：有时/中等（3–4天）；对未来抱有希望（过去一周）：有时/中等（3–4天）；感到孤独（过去一周）：有时/中等（3–4天）；感到高兴（过去一周）：有时/中等（3–4天）；睡眠不安（过去一周）：大多数时候（5–7天）
健康信息：自评健康状况：一般；医生诊断慢性病：中风；身体疼痛程度：一点；上月平均每天实际睡眠小时数：5小时；是否因健康/残疾不能工作：没问题；是否因健康/残疾不能做家事：不能长时间；多久接受他人帮助：偶尔
活动信息：高强度体力活动：否；中等强度体力活动：是；中等强度体力活动目的：锻炼；轻度体力活动：是；轻度体力活动目的：锻炼；上月活动：与朋友交往（几乎每天）
上网信息：是否使用互联网：否
子女信息：子女总数：2个；健在子女数：2个；第1子女：是否工作/上学：工作；婚姻状况：已婚且配偶同住；过去一年同住月数：3个月；见面频率：每周1次；第2子女：是否工作/上学：工作；婚姻状况：已婚且配偶同住；过去一年同住月数：0个月；见面频率：每周1次
工作信息：是否从事农业/家庭农活：无；是否已办理退休：否；是否在工作：否；过去一年总工作天数：0天；上月是否在找工作：否"
383,116006110002,基础信息：性别：男；年龄：65岁；城乡类型：城/镇中心,教育信息：教育程度：初中,婚姻信息：婚姻状况：已婚且配偶同住；过去一年与配偶同住月数：12个月；上半年独自居住天数：0天；上半年仅与配偶同住天数：0天；上半年因不与别人同住而受影响程度：0,情绪信息：生活满意度：有点满意；对子女满意度：有点满意；因小事烦恼（过去一周）：少量（1–2天）；感到抑郁（过去一周）：大多数时候（5–7天）；对未来抱有希望（过去一周）：几乎没有（<1天）；感到孤独（过去一周）：几乎没有（<1天）；感到高兴（过去一周）：几乎没有（<1天）；睡眠不安（过去一周）：大多数时候（5–7天）,健康信息：自评健康状况：一般；医生诊断慢性病：未报告上述疾病；身体疼痛程度：一点；上月平均每天实际睡眠小时数：4小时；是否因健康/残疾不能工作：没问题；是否因健康/残疾不能做家事：没问题；多久接受他人帮助：从不,活动信息：高强度体力活动：否；中等强度体力活动：否；轻度体力活动：是；轻度体力活动目的：锻炼；上月活动：以上都没有,上网信息：是否使用互联网：否,子女信息：子女总数：6个；健在子女数：6个；第1子女：是否工作/上学：工作；婚姻状况：已婚暂分居；过去一年同住月数：4个月；见面频率：每三月；电话/短信/微信联系频率：每周2–3次；第2子女：是否工作/上学：工作；婚姻状况：未婚；过去一年同住月数：0个月；见面频率：每半年；电话/短信/微信联系频率：其他,工作信息：是否从事农业/家庭农活：无；是否已办理退休：否；是否在工作：否；过去一年总工作天数：0天；上月是否在找工作：否,"基础信息：性别：男；年龄：65岁；城乡类型：城/镇中心
教育信息：教育程度：初中
婚姻信息：婚姻状况：已婚且配偶同住；过去一年与配偶同住月数：12个月；上半年独自居住天数：0天；上半年仅与配偶同住天数：0天；上半年因不与别人同住而受影响程度：0
情绪信息：生活满意度：有点满意；对子女满意度：有点满意；因小事烦恼（过去一周）：少量（1–2天）；感到抑郁（过去一周）：大多数时候（5–7天）；对未来抱有希望（过去一周）：几乎没有（<1天）；感到孤独（过去一周）：几乎没有（<1天）；感到高兴（过去一周）：几乎没有（<1天）；睡眠不安（过去一周）：大多数时候（5–7天）
健康信息：自评健康状况：一般；医生诊断慢性病：未报告上述疾病；身体疼痛程度：一点；上月平均每天实际睡眠小时数：4小时；是否因健康/残疾不能工作：没问题；是否因健康/残疾不能做家事：没问题；多久接受他人帮助：从不
活动信息：高强度体力活动：否；中等强度体力活动：否；轻度体力活动：是；轻度体力活动目的：锻炼；上月活动：以上都没有
上网信息：是否使用互联网：否
子女信息：子女总数：6个；健在子女数：6个；第1子女：是否工作/上学：工作；婚姻状况：已婚暂分居；过去一年同住月数：4个月；见面频率：每三月；电话/短信/微信联系频率：每周2–3次；第2子女：是否工作/上学：工作；婚姻状况：未婚；过去一年同住月数：0个月；见面频率：每半年；电话/短信/微信联系频率：其他
工作信息：是否从事农业/家庭农活：无；是否已办理退休：否；是否在工作：否；过去一年总工作天数：0天；上月是否在找工作：否"
384,56346114002,基础信息：性别：女；年龄：50岁；城乡类型：农村,教育信息：教育程度：小学,婚姻信息：婚姻状况：已婚暂分居；过去一年与配偶同住月数：9个月；上半年独自居住天数：70天；上半年仅与配偶同住天数：180天；上半年因不与别人同住而受影响程度：0,情绪信息：生活满意度：有点满意；对子女满意度：有点满意；因小事烦恼（过去一周）：有时/中等（3–4天）；感到抑郁（过去一周）：有时/中等（3–4天）；对未来抱有希望（过去一周）：几乎没有（<1天）；感到孤独（过去一周）：几乎没有（<1天）；感到高兴（过去一周）：有时/中等（3–4天）；睡眠不安（过去一周）：有时/中等（3–4天）,健康信息：自评健康状况：一般；医生诊断慢性病：肝脏疾病、中风；身体疼痛程度：无；上月平均每天实际睡眠小时数：5小时；是否因健康/残疾不能工作：不能长时间工作；是否因健康/残疾不能做家事：不能长时间；多久接受他人帮助：从不,活动信息：高强度体力活动：是；高强度体力活动目的：工作需要；中等强度体力活动：是；中等强度体力活动目的：工作需要；轻度体力活动：是；轻度体力活动目的：工作需要；上月活动：以上都没有,上网信息：是否使用互联网：是；上网设备：手机；上网用途：聊天；是否用手机支付：是；是否使用微信：是；是否使用微信朋友圈：否,子女信息：子女总数：3个；健在子女数：3个；第1子女：是否工作/上学：工作；婚姻状况：未婚；过去一年同住月数：2个月；见面频率：每半年；电话/短信/微信联系频率：每周1次；第2子女：是否工作/上学：工作；婚姻状况：已婚暂分居；过去一年同住月数：2个月；见面频率：几乎不见/不联系；电话/短信/微信联系频率：每周1次,工作信息：是否从事农业/家庭农活：有；是否已办理退休：否；是否在工作：是；过去一年总工作天数：60天,"基础信息：性别：女；年龄：50岁；城乡类型：农村
教育信息：教育程度：小学
婚姻信息：婚姻状况：已婚暂分居；过去一年与配偶同住月数：9个月；上半年独自居住天数：70天；上半年仅与配偶同住天数：180天；上半年因不与别人同住而受影响程度：0
情绪信息：生活满意度：有点满意；对子女满意度：有点满意；因小事烦恼（过去一周）：有时/中等（3–4天）；感到抑郁（过去一周）：有时/中等（3–4天）；对未来抱有希望（过去一周）：几乎没有（<1天）；感到孤独（过去一周）：几乎没有（<1天）；感到高兴（过去一周）：有时/中等（3–4天）；睡眠不安（过去一周）：有时/中等（3–4天）
健康信息：自评健康状况：一般；医生诊断慢性病：肝脏疾病、中风；身体疼痛程度：无；上月平均每天实际睡眠小时数：5小时；是否因健康/残疾不能工作：不能长时间工作；是否因健康/残疾不能做家事：不能长时间；多久接受他人帮助：从不
活动信息：高强度体力活动：是；高强度体力活动目的：工作需要；中等强度体力活动：是；中等强度体力活动目的：工作需要；轻度体力活动：是；轻度体力活动目的：工作需要；上月活动：以上都没有
上网信息：是否使用互联网：是；上网设备：手机；上网用途：聊天；是否用手机支付：是；是否使用微信：是；是否使用微信朋友圈：否
子女信息：子女总数：3个；健在子女数：3个；第1子女：是否工作/上学：工作；婚姻状况：未婚；过去一年同住月数：2个月；见面频率：每半年；电话/短信/微信联系频率：每周1次；第2子女：是否工作/上学：工作；婚姻状况：已婚暂分居；过去一年同住月数：2个月；见面频率：几乎不见/不联系；电话/短信/微信联系频率：每周1次
工作信息：是否从事农业/家庭农活：有；是否已办理退休：否；是否在工作：是；过去一年总工作天数：60天"
385,144016306002,基础信息：性别：女；年龄：53岁；城乡类型：城/镇中心,教育信息：教育程度：高中,婚姻信息：婚姻状况：已婚且配偶同住；过去一年与配偶同住月数：12个月；上半年独自居住天数：0天；上半年仅与配偶同住天数：0天,情绪信息：生活满意度：有点满意；对子女满意度：很满意；因小事烦恼（过去一周）：几乎没有（<1天）；感到抑郁（过去一周）：几乎没有（<1天）；对未来抱有希望（过去一周）：大多数时候（5–7天）；感到孤独（过去一周）：几乎没有（<1天）；感到高兴（过去一周）：大多数时候（5–7天）；睡眠不安（过去一周）：大多数时候（5–7天）,健康信息：自评健康状况：好；医生诊断慢性病：未报告上述疾病；身体疼痛程度：无；上月平均每天实际睡眠小时数：4小时；是否因健康/残疾不能工作：没问题；是否因健康/残疾不能做家事：没问题；多久接受他人帮助：从不,活动信息：高强度体力活动：否；中等强度体力活动：是；中等强度体力活动目的：其他；轻度体力活动：是；轻度体力活动目的：锻炼；上月活动：以上都没有,上网信息：是否使用互联网：是；上网设备：手机；上网用途：聊天、看新闻、看视频、玩游戏；是否用手机支付：是；是否使用微信：是；是否使用微信朋友圈：否,子女信息：子女总数：1个；健在子女数：1个；第1子女：是否工作/上学：工作；婚姻状况：未婚；过去一年同住月数：12个月,工作信息：是否从事农业/家庭农活：无；是否在工作：是；过去一年总工作天数：300天,"基础信息：性别：女；年龄：53岁；城乡类型：城/镇中心
教育信息：教育程度：高中
婚姻信息：婚姻状况：已婚且配偶同住；过去一年与配偶同住月数：12个月；上半年独自居住天数：0天；上半年仅与配偶同住天数：0天
情绪信息：生活满意度：有点满意；对子女满意度：很满意；因小事烦恼（过去一周）：几乎没有（<1天）；感到抑郁（过去一周）：几乎没有（<1天）；对未来抱有希望（过去一周）：大多数时候（5–7天）；感到孤独（过去一周）：几乎没有（<1天）；感到高兴（过去一周）：大多数时候（5–7天）；睡眠不安（过去一周）：大多数时候（5–7天）
健康信息：自评健康状况：好；医生诊断慢性病：未报告上述疾病；身体疼痛程度：无；上月平均每天实际睡眠小时数：4小时；是否因健康/残疾不能工作：没问题；是否因健康/残疾不能做家事：没问题；多久接受他人帮助：从不
活动信息：高强度体力活动：否；中等强度体力活动：是；中等强度体力活动目的：其他；轻度体力活动：是；轻度体力活动目的：锻炼；上月活动：以上都没有
上网信息：是否使用互联网：是；上网设备：手机；上网用途：聊天、看新闻、看视频、玩游戏；是否用手机支付：是；是否使用微信：是；是否使用微信朋友圈：否
子女信息：子女总数：1个；健在子女数：1个；第1子女：是否工作/上学：工作；婚姻状况：未婚；过去一年同住月数：12个月
工作信息：是否从事农业/家庭农活：无；是否在工作：是；过去一年总工作天数：300天"
386,324681329002,基础信息：性别：女；年龄：50岁；城乡类型：城/镇中心,教育信息：教育程度：高中,婚姻信息：婚姻状况：已婚且配偶同住；过去一年与配偶同住月数：3个月；上半年独自居住天数：60天；上半年仅与配偶同住天数：90天；上半年因不与别人同住而受影响程度：0,情绪信息：生活满意度：有点满意；对子女满意度：很满意；因小事烦恼（过去一周）：少量（1–2天）；感到抑郁（过去一周）：少量（1–2天）；对未来抱有希望（过去一周）：大多数时候（5–7天）；感到孤独（过去一周）：少量（1–2天）；感到高兴（过去一周）：大多数时候（5–7天）；睡眠不安（过去一周）：几乎没有（<1天）,健康信息：自评健康状况：一般；医生诊断慢性病：记忆相关疾病；身体疼痛程度：有些；上月平均每天实际睡眠小时数：8小时；是否因健康/残疾不能工作：没问题；是否因健康/残疾不能做家事：没问题；多久接受他人帮助：从不,活动信息：高强度体力活动：否；中等强度体力活动：否；轻度体力活动：是；轻度体力活动目的：锻炼；上月活动：与朋友交往（几乎每周）,上网信息：是否使用互联网：是；上网设备：手机；上网用途：看新闻、看视频；是否用手机支付：是；是否使用微信：是；是否使用微信朋友圈：否,子女信息：子女总数：2个；健在子女数：2个；第1子女：最高学历：本科；是否工作/上学：工作；婚姻状况：已婚且配偶同住；过去一年同住月数：0个月；见面频率：每半年；电话/短信/微信联系频率：每三月；第2子女：是否工作/上学：工作；婚姻状况：未婚；过去一年同住月数：12个月,工作信息：是否从事农业/家庭农活：无；是否已办理退休：否；是否在工作：是；过去一年总工作天数：180天,"基础信息：性别：女；年龄：50岁；城乡类型：城/镇中心
教育信息：教育程度：高中
婚姻信息：婚姻状况：已婚且配偶同住；过去一年与配偶同住月数：3个月；上半年独自居住天数：60天；上半年仅与配偶同住天数：90天；上半年因不与别人同住而受影响程度：0
情绪信息：生活满意度：有点满意；对子女满意度：很满意；因小事烦恼（过去一周）：少量（1–2天）；感到抑郁（过去一周）：少量（1–2天）；对未来抱有希望（过去一周）：大多数时候（5–7天）；感到孤独（过去一周）：少量（1–2天）；感到高兴（过去一周）：大多数时候（5–7天）；睡眠不安（过去一周）：几乎没有（<1天）
健康信息：自评健康状况：一般；医生诊断慢性病：记忆相关疾病；身体疼痛程度：有些；上月平均每天实际睡眠小时数：8小时；是否因健康/残疾不能工作：没问题；是否因健康/残疾不能做家事：没问题；多久接受他人帮助：从不
活动信息：高强度体力活动：否；中等强度体力活动：否；轻度体力活动：是；轻度体力活动目的：锻炼；上月活动：与朋友交往（几乎每周）
上网信息：是否使用互联网：是；上网设备：手机；上网用途：看新闻、看视频；是否用手机支付：是；是否使用微信：是；是否使用微信朋友圈：否
子女信息：子女总数：2个；健在子女数：2个；第1子女：最高学历：本科；是否工作/上学：工作；婚姻状况：已婚且配偶同住；过去一年同住月数：0个月；见面频率：每半年；电话/短信/微信联系频率：每三月；第2子女：是否工作/上学：工作；婚姻状况：未婚；过去一年同住月数：12个月
工作信息：是否从事农业/家庭农活：无；是否已办理退休：否；是否在工作：是；过去一年总工作天数：180天"
387,241116324002,基础信息：性别：男；年龄：71岁；城乡类型：城/镇中心,教育信息：教育程度：小学,婚姻信息：婚姻状况：已婚且配偶同住；过去一年与配偶同住月数：12个月；上半年独自居住天数：15天；上半年仅与配偶同住天数：180天；上半年因不与别人同住而受影响程度：0,情绪信息：生活满意度：很满意；对子女满意度：很满意；因小事烦恼（过去一周）：几乎没有（<1天）；感到抑郁（过去一周）：几乎没有（<1天）；对未来抱有希望（过去一周）：大多数时候（5–7天）；感到孤独（过去一周）：几乎没有（<1天）；感到高兴（过去一周）：大多数时候（5–7天）；睡眠不安（过去一周）：几乎没有（<1天）,健康信息：自评健康状况：很好；医生诊断慢性病：未报告上述疾病；身体疼痛程度：无；上月平均每天实际睡眠小时数：5小时；是否因健康/残疾不能工作：没问题；是否因健康/残疾不能做家事：没问题；多久接受他人帮助：从不,活动信息：高强度体力活动：否；中等强度体力活动：否；轻度体力活动：是；轻度体力活动目的：锻炼；上月活动：与朋友交往（几乎每周）,上网信息：是否使用互联网：否,子女信息：子女总数：2个；健在子女数：2个；第1子女：是否工作/上学：工作；婚姻状况：已婚且配偶同住；过去一年同住月数：3个月；见面频率：几乎每天；第2子女：是否工作/上学：工作；婚姻状况：已婚且配偶同住；过去一年同住月数：2个月；见面频率：几乎每天,工作信息：是否从事农业/家庭农活：无；是否在工作：否；过去一年总工作天数：0天；上月是否在找工作：否,"基础信息：性别：男；年龄：71岁；城乡类型：城/镇中心
教育信息：教育程度：小学
婚姻信息：婚姻状况：已婚且配偶同住；过去一年与配偶同住月数：12个月；上半年独自居住天数：15天；上半年仅与配偶同住天数：180天；上半年因不与别人同住而受影响程度：0
情绪信息：生活满意度：很满意；对子女满意度：很满意；因小事烦恼（过去一周）：几乎没有（<1天）；感到抑郁（过去一周）：几乎没有（<1天）；对未来抱有希望（过去一周）：大多数时候（5–7天）；感到孤独（过去一周）：几乎没有（<1天）；感到高兴（过去一周）：大多数时候（5–7天）；睡眠不安（过去一周）：几乎没有（<1天）
健康信息：自评健康状况：很好；医生诊断慢性病：未报告上述疾病；身体疼痛程度：无；上月平均每天实际睡眠小时数：5小时；是否因健康/残疾不能工作：没问题；是否因健康/残疾不能做家事：没问题；多久接受他人帮助：从不
活动信息：高强度体力活动：否；中等强度体力活动：否；轻度体力活动：是；轻度体力活动目的：锻炼；上月活动：与朋友交往（几乎每周）
上网信息：是否使用互联网：否
子女信息：子女总数：2个；健在子女数：2个；第1子女：是否工作/上学：工作；婚姻状况：已婚且配偶同住；过去一年同住月数：3个月；见面频率：几乎每天；第2子女：是否工作/上学：工作；婚姻状况：已婚且配偶同住；过去一年同住月数：2个月；见面频率：几乎每天
工作信息：是否从事农业/家庭农活：无；是否在工作：否；过去一年总工作天数：0天；上月是否在找工作：否"
388,334631311001,基础信息：性别：女；年龄：71岁；现居住地地址类型：家庭住房；城乡类型：城/镇中心,教育信息：教育程度：职高,婚姻信息：婚姻状况：丧偶；是否有人以配偶身份同住：否；上半年独自居住天数：0天；上半年因不与别人同住而受影响程度：0,情绪信息：生活满意度：很满意；对子女满意度：很满意；因小事烦恼（过去一周）：少量（1–2天）；感到抑郁（过去一周）：少量（1–2天）；对未来抱有希望（过去一周）：大多数时候（5–7天）；感到孤独（过去一周）：几乎没有（<1天）；感到高兴（过去一周）：大多数时候（5–7天）；睡眠不安（过去一周）：有时/中等（3–4天）,健康信息：自评健康状况：一般；医生诊断慢性病：血脂异常；身体疼痛程度：一点；上月平均每天实际睡眠小时数：6小时；是否因健康/残疾不能工作：没问题；是否因健康/残疾不能做家事：没问题；多久接受他人帮助：从不,活动信息：高强度体力活动：是；高强度体力活动目的：其他；中等强度体力活动：是；中等强度体力活动目的：其他；轻度体力活动：是；轻度体力活动目的：其他；上月活动：以上都没有,上网信息：是否使用互联网：是；上网设备：手机；上网用途：看新闻、玩游戏；是否用手机支付：是；是否使用微信：是；是否使用微信朋友圈：是,子女信息：子女总数：2个；健在子女数：2个；第1子女：是否工作/上学：工作；婚姻状况：已婚且配偶同住；过去一年同住月数：12个月；第2子女：是否工作/上学：工作；婚姻状况：离婚；过去一年同住月数：0个月；见面频率：几乎每天,工作信息：是否从事农业/家庭农活：无；是否在工作：否；过去一年总工作天数：0天；上月是否在找工作：否,"基础信息：性别：女；年龄：71岁；现居住地地址类型：家庭住房；城乡类型：城/镇中心
教育信息：教育程度：职高
婚姻信息：婚姻状况：丧偶；是否有人以配偶身份同住：否；上半年独自居住天数：0天；上半年因不与别人同住而受影响程度：0
情绪信息：生活满意度：很满意；对子女满意度：很满意；因小事烦恼（过去一周）：少量（1–2天）；感到抑郁（过去一周）：少量（1–2天）；对未来抱有希望（过去一周）：大多数时候（5–7天）；感到孤独（过去一周）：几乎没有（<1天）；感到高兴（过去一周）：大多数时候（5–7天）；睡眠不安（过去一周）：有时/中等（3–4天）
健康信息：自评健康状况：一般；医生诊断慢性病：血脂异常；身体疼痛程度：一点；上月平均每天实际睡眠小时数：6小时；是否因健康/残疾不能工作：没问题；是否因健康/残疾不能做家事：没问题；多久接受他人帮助：从不
活动信息：高强度体力活动：是；高强度体力活动目的：其他；中等强度体力活动：是；中等强度体力活动目的：其他；轻度体力活动：是；轻度体力活动目的：其他；上月活动：以上都没有
上网信息：是否使用互联网：是；上网设备：手机；上网用途：看新闻、玩游戏；是否用手机支付：是；是否使用微信：是；是否使用微信朋友圈：是
子女信息：子女总数：2个；健在子女数：2个；第1子女：是否工作/上学：工作；婚姻状况：已婚且配偶同住；过去一年同住月数：12个月；第2子女：是否工作/上学：工作；婚姻状况：离婚；过去一年同住月数：0个月；见面频率：几乎每天
工作信息：是否从事农业/家庭农活：无；是否在工作：否；过去一年总工作天数：0天；上月是否在找工作：否"
389,211176308001,基础信息：性别：男；年龄：52岁；城乡类型：城/镇中心,教育信息：教育程度：小学,婚姻信息：婚姻状况：离婚；是否有人以配偶身份同住：否；上半年独自居住天数：182天；上半年因不与别人同住而受影响程度：0,情绪信息：生活满意度：完全不满意；对子女满意度：完全不满意；因小事烦恼（过去一周）：大多数时候（5–7天）；感到抑郁（过去一周）：大多数时候（5–7天）；对未来抱有希望（过去一周）：几乎没有（<1天）；感到孤独（过去一周）：大多数时候（5–7天）；感到高兴（过去一周）：几乎没有（<1天）；睡眠不安（过去一周）：大多数时候（5–7天）,健康信息：自评健康状况：差；医生诊断慢性病：未报告上述疾病；身体疼痛程度：一点；上月平均每天实际睡眠小时数：3小时；是否因健康/残疾不能工作：没问题；是否因健康/残疾不能做家事：完全不能；多久接受他人帮助：从不,活动信息：高强度体力活动：否；中等强度体力活动：否；轻度体力活动：否；上月活动：以上都没有,上网信息：是否使用互联网：是；上网设备：手机；上网用途：聊天；是否用手机支付：否；是否使用微信：是；是否使用微信朋友圈：否,子女信息：子女总数：1个；健在子女数：1个；第1子女：是否工作/上学：工作；婚姻状况：已婚且配偶同住；过去一年同住月数：0个月；见面频率：每年；电话/短信/微信联系频率：几乎不见/不联系,工作信息：是否从事农业/家庭农活：无；是否已办理退休：否；是否在工作：否；过去一年总工作天数：140天；上月是否在找工作：否,"基础信息：性别：男；年龄：52岁；城乡类型：城/镇中心
教育信息：教育程度：小学
婚姻信息：婚姻状况：离婚；是否有人以配偶身份同住：否；上半年独自居住天数：182天；上半年因不与别人同住而受影响程度：0
情绪信息：生活满意度：完全不满意；对子女满意度：完全不满意；因小事烦恼（过去一周）：大多数时候（5–7天）；感到抑郁（过去一周）：大多数时候（5–7天）；对未来抱有希望（过去一周）：几乎没有（<1天）；感到孤独（过去一周）：大多数时候（5–7天）；感到高兴（过去一周）：几乎没有（<1天）；睡眠不安（过去一周）：大多数时候（5–7天）
健康信息：自评健康状况：差；医生诊断慢性病：未报告上述疾病；身体疼痛程度：一点；上月平均每天实际睡眠小时数：3小时；是否因健康/残疾不能工作：没问题；是否因健康/残疾不能做家事：完全不能；多久接受他人帮助：从不
活动信息：高强度体力活动：否；中等强度体力活动：否；轻度体力活动：否；上月活动：以上都没有
上网信息：是否使用互联网：是；上网设备：手机；上网用途：聊天；是否用手机支付：否；是否使用微信：是；是否使用微信朋友圈：否
子女信息：子女总数：1个；健在子女数：1个；第1子女：是否工作/上学：工作；婚姻状况：已婚且配偶同住；过去一年同住月数：0个月；见面频率：每年；电话/短信/微信联系频率：几乎不见/不联系
工作信息：是否从事农业/家庭农活：无；是否已办理退休：否；是否在工作：否；过去一年总工作天数：140天；上月是否在找工作：否"
390,204906334002,基础信息：性别：男；年龄：50岁；城乡类型：农村,教育信息：教育程度：初中,婚姻信息：婚姻状况：已婚且配偶同住；过去一年与配偶同住月数：5个月；上半年独自居住天数：75天；上半年仅与配偶同住天数：90天；上半年因不与别人同住而受影响程度：100,情绪信息：生活满意度：有点满意；对子女满意度：很满意；因小事烦恼（过去一周）：少量（1–2天）；感到抑郁（过去一周）：几乎没有（<1天）；对未来抱有希望（过去一周）：大多数时候（5–7天）；感到孤独（过去一周）：几乎没有（<1天）；感到高兴（过去一周）：大多数时候（5–7天）；睡眠不安（过去一周）：大多数时候（5–7天）,健康信息：自评健康状况：好；医生诊断慢性病：未报告上述疾病；身体疼痛程度：无；上月平均每天实际睡眠小时数：8小时；是否因健康/残疾不能工作：没问题；是否因健康/残疾不能做家事：没问题；多久接受他人帮助：从不,活动信息：高强度体力活动：是；高强度体力活动目的：工作需要；中等强度体力活动：是；中等强度体力活动目的：其他；轻度体力活动：是；轻度体力活动目的：锻炼；上月活动：以上都没有,上网信息：是否使用互联网：是；上网设备：手机；上网用途：聊天、看新闻、看视频、玩游戏；是否用手机支付：是；是否使用微信：是；是否使用微信朋友圈：否,子女信息：子女总数：2个；健在子女数：2个；第1子女：是否工作/上学：工作；婚姻状况：未婚；过去一年同住月数：3个月；见面频率：每三月；电话/短信/微信联系频率：每周2–3次；第2子女：是否工作/上学：上学；婚姻状况：未婚；过去一年同住月数：3个月；见面频率：每周1次,工作信息：是否从事农业/家庭农活：无；是否已办理退休：否；是否在工作：是；过去一年总工作天数：192天,"基础信息：性别：男；年龄：50岁；城乡类型：农村
教育信息：教育程度：初中
婚姻信息：婚姻状况：已婚且配偶同住；过去一年与配偶同住月数：5个月；上半年独自居住天数：75天；上半年仅与配偶同住天数：90天；上半年因不与别人同住而受影响程度：100
情绪信息：生活满意度：有点满意；对子女满意度：很满意；因小事烦恼（过去一周）：少量（1–2天）；感到抑郁（过去一周）：几乎没有（<1天）；对未来抱有希望（过去一周）：大多数时候（5–7天）；感到孤独（过去一周）：几乎没有（<1天）；感到高兴（过去一周）：大多数时候（5–7天）；睡眠不安（过去一周）：大多数时候（5–7天）
健康信息：自评健康状况：好；医生诊断慢性病：未报告上述疾病；身体疼痛程度：无；上月平均每天实际睡眠小时数：8小时；是否因健康/残疾不能工作：没问题；是否因健康/残疾不能做家事：没问题；多久接受他人帮助：从不
活动信息：高强度体力活动：是；高强度体力活动目的：工作需要；中等强度体力活动：是；中等强度体力活动目的：其他；轻度体力活动：是；轻度体力活动目的：锻炼；上月活动：以上都没有
上网信息：是否使用互联网：是；上网设备：手机；上网用途：聊天、看新闻、看视频、玩游戏；是否用手机支付：是；是否使用微信：是；是否使用微信朋友圈：否
子女信息：子女总数：2个；健在子女数：2个；第1子女：是否工作/上学：工作；婚姻状况：未婚；过去一年同住月数：3个月；见面频率：每三月；电话/短信/微信联系频率：每周2–3次；第2子女：是否工作/上学：上学；婚姻状况：未婚；过去一年同住月数：3个月；见面频率：每周1次
工作信息：是否从事农业/家庭农活：无；是否已办理退休：否；是否在工作：是；过去一年总工作天数：192天"
391,244056227002,基础信息：性别：女；年龄：49岁；城乡类型：城乡结合部/镇乡,教育信息：教育程度：初中,婚姻信息：婚姻状况：已婚且配偶同住；过去一年与配偶同住月数：12个月；上半年独自居住天数：0天；上半年仅与配偶同住天数：0天,情绪信息：生活满意度：有点满意；对子女满意度：很满意；因小事烦恼（过去一周）：几乎没有（<1天）；感到抑郁（过去一周）：少量（1–2天）；对未来抱有希望（过去一周）：大多数时候（5–7天）；感到孤独（过去一周）：几乎没有（<1天）；感到高兴（过去一周）：有时/中等（3–4天）；睡眠不安（过去一周）：几乎没有（<1天）,健康信息：自评健康状况：好；医生诊断慢性病：未报告上述疾病；身体疼痛程度：无；上月平均每天实际睡眠小时数：5小时；是否因健康/残疾不能工作：没问题；是否因健康/残疾不能做家事：没问题；多久接受他人帮助：从不,活动信息：高强度体力活动：否；中等强度体力活动：是；中等强度体力活动目的：锻炼；轻度体力活动：是；轻度体力活动目的：锻炼；上月活动：参加运动/社交等俱乐部（几乎每周）,上网信息：是否使用互联网：是；上网设备：手机；上网用途：聊天、看新闻、看视频；是否用手机支付：是；是否使用微信：是；是否使用微信朋友圈：是,子女信息：子女总数：2个；健在子女数：2个；第1子女：是否工作/上学：工作；婚姻状况：已婚且配偶同住；过去一年同住月数：12个月；第2子女：是否工作/上学：上学；婚姻状况：未婚；过去一年同住月数：2个月；见面频率：每周1次,工作信息：是否从事农业/家庭农活：无；是否已办理退休：否；是否在工作：是；过去一年总工作天数：150天,"基础信息：性别：女；年龄：49岁；城乡类型：城乡结合部/镇乡
教育信息：教育程度：初中
婚姻信息：婚姻状况：已婚且配偶同住；过去一年与配偶同住月数：12个月；上半年独自居住天数：0天；上半年仅与配偶同住天数：0天
情绪信息：生活满意度：有点满意；对子女满意度：很满意；因小事烦恼（过去一周）：几乎没有（<1天）；感到抑郁（过去一周）：少量（1–2天）；对未来抱有希望（过去一周）：大多数时候（5–7天）；感到孤独（过去一周）：几乎没有（<1天）；感到高兴（过去一周）：有时/中等（3–4天）；睡眠不安（过去一周）：几乎没有（<1天）
健康信息：自评健康状况：好；医生诊断慢性病：未报告上述疾病；身体疼痛程度：无；上月平均每天实际睡眠小时数：5小时；是否因健康/残疾不能工作：没问题；是否因健康/残疾不能做家事：没问题；多久接受他人帮助：从不
活动信息：高强度体力活动：否；中等强度体力活动：是；中等强度体力活动目的：锻炼；轻度体力活动：是；轻度体力活动目的：锻炼；上月活动：参加运动/社交等俱乐部（几乎每周）
上网信息：是否使用互联网：是；上网设备：手机；上网用途：聊天、看新闻、看视频；是否用手机支付：是；是否使用微信：是；是否使用微信朋友圈：是
子女信息：子女总数：2个；健在子女数：2个；第1子女：是否工作/上学：工作；婚姻状况：已婚且配偶同住；过去一年同住月数：12个月；第2子女：是否工作/上学：上学；婚姻状况：未婚；过去一年同住月数：2个月；见面频率：每周1次
工作信息：是否从事农业/家庭农活：无；是否已办理退休：否；是否在工作：是；过去一年总工作天数：150天"
392,104004224001,基础信息：性别：女；年龄：57岁；城乡类型：城/镇中心,教育信息：教育程度：大专,婚姻信息：婚姻状况：已婚且配偶同住；过去一年与配偶同住月数：6个月；上半年独自居住天数：20天；上半年仅与配偶同住天数：120天；上半年因不与别人同住而受影响程度：30,情绪信息：生活满意度：很满意；对子女满意度：很满意；因小事烦恼（过去一周）：有时/中等（3–4天）；感到抑郁（过去一周）：少量（1–2天）；对未来抱有希望（过去一周）：大多数时候（5–7天）；感到孤独（过去一周）：少量（1–2天）；感到高兴（过去一周）：大多数时候（5–7天）；睡眠不安（过去一周）：少量（1–2天）,健康信息：自评健康状况：一般；医生诊断慢性病：未报告上述疾病；身体疼痛程度：有些；上月平均每天实际睡眠小时数：8小时；是否因健康/残疾不能工作：不能长时间工作；是否因健康/残疾不能做家事：不能长时间；多久接受他人帮助：从不,活动信息：高强度体力活动：否；中等强度体力活动：是；中等强度体力活动目的：其他；轻度体力活动：是；轻度体力活动目的：锻炼；上月活动：与朋友交往（几乎每天）、帮助不住一起的家人朋友邻居（不规律）、参加教育/培训课程（几乎每天）,上网信息：是否使用互联网：是；上网设备：手机；上网用途：其他；是否用手机支付：是；是否使用微信：是；是否使用微信朋友圈：是,子女信息：子女总数：1个；健在子女数：1个；第1子女：是否工作/上学：工作；婚姻状况：已婚且配偶同住；过去一年同住月数：0个月；见面频率：每月；电话/短信/微信联系频率：每周2–3次,工作信息：是否从事农业/家庭农活：无；是否在工作：否；过去一年总工作天数：0天；上月是否在找工作：否,"基础信息：性别：女；年龄：57岁；城乡类型：城/镇中心
教育信息：教育程度：大专
婚姻信息：婚姻状况：已婚且配偶同住；过去一年与配偶同住月数：6个月；上半年独自居住天数：20天；上半年仅与配偶同住天数：120天；上半年因不与别人同住而受影响程度：30
情绪信息：生活满意度：很满意；对子女满意度：很满意；因小事烦恼（过去一周）：有时/中等（3–4天）；感到抑郁（过去一周）：少量（1–2天）；对未来抱有希望（过去一周）：大多数时候（5–7天）；感到孤独（过去一周）：少量（1–2天）；感到高兴（过去一周）：大多数时候（5–7天）；睡眠不安（过去一周）：少量（1–2天）
健康信息：自评健康状况：一般；医生诊断慢性病：未报告上述疾病；身体疼痛程度：有些；上月平均每天实际睡眠小时数：8小时；是否因健康/残疾不能工作：不能长时间工作；是否因健康/残疾不能做家事：不能长时间；多久接受他人帮助：从不
活动信息：高强度体力活动：否；中等强度体力活动：是；中等强度体力活动目的：其他；轻度体力活动：是；轻度体力活动目的：锻炼；上月活动：与朋友交往（几乎每天）、帮助不住一起的家人朋友邻居（不规律）、参加教育/培训课程（几乎每天）
上网信息：是否使用互联网：是；上网设备：手机；上网用途：其他；是否用手机支付：是；是否使用微信：是；是否使用微信朋友圈：是
子女信息：子女总数：1个；健在子女数：1个；第1子女：是否工作/上学：工作；婚姻状况：已婚且配偶同住；过去一年同住月数：0个月；见面频率：每月；电话/短信/微信联系频率：每周2–3次
工作信息：是否从事农业/家庭农活：无；是否在工作：否；过去一年总工作天数：0天；上月是否在找工作：否"
393,326346306002,基础信息：性别：女；年龄：70岁；城乡类型：农村,教育信息：教育程度：未受教育,婚姻信息：婚姻状况：丧偶；是否有人以配偶身份同住：否；上半年独自居住天数：150天；上半年因不与别人同住而受影响程度：0,情绪信息：生活满意度：不太满意；对子女满意度：不太满意；因小事烦恼（过去一周）：少量（1–2天）；感到抑郁（过去一周）：少量（1–2天）；对未来抱有希望（过去一周）：少量（1–2天）；感到孤独（过去一周）：少量（1–2天）；感到高兴（过去一周）：几乎没有（<1天）；睡眠不安（过去一周）：少量（1–2天）,健康信息：自评健康状况：很好；医生诊断慢性病：记忆相关疾病、白内障或其他视力问题；身体疼痛程度：一点；上月平均每天实际睡眠小时数：3小时；是否因健康/残疾不能工作：不能长时间工作；是否因健康/残疾不能做家事：不能长时间；多久接受他人帮助：从不,活动信息：高强度体力活动：否；中等强度体力活动：否；轻度体力活动：否；上月活动：以上都没有,上网信息：是否使用互联网：否,子女信息：子女总数：2个；健在子女数：2个；第1子女：是否工作/上学：工作；婚姻状况：已婚且配偶同住；过去一年同住月数：0个月；见面频率：几乎每天；第2子女：是否工作/上学：工作；婚姻状况：分居；过去一年同住月数：0个月；见面频率：每半年；电话/短信/微信联系频率：每月,工作信息：是否从事农业/家庭农活：有；是否已办理退休：否；是否在工作：是；过去一年总工作天数：30天,"基础信息：性别：女；年龄：70岁；城乡类型：农村
教育信息：教育程度：未受教育
婚姻信息：婚姻状况：丧偶；是否有人以配偶身份同住：否；上半年独自居住天数：150天；上半年因不与别人同住而受影响程度：0
情绪信息：生活满意度：不太满意；对子女满意度：不太满意；因小事烦恼（过去一周）：少量（1–2天）；感到抑郁（过去一周）：少量（1–2天）；对未来抱有希望（过去一周）：少量（1–2天）；感到孤独（过去一周）：少量（1–2天）；感到高兴（过去一周）：几乎没有（<1天）；睡眠不安（过去一周）：少量（1–2天）
健康信息：自评健康状况：很好；医生诊断慢性病：记忆相关疾病、白内障或其他视力问题；身体疼痛程度：一点；上月平均每天实际睡眠小时数：3小时；是否因健康/残疾不能工作：不能长时间工作；是否因健康/残疾不能做家事：不能长时间；多久接受他人帮助：从不
活动信息：高强度体力活动：否；中等强度体力活动：否；轻度体力活动：否；上月活动：以上都没有
上网信息：是否使用互联网：否
子女信息：子女总数：2个；健在子女数：2个；第1子女：是否工作/上学：工作；婚姻状况：已婚且配偶同住；过去一年同住月数：0个月；见面频率：几乎每天；第2子女：是否工作/上学：工作；婚姻状况：分居；过去一年同住月数：0个月；见面频率：每半年；电话/短信/微信联系频率：每月
工作信息：是否从事农业/家庭农活：有；是否已办理退休：否；是否在工作：是；过去一年总工作天数：30天"
394,10206213003,基础信息：性别：女；年龄：62岁；城乡类型：农村,教育信息：教育程度：未受教育,婚姻信息：婚姻状况：已婚且配偶同住；过去一年与配偶同住月数：12个月；上半年独自居住天数：0天；上半年仅与配偶同住天数：2天；上半年因不与别人同住而受影响程度：0,情绪信息：生活满意度：很满意；对子女满意度：很满意；因小事烦恼（过去一周）：几乎没有（<1天）；感到抑郁（过去一周）：有时/中等（3–4天）；对未来抱有希望（过去一周）：几乎没有（<1天）；感到孤独（过去一周）：几乎没有（<1天）；感到高兴（过去一周）：大多数时候（5–7天）；睡眠不安（过去一周）：几乎没有（<1天）,健康信息：自评健康状况：差；医生诊断慢性病：未报告上述疾病；身体疼痛程度：一点；上月平均每天实际睡眠小时数：6小时；是否因健康/残疾不能工作：不能长时间工作；是否因健康/残疾不能做家事：不能长时间；多久接受他人帮助：从不,活动信息：高强度体力活动：否；中等强度体力活动：是；中等强度体力活动目的：工作需要；轻度体力活动：是；轻度体力活动目的：锻炼；上月活动：以上都没有,上网信息：是否使用互联网：否,子女信息：子女总数：4个；健在子女数：4个；第1子女：是否工作/上学：工作；婚姻状况：已婚且配偶同住；过去一年同住月数：12个月；第2子女：是否工作/上学：工作；婚姻状况：已婚且配偶同住；过去一年同住月数：0个月；见面频率：几乎每天,工作信息：是否从事农业/家庭农活：有；是否已办理退休：否；是否在工作：是；过去一年总工作天数：120天,"基础信息：性别：女；年龄：62岁；城乡类型：农村
教育信息：教育程度：未受教育
婚姻信息：婚姻状况：已婚且配偶同住；过去一年与配偶同住月数：12个月；上半年独自居住天数：0天；上半年仅与配偶同住天数：2天；上半年因不与别人同住而受影响程度：0
情绪信息：生活满意度：很满意；对子女满意度：很满意；因小事烦恼（过去一周）：几乎没有（<1天）；感到抑郁（过去一周）：有时/中等（3–4天）；对未来抱有希望（过去一周）：几乎没有（<1天）；感到孤独（过去一周）：几乎没有（<1天）；感到高兴（过去一周）：大多数时候（5–7天）；睡眠不安（过去一周）：几乎没有（<1天）
健康信息：自评健康状况：差；医生诊断慢性病：未报告上述疾病；身体疼痛程度：一点；上月平均每天实际睡眠小时数：6小时；是否因健康/残疾不能工作：不能长时间工作；是否因健康/残疾不能做家事：不能长时间；多久接受他人帮助：从不
活动信息：高强度体力活动：否；中等强度体力活动：是；中等强度体力活动目的：工作需要；轻度体力活动：是；轻度体力活动目的：锻炼；上月活动：以上都没有
上网信息：是否使用互联网：否
子女信息：子女总数：4个；健在子女数：4个；第1子女：是否工作/上学：工作；婚姻状况：已婚且配偶同住；过去一年同住月数：12个月；第2子女：是否工作/上学：工作；婚姻状况：已婚且配偶同住；过去一年同住月数：0个月；见面频率：几乎每天
工作信息：是否从事农业/家庭农活：有；是否已办理退休：否；是否在工作：是；过去一年总工作天数：120天"
395,31106228001,基础信息：性别：女；年龄：56岁；城乡类型：农村,教育信息：教育程度：未受教育,婚姻信息：婚姻状况：已婚且配偶同住；过去一年与配偶同住月数：12个月；上半年独自居住天数：0天；上半年仅与配偶同住天数：0天,情绪信息：生活满意度：有点满意；对子女满意度：有点满意；因小事烦恼（过去一周）：几乎没有（<1天）；感到抑郁（过去一周）：几乎没有（<1天）；对未来抱有希望（过去一周）：大多数时候（5–7天）；感到孤独（过去一周）：几乎没有（<1天）；感到高兴（过去一周）：大多数时候（5–7天）；睡眠不安（过去一周）：几乎没有（<1天）,健康信息：自评健康状况：很好；医生诊断慢性病：记忆相关疾病；身体疼痛程度：一点；上月平均每天实际睡眠小时数：8小时；是否因健康/残疾不能工作：没问题；是否因健康/残疾不能做家事：没问题；多久接受他人帮助：从不,活动信息：高强度体力活动：是；高强度体力活动目的：工作需要；中等强度体力活动：是；中等强度体力活动目的：其他；轻度体力活动：是；轻度体力活动目的：锻炼；上月活动：以上都没有,上网信息：是否使用互联网：是；上网设备：手机；上网用途：聊天、看视频；是否用手机支付：否；是否使用微信：是；是否使用微信朋友圈：否,子女信息：子女总数：3个；健在子女数：3个；第1子女：是否工作/上学：工作；婚姻状况：已婚且配偶同住；过去一年同住月数：0个月；见面频率：每半年；电话/短信/微信联系频率：几乎不见/不联系；第2子女：是否工作/上学：工作；婚姻状况：已婚且配偶同住；过去一年同住月数：2个月；见面频率：每月；电话/短信/微信联系频率：每月,工作信息：是否从事农业/家庭农活：有；是否在工作：是；过去一年总工作天数：365天,"基础信息：性别：女；年龄：56岁；城乡类型：农村
教育信息：教育程度：未受教育
婚姻信息：婚姻状况：已婚且配偶同住；过去一年与配偶同住月数：12个月；上半年独自居住天数：0天；上半年仅与配偶同住天数：0天
情绪信息：生活满意度：有点满意；对子女满意度：有点满意；因小事烦恼（过去一周）：几乎没有（<1天）；感到抑郁（过去一周）：几乎没有（<1天）；对未来抱有希望（过去一周）：大多数时候（5–7天）；感到孤独（过去一周）：几乎没有（<1天）；感到高兴（过去一周）：大多数时候（5–7天）；睡眠不安（过去一周）：几乎没有（<1天）
健康信息：自评健康状况：很好；医生诊断慢性病：记忆相关疾病；身体疼痛程度：一点；上月平均每天实际睡眠小时数：8小时；是否因健康/残疾不能工作：没问题；是否因健康/残疾不能做家事：没问题；多久接受他人帮助：从不
活动信息：高强度体力活动：是；高强度体力活动目的：工作需要；中等强度体力活动：是；中等强度体力活动目的：其他；轻度体力活动：是；轻度体力活动目的：锻炼；上月活动：以上都没有
上网信息：是否使用互联网：是；上网设备：手机；上网用途：聊天、看视频；是否用手机支付：否；是否使用微信：是；是否使用微信朋友圈：否
子女信息：子女总数：3个；健在子女数：3个；第1子女：是否工作/上学：工作；婚姻状况：已婚且配偶同住；过去一年同住月数：0个月；见面频率：每半年；电话/短信/微信联系频率：几乎不见/不联系；第2子女：是否工作/上学：工作；婚姻状况：已婚且配偶同住；过去一年同住月数：2个月；见面频率：每月；电话/短信/微信联系频率：每月
工作信息：是否从事农业/家庭农活：有；是否在工作：是；过去一年总工作天数：365天"
396,321116108002,基础信息：性别：男；年龄：76岁；城乡类型：城/镇中心,教育信息：教育程度：初中,婚姻信息：婚姻状况：已婚且配偶同住；过去一年与配偶同住月数：12个月；上半年独自居住天数：0天；上半年仅与配偶同住天数：0天,情绪信息：生活满意度：完全不满意；对子女满意度：完全不满意；因小事烦恼（过去一周）：大多数时候（5–7天）；感到抑郁（过去一周）：大多数时候（5–7天）；对未来抱有希望（过去一周）：几乎没有（<1天）；感到孤独（过去一周）：大多数时候（5–7天）；感到高兴（过去一周）：几乎没有（<1天）；睡眠不安（过去一周）：几乎没有（<1天）,健康信息：自评健康状况：很差；医生诊断慢性病：肝脏疾病、记忆相关疾病；身体疼痛程度：无；上月平均每天实际睡眠小时数：4小时；是否因健康/残疾不能工作：完全不能工作；多久接受他人帮助：偶尔,活动信息：高强度体力活动：否；中等强度体力活动：否；轻度体力活动：是；轻度体力活动目的：锻炼；上月活动：以上都没有,上网信息：是否使用互联网：否,子女信息：子女总数：2个；健在子女数：2个；第1子女：是否工作/上学：工作；婚姻状况：已婚且配偶同住；过去一年同住月数：0个月；见面频率：每周2–3次；第2子女：是否工作/上学：工作；婚姻状况：已婚且配偶同住；过去一年同住月数：0个月；见面频率：每周2–3次,工作信息：是否从事农业/家庭农活：无；是否在工作：否；过去一年总工作天数：0天；上月是否在找工作：否,"基础信息：性别：男；年龄：76岁；城乡类型：城/镇中心
教育信息：教育程度：初中
婚姻信息：婚姻状况：已婚且配偶同住；过去一年与配偶同住月数：12个月；上半年独自居住天数：0天；上半年仅与配偶同住天数：0天
情绪信息：生活满意度：完全不满意；对子女满意度：完全不满意；因小事烦恼（过去一周）：大多数时候（5–7天）；感到抑郁（过去一周）：大多数时候（5–7天）；对未来抱有希望（过去一周）：几乎没有（<1天）；感到孤独（过去一周）：大多数时候（5–7天）；感到高兴（过去一周）：几乎没有（<1天）；睡眠不安（过去一周）：几乎没有（<1天）
健康信息：自评健康状况：很差；医生诊断慢性病：肝脏疾病、记忆相关疾病；身体疼痛程度：无；上月平均每天实际睡眠小时数：4小时；是否因健康/残疾不能工作：完全不能工作；多久接受他人帮助：偶尔
活动信息：高强度体力活动：否；中等强度体力活动：否；轻度体力活动：是；轻度体力活动目的：锻炼；上月活动：以上都没有
上网信息：是否使用互联网：否
子女信息：子女总数：2个；健在子女数：2个；第1子女：是否工作/上学：工作；婚姻状况：已婚且配偶同住；过去一年同住月数：0个月；见面频率：每周2–3次；第2子女：是否工作/上学：工作；婚姻状况：已婚且配偶同住；过去一年同住月数：0个月；见面频率：每周2–3次
工作信息：是否从事农业/家庭农活：无；是否在工作：否；过去一年总工作天数：0天；上月是否在找工作：否"
397,114604309002,基础信息：性别：女；年龄：55岁；现居住地地址类型：家庭住房；城乡类型：农村,教育信息：教育程度：初中,婚姻信息：婚姻状况：已婚且配偶同住；过去一年与配偶同住月数：3个月；上半年独自居住天数：0天；上半年仅与配偶同住天数：15天；上半年因不与别人同住而受影响程度：0,情绪信息：生活满意度：有点满意；对子女满意度：有点满意；因小事烦恼（过去一周）：少量（1–2天）；感到抑郁（过去一周）：少量（1–2天）；对未来抱有希望（过去一周）：有时/中等（3–4天）；感到孤独（过去一周）：几乎没有（<1天）；感到高兴（过去一周）：有时/中等（3–4天）；睡眠不安（过去一周）：少量（1–2天）,健康信息：自评健康状况：好；医生诊断慢性病：未报告上述疾病；身体疼痛程度：有些；上月平均每天实际睡眠小时数：9小时；是否因健康/残疾不能工作：不能长时间工作；是否因健康/残疾不能做家事：不能长时间；多久接受他人帮助：从不,活动信息：高强度体力活动：是；高强度体力活动目的：其他；中等强度体力活动：是；中等强度体力活动目的：锻炼；轻度体力活动：是；轻度体力活动目的：锻炼；上月活动：与朋友交往（不规律）、帮助不住一起的家人朋友邻居（不规律）,上网信息：是否使用互联网：否,子女信息：子女总数：1个；健在子女数：1个；第1子女：是否工作/上学：工作；婚姻状况：已婚且配偶同住；过去一年同住月数：0个月；见面频率：每年；电话/短信/微信联系频率：每月,工作信息：是否从事农业/家庭农活：有；是否已办理退休：否；是否在工作：是；过去一年总工作天数：200天,"基础信息：性别：女；年龄：55岁；现居住地地址类型：家庭住房；城乡类型：农村
教育信息：教育程度：初中
婚姻信息：婚姻状况：已婚且配偶同住；过去一年与配偶同住月数：3个月；上半年独自居住天数：0天；上半年仅与配偶同住天数：15天；上半年因不与别人同住而受影响程度：0
情绪信息：生活满意度：有点满意；对子女满意度：有点满意；因小事烦恼（过去一周）：少量（1–2天）；感到抑郁（过去一周）：少量（1–2天）；对未来抱有希望（过去一周）：有时/中等（3–4天）；感到孤独（过去一周）：几乎没有（<1天）；感到高兴（过去一周）：有时/中等（3–4天）；睡眠不安（过去一周）：少量（1–2天）
健康信息：自评健康状况：好；医生诊断慢性病：未报告上述疾病；身体疼痛程度：有些；上月平均每天实际睡眠小时数：9小时；是否因健康/残疾不能工作：不能长时间工作；是否因健康/残疾不能做家事：不能长时间；多久接受他人帮助：从不
活动信息：高强度体力活动：是；高强度体力活动目的：其他；中等强度体力活动：是；中等强度体力活动目的：锻炼；轻度体力活动：是；轻度体力活动目的：锻炼；上月活动：与朋友交往（不规律）、帮助不住一起的家人朋友邻居（不规律）
上网信息：是否使用互联网：否
子女信息：子女总数：1个；健在子女数：1个；第1子女：是否工作/上学：工作；婚姻状况：已婚且配偶同住；过去一年同住月数：0个月；见面频率：每年；电话/短信/微信联系频率：每月
工作信息：是否从事农业/家庭农活：有；是否已办理退休：否；是否在工作：是；过去一年总工作天数：200天"
398,150478101002,基础信息：性别：男；年龄：51岁；城乡类型：农村,教育信息：教育程度：高中,婚姻信息：婚姻状况：已婚且配偶同住；过去一年与配偶同住月数：12个月；上半年独自居住天数：0天；上半年仅与配偶同住天数：156天；上半年因不与别人同住而受影响程度：0,情绪信息：生活满意度：很满意；对子女满意度：很满意；因小事烦恼（过去一周）：几乎没有（<1天）；感到抑郁（过去一周）：几乎没有（<1天）；对未来抱有希望（过去一周）：大多数时候（5–7天）；感到孤独（过去一周）：几乎没有（<1天）；感到高兴（过去一周）：大多数时候（5–7天）；睡眠不安（过去一周）：几乎没有（<1天）,健康信息：自评健康状况：很好；医生诊断慢性病：血脂异常；身体疼痛程度：无；上月平均每天实际睡眠小时数：7小时；是否因健康/残疾不能工作：没问题；是否因健康/残疾不能做家事：没问题；多久接受他人帮助：从不,活动信息：高强度体力活动：是；高强度体力活动目的：锻炼；中等强度体力活动：是；中等强度体力活动目的：锻炼；轻度体力活动：是；轻度体力活动目的：锻炼；上月活动：与朋友交往（不规律）,上网信息：是否使用互联网：是；上网设备：手机；上网用途：聊天、看新闻、看视频；是否用手机支付：是；是否使用微信：是；是否使用微信朋友圈：否,子女信息：子女总数：3个；健在子女数：3个；第1子女：是否工作/上学：工作；婚姻状况：未婚；过去一年同住月数：0个月；见面频率：每周1次；第2子女：是否工作/上学：工作；婚姻状况：已婚且配偶同住；过去一年同住月数：0个月；见面频率：每两周；电话/短信/微信联系频率：每周1次,工作信息：是否从事农业/家庭农活：无；是否已办理退休：否；是否在工作：否；过去一年总工作天数：120天；上月是否在找工作：否,"基础信息：性别：男；年龄：51岁；城乡类型：农村
教育信息：教育程度：高中
婚姻信息：婚姻状况：已婚且配偶同住；过去一年与配偶同住月数：12个月；上半年独自居住天数：0天；上半年仅与配偶同住天数：156天；上半年因不与别人同住而受影响程度：0
情绪信息：生活满意度：很满意；对子女满意度：很满意；因小事烦恼（过去一周）：几乎没有（<1天）；感到抑郁（过去一周）：几乎没有（<1天）；对未来抱有希望（过去一周）：大多数时候（5–7天）；感到孤独（过去一周）：几乎没有（<1天）；感到高兴（过去一周）：大多数时候（5–7天）；睡眠不安（过去一周）：几乎没有（<1天）
健康信息：自评健康状况：很好；医生诊断慢性病：血脂异常；身体疼痛程度：无；上月平均每天实际睡眠小时数：7小时；是否因健康/残疾不能工作：没问题；是否因健康/残疾不能做家事：没问题；多久接受他人帮助：从不
活动信息：高强度体力活动：是；高强度体力活动目的：锻炼；中等强度体力活动：是；中等强度体力活动目的：锻炼；轻度体力活动：是；轻度体力活动目的：锻炼；上月活动：与朋友交往（不规律）
上网信息：是否使用互联网：是；上网设备：手机；上网用途：聊天、看新闻、看视频；是否用手机支付：是；是否使用微信：是；是否使用微信朋友圈：否
子女信息：子女总数：3个；健在子女数：3个；第1子女：是否工作/上学：工作；婚姻状况：未婚；过去一年同住月数：0个月；见面频率：每周1次；第2子女：是否工作/上学：工作；婚姻状况：已婚且配偶同住；过去一年同住月数：0个月；见面频率：每两周；电话/短信/微信联系频率：每周1次
工作信息：是否从事农业/家庭农活：无；是否已办理退休：否；是否在工作：否；过去一年总工作天数：120天；上月是否在找工作：否"
399,34043312001,基础信息：性别：男；年龄：55岁；城乡类型：农村,教育信息：教育程度：小学,婚姻信息：婚姻状况：已婚且配偶同住；过去一年与配偶同住月数：12个月；上半年独自居住天数：0天；上半年仅与配偶同住天数：0天；上半年因不与别人同住而受影响程度：0,情绪信息：生活满意度：有点满意；对子女满意度：有点满意；因小事烦恼（过去一周）：有时/中等（3–4天）；对未来抱有希望（过去一周）：有时/中等（3–4天）；感到孤独（过去一周）：有时/中等（3–4天）；感到高兴（过去一周）：有时/中等（3–4天）；睡眠不安（过去一周）：有时/中等（3–4天）,健康信息：自评健康状况：一般；医生诊断慢性病：记忆相关疾病；身体疼痛程度：一点；上月平均每天实际睡眠小时数：6小时；是否因健康/残疾不能工作：不能长时间工作；是否因健康/残疾不能做家事：没问题；多久接受他人帮助：从不,活动信息：高强度体力活动：是；高强度体力活动目的：工作需要；中等强度体力活动：是；中等强度体力活动目的：工作需要；轻度体力活动：是；轻度体力活动目的：工作需要；上月活动：帮助不住一起的家人朋友邻居（不规律）,上网信息：是否使用互联网：是；上网设备：手机；上网用途：其他；是否用手机支付：否；是否使用微信：否,子女信息：子女总数：3个；健在子女数：3个；第1子女：是否工作/上学：工作；婚姻状况：已婚且配偶同住；过去一年同住月数：2个月；见面频率：每半年；电话/短信/微信联系频率：几乎每天；第2子女：是否工作/上学：工作；婚姻状况：已婚且配偶同住；过去一年同住月数：0个月；见面频率：每半年；电话/短信/微信联系频率：每周2–3次,工作信息：是否从事农业/家庭农活：有；是否已办理退休：否；是否在工作：是；过去一年总工作天数：90天,"基础信息：性别：男；年龄：55岁；城乡类型：农村
教育信息：教育程度：小学
婚姻信息：婚姻状况：已婚且配偶同住；过去一年与配偶同住月数：12个月；上半年独自居住天数：0天；上半年仅与配偶同住天数：0天；上半年因不与别人同住而受影响程度：0
情绪信息：生活满意度：有点满意；对子女满意度：有点满意；因小事烦恼（过去一周）：有时/中等（3–4天）；对未来抱有希望（过去一周）：有时/中等（3–4天）；感到孤独（过去一周）：有时/中等（3–4天）；感到高兴（过去一周）：有时/中等（3–4天）；睡眠不安（过去一周）：有时/中等（3–4天）
健康信息：自评健康状况：一般；医生诊断慢性病：记忆相关疾病；身体疼痛程度：一点；上月平均每天实际睡眠小时数：6小时；是否因健康/残疾不能工作：不能长时间工作；是否因健康/残疾不能做家事：没问题；多久接受他人帮助：从不
活动信息：高强度体力活动：是；高强度体力活动目的：工作需要；中等强度体力活动：是；中等强度体力活动目的：工作需要；轻度体力活动：是；轻度体力活动目的：工作需要；上月活动：帮助不住一起的家人朋友邻居（不规律）
上网信息：是否使用互联网：是；上网设备：手机；上网用途：其他；是否用手机支付：否；是否使用微信：否
子女信息：子女总数：3个；健在子女数：3个；第1子女：是否工作/上学：工作；婚姻状况：已婚且配偶同住；过去一年同住月数：2个月；见面频率：每半年；电话/短信/微信联系频率：几乎每天；第2子女：是否工作/上学：工作；婚姻状况：已婚且配偶同住；过去一年同住月数：0个月；见面频率：每半年；电话/短信/微信联系频率：每周2–3次
工作信息：是否从事农业/家庭农活：有；是否已办理退休：否；是否在工作：是；过去一年总工作天数：90天"
400,74631201001,基础信息：性别：男；年龄：64岁；城乡类型：农村,教育信息：教育程度：未受教育,婚姻信息：婚姻状况：丧偶；是否有人以配偶身份同住：否；上半年独自居住天数：180天；上半年因不与别人同住而受影响程度：0,情绪信息：生活满意度：不太满意；对子女满意度：很满意；因小事烦恼（过去一周）：大多数时候（5–7天）；感到抑郁（过去一周）：大多数时候（5–7天）；对未来抱有希望（过去一周）：大多数时候（5–7天）；感到孤独（过去一周）：大多数时候（5–7天）；感到高兴（过去一周）：大多数时候（5–7天）；睡眠不安（过去一周）：大多数时候（5–7天）,健康信息：自评健康状况：差；医生诊断慢性病：未报告上述疾病；身体疼痛程度：非常；上月平均每天实际睡眠小时数：0小时；是否因健康/残疾不能工作：完全不能工作；多久接受他人帮助：从不,活动信息：高强度体力活动：否；中等强度体力活动：否；轻度体力活动：否；上月活动：以上都没有,上网信息：是否使用互联网：否,子女信息：子女总数：2个；健在子女数：2个；第1子女：是否工作/上学：工作；婚姻状况：已婚且配偶同住；过去一年同住月数：0个月；见面频率：几乎不见/不联系；电话/短信/微信联系频率：每月；第2子女：是否工作/上学：工作；婚姻状况：已婚且配偶同住；过去一年同住月数：1个月；见面频率：每三月；电话/短信/微信联系频率：每三月,工作信息：是否从事农业/家庭农活：无；是否已办理退休：否；是否在工作：否；过去一年总工作天数：0天；上月是否在找工作：否,"基础信息：性别：男；年龄：64岁；城乡类型：农村
教育信息：教育程度：未受教育
婚姻信息：婚姻状况：丧偶；是否有人以配偶身份同住：否；上半年独自居住天数：180天；上半年因不与别人同住而受影响程度：0
情绪信息：生活满意度：不太满意；对子女满意度：很满意；因小事烦恼（过去一周）：大多数时候（5–7天）；感到抑郁（过去一周）：大多数时候（5–7天）；对未来抱有希望（过去一周）：大多数时候（5–7天）；感到孤独（过去一周）：大多数时候（5–7天）；感到高兴（过去一周）：大多数时候（5–7天）；睡眠不安（过去一周）：大多数时候（5–7天）
健康信息：自评健康状况：差；医生诊断慢性病：未报告上述疾病；身体疼痛程度：非常；上月平均每天实际睡眠小时数：0小时；是否因健康/残疾不能工作：完全不能工作；多久接受他人帮助：从不
活动信息：高强度体力活动：否；中等强度体力活动：否；轻度体力活动：否；上月活动：以上都没有
上网信息：是否使用互联网：否
子女信息：子女总数：2个；健在子女数：2个；第1子女：是否工作/上学：工作；婚姻状况：已婚且配偶同住；过去一年同住月数：0个月；见面频率：几乎不见/不联系；电话/短信/微信联系频率：每月；第2子女：是否工作/上学：工作；婚姻状况：已婚且配偶同住；过去一年同住月数：1个月；见面频率：每三月；电话/短信/微信联系频率：每三月
工作信息：是否从事农业/家庭农活：无；是否已办理退休：否；是否在工作：否；过去一年总工作天数：0天；上月是否在找工作：否"
401,207406110001,基础信息：性别：男；年龄：54岁；城乡类型：农村,教育信息：教育程度：未读完小学,婚姻信息：婚姻状况：已婚暂分居；过去一年与配偶同住月数：10个月；上半年独自居住天数：180天；上半年仅与配偶同住天数：0天；上半年因不与别人同住而受影响程度：0,情绪信息：生活满意度：有点满意；对子女满意度：有点满意；因小事烦恼（过去一周）：几乎没有（<1天）；感到抑郁（过去一周）：几乎没有（<1天）；对未来抱有希望（过去一周）：几乎没有（<1天）；感到孤独（过去一周）：几乎没有（<1天）；感到高兴（过去一周）：有时/中等（3–4天）；睡眠不安（过去一周）：几乎没有（<1天）,健康信息：自评健康状况：一般；医生诊断慢性病：慢性肺部疾病；身体疼痛程度：无；上月平均每天实际睡眠小时数：8小时；是否因健康/残疾不能工作：没问题；是否因健康/残疾不能做家事：没问题；多久接受他人帮助：从不,活动信息：高强度体力活动：是；高强度体力活动目的：工作需要；中等强度体力活动：是；中等强度体力活动目的：其他；轻度体力活动：是；轻度体力活动目的：工作需要；上月活动：以上都没有,上网信息：是否使用互联网：否,子女信息：子女总数：2个；健在子女数：2个；第1子女：是否工作/上学：工作；婚姻状况：已婚且配偶同住；过去一年同住月数：12个月；第2子女：是否工作/上学：工作；婚姻状况：已婚且配偶同住；过去一年同住月数：0个月；见面频率：每两周；电话/短信/微信联系频率：每周1次,工作信息：是否从事农业/家庭农活：有；是否已办理退休：否；是否在工作：是；过去一年总工作天数：360天,"基础信息：性别：男；年龄：54岁；城乡类型：农村
教育信息：教育程度：未读完小学
婚姻信息：婚姻状况：已婚暂分居；过去一年与配偶同住月数：10个月；上半年独自居住天数：180天；上半年仅与配偶同住天数：0天；上半年因不与别人同住而受影响程度：0
情绪信息：生活满意度：有点满意；对子女满意度：有点满意；因小事烦恼（过去一周）：几乎没有（<1天）；感到抑郁（过去一周）：几乎没有（<1天）；对未来抱有希望（过去一周）：几乎没有（<1天）；感到孤独（过去一周）：几乎没有（<1天）；感到高兴（过去一周）：有时/中等（3–4天）；睡眠不安（过去一周）：几乎没有（<1天）
健康信息：自评健康状况：一般；医生诊断慢性病：慢性肺部疾病；身体疼痛程度：无；上月平均每天实际睡眠小时数：8小时；是否因健康/残疾不能工作：没问题；是否因健康/残疾不能做家事：没问题；多久接受他人帮助：从不
活动信息：高强度体力活动：是；高强度体力活动目的：工作需要；中等强度体力活动：是；中等强度体力活动目的：其他；轻度体力活动：是；轻度体力活动目的：工作需要；上月活动：以上都没有
上网信息：是否使用互联网：否
子女信息：子女总数：2个；健在子女数：2个；第1子女：是否工作/上学：工作；婚姻状况：已婚且配偶同住；过去一年同住月数：12个月；第2子女：是否工作/上学：工作；婚姻状况：已婚且配偶同住；过去一年同住月数：0个月；见面频率：每两周；电话/短信/微信联系频率：每周1次
工作信息：是否从事农业/家庭农活：有；是否已办理退休：否；是否在工作：是；过去一年总工作天数：360天"
402,166006108001,基础信息：性别：男；年龄：86岁；城乡类型：农村,教育信息：教育程度：未受教育,婚姻信息：婚姻状况：丧偶；是否有人以配偶身份同住：否；上半年独自居住天数：0天,情绪信息：生活满意度：很满意；对子女满意度：很满意；因小事烦恼（过去一周）：几乎没有（<1天）；感到抑郁（过去一周）：几乎没有（<1天）；对未来抱有希望（过去一周）：几乎没有（<1天）；感到孤独（过去一周）：几乎没有（<1天）；感到高兴（过去一周）：少量（1–2天）；睡眠不安（过去一周）：几乎没有（<1天）,健康信息：自评健康状况：好；医生诊断慢性病：未报告上述疾病；身体疼痛程度：无；上月平均每天实际睡眠小时数：9小时；是否因健康/残疾不能工作：完全不能工作；多久接受他人帮助：从不,活动信息：高强度体力活动：否；中等强度体力活动：否；轻度体力活动：是；轻度体力活动目的：锻炼；上月活动：与朋友交往（几乎每天）,上网信息：是否使用互联网：否,子女信息：子女总数：5个；健在子女数：5个；第1子女：是否工作/上学：工作；婚姻状况：已婚且配偶同住；过去一年同住月数：0个月；见面频率：几乎每天；第2子女：是否工作/上学：工作；婚姻状况：已婚且配偶同住；过去一年同住月数：0个月；见面频率：每月；电话/短信/微信联系频率：几乎不见/不联系,工作信息：是否从事农业/家庭农活：无；是否已办理退休：否；是否在工作：否；过去一年总工作天数：0天；上月是否在找工作：否,"基础信息：性别：男；年龄：86岁；城乡类型：农村
教育信息：教育程度：未受教育
婚姻信息：婚姻状况：丧偶；是否有人以配偶身份同住：否；上半年独自居住天数：0天
情绪信息：生活满意度：很满意；对子女满意度：很满意；因小事烦恼（过去一周）：几乎没有（<1天）；感到抑郁（过去一周）：几乎没有（<1天）；对未来抱有希望（过去一周）：几乎没有（<1天）；感到孤独（过去一周）：几乎没有（<1天）；感到高兴（过去一周）：少量（1–2天）；睡眠不安（过去一周）：几乎没有（<1天）
健康信息：自评健康状况：好；医生诊断慢性病：未报告上述疾病；身体疼痛程度：无；上月平均每天实际睡眠小时数：9小时；是否因健康/残疾不能工作：完全不能工作；多久接受他人帮助：从不
活动信息：高强度体力活动：否；中等强度体力活动：否；轻度体力活动：是；轻度体力活动目的：锻炼；上月活动：与朋友交往（几乎每天）
上网信息：是否使用互联网：否
子女信息：子女总数：5个；健在子女数：5个；第1子女：是否工作/上学：工作；婚姻状况：已婚且配偶同住；过去一年同住月数：0个月；见面频率：几乎每天；第2子女：是否工作/上学：工作；婚姻状况：已婚且配偶同住；过去一年同住月数：0个月；见面频率：每月；电话/短信/微信联系频率：几乎不见/不联系
工作信息：是否从事农业/家庭农活：无；是否已办理退休：否；是否在工作：否；过去一年总工作天数：0天；上月是否在找工作：否"
403,14051307002,基础信息：性别：女；年龄：56岁；城乡类型：农村,教育信息：教育程度：高中,婚姻信息：婚姻状况：已婚且配偶同住；过去一年与配偶同住月数：12个月；上半年独自居住天数：0天；上半年仅与配偶同住天数：0天,情绪信息：生活满意度：有点满意；对子女满意度：很满意；因小事烦恼（过去一周）：几乎没有（<1天）；感到抑郁（过去一周）：几乎没有（<1天）；对未来抱有希望（过去一周）：有时/中等（3–4天）；感到孤独（过去一周）：几乎没有（<1天）；感到高兴（过去一周）：有时/中等（3–4天）；睡眠不安（过去一周）：几乎没有（<1天）,健康信息：自评健康状况：一般；医生诊断慢性病：未报告上述疾病；身体疼痛程度：有些；上月平均每天实际睡眠小时数：8小时；是否因健康/残疾不能工作：不能长时间工作；是否因健康/残疾不能做家事：不能长时间；多久接受他人帮助：从不,活动信息：高强度体力活动：否；中等强度体力活动：是；中等强度体力活动目的：工作需要；轻度体力活动：是；轻度体力活动目的：锻炼；上月活动：以上都没有,上网信息：是否使用互联网：否,子女信息：子女总数：3个；健在子女数：3个；第1子女：是否工作/上学：都不；婚姻状况：已婚且配偶同住；过去一年同住月数：0个月；见面频率：每两周；电话/短信/微信联系频率：每两周；第2子女：是否工作/上学：工作；婚姻状况：已婚且配偶同住；过去一年同住月数：12个月,工作信息：是否从事农业/家庭农活：有；是否已办理退休：否；是否在工作：是；过去一年总工作天数：120天,"基础信息：性别：女；年龄：56岁；城乡类型：农村
教育信息：教育程度：高中
婚姻信息：婚姻状况：已婚且配偶同住；过去一年与配偶同住月数：12个月；上半年独自居住天数：0天；上半年仅与配偶同住天数：0天
情绪信息：生活满意度：有点满意；对子女满意度：很满意；因小事烦恼（过去一周）：几乎没有（<1天）；感到抑郁（过去一周）：几乎没有（<1天）；对未来抱有希望（过去一周）：有时/中等（3–4天）；感到孤独（过去一周）：几乎没有（<1天）；感到高兴（过去一周）：有时/中等（3–4天）；睡眠不安（过去一周）：几乎没有（<1天）
健康信息：自评健康状况：一般；医生诊断慢性病：未报告上述疾病；身体疼痛程度：有些；上月平均每天实际睡眠小时数：8小时；是否因健康/残疾不能工作：不能长时间工作；是否因健康/残疾不能做家事：不能长时间；多久接受他人帮助：从不
活动信息：高强度体力活动：否；中等强度体力活动：是；中等强度体力活动目的：工作需要；轻度体力活动：是；轻度体力活动目的：锻炼；上月活动：以上都没有
上网信息：是否使用互联网：否
子女信息：子女总数：3个；健在子女数：3个；第1子女：是否工作/上学：都不；婚姻状况：已婚且配偶同住；过去一年同住月数：0个月；见面频率：每两周；电话/短信/微信联系频率：每两周；第2子女：是否工作/上学：工作；婚姻状况：已婚且配偶同住；过去一年同住月数：12个月
工作信息：是否从事农业/家庭农活：有；是否已办理退休：否；是否在工作：是；过去一年总工作天数：120天"
404,104004202002,基础信息：性别：女；年龄：71岁；城乡类型：城/镇中心,教育信息：教育程度：职高,婚姻信息：婚姻状况：已婚且配偶同住；过去一年与配偶同住月数：12个月；上半年独自居住天数：0天；上半年仅与配偶同住天数：180天；上半年因不与别人同住而受影响程度：0,情绪信息：生活满意度：很满意；对子女满意度：很满意；因小事烦恼（过去一周）：几乎没有（<1天）；感到抑郁（过去一周）：有时/中等（3–4天）；对未来抱有希望（过去一周）：大多数时候（5–7天）；感到孤独（过去一周）：几乎没有（<1天）；感到高兴（过去一周）：大多数时候（5–7天）；睡眠不安（过去一周）：有时/中等（3–4天）,健康信息：自评健康状况：一般；医生诊断慢性病：未报告上述疾病；身体疼痛程度：有些；上月平均每天实际睡眠小时数：6小时；是否因健康/残疾不能工作：没问题；是否因健康/残疾不能做家事：没问题；多久接受他人帮助：从不,活动信息：高强度体力活动：否；中等强度体力活动：否；轻度体力活动：是；轻度体力活动目的：锻炼；上月活动：其他活动（不规律）,上网信息：是否使用互联网：是；上网设备：手机；上网用途：聊天、看新闻、看视频；是否用手机支付：否；是否使用微信：是；是否使用微信朋友圈：是,子女信息：子女总数：2个；健在子女数：2个；第1子女：是否工作/上学：工作；婚姻状况：已婚且配偶同住；过去一年同住月数：0个月；见面频率：每三月；电话/短信/微信联系频率：几乎每天；第2子女：是否工作/上学：工作；婚姻状况：已婚且配偶同住；过去一年同住月数：0个月；见面频率：几乎每天,工作信息：是否从事农业/家庭农活：无；是否在工作：否；过去一年总工作天数：0天；上月是否在找工作：否,"基础信息：性别：女；年龄：71岁；城乡类型：城/镇中心
教育信息：教育程度：职高
婚姻信息：婚姻状况：已婚且配偶同住；过去一年与配偶同住月数：12个月；上半年独自居住天数：0天；上半年仅与配偶同住天数：180天；上半年因不与别人同住而受影响程度：0
情绪信息：生活满意度：很满意；对子女满意度：很满意；因小事烦恼（过去一周）：几乎没有（<1天）；感到抑郁（过去一周）：有时/中等（3–4天）；对未来抱有希望（过去一周）：大多数时候（5–7天）；感到孤独（过去一周）：几乎没有（<1天）；感到高兴（过去一周）：大多数时候（5–7天）；睡眠不安（过去一周）：有时/中等（3–4天）
健康信息：自评健康状况：一般；医生诊断慢性病：未报告上述疾病；身体疼痛程度：有些；上月平均每天实际睡眠小时数：6小时；是否因健康/残疾不能工作：没问题；是否因健康/残疾不能做家事：没问题；多久接受他人帮助：从不
活动信息：高强度体力活动：否；中等强度体力活动：否；轻度体力活动：是；轻度体力活动目的：锻炼；上月活动：其他活动（不规律）
上网信息：是否使用互联网：是；上网设备：手机；上网用途：聊天、看新闻、看视频；是否用手机支付：否；是否使用微信：是；是否使用微信朋友圈：是
子女信息：子女总数：2个；健在子女数：2个；第1子女：是否工作/上学：工作；婚姻状况：已婚且配偶同住；过去一年同住月数：0个月；见面频率：每三月；电话/短信/微信联系频率：几乎每天；第2子女：是否工作/上学：工作；婚姻状况：已婚且配偶同住；过去一年同住月数：0个月；见面频率：几乎每天
工作信息：是否从事农业/家庭农活：无；是否在工作：否；过去一年总工作天数：0天；上月是否在找工作：否"
405,116006304001,基础信息：性别：女；年龄：63岁；城乡类型：农村,教育信息：教育程度：未受教育,婚姻信息：婚姻状况：已婚且配偶同住；过去一年与配偶同住月数：12个月；上半年独自居住天数：0天；上半年仅与配偶同住天数：180天；上半年因不与别人同住而受影响程度：0,情绪信息：生活满意度：很满意；对子女满意度：很满意；感到抑郁（过去一周）：几乎没有（<1天）；对未来抱有希望（过去一周）：少量（1–2天）；感到孤独（过去一周）：大多数时候（5–7天）；感到高兴（过去一周）：几乎没有（<1天）；睡眠不安（过去一周）：几乎没有（<1天）,健康信息：自评健康状况：很好；医生诊断慢性病：未报告上述疾病；身体疼痛程度：无；上月平均每天实际睡眠小时数：5小时；是否因健康/残疾不能工作：没问题；是否因健康/残疾不能做家事：没问题；多久接受他人帮助：从不,活动信息：高强度体力活动：是；高强度体力活动目的：工作需要；中等强度体力活动：是；中等强度体力活动目的：其他；轻度体力活动：是；轻度体力活动目的：娱乐；上月活动：以上都没有,上网信息：是否使用互联网：否,子女信息：子女总数：2个；健在子女数：2个；第1子女：是否工作/上学：工作；婚姻状况：已婚且配偶同住；过去一年同住月数：0个月；见面频率：每两周；电话/短信/微信联系频率：几乎每天；第2子女：是否工作/上学：工作；婚姻状况：已婚且配偶同住；过去一年同住月数：0个月；见面频率：每三月；电话/短信/微信联系频率：每两周,工作信息：是否从事农业/家庭农活：有；是否已办理退休：否；是否在工作：是；过去一年总工作天数：100天,"基础信息：性别：女；年龄：63岁；城乡类型：农村
教育信息：教育程度：未受教育
婚姻信息：婚姻状况：已婚且配偶同住；过去一年与配偶同住月数：12个月；上半年独自居住天数：0天；上半年仅与配偶同住天数：180天；上半年因不与别人同住而受影响程度：0
情绪信息：生活满意度：很满意；对子女满意度：很满意；感到抑郁（过去一周）：几乎没有（<1天）；对未来抱有希望（过去一周）：少量（1–2天）；感到孤独（过去一周）：大多数时候（5–7天）；感到高兴（过去一周）：几乎没有（<1天）；睡眠不安（过去一周）：几乎没有（<1天）
健康信息：自评健康状况：很好；医生诊断慢性病：未报告上述疾病；身体疼痛程度：无；上月平均每天实际睡眠小时数：5小时；是否因健康/残疾不能工作：没问题；是否因健康/残疾不能做家事：没问题；多久接受他人帮助：从不
活动信息：高强度体力活动：是；高强度体力活动目的：工作需要；中等强度体力活动：是；中等强度体力活动目的：其他；轻度体力活动：是；轻度体力活动目的：娱乐；上月活动：以上都没有
上网信息：是否使用互联网：否
子女信息：子女总数：2个；健在子女数：2个；第1子女：是否工作/上学：工作；婚姻状况：已婚且配偶同住；过去一年同住月数：0个月；见面频率：每两周；电话/短信/微信联系频率：几乎每天；第2子女：是否工作/上学：工作；婚姻状况：已婚且配偶同住；过去一年同住月数：0个月；见面频率：每三月；电话/短信/微信联系频率：每两周
工作信息：是否从事农业/家庭农活：有；是否已办理退休：否；是否在工作：是；过去一年总工作天数：100天"
406,111154122002,基础信息：性别：女；年龄：67岁；城乡类型：城/镇中心,教育信息：教育程度：小学,婚姻信息：婚姻状况：已婚且配偶同住；过去一年与配偶同住月数：12个月；上半年独自居住天数：0天；上半年仅与配偶同住天数：180天；上半年因不与别人同住而受影响程度：0,情绪信息：生活满意度：不太满意；对子女满意度：有点满意；因小事烦恼（过去一周）：几乎没有（<1天）；感到抑郁（过去一周）：几乎没有（<1天）；对未来抱有希望（过去一周）：有时/中等（3–4天）；感到孤独（过去一周）：几乎没有（<1天）；感到高兴（过去一周）：大多数时候（5–7天）；睡眠不安（过去一周）：几乎没有（<1天）,健康信息：自评健康状况：一般；医生诊断慢性病：未报告上述疾病；身体疼痛程度：一点；上月平均每天实际睡眠小时数：6.5小时；是否因健康/残疾不能工作：不能长时间工作；是否因健康/残疾不能做家事：没问题；多久接受他人帮助：从不,活动信息：高强度体力活动：否；中等强度体力活动：是；中等强度体力活动目的：其他；轻度体力活动：是；轻度体力活动目的：锻炼；上月活动：参加运动/社交等俱乐部（几乎每天）,上网信息：是否使用互联网：否,子女信息：子女总数：3个；健在子女数：3个；第1子女：是否工作/上学：工作；婚姻状况：已婚且配偶同住；过去一年同住月数：0个月；见面频率：每周1次；第2子女：是否工作/上学：都不；婚姻状况：已婚且配偶同住；过去一年同住月数：0个月；见面频率：每周1次,工作信息：是否从事农业/家庭农活：无；是否已办理退休：否；是否在工作：否；过去一年总工作天数：0天；上月是否在找工作：否,"基础信息：性别：女；年龄：67岁；城乡类型：城/镇中心
教育信息：教育程度：小学
婚姻信息：婚姻状况：已婚且配偶同住；过去一年与配偶同住月数：12个月；上半年独自居住天数：0天；上半年仅与配偶同住天数：180天；上半年因不与别人同住而受影响程度：0
情绪信息：生活满意度：不太满意；对子女满意度：有点满意；因小事烦恼（过去一周）：几乎没有（<1天）；感到抑郁（过去一周）：几乎没有（<1天）；对未来抱有希望（过去一周）：有时/中等（3–4天）；感到孤独（过去一周）：几乎没有（<1天）；感到高兴（过去一周）：大多数时候（5–7天）；睡眠不安（过去一周）：几乎没有（<1天）
健康信息：自评健康状况：一般；医生诊断慢性病：未报告上述疾病；身体疼痛程度：一点；上月平均每天实际睡眠小时数：6.5小时；是否因健康/残疾不能工作：不能长时间工作；是否因健康/残疾不能做家事：没问题；多久接受他人帮助：从不
活动信息：高强度体力活动：否；中等强度体力活动：是；中等强度体力活动目的：其他；轻度体力活动：是；轻度体力活动目的：锻炼；上月活动：参加运动/社交等俱乐部（几乎每天）
上网信息：是否使用互联网：否
子女信息：子女总数：3个；健在子女数：3个；第1子女：是否工作/上学：工作；婚姻状况：已婚且配偶同住；过去一年同住月数：0个月；见面频率：每周1次；第2子女：是否工作/上学：都不；婚姻状况：已婚且配偶同住；过去一年同住月数：0个月；见面频率：每周1次
工作信息：是否从事农业/家庭农活：无；是否已办理退休：否；是否在工作：否；过去一年总工作天数：0天；上月是否在找工作：否"
407,14643112001,基础信息：性别：男；年龄：53岁；城乡类型：农村,教育信息：教育程度：小学,婚姻信息：婚姻状况：已婚且配偶同住；过去一年与配偶同住月数：12个月；上半年独自居住天数：0天；上半年仅与配偶同住天数：0天；上半年因不与别人同住而受影响程度：0,情绪信息：生活满意度：有点满意；对子女满意度：非常满意；因小事烦恼（过去一周）：几乎没有（<1天）；感到抑郁（过去一周）：有时/中等（3–4天）；对未来抱有希望（过去一周）：大多数时候（5–7天）；感到孤独（过去一周）：几乎没有（<1天）；感到高兴（过去一周）：有时/中等（3–4天）；睡眠不安（过去一周）：几乎没有（<1天）,健康信息：自评健康状况：差；医生诊断慢性病：未报告上述疾病；身体疼痛程度：一点；上月平均每天实际睡眠小时数：8小时；是否因健康/残疾不能工作：不能长时间工作；是否因健康/残疾不能做家事：不能长时间；多久接受他人帮助：从不,活动信息：高强度体力活动：是；高强度体力活动目的：工作需要；中等强度体力活动：是；中等强度体力活动目的：其他；轻度体力活动：否；上月活动：以上都没有,上网信息：是否使用互联网：否,子女信息：子女总数：2个；健在子女数：2个；第1子女：是否工作/上学：工作；婚姻状况：已婚且配偶同住；过去一年同住月数：2个月；见面频率：几乎不见/不联系；电话/短信/微信联系频率：每周1次；第2子女：是否工作/上学：工作；婚姻状况：已婚且配偶同住；过去一年同住月数：0个月；见面频率：每月；电话/短信/微信联系频率：每月,工作信息：是否从事农业/家庭农活：有；是否已办理退休：否；是否在工作：是；过去一年总工作天数：288天,"基础信息：性别：男；年龄：53岁；城乡类型：农村
教育信息：教育程度：小学
婚姻信息：婚姻状况：已婚且配偶同住；过去一年与配偶同住月数：12个月；上半年独自居住天数：0天；上半年仅与配偶同住天数：0天；上半年因不与别人同住而受影响程度：0
情绪信息：生活满意度：有点满意；对子女满意度：非常满意；因小事烦恼（过去一周）：几乎没有（<1天）；感到抑郁（过去一周）：有时/中等（3–4天）；对未来抱有希望（过去一周）：大多数时候（5–7天）；感到孤独（过去一周）：几乎没有（<1天）；感到高兴（过去一周）：有时/中等（3–4天）；睡眠不安（过去一周）：几乎没有（<1天）
健康信息：自评健康状况：差；医生诊断慢性病：未报告上述疾病；身体疼痛程度：一点；上月平均每天实际睡眠小时数：8小时；是否因健康/残疾不能工作：不能长时间工作；是否因健康/残疾不能做家事：不能长时间；多久接受他人帮助：从不
活动信息：高强度体力活动：是；高强度体力活动目的：工作需要；中等强度体力活动：是；中等强度体力活动目的：其他；轻度体力活动：否；上月活动：以上都没有
上网信息：是否使用互联网：否
子女信息：子女总数：2个；健在子女数：2个；第1子女：是否工作/上学：工作；婚姻状况：已婚且配偶同住；过去一年同住月数：2个月；见面频率：几乎不见/不联系；电话/短信/微信联系频率：每周1次；第2子女：是否工作/上学：工作；婚姻状况：已婚且配偶同住；过去一年同住月数：0个月；见面频率：每月；电话/短信/微信联系频率：每月
工作信息：是否从事农业/家庭农活：有；是否已办理退休：否；是否在工作：是；过去一年总工作天数：288天"
408,138202322002,基础信息：性别：男；年龄：56岁；现居住地地址类型：家庭住房；城乡类型：农村,教育信息：教育程度：高中,婚姻信息：婚姻状况：已婚且配偶同住；过去一年与配偶同住月数：12个月；上半年独自居住天数：0天；上半年仅与配偶同住天数：0天；上半年因不与别人同住而受影响程度：0,情绪信息：生活满意度：有点满意；对子女满意度：有点满意；因小事烦恼（过去一周）：大多数时候（5–7天）；感到抑郁（过去一周）：有时/中等（3–4天）；对未来抱有希望（过去一周）：几乎没有（<1天）；感到孤独（过去一周）：大多数时候（5–7天）；感到高兴（过去一周）：几乎没有（<1天）；睡眠不安（过去一周）：几乎没有（<1天）,健康信息：自评健康状况：差；医生诊断慢性病：未报告上述疾病；身体疼痛程度：非常；上月平均每天实际睡眠小时数：7小时；是否因健康/残疾不能工作：没问题；是否因健康/残疾不能做家事：没问题；多久接受他人帮助：从不,活动信息：高强度体力活动：是；高强度体力活动目的：工作需要；中等强度体力活动：是；中等强度体力活动目的：锻炼；轻度体力活动：是；轻度体力活动目的：锻炼；上月活动：以上都没有,上网信息：是否使用互联网：是；上网设备：手机；上网用途：看新闻、玩游戏；是否用手机支付：是；是否使用微信：是；是否使用微信朋友圈：是,子女信息：子女总数：2个；健在子女数：2个；第1子女：是否工作/上学：工作；婚姻状况：已婚暂分居；过去一年同住月数：3个月；见面频率：每半年；电话/短信/微信联系频率：每两周；第2子女：是否工作/上学：工作；婚姻状况：已婚且配偶同住；过去一年同住月数：0个月；见面频率：每年；电话/短信/微信联系频率：每两周,工作信息：是否从事农业/家庭农活：无；是否在工作：是；过去一年总工作天数：220天,"基础信息：性别：男；年龄：56岁；现居住地地址类型：家庭住房；城乡类型：农村
教育信息：教育程度：高中
婚姻信息：婚姻状况：已婚且配偶同住；过去一年与配偶同住月数：12个月；上半年独自居住天数：0天；上半年仅与配偶同住天数：0天；上半年因不与别人同住而受影响程度：0
情绪信息：生活满意度：有点满意；对子女满意度：有点满意；因小事烦恼（过去一周）：大多数时候（5–7天）；感到抑郁（过去一周）：有时/中等（3–4天）；对未来抱有希望（过去一周）：几乎没有（<1天）；感到孤独（过去一周）：大多数时候（5–7天）；感到高兴（过去一周）：几乎没有（<1天）；睡眠不安（过去一周）：几乎没有（<1天）
健康信息：自评健康状况：差；医生诊断慢性病：未报告上述疾病；身体疼痛程度：非常；上月平均每天实际睡眠小时数：7小时；是否因健康/残疾不能工作：没问题；是否因健康/残疾不能做家事：没问题；多久接受他人帮助：从不
活动信息：高强度体力活动：是；高强度体力活动目的：工作需要；中等强度体力活动：是；中等强度体力活动目的：锻炼；轻度体力活动：是；轻度体力活动目的：锻炼；上月活动：以上都没有
上网信息：是否使用互联网：是；上网设备：手机；上网用途：看新闻、玩游戏；是否用手机支付：是；是否使用微信：是；是否使用微信朋友圈：是
子女信息：子女总数：2个；健在子女数：2个；第1子女：是否工作/上学：工作；婚姻状况：已婚暂分居；过去一年同住月数：3个月；见面频率：每半年；电话/短信/微信联系频率：每两周；第2子女：是否工作/上学：工作；婚姻状况：已婚且配偶同住；过去一年同住月数：0个月；见面频率：每年；电话/短信/微信联系频率：每两周
工作信息：是否从事农业/家庭农活：无；是否在工作：是；过去一年总工作天数：220天"
409,144016323002,基础信息：性别：男；年龄：54岁；城乡类型：城/镇中心,教育信息：教育程度：高中,婚姻信息：婚姻状况：已婚且配偶同住；过去一年与配偶同住月数：12个月；上半年独自居住天数：0天；上半年仅与配偶同住天数：182天；上半年因不与别人同住而受影响程度：0,情绪信息：生活满意度：有点满意；对子女满意度：非常满意；因小事烦恼（过去一周）：几乎没有（<1天）；感到抑郁（过去一周）：几乎没有（<1天）；对未来抱有希望（过去一周）：大多数时候（5–7天）；感到孤独（过去一周）：几乎没有（<1天）；感到高兴（过去一周）：大多数时候（5–7天）；睡眠不安（过去一周）：几乎没有（<1天）,健康信息：自评健康状况：一般；医生诊断慢性病：血脂异常；身体疼痛程度：无；上月平均每天实际睡眠小时数：6小时；是否因健康/残疾不能工作：没问题；是否因健康/残疾不能做家事：没问题；多久接受他人帮助：从不,活动信息：高强度体力活动：是；高强度体力活动目的：锻炼；中等强度体力活动：是；中等强度体力活动目的：锻炼；轻度体力活动：是；轻度体力活动目的：锻炼；上月活动：以上都没有,上网信息：是否使用互联网：是；上网设备：手机；上网用途：聊天、看新闻、看视频；是否用手机支付：是；是否使用微信：是；是否使用微信朋友圈：是,子女信息：子女总数：1个；健在子女数：1个；第1子女：是否工作/上学：工作；婚姻状况：已婚且配偶同住；过去一年同住月数：0个月；见面频率：每周1次,工作信息：是否从事农业/家庭农活：无；是否在工作：是；过去一年总工作天数：180天,"基础信息：性别：男；年龄：54岁；城乡类型：城/镇中心
教育信息：教育程度：高中
婚姻信息：婚姻状况：已婚且配偶同住；过去一年与配偶同住月数：12个月；上半年独自居住天数：0天；上半年仅与配偶同住天数：182天；上半年因不与别人同住而受影响程度：0
情绪信息：生活满意度：有点满意；对子女满意度：非常满意；因小事烦恼（过去一周）：几乎没有（<1天）；感到抑郁（过去一周）：几乎没有（<1天）；对未来抱有希望（过去一周）：大多数时候（5–7天）；感到孤独（过去一周）：几乎没有（<1天）；感到高兴（过去一周）：大多数时候（5–7天）；睡眠不安（过去一周）：几乎没有（<1天）
健康信息：自评健康状况：一般；医生诊断慢性病：血脂异常；身体疼痛程度：无；上月平均每天实际睡眠小时数：6小时；是否因健康/残疾不能工作：没问题；是否因健康/残疾不能做家事：没问题；多久接受他人帮助：从不
活动信息：高强度体力活动：是；高强度体力活动目的：锻炼；中等强度体力活动：是；中等强度体力活动目的：锻炼；轻度体力活动：是；轻度体力活动目的：锻炼；上月活动：以上都没有
上网信息：是否使用互联网：是；上网设备：手机；上网用途：聊天、看新闻、看视频；是否用手机支付：是；是否使用微信：是；是否使用微信朋友圈：是
子女信息：子女总数：1个；健在子女数：1个；第1子女：是否工作/上学：工作；婚姻状况：已婚且配偶同住；过去一年同住月数：0个月；见面频率：每周1次
工作信息：是否从事农业/家庭农活：无；是否在工作：是；过去一年总工作天数：180天"
410,57457114002,基础信息：性别：男；年龄：83岁；城乡类型：农村,教育信息：教育程度：小学,婚姻信息：婚姻状况：已婚且配偶同住；过去一年与配偶同住月数：12个月；上半年独自居住天数：0天；上半年仅与配偶同住天数：180天；上半年因不与别人同住而受影响程度：0,情绪信息：生活满意度：很满意；对子女满意度：有点满意；因小事烦恼（过去一周）：大多数时候（5–7天）；感到抑郁（过去一周）：少量（1–2天）；对未来抱有希望（过去一周）：大多数时候（5–7天）；感到孤独（过去一周）：有时/中等（3–4天）；感到高兴（过去一周）：有时/中等（3–4天）；睡眠不安（过去一周）：大多数时候（5–7天）,健康信息：自评健康状况：一般；医生诊断慢性病：心脏病、关节炎或风湿病；身体疼痛程度：一点；上月平均每天实际睡眠小时数：8小时；是否因健康/残疾不能工作：完全不能工作；多久接受他人帮助：从不,活动信息：高强度体力活动：是；高强度体力活动目的：其他；中等强度体力活动：是；中等强度体力活动目的：锻炼；轻度体力活动：是；轻度体力活动目的：锻炼；上月活动：与朋友交往（几乎每天）,上网信息：是否使用互联网：否,子女信息：子女总数：3个；健在子女数：3个；第1子女：是否工作/上学：工作；婚姻状况：已婚且配偶同住；过去一年同住月数：0个月；见面频率：每周1次；第2子女：是否工作/上学：都不；婚姻状况：已婚且配偶同住；过去一年同住月数：0个月；见面频率：每三月；电话/短信/微信联系频率：每周1次,工作信息：是否从事农业/家庭农活：无；是否已办理退休：否；是否在工作：否；过去一年总工作天数：0天；上月是否在找工作：否,"基础信息：性别：男；年龄：83岁；城乡类型：农村
教育信息：教育程度：小学
婚姻信息：婚姻状况：已婚且配偶同住；过去一年与配偶同住月数：12个月；上半年独自居住天数：0天；上半年仅与配偶同住天数：180天；上半年因不与别人同住而受影响程度：0
情绪信息：生活满意度：很满意；对子女满意度：有点满意；因小事烦恼（过去一周）：大多数时候（5–7天）；感到抑郁（过去一周）：少量（1–2天）；对未来抱有希望（过去一周）：大多数时候（5–7天）；感到孤独（过去一周）：有时/中等（3–4天）；感到高兴（过去一周）：有时/中等（3–4天）；睡眠不安（过去一周）：大多数时候（5–7天）
健康信息：自评健康状况：一般；医生诊断慢性病：心脏病、关节炎或风湿病；身体疼痛程度：一点；上月平均每天实际睡眠小时数：8小时；是否因健康/残疾不能工作：完全不能工作；多久接受他人帮助：从不
活动信息：高强度体力活动：是；高强度体力活动目的：其他；中等强度体力活动：是；中等强度体力活动目的：锻炼；轻度体力活动：是；轻度体力活动目的：锻炼；上月活动：与朋友交往（几乎每天）
上网信息：是否使用互联网：否
子女信息：子女总数：3个；健在子女数：3个；第1子女：是否工作/上学：工作；婚姻状况：已婚且配偶同住；过去一年同住月数：0个月；见面频率：每周1次；第2子女：是否工作/上学：都不；婚姻状况：已婚且配偶同住；过去一年同住月数：0个月；见面频率：每三月；电话/短信/微信联系频率：每周1次
工作信息：是否从事农业/家庭农活：无；是否已办理退休：否；是否在工作：否；过去一年总工作天数：0天；上月是否在找工作：否"
411,138202230002,基础信息：性别：女；年龄：51岁；城乡类型：城乡结合部/镇乡,教育信息：教育程度：初中,婚姻信息：婚姻状况：已婚且配偶同住；过去一年与配偶同住月数：8个月；上半年独自居住天数：21天；上半年仅与配偶同住天数：161天；上半年因不与别人同住而受影响程度：0,情绪信息：生活满意度：不太满意；对子女满意度：有点满意；因小事烦恼（过去一周）：有时/中等（3–4天）；感到抑郁（过去一周）：有时/中等（3–4天）；对未来抱有希望（过去一周）：有时/中等（3–4天）；感到孤独（过去一周）：有时/中等（3–4天）；感到高兴（过去一周）：大多数时候（5–7天）；睡眠不安（过去一周）：有时/中等（3–4天）,健康信息：自评健康状况：差；医生诊断慢性病：未报告上述疾病；身体疼痛程度：相当；上月平均每天实际睡眠小时数：6小时；是否因健康/残疾不能工作：不能长时间工作；是否因健康/残疾不能做家事：不能长时间；多久接受他人帮助：从不,活动信息：高强度体力活动：否；中等强度体力活动：是；中等强度体力活动目的：其他；轻度体力活动：是；轻度体力活动目的：锻炼；上月活动：以上都没有,上网信息：是否使用互联网：是；上网设备：手机；上网用途：看视频；是否用手机支付：是；是否使用微信：是；是否使用微信朋友圈：是,子女信息：子女总数：1个；健在子女数：1个；第1子女：是否工作/上学：工作；婚姻状况：已婚且配偶同住；过去一年同住月数：3个月；见面频率：每两周；电话/短信/微信联系频率：几乎每天,工作信息：是否从事农业/家庭农活：有；是否已办理退休：否；是否在工作：是；过去一年总工作天数：195天,"基础信息：性别：女；年龄：51岁；城乡类型：城乡结合部/镇乡
教育信息：教育程度：初中
婚姻信息：婚姻状况：已婚且配偶同住；过去一年与配偶同住月数：8个月；上半年独自居住天数：21天；上半年仅与配偶同住天数：161天；上半年因不与别人同住而受影响程度：0
情绪信息：生活满意度：不太满意；对子女满意度：有点满意；因小事烦恼（过去一周）：有时/中等（3–4天）；感到抑郁（过去一周）：有时/中等（3–4天）；对未来抱有希望（过去一周）：有时/中等（3–4天）；感到孤独（过去一周）：有时/中等（3–4天）；感到高兴（过去一周）：大多数时候（5–7天）；睡眠不安（过去一周）：有时/中等（3–4天）
健康信息：自评健康状况：差；医生诊断慢性病：未报告上述疾病；身体疼痛程度：相当；上月平均每天实际睡眠小时数：6小时；是否因健康/残疾不能工作：不能长时间工作；是否因健康/残疾不能做家事：不能长时间；多久接受他人帮助：从不
活动信息：高强度体力活动：否；中等强度体力活动：是；中等强度体力活动目的：其他；轻度体力活动：是；轻度体力活动目的：锻炼；上月活动：以上都没有
上网信息：是否使用互联网：是；上网设备：手机；上网用途：看视频；是否用手机支付：是；是否使用微信：是；是否使用微信朋友圈：是
子女信息：子女总数：1个；健在子女数：1个；第1子女：是否工作/上学：工作；婚姻状况：已婚且配偶同住；过去一年同住月数：3个月；见面频率：每两周；电话/短信/微信联系频率：几乎每天
工作信息：是否从事农业/家庭农活：有；是否已办理退休：否；是否在工作：是；过去一年总工作天数：195天"
412,161159216001,基础信息：性别：女；年龄：77岁；城乡类型：农村,教育信息：教育程度：未读完小学,婚姻信息：婚姻状况：已婚且配偶同住；过去一年与配偶同住月数：12个月；上半年独自居住天数：0天；上半年仅与配偶同住天数：180天；上半年因不与别人同住而受影响程度：0,情绪信息：生活满意度：有点满意；对子女满意度：无子女；因小事烦恼（过去一周）：几乎没有（<1天）；感到抑郁（过去一周）：几乎没有（<1天）；对未来抱有希望（过去一周）：有时/中等（3–4天）；感到孤独（过去一周）：少量（1–2天）；感到高兴（过去一周）：几乎没有（<1天）；睡眠不安（过去一周）：有时/中等（3–4天）,健康信息：自评健康状况：一般；医生诊断慢性病：未报告上述疾病；身体疼痛程度：有些；上月平均每天实际睡眠小时数：6小时；是否因健康/残疾不能工作：没问题；是否因健康/残疾不能做家事：没问题；多久接受他人帮助：偶尔,活动信息：高强度体力活动：否；中等强度体力活动：否；轻度体力活动：是；轻度体力活动目的：工作需要；上月活动：与朋友交往（不规律）,上网信息：是否使用互联网：否,子女信息：子女总数：1个；健在子女数：0个,工作信息：是否从事农业/家庭农活：无；是否已办理退休：否；是否在工作：否；过去一年总工作天数：0天；上月是否在找工作：否,"基础信息：性别：女；年龄：77岁；城乡类型：农村
教育信息：教育程度：未读完小学
婚姻信息：婚姻状况：已婚且配偶同住；过去一年与配偶同住月数：12个月；上半年独自居住天数：0天；上半年仅与配偶同住天数：180天；上半年因不与别人同住而受影响程度：0
情绪信息：生活满意度：有点满意；对子女满意度：无子女；因小事烦恼（过去一周）：几乎没有（<1天）；感到抑郁（过去一周）：几乎没有（<1天）；对未来抱有希望（过去一周）：有时/中等（3–4天）；感到孤独（过去一周）：少量（1–2天）；感到高兴（过去一周）：几乎没有（<1天）；睡眠不安（过去一周）：有时/中等（3–4天）
健康信息：自评健康状况：一般；医生诊断慢性病：未报告上述疾病；身体疼痛程度：有些；上月平均每天实际睡眠小时数：6小时；是否因健康/残疾不能工作：没问题；是否因健康/残疾不能做家事：没问题；多久接受他人帮助：偶尔
活动信息：高强度体力活动：否；中等强度体力活动：否；轻度体力活动：是；轻度体力活动目的：工作需要；上月活动：与朋友交往（不规律）
上网信息：是否使用互联网：否
子女信息：子女总数：1个；健在子女数：0个
工作信息：是否从事农业/家庭农活：无；是否已办理退休：否；是否在工作：否；过去一年总工作天数：0天；上月是否在找工作：否"
413,74631201001,基础信息：性别：男；年龄：64岁；城乡类型：农村,教育信息：教育程度：未受教育,婚姻信息：婚姻状况：丧偶；是否有人以配偶身份同住：否；上半年独自居住天数：180天；上半年因不与别人同住而受影响程度：0,情绪信息：生活满意度：不太满意；对子女满意度：很满意；因小事烦恼（过去一周）：大多数时候（5–7天）；感到抑郁（过去一周）：大多数时候（5–7天）；对未来抱有希望（过去一周）：大多数时候（5–7天）；感到孤独（过去一周）：大多数时候（5–7天）；感到高兴（过去一周）：大多数时候（5–7天）；睡眠不安（过去一周）：大多数时候（5–7天）,健康信息：自评健康状况：差；医生诊断慢性病：未报告上述疾病；身体疼痛程度：非常；上月平均每天实际睡眠小时数：0小时；是否因健康/残疾不能工作：完全不能工作；多久接受他人帮助：从不,活动信息：高强度体力活动：否；中等强度体力活动：否；轻度体力活动：否；上月活动：以上都没有,上网信息：是否使用互联网：否,子女信息：子女总数：2个；健在子女数：2个；第1子女：是否工作/上学：工作；婚姻状况：已婚且配偶同住；过去一年同住月数：0个月；见面频率：几乎不见/不联系；电话/短信/微信联系频率：每月；第2子女：是否工作/上学：工作；婚姻状况：已婚且配偶同住；过去一年同住月数：1个月；见面频率：每三月；电话/短信/微信联系频率：每三月,工作信息：是否从事农业/家庭农活：无；是否已办理退休：否；是否在工作：否；过去一年总工作天数：0天；上月是否在找工作：否,"基础信息：性别：男；年龄：64岁；城乡类型：农村
教育信息：教育程度：未受教育
婚姻信息：婚姻状况：丧偶；是否有人以配偶身份同住：否；上半年独自居住天数：180天；上半年因不与别人同住而受影响程度：0
情绪信息：生活满意度：不太满意；对子女满意度：很满意；因小事烦恼（过去一周）：大多数时候（5–7天）；感到抑郁（过去一周）：大多数时候（5–7天）；对未来抱有希望（过去一周）：大多数时候（5–7天）；感到孤独（过去一周）：大多数时候（5–7天）；感到高兴（过去一周）：大多数时候（5–7天）；睡眠不安（过去一周）：大多数时候（5–7天）
健康信息：自评健康状况：差；医生诊断慢性病：未报告上述疾病；身体疼痛程度：非常；上月平均每天实际睡眠小时数：0小时；是否因健康/残疾不能工作：完全不能工作；多久接受他人帮助：从不
活动信息：高强度体力活动：否；中等强度体力活动：否；轻度体力活动：否；上月活动：以上都没有
上网信息：是否使用互联网：否
子女信息：子女总数：2个；健在子女数：2个；第1子女：是否工作/上学：工作；婚姻状况：已婚且配偶同住；过去一年同住月数：0个月；见面频率：几乎不见/不联系；电话/短信/微信联系频率：每月；第2子女：是否工作/上学：工作；婚姻状况：已婚且配偶同住；过去一年同住月数：1个月；见面频率：每三月；电话/短信/微信联系频率：每三月
工作信息：是否从事农业/家庭农活：无；是否已办理退休：否；是否在工作：否；过去一年总工作天数：0天；上月是否在找工作：否"
414,75376119002,基础信息：性别：女；年龄：56岁；城乡类型：农村,教育信息：教育程度：初中,婚姻信息：婚姻状况：已婚且配偶同住；过去一年与配偶同住月数：6个月；上半年独自居住天数：0天；上半年仅与配偶同住天数：0天,情绪信息：生活满意度：有点满意；对子女满意度：有点满意；因小事烦恼（过去一周）：几乎没有（<1天）；感到抑郁（过去一周）：几乎没有（<1天）；对未来抱有希望（过去一周）：少量（1–2天）；感到孤独（过去一周）：几乎没有（<1天）；感到高兴（过去一周）：有时/中等（3–4天）；睡眠不安（过去一周）：几乎没有（<1天）,健康信息：自评健康状况：好；医生诊断慢性病：未报告上述疾病；身体疼痛程度：一点；上月平均每天实际睡眠小时数：5小时；是否因健康/残疾不能工作：没问题；是否因健康/残疾不能做家事：没问题；多久接受他人帮助：从不,活动信息：高强度体力活动：否；中等强度体力活动：是；中等强度体力活动目的：其他；轻度体力活动：否；上月活动：以上都没有,上网信息：是否使用互联网：否,子女信息：子女总数：2个；健在子女数：2个；第1子女：是否工作/上学：工作；婚姻状况：未婚；过去一年同住月数：0个月；见面频率：每周1次；第2子女：是否工作/上学：工作；婚姻状况：已婚且配偶同住；过去一年同住月数：12个月,工作信息：是否从事农业/家庭农活：无；是否已办理退休：否；是否在工作：否；过去一年总工作天数：0天；上月是否在找工作：否,"基础信息：性别：女；年龄：56岁；城乡类型：农村
教育信息：教育程度：初中
婚姻信息：婚姻状况：已婚且配偶同住；过去一年与配偶同住月数：6个月；上半年独自居住天数：0天；上半年仅与配偶同住天数：0天
情绪信息：生活满意度：有点满意；对子女满意度：有点满意；因小事烦恼（过去一周）：几乎没有（<1天）；感到抑郁（过去一周）：几乎没有（<1天）；对未来抱有希望（过去一周）：少量（1–2天）；感到孤独（过去一周）：几乎没有（<1天）；感到高兴（过去一周）：有时/中等（3–4天）；睡眠不安（过去一周）：几乎没有（<1天）
健康信息：自评健康状况：好；医生诊断慢性病：未报告上述疾病；身体疼痛程度：一点；上月平均每天实际睡眠小时数：5小时；是否因健康/残疾不能工作：没问题；是否因健康/残疾不能做家事：没问题；多久接受他人帮助：从不
活动信息：高强度体力活动：否；中等强度体力活动：是；中等强度体力活动目的：其他；轻度体力活动：否；上月活动：以上都没有
上网信息：是否使用互联网：否
子女信息：子女总数：2个；健在子女数：2个；第1子女：是否工作/上学：工作；婚姻状况：未婚；过去一年同住月数：0个月；见面频率：每周1次；第2子女：是否工作/上学：工作；婚姻状况：已婚且配偶同住；过去一年同住月数：12个月
工作信息：是否从事农业/家庭农活：无；是否已办理退休：否；是否在工作：否；过去一年总工作天数：0天；上月是否在找工作：否"
415,155676222003,基础信息：性别：女；年龄：69岁；城乡类型：农村,教育信息：教育程度：未受教育,婚姻信息：婚姻状况：已婚且配偶同住；过去一年与配偶同住月数：12个月；上半年独自居住天数：0天；上半年仅与配偶同住天数：145天；上半年因不与别人同住而受影响程度：0,情绪信息：生活满意度：很满意；对子女满意度：很满意；因小事烦恼（过去一周）：有时/中等（3–4天）；感到抑郁（过去一周）：几乎没有（<1天）；对未来抱有希望（过去一周）：几乎没有（<1天）；感到孤独（过去一周）：几乎没有（<1天）；感到高兴（过去一周）：几乎没有（<1天）；睡眠不安（过去一周）：几乎没有（<1天）,健康信息：自评健康状况：好；医生诊断慢性病：关节炎或风湿病；身体疼痛程度：无；上月平均每天实际睡眠小时数：5小时；是否因健康/残疾不能工作：没问题；是否因健康/残疾不能做家事：没问题；多久接受他人帮助：从不,活动信息：高强度体力活动：是；高强度体力活动目的：其他；中等强度体力活动：是；中等强度体力活动目的：其他；轻度体力活动：是；轻度体力活动目的：其他；上月活动：与朋友交往（不规律）,上网信息：是否使用互联网：否,子女信息：子女总数：3个；健在子女数：3个；第1子女：是否工作/上学：工作；婚姻状况：离婚；过去一年同住月数：0个月；见面频率：每月；电话/短信/微信联系频率：每周1次；第2子女：是否工作/上学：工作；婚姻状况：已婚且配偶同住；过去一年同住月数：1个月；见面频率：每年；电话/短信/微信联系频率：每月,工作信息：是否从事农业/家庭农活：有；是否已办理退休：否；是否在工作：是；过去一年总工作天数：336天,"基础信息：性别：女；年龄：69岁；城乡类型：农村
教育信息：教育程度：未受教育
婚姻信息：婚姻状况：已婚且配偶同住；过去一年与配偶同住月数：12个月；上半年独自居住天数：0天；上半年仅与配偶同住天数：145天；上半年因不与别人同住而受影响程度：0
情绪信息：生活满意度：很满意；对子女满意度：很满意；因小事烦恼（过去一周）：有时/中等（3–4天）；感到抑郁（过去一周）：几乎没有（<1天）；对未来抱有希望（过去一周）：几乎没有（<1天）；感到孤独（过去一周）：几乎没有（<1天）；感到高兴（过去一周）：几乎没有（<1天）；睡眠不安（过去一周）：几乎没有（<1天）
健康信息：自评健康状况：好；医生诊断慢性病：关节炎或风湿病；身体疼痛程度：无；上月平均每天实际睡眠小时数：5小时；是否因健康/残疾不能工作：没问题；是否因健康/残疾不能做家事：没问题；多久接受他人帮助：从不
活动信息：高强度体力活动：是；高强度体力活动目的：其他；中等强度体力活动：是；中等强度体力活动目的：其他；轻度体力活动：是；轻度体力活动目的：其他；上月活动：与朋友交往（不规律）
上网信息：是否使用互联网：否
子女信息：子女总数：3个；健在子女数：3个；第1子女：是否工作/上学：工作；婚姻状况：离婚；过去一年同住月数：0个月；见面频率：每月；电话/短信/微信联系频率：每周1次；第2子女：是否工作/上学：工作；婚姻状况：已婚且配偶同住；过去一年同住月数：1个月；见面频率：每年；电话/短信/微信联系频率：每月
工作信息：是否从事农业/家庭农活：有；是否已办理退休：否；是否在工作：是；过去一年总工作天数：336天"
416,105381114001,基础信息：性别：女；年龄：53岁；城乡类型：城/镇中心,教育信息：教育程度：初中,婚姻信息：婚姻状况：已婚且配偶同住；过去一年与配偶同住月数：12个月；上半年独自居住天数：0天；上半年仅与配偶同住天数：180天；上半年因不与别人同住而受影响程度：0,情绪信息：生活满意度：有点满意；对子女满意度：很满意；因小事烦恼（过去一周）：几乎没有（<1天）；感到抑郁（过去一周）：几乎没有（<1天）；对未来抱有希望（过去一周）：大多数时候（5–7天）；感到孤独（过去一周）：有时/中等（3–4天）；感到高兴（过去一周）：大多数时候（5–7天）；睡眠不安（过去一周）：几乎没有（<1天）,健康信息：自评健康状况：差；医生诊断慢性病：血脂异常、糖尿病或高血糖、关节炎或风湿病；身体疼痛程度：一点；上月平均每天实际睡眠小时数：6小时；是否因健康/残疾不能工作：没问题；是否因健康/残疾不能做家事：没问题；多久接受他人帮助：偶尔,活动信息：高强度体力活动：否；中等强度体力活动：是；中等强度体力活动目的：其他；轻度体力活动：是；轻度体力活动目的：锻炼；上月活动：与朋友交往（几乎每天）,上网信息：是否使用互联网：是；上网设备：手机；上网用途：聊天、看新闻、看视频；是否用手机支付：是；是否使用微信：是；是否使用微信朋友圈：是,子女信息：子女总数：2个；健在子女数：2个；第1子女：是否工作/上学：都不；婚姻状况：已婚且配偶同住；过去一年同住月数：2个月；见面频率：每三月；电话/短信/微信联系频率：几乎每天；第2子女：是否工作/上学：工作；婚姻状况：已婚且配偶同住；过去一年同住月数：0个月；见面频率：每年；电话/短信/微信联系频率：每两周,工作信息：是否从事农业/家庭农活：无；是否在工作：否；过去一年总工作天数：0天；上月是否在找工作：否,"基础信息：性别：女；年龄：53岁；城乡类型：城/镇中心
教育信息：教育程度：初中
婚姻信息：婚姻状况：已婚且配偶同住；过去一年与配偶同住月数：12个月；上半年独自居住天数：0天；上半年仅与配偶同住天数：180天；上半年因不与别人同住而受影响程度：0
情绪信息：生活满意度：有点满意；对子女满意度：很满意；因小事烦恼（过去一周）：几乎没有（<1天）；感到抑郁（过去一周）：几乎没有（<1天）；对未来抱有希望（过去一周）：大多数时候（5–7天）；感到孤独（过去一周）：有时/中等（3–4天）；感到高兴（过去一周）：大多数时候（5–7天）；睡眠不安（过去一周）：几乎没有（<1天）
健康信息：自评健康状况：差；医生诊断慢性病：血脂异常、糖尿病或高血糖、关节炎或风湿病；身体疼痛程度：一点；上月平均每天实际睡眠小时数：6小时；是否因健康/残疾不能工作：没问题；是否因健康/残疾不能做家事：没问题；多久接受他人帮助：偶尔
活动信息：高强度体力活动：否；中等强度体力活动：是；中等强度体力活动目的：其他；轻度体力活动：是；轻度体力活动目的：锻炼；上月活动：与朋友交往（几乎每天）
上网信息：是否使用互联网：是；上网设备：手机；上网用途：聊天、看新闻、看视频；是否用手机支付：是；是否使用微信：是；是否使用微信朋友圈：是
子女信息：子女总数：2个；健在子女数：2个；第1子女：是否工作/上学：都不；婚姻状况：已婚且配偶同住；过去一年同住月数：2个月；见面频率：每三月；电话/短信/微信联系频率：几乎每天；第2子女：是否工作/上学：工作；婚姻状况：已婚且配偶同住；过去一年同住月数：0个月；见面频率：每年；电话/短信/微信联系频率：每两周
工作信息：是否从事农业/家庭农活：无；是否在工作：否；过去一年总工作天数：0天；上月是否在找工作：否"
417,124099233001,基础信息：性别：女；年龄：48岁；城乡类型：农村,教育信息：教育程度：未读完小学,婚姻信息：婚姻状况：已婚且配偶同住；过去一年与配偶同住月数：8个月；上半年独自居住天数：20天；上半年仅与配偶同住天数：120天；上半年因不与别人同住而受影响程度：0,情绪信息：生活满意度：有点满意；对子女满意度：有点满意；因小事烦恼（过去一周）：几乎没有（<1天）；感到抑郁（过去一周）：有时/中等（3–4天）；对未来抱有希望（过去一周）：有时/中等（3–4天）；感到孤独（过去一周）：几乎没有（<1天）；感到高兴（过去一周）：有时/中等（3–4天）；睡眠不安（过去一周）：有时/中等（3–4天）,健康信息：自评健康状况：一般；医生诊断慢性病：糖尿病或高血糖；身体疼痛程度：一点；上月平均每天实际睡眠小时数：4小时；是否因健康/残疾不能工作：不能长时间工作；是否因健康/残疾不能做家事：没问题；多久接受他人帮助：从不,活动信息：高强度体力活动：否；中等强度体力活动：否；轻度体力活动：是；轻度体力活动目的：工作需要；上月活动：以上都没有,上网信息：是否使用互联网：否,子女信息：子女总数：1个；健在子女数：1个；第1子女：是否工作/上学：工作；婚姻状况：未婚；过去一年同住月数：0个月；见面频率：每半年；电话/短信/微信联系频率：每周2–3次,工作信息：是否从事农业/家庭农活：无；是否已办理退休：否；是否在工作：否；过去一年总工作天数：0天；上月是否在找工作：否,"基础信息：性别：女；年龄：48岁；城乡类型：农村
教育信息：教育程度：未读完小学
婚姻信息：婚姻状况：已婚且配偶同住；过去一年与配偶同住月数：8个月；上半年独自居住天数：20天；上半年仅与配偶同住天数：120天；上半年因不与别人同住而受影响程度：0
情绪信息：生活满意度：有点满意；对子女满意度：有点满意；因小事烦恼（过去一周）：几乎没有（<1天）；感到抑郁（过去一周）：有时/中等（3–4天）；对未来抱有希望（过去一周）：有时/中等（3–4天）；感到孤独（过去一周）：几乎没有（<1天）；感到高兴（过去一周）：有时/中等（3–4天）；睡眠不安（过去一周）：有时/中等（3–4天）
健康信息：自评健康状况：一般；医生诊断慢性病：糖尿病或高血糖；身体疼痛程度：一点；上月平均每天实际睡眠小时数：4小时；是否因健康/残疾不能工作：不能长时间工作；是否因健康/残疾不能做家事：没问题；多久接受他人帮助：从不
活动信息：高强度体力活动：否；中等强度体力活动：否；轻度体力活动：是；轻度体力活动目的：工作需要；上月活动：以上都没有
上网信息：是否使用互联网：否
子女信息：子女总数：1个；健在子女数：1个；第1子女：是否工作/上学：工作；婚姻状况：未婚；过去一年同住月数：0个月；见面频率：每半年；电话/短信/微信联系频率：每周2–3次
工作信息：是否从事农业/家庭农活：无；是否已办理退休：否；是否在工作：否；过去一年总工作天数：0天；上月是否在找工作：否"
418,296081209001,基础信息：性别：女；年龄：75岁；城乡类型：农村,教育信息：教育程度：未受教育,婚姻信息：婚姻状况：已婚且配偶同住；过去一年与配偶同住月数：12个月；上半年独自居住天数：0天；上半年仅与配偶同住天数：180天；上半年因不与别人同住而受影响程度：0,情绪信息：生活满意度：很满意；对子女满意度：很满意；因小事烦恼（过去一周）：几乎没有（<1天）；感到抑郁（过去一周）：大多数时候（5–7天）；对未来抱有希望（过去一周）：大多数时候（5–7天）；感到孤独（过去一周）：几乎没有（<1天）；感到高兴（过去一周）：大多数时候（5–7天）；睡眠不安（过去一周）：有时/中等（3–4天）,健康信息：自评健康状况：一般；医生诊断慢性病：高血压、血脂异常；身体疼痛程度：有些；上月平均每天实际睡眠小时数：5小时；是否因健康/残疾不能工作：没问题；是否因健康/残疾不能做家事：不能长时间；多久接受他人帮助：偶尔,活动信息：高强度体力活动：否；中等强度体力活动：否；轻度体力活动：否；上月活动：以上都没有,上网信息：是否使用互联网：否,子女信息：子女总数：5个；健在子女数：5个；第1子女：是否工作/上学：工作；婚姻状况：已婚且配偶同住；过去一年同住月数：0个月；见面频率：每周2–3次；第2子女：是否工作/上学：工作；婚姻状况：已婚且配偶同住；过去一年同住月数：0个月；见面频率：每周2–3次,工作信息：是否从事农业/家庭农活：有；是否已办理退休：否；是否在工作：是；过去一年总工作天数：365天,"基础信息：性别：女；年龄：75岁；城乡类型：农村
教育信息：教育程度：未受教育
婚姻信息：婚姻状况：已婚且配偶同住；过去一年与配偶同住月数：12个月；上半年独自居住天数：0天；上半年仅与配偶同住天数：180天；上半年因不与别人同住而受影响程度：0
情绪信息：生活满意度：很满意；对子女满意度：很满意；因小事烦恼（过去一周）：几乎没有（<1天）；感到抑郁（过去一周）：大多数时候（5–7天）；对未来抱有希望（过去一周）：大多数时候（5–7天）；感到孤独（过去一周）：几乎没有（<1天）；感到高兴（过去一周）：大多数时候（5–7天）；睡眠不安（过去一周）：有时/中等（3–4天）
健康信息：自评健康状况：一般；医生诊断慢性病：高血压、血脂异常；身体疼痛程度：有些；上月平均每天实际睡眠小时数：5小时；是否因健康/残疾不能工作：没问题；是否因健康/残疾不能做家事：不能长时间；多久接受他人帮助：偶尔
活动信息：高强度体力活动：否；中等强度体力活动：否；轻度体力活动：否；上月活动：以上都没有
上网信息：是否使用互联网：否
子女信息：子女总数：5个；健在子女数：5个；第1子女：是否工作/上学：工作；婚姻状况：已婚且配偶同住；过去一年同住月数：0个月；见面频率：每周2–3次；第2子女：是否工作/上学：工作；婚姻状况：已婚且配偶同住；过去一年同住月数：0个月；见面频率：每周2–3次
工作信息：是否从事农业/家庭农活：有；是否已办理退休：否；是否在工作：是；过去一年总工作天数：365天"
419,204028216001,基础信息：性别：男；年龄：56岁；城乡类型：城/镇中心,教育信息：教育程度：初中,婚姻信息：婚姻状况：已婚且配偶同住；过去一年与配偶同住月数：12个月；上半年独自居住天数：0天；上半年仅与配偶同住天数：0天,情绪信息：生活满意度：不太满意；对子女满意度：很满意；因小事烦恼（过去一周）：几乎没有（<1天）；感到抑郁（过去一周）：有时/中等（3–4天）；对未来抱有希望（过去一周）：几乎没有（<1天）；感到孤独（过去一周）：几乎没有（<1天）；感到高兴（过去一周）：几乎没有（<1天）；睡眠不安（过去一周）：几乎没有（<1天）,健康信息：自评健康状况：差；医生诊断慢性病：心脏病；身体疼痛程度：无；上月平均每天实际睡眠小时数：7小时；是否因健康/残疾不能工作：没问题；是否因健康/残疾不能做家事：没问题；多久接受他人帮助：从不,活动信息：高强度体力活动：是；高强度体力活动目的：锻炼；中等强度体力活动：否；轻度体力活动：是；轻度体力活动目的：锻炼；上月活动：与朋友交往（不规律）、打麻将/下棋/打牌/去社区活动室（几乎每天）、帮助不住一起的家人朋友邻居（不规律）、参加社区相关组织（不规律）,上网信息：是否使用互联网：是；上网设备：手机；上网用途：看新闻；是否用手机支付：是；是否使用微信：是；是否使用微信朋友圈：否,子女信息：子女总数：1个；健在子女数：1个；第1子女：是否工作/上学：工作；婚姻状况：分居；过去一年同住月数：12个月,工作信息：是否从事农业/家庭农活：无；是否已办理退休：否；是否在工作：是；过去一年总工作天数：250天,"基础信息：性别：男；年龄：56岁；城乡类型：城/镇中心
教育信息：教育程度：初中
婚姻信息：婚姻状况：已婚且配偶同住；过去一年与配偶同住月数：12个月；上半年独自居住天数：0天；上半年仅与配偶同住天数：0天
情绪信息：生活满意度：不太满意；对子女满意度：很满意；因小事烦恼（过去一周）：几乎没有（<1天）；感到抑郁（过去一周）：有时/中等（3–4天）；对未来抱有希望（过去一周）：几乎没有（<1天）；感到孤独（过去一周）：几乎没有（<1天）；感到高兴（过去一周）：几乎没有（<1天）；睡眠不安（过去一周）：几乎没有（<1天）
健康信息：自评健康状况：差；医生诊断慢性病：心脏病；身体疼痛程度：无；上月平均每天实际睡眠小时数：7小时；是否因健康/残疾不能工作：没问题；是否因健康/残疾不能做家事：没问题；多久接受他人帮助：从不
活动信息：高强度体力活动：是；高强度体力活动目的：锻炼；中等强度体力活动：否；轻度体力活动：是；轻度体力活动目的：锻炼；上月活动：与朋友交往（不规律）、打麻将/下棋/打牌/去社区活动室（几乎每天）、帮助不住一起的家人朋友邻居（不规律）、参加社区相关组织（不规律）
上网信息：是否使用互联网：是；上网设备：手机；上网用途：看新闻；是否用手机支付：是；是否使用微信：是；是否使用微信朋友圈：否
子女信息：子女总数：1个；健在子女数：1个；第1子女：是否工作/上学：工作；婚姻状况：分居；过去一年同住月数：12个月
工作信息：是否从事农业/家庭农活：无；是否已办理退休：否；是否在工作：是；过去一年总工作天数：250天"
420,202454122001,基础信息：性别：男；年龄：56岁；城乡类型：农村,教育信息：教育程度：高中,婚姻信息：婚姻状况：已婚且配偶同住；过去一年与配偶同住月数：12个月；上半年独自居住天数：0天；上半年仅与配偶同住天数：180天；上半年因不与别人同住而受影响程度：0,情绪信息：生活满意度：很满意；对子女满意度：很满意；因小事烦恼（过去一周）：有时/中等（3–4天）；感到抑郁（过去一周）：有时/中等（3–4天）；对未来抱有希望（过去一周）：大多数时候（5–7天）；感到孤独（过去一周）：有时/中等（3–4天）；感到高兴（过去一周）：有时/中等（3–4天）；睡眠不安（过去一周）：有时/中等（3–4天）,健康信息：自评健康状况：一般；医生诊断慢性病：未报告上述疾病；身体疼痛程度：无；上月平均每天实际睡眠小时数：8小时；是否因健康/残疾不能工作：没问题；是否因健康/残疾不能做家事：没问题；多久接受他人帮助：从不,活动信息：高强度体力活动：否；中等强度体力活动：否；轻度体力活动：是；轻度体力活动目的：锻炼；上月活动：以上都没有,上网信息：是否使用互联网：是；上网设备：手机；上网用途：聊天；是否用手机支付：是；是否使用微信：是；是否使用微信朋友圈：否,子女信息：子女总数：1个；健在子女数：1个；第1子女：是否工作/上学：工作；婚姻状况：已婚且配偶同住；过去一年同住月数：0个月；见面频率：每周1次,工作信息：是否从事农业/家庭农活：无；是否已办理退休：否；是否在工作：是；过去一年总工作天数：320天,"基础信息：性别：男；年龄：56岁；城乡类型：农村
教育信息：教育程度：高中
婚姻信息：婚姻状况：已婚且配偶同住；过去一年与配偶同住月数：12个月；上半年独自居住天数：0天；上半年仅与配偶同住天数：180天；上半年因不与别人同住而受影响程度：0
情绪信息：生活满意度：很满意；对子女满意度：很满意；因小事烦恼（过去一周）：有时/中等（3–4天）；感到抑郁（过去一周）：有时/中等（3–4天）；对未来抱有希望（过去一周）：大多数时候（5–7天）；感到孤独（过去一周）：有时/中等（3–4天）；感到高兴（过去一周）：有时/中等（3–4天）；睡眠不安（过去一周）：有时/中等（3–4天）
健康信息：自评健康状况：一般；医生诊断慢性病：未报告上述疾病；身体疼痛程度：无；上月平均每天实际睡眠小时数：8小时；是否因健康/残疾不能工作：没问题；是否因健康/残疾不能做家事：没问题；多久接受他人帮助：从不
活动信息：高强度体力活动：否；中等强度体力活动：否；轻度体力活动：是；轻度体力活动目的：锻炼；上月活动：以上都没有
上网信息：是否使用互联网：是；上网设备：手机；上网用途：聊天；是否用手机支付：是；是否使用微信：是；是否使用微信朋友圈：否
子女信息：子女总数：1个；健在子女数：1个；第1子女：是否工作/上学：工作；婚姻状况：已婚且配偶同住；过去一年同住月数：0个月；见面频率：每周1次
工作信息：是否从事农业/家庭农活：无；是否已办理退休：否；是否在工作：是；过去一年总工作天数：320天"
421,155676207001,基础信息：性别：男；年龄：77岁；城乡类型：城/镇中心,教育信息：教育程度：初中,婚姻信息：婚姻状况：已婚且配偶同住；过去一年与配偶同住月数：12个月；上半年独自居住天数：0天；上半年仅与配偶同住天数：0天,情绪信息：生活满意度：有点满意；对子女满意度：很满意；因小事烦恼（过去一周）：少量（1–2天）；感到抑郁（过去一周）：有时/中等（3–4天）；对未来抱有希望（过去一周）：大多数时候（5–7天）；感到孤独（过去一周）：少量（1–2天）；感到高兴（过去一周）：少量（1–2天）；睡眠不安（过去一周）：少量（1–2天）,健康信息：自评健康状况：好；医生诊断慢性病：未报告上述疾病；身体疼痛程度：一点；上月平均每天实际睡眠小时数：3小时；是否因健康/残疾不能工作：没问题；是否因健康/残疾不能做家事：不能长时间；多久接受他人帮助：偶尔,活动信息：高强度体力活动：否；中等强度体力活动：否；轻度体力活动：是；轻度体力活动目的：工作需要；上月活动：与朋友交往（几乎每周）、帮助不住一起的家人朋友邻居（不规律）,上网信息：是否使用互联网：否,子女信息：子女总数：4个；健在子女数：4个；第1子女：是否工作/上学：工作；婚姻状况：未婚；过去一年同住月数：1个月；见面频率：每年；电话/短信/微信联系频率：几乎每天；第2子女：是否工作/上学：工作；婚姻状况：已婚且配偶同住；过去一年同住月数：1个月；见面频率：每年；电话/短信/微信联系频率：每周2–3次,工作信息：是否从事农业/家庭农活：有；是否已办理退休：否；是否在工作：是；过去一年总工作天数：250天,"基础信息：性别：男；年龄：77岁；城乡类型：城/镇中心
教育信息：教育程度：初中
婚姻信息：婚姻状况：已婚且配偶同住；过去一年与配偶同住月数：12个月；上半年独自居住天数：0天；上半年仅与配偶同住天数：0天
情绪信息：生活满意度：有点满意；对子女满意度：很满意；因小事烦恼（过去一周）：少量（1–2天）；感到抑郁（过去一周）：有时/中等（3–4天）；对未来抱有希望（过去一周）：大多数时候（5–7天）；感到孤独（过去一周）：少量（1–2天）；感到高兴（过去一周）：少量（1–2天）；睡眠不安（过去一周）：少量（1–2天）
健康信息：自评健康状况：好；医生诊断慢性病：未报告上述疾病；身体疼痛程度：一点；上月平均每天实际睡眠小时数：3小时；是否因健康/残疾不能工作：没问题；是否因健康/残疾不能做家事：不能长时间；多久接受他人帮助：偶尔
活动信息：高强度体力活动：否；中等强度体力活动：否；轻度体力活动：是；轻度体力活动目的：工作需要；上月活动：与朋友交往（几乎每周）、帮助不住一起的家人朋友邻居（不规律）
上网信息：是否使用互联网：否
子女信息：子女总数：4个；健在子女数：4个；第1子女：是否工作/上学：工作；婚姻状况：未婚；过去一年同住月数：1个月；见面频率：每年；电话/短信/微信联系频率：几乎每天；第2子女：是否工作/上学：工作；婚姻状况：已婚且配偶同住；过去一年同住月数：1个月；见面频率：每年；电话/短信/微信联系频率：每周2–3次
工作信息：是否从事农业/家庭农活：有；是否已办理退休：否；是否在工作：是；过去一年总工作天数：250天"
422,74981222001,基础信息：性别：男；年龄：68岁；城乡类型：农村,教育信息：教育程度：未读完小学,婚姻信息：婚姻状况：已婚且配偶同住；过去一年与配偶同住月数：12个月；上半年独自居住天数：0天；上半年仅与配偶同住天数：60天；上半年因不与别人同住而受影响程度：0,情绪信息：生活满意度：不太满意；对子女满意度：很满意；因小事烦恼（过去一周）：几乎没有（<1天）；感到抑郁（过去一周）：几乎没有（<1天）；对未来抱有希望（过去一周）：几乎没有（<1天）；感到孤独（过去一周）：几乎没有（<1天）；感到高兴（过去一周）：几乎没有（<1天）；睡眠不安（过去一周）：大多数时候（5–7天）,健康信息：自评健康状况：一般；医生诊断慢性病：未报告上述疾病；身体疼痛程度：一点；上月平均每天实际睡眠小时数：4小时；是否因健康/残疾不能工作：没问题；是否因健康/残疾不能做家事：没问题；多久接受他人帮助：从不,活动信息：高强度体力活动：否；中等强度体力活动：是；中等强度体力活动目的：工作需要；轻度体力活动：否；上月活动：与朋友交往（几乎每天）、打麻将/下棋/打牌/去社区活动室（几乎每周）、帮助不住一起的家人朋友邻居（不规律）,上网信息：是否使用互联网：否,子女信息：子女总数：4个；健在子女数：4个；第1子女：是否工作/上学：工作；婚姻状况：已婚且配偶同住；过去一年同住月数：0个月；见面频率：每年；电话/短信/微信联系频率：每周1次；第2子女：是否工作/上学：工作；婚姻状况：已婚且配偶同住；过去一年同住月数：0个月；见面频率：每周1次,工作信息：是否从事农业/家庭农活：有；是否已办理退休：否；是否在工作：是；过去一年总工作天数：30天,"基础信息：性别：男；年龄：68岁；城乡类型：农村
教育信息：教育程度：未读完小学
婚姻信息：婚姻状况：已婚且配偶同住；过去一年与配偶同住月数：12个月；上半年独自居住天数：0天；上半年仅与配偶同住天数：60天；上半年因不与别人同住而受影响程度：0
情绪信息：生活满意度：不太满意；对子女满意度：很满意；因小事烦恼（过去一周）：几乎没有（<1天）；感到抑郁（过去一周）：几乎没有（<1天）；对未来抱有希望（过去一周）：几乎没有（<1天）；感到孤独（过去一周）：几乎没有（<1天）；感到高兴（过去一周）：几乎没有（<1天）；睡眠不安（过去一周）：大多数时候（5–7天）
健康信息：自评健康状况：一般；医生诊断慢性病：未报告上述疾病；身体疼痛程度：一点；上月平均每天实际睡眠小时数：4小时；是否因健康/残疾不能工作：没问题；是否因健康/残疾不能做家事：没问题；多久接受他人帮助：从不
活动信息：高强度体力活动：否；中等强度体力活动：是；中等强度体力活动目的：工作需要；轻度体力活动：否；上月活动：与朋友交往（几乎每天）、打麻将/下棋/打牌/去社区活动室（几乎每周）、帮助不住一起的家人朋友邻居（不规律）
上网信息：是否使用互联网：否
子女信息：子女总数：4个；健在子女数：4个；第1子女：是否工作/上学：工作；婚姻状况：已婚且配偶同住；过去一年同住月数：0个月；见面频率：每年；电话/短信/微信联系频率：每周1次；第2子女：是否工作/上学：工作；婚姻状况：已婚且配偶同住；过去一年同住月数：0个月；见面频率：每周1次
工作信息：是否从事农业/家庭农活：有；是否已办理退休：否；是否在工作：是；过去一年总工作天数：30天"
423,334631224002,基础信息：性别：男；年龄：59岁；城乡类型：农村,教育信息：教育程度：小学,婚姻信息：婚姻状况：已婚且配偶同住；过去一年与配偶同住月数：1个月；上半年独自居住天数：150天；上半年仅与配偶同住天数：1天；上半年因不与别人同住而受影响程度：0,情绪信息：生活满意度：有点满意；对子女满意度：有点满意；因小事烦恼（过去一周）：有时/中等（3–4天）；感到抑郁（过去一周）：几乎没有（<1天）；对未来抱有希望（过去一周）：有时/中等（3–4天）；感到孤独（过去一周）：有时/中等（3–4天）；感到高兴（过去一周）：有时/中等（3–4天）；睡眠不安（过去一周）：有时/中等（3–4天）,健康信息：自评健康状况：一般；医生诊断慢性病：未报告上述疾病；身体疼痛程度：相当；上月平均每天实际睡眠小时数：3小时；是否因健康/残疾不能工作：不能长时间工作；是否因健康/残疾不能做家事：没问题；多久接受他人帮助：从不,活动信息：高强度体力活动：否；中等强度体力活动：否；轻度体力活动：是；轻度体力活动目的：锻炼；上月活动：与朋友交往（不规律）、打麻将/下棋/打牌/去社区活动室（不规律）、帮助不住一起的家人朋友邻居（不规律）,上网信息：是否使用互联网：否,子女信息：子女总数：2个；健在子女数：2个,工作信息：是否从事农业/家庭农活：有；是否已办理退休：否；是否在工作：是；过去一年总工作天数：30天,"基础信息：性别：男；年龄：59岁；城乡类型：农村
教育信息：教育程度：小学
婚姻信息：婚姻状况：已婚且配偶同住；过去一年与配偶同住月数：1个月；上半年独自居住天数：150天；上半年仅与配偶同住天数：1天；上半年因不与别人同住而受影响程度：0
情绪信息：生活满意度：有点满意；对子女满意度：有点满意；因小事烦恼（过去一周）：有时/中等（3–4天）；感到抑郁（过去一周）：几乎没有（<1天）；对未来抱有希望（过去一周）：有时/中等（3–4天）；感到孤独（过去一周）：有时/中等（3–4天）；感到高兴（过去一周）：有时/中等（3–4天）；睡眠不安（过去一周）：有时/中等（3–4天）
健康信息：自评健康状况：一般；医生诊断慢性病：未报告上述疾病；身体疼痛程度：相当；上月平均每天实际睡眠小时数：3小时；是否因健康/残疾不能工作：不能长时间工作；是否因健康/残疾不能做家事：没问题；多久接受他人帮助：从不
活动信息：高强度体力活动：否；中等强度体力活动：否；轻度体力活动：是；轻度体力活动目的：锻炼；上月活动：与朋友交往（不规律）、打麻将/下棋/打牌/去社区活动室（不规律）、帮助不住一起的家人朋友邻居（不规律）
上网信息：是否使用互联网：否
子女信息：子女总数：2个；健在子女数：2个
工作信息：是否从事农业/家庭农活：有；是否已办理退休：否；是否在工作：是；过去一年总工作天数：30天"
424,154058321002,基础信息：性别：男；年龄：51岁；城乡类型：城/镇中心,教育信息：教育程度：高中,婚姻信息：婚姻状况：已婚且配偶同住；过去一年与配偶同住月数：12个月；上半年独自居住天数：0天；上半年仅与配偶同住天数：0天,情绪信息：生活满意度：有点满意；对子女满意度：有点满意；因小事烦恼（过去一周）：有时/中等（3–4天）；感到抑郁（过去一周）：少量（1–2天）；对未来抱有希望（过去一周）：有时/中等（3–4天）；感到孤独（过去一周）：几乎没有（<1天）；感到高兴（过去一周）：几乎没有（<1天）；睡眠不安（过去一周）：有时/中等（3–4天）,健康信息：自评健康状况：一般；医生诊断慢性病：未报告上述疾病；身体疼痛程度：一点；上月平均每天实际睡眠小时数：6小时；是否因健康/残疾不能工作：没问题；是否因健康/残疾不能做家事：没问题；多久接受他人帮助：从不,活动信息：高强度体力活动：否；中等强度体力活动：是；中等强度体力活动目的：工作需要；轻度体力活动：否；上月活动：以上都没有,上网信息：是否使用互联网：是；上网设备：手机；上网用途：聊天、看新闻、看视频、理财；是否用手机支付：是；是否使用微信：是；是否使用微信朋友圈：是,子女信息：子女总数：2个；健在子女数：2个；第1子女：是否工作/上学：工作；婚姻状况：已婚且配偶同住；过去一年同住月数：12个月；第2子女：是否工作/上学：上学；婚姻状况：未婚；过去一年同住月数：0个月；见面频率：每半年；电话/短信/微信联系频率：每周1次,工作信息：是否从事农业/家庭农活：无；是否已办理退休：否；是否在工作：是；过去一年总工作天数：365天,"基础信息：性别：男；年龄：51岁；城乡类型：城/镇中心
教育信息：教育程度：高中
婚姻信息：婚姻状况：已婚且配偶同住；过去一年与配偶同住月数：12个月；上半年独自居住天数：0天；上半年仅与配偶同住天数：0天
情绪信息：生活满意度：有点满意；对子女满意度：有点满意；因小事烦恼（过去一周）：有时/中等（3–4天）；感到抑郁（过去一周）：少量（1–2天）；对未来抱有希望（过去一周）：有时/中等（3–4天）；感到孤独（过去一周）：几乎没有（<1天）；感到高兴（过去一周）：几乎没有（<1天）；睡眠不安（过去一周）：有时/中等（3–4天）
健康信息：自评健康状况：一般；医生诊断慢性病：未报告上述疾病；身体疼痛程度：一点；上月平均每天实际睡眠小时数：6小时；是否因健康/残疾不能工作：没问题；是否因健康/残疾不能做家事：没问题；多久接受他人帮助：从不
活动信息：高强度体力活动：否；中等强度体力活动：是；中等强度体力活动目的：工作需要；轻度体力活动：否；上月活动：以上都没有
上网信息：是否使用互联网：是；上网设备：手机；上网用途：聊天、看新闻、看视频、理财；是否用手机支付：是；是否使用微信：是；是否使用微信朋友圈：是
子女信息：子女总数：2个；健在子女数：2个；第1子女：是否工作/上学：工作；婚姻状况：已婚且配偶同住；过去一年同住月数：12个月；第2子女：是否工作/上学：上学；婚姻状况：未婚；过去一年同住月数：0个月；见面频率：每半年；电话/短信/微信联系频率：每周1次
工作信息：是否从事农业/家庭农活：无；是否已办理退休：否；是否在工作：是；过去一年总工作天数：365天"
425,212428224002,基础信息：性别：女；年龄：55岁；城乡类型：城/镇中心,教育信息：教育程度：初中,婚姻信息：婚姻状况：已婚且配偶同住；过去一年与配偶同住月数：12个月；上半年独自居住天数：0天；上半年仅与配偶同住天数：180天；上半年因不与别人同住而受影响程度：0,情绪信息：生活满意度：很满意；对子女满意度：很满意；因小事烦恼（过去一周）：有时/中等（3–4天）；感到抑郁（过去一周）：几乎没有（<1天）；对未来抱有希望（过去一周）：大多数时候（5–7天）；感到孤独（过去一周）：几乎没有（<1天）；感到高兴（过去一周）：大多数时候（5–7天）；睡眠不安（过去一周）：几乎没有（<1天）,健康信息：自评健康状况：好；医生诊断慢性病：未报告上述疾病；身体疼痛程度：无；上月平均每天实际睡眠小时数：5小时；是否因健康/残疾不能工作：没问题；是否因健康/残疾不能做家事：没问题；多久接受他人帮助：从不,活动信息：高强度体力活动：否；中等强度体力活动：是；中等强度体力活动目的：工作需要；轻度体力活动：是；轻度体力活动目的：锻炼；上月活动：以上都没有,上网信息：是否使用互联网：是；上网设备：手机；上网用途：看新闻；是否用手机支付：否；是否使用微信：否,子女信息：子女总数：2个；健在子女数：2个；第1子女：是否工作/上学：工作；婚姻状况：已婚且配偶同住；过去一年同住月数：12个月；第2子女：最高学历：大专；是否工作/上学：工作；婚姻状况：已婚且配偶同住；过去一年同住月数：12个月,工作信息：是否从事农业/家庭农活：无；是否在工作：否；过去一年总工作天数：0天；上月是否在找工作：否,"基础信息：性别：女；年龄：55岁；城乡类型：城/镇中心
教育信息：教育程度：初中
婚姻信息：婚姻状况：已婚且配偶同住；过去一年与配偶同住月数：12个月；上半年独自居住天数：0天；上半年仅与配偶同住天数：180天；上半年因不与别人同住而受影响程度：0
情绪信息：生活满意度：很满意；对子女满意度：很满意；因小事烦恼（过去一周）：有时/中等（3–4天）；感到抑郁（过去一周）：几乎没有（<1天）；对未来抱有希望（过去一周）：大多数时候（5–7天）；感到孤独（过去一周）：几乎没有（<1天）；感到高兴（过去一周）：大多数时候（5–7天）；睡眠不安（过去一周）：几乎没有（<1天）
健康信息：自评健康状况：好；医生诊断慢性病：未报告上述疾病；身体疼痛程度：无；上月平均每天实际睡眠小时数：5小时；是否因健康/残疾不能工作：没问题；是否因健康/残疾不能做家事：没问题；多久接受他人帮助：从不
活动信息：高强度体力活动：否；中等强度体力活动：是；中等强度体力活动目的：工作需要；轻度体力活动：是；轻度体力活动目的：锻炼；上月活动：以上都没有
上网信息：是否使用互联网：是；上网设备：手机；上网用途：看新闻；是否用手机支付：否；是否使用微信：否
子女信息：子女总数：2个；健在子女数：2个；第1子女：是否工作/上学：工作；婚姻状况：已婚且配偶同住；过去一年同住月数：12个月；第2子女：最高学历：大专；是否工作/上学：工作；婚姻状况：已婚且配偶同住；过去一年同住月数：12个月
工作信息：是否从事农业/家庭农活：无；是否在工作：否；过去一年总工作天数：0天；上月是否在找工作：否"
426,154044323002,基础信息：性别：女；年龄：68岁；城乡类型：城/镇中心,教育信息：教育程度：未读完小学,婚姻信息：婚姻状况：已婚且配偶同住；过去一年与配偶同住月数：12个月；上半年独自居住天数：0天；上半年仅与配偶同住天数：0天,情绪信息：生活满意度：很满意；对子女满意度：有点满意；因小事烦恼（过去一周）：几乎没有（<1天）；感到抑郁（过去一周）：几乎没有（<1天）；对未来抱有希望（过去一周）：大多数时候（5–7天）；感到孤独（过去一周）：几乎没有（<1天）；感到高兴（过去一周）：大多数时候（5–7天）；睡眠不安（过去一周）：大多数时候（5–7天）,健康信息：自评健康状况：好；医生诊断慢性病：血脂异常；身体疼痛程度：一点；上月平均每天实际睡眠小时数：4小时；是否因健康/残疾不能工作：没问题；是否因健康/残疾不能做家事：没问题；多久接受他人帮助：从不,活动信息：高强度体力活动：否；中等强度体力活动：是；中等强度体力活动目的：其他；轻度体力活动：是；轻度体力活动目的：锻炼；上月活动：以上都没有,上网信息：是否使用互联网：否,子女信息：子女总数：3个；健在子女数：3个；第1子女：是否工作/上学：工作；婚姻状况：已婚且配偶同住；过去一年同住月数：12个月；第2子女：是否工作/上学：工作；婚姻状况：未婚；过去一年同住月数：0个月；见面频率：每周2–3次,工作信息：是否从事农业/家庭农活：有；是否已办理退休：否；是否在工作：是；过去一年总工作天数：365天,"基础信息：性别：女；年龄：68岁；城乡类型：城/镇中心
教育信息：教育程度：未读完小学
婚姻信息：婚姻状况：已婚且配偶同住；过去一年与配偶同住月数：12个月；上半年独自居住天数：0天；上半年仅与配偶同住天数：0天
情绪信息：生活满意度：很满意；对子女满意度：有点满意；因小事烦恼（过去一周）：几乎没有（<1天）；感到抑郁（过去一周）：几乎没有（<1天）；对未来抱有希望（过去一周）：大多数时候（5–7天）；感到孤独（过去一周）：几乎没有（<1天）；感到高兴（过去一周）：大多数时候（5–7天）；睡眠不安（过去一周）：大多数时候（5–7天）
健康信息：自评健康状况：好；医生诊断慢性病：血脂异常；身体疼痛程度：一点；上月平均每天实际睡眠小时数：4小时；是否因健康/残疾不能工作：没问题；是否因健康/残疾不能做家事：没问题；多久接受他人帮助：从不
活动信息：高强度体力活动：否；中等强度体力活动：是；中等强度体力活动目的：其他；轻度体力活动：是；轻度体力活动目的：锻炼；上月活动：以上都没有
上网信息：是否使用互联网：否
子女信息：子女总数：3个；健在子女数：3个；第1子女：是否工作/上学：工作；婚姻状况：已婚且配偶同住；过去一年同住月数：12个月；第2子女：是否工作/上学：工作；婚姻状况：未婚；过去一年同住月数：0个月；见面频率：每周2–3次
工作信息：是否从事农业/家庭农活：有；是否已办理退休：否；是否在工作：是；过去一年总工作天数：365天"
427,325306114001,基础信息：性别：女；年龄：71岁；城乡类型：农村,教育信息：教育程度：未读完小学,婚姻信息：婚姻状况：已婚且配偶同住；过去一年与配偶同住月数：12个月；上半年独自居住天数：0天；上半年仅与配偶同住天数：0天；上半年因不与别人同住而受影响程度：0,情绪信息：生活满意度：有点满意；对子女满意度：有点满意；因小事烦恼（过去一周）：几乎没有（<1天）；感到抑郁（过去一周）：几乎没有（<1天）；对未来抱有希望（过去一周）：大多数时候（5–7天）；感到孤独（过去一周）：几乎没有（<1天）；感到高兴（过去一周）：大多数时候（5–7天）；睡眠不安（过去一周）：少量（1–2天）,健康信息：自评健康状况：一般；医生诊断慢性病：记忆相关疾病；身体疼痛程度：一点；上月平均每天实际睡眠小时数：6小时；是否因健康/残疾不能工作：不能长时间工作；是否因健康/残疾不能做家事：没问题；多久接受他人帮助：从不,活动信息：高强度体力活动：是；高强度体力活动目的：工作需要；中等强度体力活动：否；轻度体力活动：是；轻度体力活动目的：锻炼；上月活动：以上都没有,上网信息：是否使用互联网：否,子女信息：子女总数：2个；健在子女数：2个；第1子女：是否工作/上学：都不；婚姻状况：已婚且配偶同住；过去一年同住月数：0个月；见面频率：每周1次；第2子女：是否工作/上学：工作；婚姻状况：已婚且配偶同住；过去一年同住月数：0个月；见面频率：每年；电话/短信/微信联系频率：每月,工作信息：是否从事农业/家庭农活：有；是否已办理退休：否；是否在工作：是；过去一年总工作天数：80天,"基础信息：性别：女；年龄：71岁；城乡类型：农村
教育信息：教育程度：未读完小学
婚姻信息：婚姻状况：已婚且配偶同住；过去一年与配偶同住月数：12个月；上半年独自居住天数：0天；上半年仅与配偶同住天数：0天；上半年因不与别人同住而受影响程度：0
情绪信息：生活满意度：有点满意；对子女满意度：有点满意；因小事烦恼（过去一周）：几乎没有（<1天）；感到抑郁（过去一周）：几乎没有（<1天）；对未来抱有希望（过去一周）：大多数时候（5–7天）；感到孤独（过去一周）：几乎没有（<1天）；感到高兴（过去一周）：大多数时候（5–7天）；睡眠不安（过去一周）：少量（1–2天）
健康信息：自评健康状况：一般；医生诊断慢性病：记忆相关疾病；身体疼痛程度：一点；上月平均每天实际睡眠小时数：6小时；是否因健康/残疾不能工作：不能长时间工作；是否因健康/残疾不能做家事：没问题；多久接受他人帮助：从不
活动信息：高强度体力活动：是；高强度体力活动目的：工作需要；中等强度体力活动：否；轻度体力活动：是；轻度体力活动目的：锻炼；上月活动：以上都没有
上网信息：是否使用互联网：否
子女信息：子女总数：2个；健在子女数：2个；第1子女：是否工作/上学：都不；婚姻状况：已婚且配偶同住；过去一年同住月数：0个月；见面频率：每周1次；第2子女：是否工作/上学：工作；婚姻状况：已婚且配偶同住；过去一年同住月数：0个月；见面频率：每年；电话/短信/微信联系频率：每月
工作信息：是否从事农业/家庭农活：有；是否已办理退休：否；是否在工作：是；过去一年总工作天数：80天"
428,64033109002,基础信息：性别：男；年龄：52岁；城乡类型：农村,教育信息：教育程度：小学,婚姻信息：婚姻状况：已婚暂分居；过去一年与配偶同住月数：1个月；上半年独自居住天数：0天；上半年仅与配偶同住天数：0天；上半年因不与别人同住而受影响程度：0,情绪信息：生活满意度：有点满意；对子女满意度：有点满意；因小事烦恼（过去一周）：几乎没有（<1天）；感到抑郁（过去一周）：几乎没有（<1天）；对未来抱有希望（过去一周）：有时/中等（3–4天）；感到孤独（过去一周）：几乎没有（<1天）；感到高兴（过去一周）：有时/中等（3–4天）；睡眠不安（过去一周）：大多数时候（5–7天）,健康信息：自评健康状况：很差；医生诊断慢性病：未报告上述疾病；身体疼痛程度：无；上月平均每天实际睡眠小时数：5小时；是否因健康/残疾不能工作：不能长时间工作；是否因健康/残疾不能做家事：没问题；多久接受他人帮助：从不,活动信息：高强度体力活动：否；中等强度体力活动：是；中等强度体力活动目的：工作需要；轻度体力活动：是；轻度体力活动目的：工作需要；上月活动：与朋友交往（不规律）,上网信息：是否使用互联网：是；上网设备：手机；上网用途：聊天、看新闻；是否用手机支付：是；是否使用微信：是；是否使用微信朋友圈：否,子女信息：子女总数：2个；健在子女数：2个；第1子女：是否工作/上学：工作；婚姻状况：已婚且配偶同住；过去一年同住月数：0个月；见面频率：每年；电话/短信/微信联系频率：每周2–3次；第2子女：是否工作/上学：都不；婚姻状况：未婚；过去一年同住月数：6个月；见面频率：几乎不见/不联系；电话/短信/微信联系频率：每周2–3次,工作信息：是否从事农业/家庭农活：无；是否已办理退休：否；是否在工作：是；过去一年总工作天数：272天,"基础信息：性别：男；年龄：52岁；城乡类型：农村
教育信息：教育程度：小学
婚姻信息：婚姻状况：已婚暂分居；过去一年与配偶同住月数：1个月；上半年独自居住天数：0天；上半年仅与配偶同住天数：0天；上半年因不与别人同住而受影响程度：0
情绪信息：生活满意度：有点满意；对子女满意度：有点满意；因小事烦恼（过去一周）：几乎没有（<1天）；感到抑郁（过去一周）：几乎没有（<1天）；对未来抱有希望（过去一周）：有时/中等（3–4天）；感到孤独（过去一周）：几乎没有（<1天）；感到高兴（过去一周）：有时/中等（3–4天）；睡眠不安（过去一周）：大多数时候（5–7天）
健康信息：自评健康状况：很差；医生诊断慢性病：未报告上述疾病；身体疼痛程度：无；上月平均每天实际睡眠小时数：5小时；是否因健康/残疾不能工作：不能长时间工作；是否因健康/残疾不能做家事：没问题；多久接受他人帮助：从不
活动信息：高强度体力活动：否；中等强度体力活动：是；中等强度体力活动目的：工作需要；轻度体力活动：是；轻度体力活动目的：工作需要；上月活动：与朋友交往（不规律）
上网信息：是否使用互联网：是；上网设备：手机；上网用途：聊天、看新闻；是否用手机支付：是；是否使用微信：是；是否使用微信朋友圈：否
子女信息：子女总数：2个；健在子女数：2个；第1子女：是否工作/上学：工作；婚姻状况：已婚且配偶同住；过去一年同住月数：0个月；见面频率：每年；电话/短信/微信联系频率：每周2–3次；第2子女：是否工作/上学：都不；婚姻状况：未婚；过去一年同住月数：6个月；见面频率：几乎不见/不联系；电话/短信/微信联系频率：每周2–3次
工作信息：是否从事农业/家庭农活：无；是否已办理退休：否；是否在工作：是；过去一年总工作天数：272天"
429,108206123001,基础信息：性别：女；年龄：60岁；城乡类型：农村,教育信息：教育程度：未读完小学,婚姻信息：婚姻状况：已婚且配偶同住；过去一年与配偶同住月数：12个月；上半年独自居住天数：0天；上半年仅与配偶同住天数：180天；上半年因不与别人同住而受影响程度：0,情绪信息：生活满意度：不太满意；对子女满意度：很满意；因小事烦恼（过去一周）：有时/中等（3–4天）；感到抑郁（过去一周）：有时/中等（3–4天）；对未来抱有希望（过去一周）：少量（1–2天）；感到孤独（过去一周）：几乎没有（<1天）；感到高兴（过去一周）：几乎没有（<1天）；睡眠不安（过去一周）：有时/中等（3–4天）,健康信息：自评健康状况：一般；医生诊断慢性病：未报告上述疾病；身体疼痛程度：一点；上月平均每天实际睡眠小时数：6小时；是否因健康/残疾不能工作：没问题；是否因健康/残疾不能做家事：不能长时间；多久接受他人帮助：从不,活动信息：高强度体力活动：否；中等强度体力活动：否；轻度体力活动：是；轻度体力活动目的：娱乐；上月活动：以上都没有,上网信息：是否使用互联网：是；上网设备：手机；上网用途：聊天、看视频；是否用手机支付：否；是否使用微信：是；是否使用微信朋友圈：否,子女信息：子女总数：3个；健在子女数：3个；第2子女：是否工作/上学：工作；婚姻状况：已婚且配偶同住；过去一年同住月数：0个月；见面频率：每三月；电话/短信/微信联系频率：每周2–3次,工作信息：是否从事农业/家庭农活：有；是否已办理退休：否；是否在工作：是；过去一年总工作天数：360天,"基础信息：性别：女；年龄：60岁；城乡类型：农村
教育信息：教育程度：未读完小学
婚姻信息：婚姻状况：已婚且配偶同住；过去一年与配偶同住月数：12个月；上半年独自居住天数：0天；上半年仅与配偶同住天数：180天；上半年因不与别人同住而受影响程度：0
情绪信息：生活满意度：不太满意；对子女满意度：很满意；因小事烦恼（过去一周）：有时/中等（3–4天）；感到抑郁（过去一周）：有时/中等（3–4天）；对未来抱有希望（过去一周）：少量（1–2天）；感到孤独（过去一周）：几乎没有（<1天）；感到高兴（过去一周）：几乎没有（<1天）；睡眠不安（过去一周）：有时/中等（3–4天）
健康信息：自评健康状况：一般；医生诊断慢性病：未报告上述疾病；身体疼痛程度：一点；上月平均每天实际睡眠小时数：6小时；是否因健康/残疾不能工作：没问题；是否因健康/残疾不能做家事：不能长时间；多久接受他人帮助：从不
活动信息：高强度体力活动：否；中等强度体力活动：否；轻度体力活动：是；轻度体力活动目的：娱乐；上月活动：以上都没有
上网信息：是否使用互联网：是；上网设备：手机；上网用途：聊天、看视频；是否用手机支付：否；是否使用微信：是；是否使用微信朋友圈：否
子女信息：子女总数：3个；健在子女数：3个；第2子女：是否工作/上学：工作；婚姻状况：已婚且配偶同住；过去一年同住月数：0个月；见面频率：每三月；电话/短信/微信联系频率：每周2–3次
工作信息：是否从事农业/家庭农活：有；是否已办理退休：否；是否在工作：是；过去一年总工作天数：360天"
430,294028112001,基础信息：性别：女；年龄：90岁；城乡类型：城乡结合部/镇乡,教育信息：教育程度：未受教育,婚姻信息：婚姻状况：丧偶；是否有人以配偶身份同住：否；上半年独自居住天数：182天；上半年因不与别人同住而受影响程度：0,情绪信息：生活满意度：很满意；对子女满意度：很满意；因小事烦恼（过去一周）：几乎没有（<1天）；感到抑郁（过去一周）：几乎没有（<1天）；对未来抱有希望（过去一周）：几乎没有（<1天）；感到孤独（过去一周）：几乎没有（<1天）；感到高兴（过去一周）：大多数时候（5–7天）；睡眠不安（过去一周）：几乎没有（<1天）,健康信息：自评健康状况：一般；医生诊断慢性病：未报告上述疾病；身体疼痛程度：无；上月平均每天实际睡眠小时数：7.5小时；是否因健康/残疾不能工作：完全不能工作；多久接受他人帮助：从不,活动信息：高强度体力活动：否；中等强度体力活动：否；轻度体力活动：否；上月活动：以上都没有,上网信息：是否使用互联网：否,子女信息：子女总数：4个；健在子女数：4个；第1子女：是否工作/上学：都不；婚姻状况：已婚且配偶同住；过去一年同住月数：0个月；见面频率：每三月；电话/短信/微信联系频率：几乎不见/不联系,工作信息：是否从事农业/家庭农活：无；是否已办理退休：是；退休年份：1986年；是否在工作：否；过去一年总工作天数：0天；上月是否在找工作：否,"基础信息：性别：女；年龄：90岁；城乡类型：城乡结合部/镇乡
教育信息：教育程度：未受教育
婚姻信息：婚姻状况：丧偶；是否有人以配偶身份同住：否；上半年独自居住天数：182天；上半年因不与别人同住而受影响程度：0
情绪信息：生活满意度：很满意；对子女满意度：很满意；因小事烦恼（过去一周）：几乎没有（<1天）；感到抑郁（过去一周）：几乎没有（<1天）；对未来抱有希望（过去一周）：几乎没有（<1天）；感到孤独（过去一周）：几乎没有（<1天）；感到高兴（过去一周）：大多数时候（5–7天）；睡眠不安（过去一周）：几乎没有（<1天）
健康信息：自评健康状况：一般；医生诊断慢性病：未报告上述疾病；身体疼痛程度：无；上月平均每天实际睡眠小时数：7.5小时；是否因健康/残疾不能工作：完全不能工作；多久接受他人帮助：从不
活动信息：高强度体力活动：否；中等强度体力活动：否；轻度体力活动：否；上月活动：以上都没有
上网信息：是否使用互联网：否
子女信息：子女总数：4个；健在子女数：4个；第1子女：是否工作/上学：都不；婚姻状况：已婚且配偶同住；过去一年同住月数：0个月；见面频率：每三月；电话/短信/微信联系频率：几乎不见/不联系
工作信息：是否从事农业/家庭农活：无；是否已办理退休：是；退休年份：1986年；是否在工作：否；过去一年总工作天数：0天；上月是否在找工作：否"
431,75376226001,基础信息：性别：女；年龄：81岁；城乡类型：农村,教育信息：教育程度：未读完小学,婚姻信息：婚姻状况：丧偶；是否有人以配偶身份同住：否；上半年独自居住天数：0天,情绪信息：生活满意度：有点满意；对子女满意度：有点满意；因小事烦恼（过去一周）：几乎没有（<1天）；感到抑郁（过去一周）：几乎没有（<1天）；对未来抱有希望（过去一周）：大多数时候（5–7天）；感到孤独（过去一周）：几乎没有（<1天）；感到高兴（过去一周）：大多数时候（5–7天）；睡眠不安（过去一周）：几乎没有（<1天）,健康信息：自评健康状况：一般；医生诊断慢性病：未报告上述疾病；身体疼痛程度：有些；上月平均每天实际睡眠小时数：6小时；是否因健康/残疾不能工作：没问题；是否因健康/残疾不能做家事：没问题；多久接受他人帮助：大多时候,活动信息：高强度体力活动：是；高强度体力活动目的：工作需要；中等强度体力活动：是；中等强度体力活动目的：其他；轻度体力活动：是；轻度体力活动目的：其他；上月活动：与朋友交往（几乎每天）、打麻将/下棋/打牌/去社区活动室（几乎每天）、参加社区相关组织（不规律）,上网信息：是否使用互联网：否,子女信息：子女总数：7个；健在子女数：7个；第1子女：是否工作/上学：工作；婚姻状况：已婚且配偶同住；过去一年同住月数：12个月；第2子女：是否工作/上学：工作；婚姻状况：已婚且配偶同住；过去一年同住月数：0个月；见面频率：其他；电话/短信/微信联系频率：几乎不见/不联系,工作信息：是否从事农业/家庭农活：有；是否在工作：是；过去一年总工作天数：308天,"基础信息：性别：女；年龄：81岁；城乡类型：农村
教育信息：教育程度：未读完小学
婚姻信息：婚姻状况：丧偶；是否有人以配偶身份同住：否；上半年独自居住天数：0天
情绪信息：生活满意度：有点满意；对子女满意度：有点满意；因小事烦恼（过去一周）：几乎没有（<1天）；感到抑郁（过去一周）：几乎没有（<1天）；对未来抱有希望（过去一周）：大多数时候（5–7天）；感到孤独（过去一周）：几乎没有（<1天）；感到高兴（过去一周）：大多数时候（5–7天）；睡眠不安（过去一周）：几乎没有（<1天）
健康信息：自评健康状况：一般；医生诊断慢性病：未报告上述疾病；身体疼痛程度：有些；上月平均每天实际睡眠小时数：6小时；是否因健康/残疾不能工作：没问题；是否因健康/残疾不能做家事：没问题；多久接受他人帮助：大多时候
活动信息：高强度体力活动：是；高强度体力活动目的：工作需要；中等强度体力活动：是；中等强度体力活动目的：其他；轻度体力活动：是；轻度体力活动目的：其他；上月活动：与朋友交往（几乎每天）、打麻将/下棋/打牌/去社区活动室（几乎每天）、参加社区相关组织（不规律）
上网信息：是否使用互联网：否
子女信息：子女总数：7个；健在子女数：7个；第1子女：是否工作/上学：工作；婚姻状况：已婚且配偶同住；过去一年同住月数：12个月；第2子女：是否工作/上学：工作；婚姻状况：已婚且配偶同住；过去一年同住月数：0个月；见面频率：其他；电话/短信/微信联系频率：几乎不见/不联系
工作信息：是否从事农业/家庭农活：有；是否在工作：是；过去一年总工作天数：308天"
432,154044230001,基础信息：性别：男；年龄：52岁；现居住地地址类型：家庭住房；城乡类型：农村,教育信息：教育程度：初中,婚姻信息：婚姻状况：已婚且配偶同住；过去一年与配偶同住月数：12个月；上半年独自居住天数：0天；上半年仅与配偶同住天数：0天,情绪信息：生活满意度：有点满意；对子女满意度：有点满意；因小事烦恼（过去一周）：几乎没有（<1天）；感到抑郁（过去一周）：几乎没有（<1天）；对未来抱有希望（过去一周）：大多数时候（5–7天）；感到孤独（过去一周）：几乎没有（<1天）；感到高兴（过去一周）：大多数时候（5–7天）；睡眠不安（过去一周）：几乎没有（<1天）,健康信息：自评健康状况：好；医生诊断慢性病：未报告上述疾病；身体疼痛程度：无；上月平均每天实际睡眠小时数：8小时；是否因健康/残疾不能工作：没问题；是否因健康/残疾不能做家事：没问题；多久接受他人帮助：从不,活动信息：高强度体力活动：是；高强度体力活动目的：锻炼；中等强度体力活动：是；中等强度体力活动目的：锻炼；轻度体力活动：是；轻度体力活动目的：锻炼；上月活动：与朋友交往（几乎每周）、帮助不住一起的家人朋友邻居（几乎每周）、参加运动/社交等俱乐部（几乎每天）,上网信息：是否使用互联网：是；上网设备：手机；上网用途：聊天、看新闻、看视频；是否用手机支付：是；是否使用微信：是；是否使用微信朋友圈：是,子女信息：子女总数：2个；健在子女数：2个；第1子女：是否工作/上学：工作；婚姻状况：已婚且配偶同住；过去一年同住月数：12个月；第2子女：是否工作/上学：工作；婚姻状况：已婚且配偶同住；过去一年同住月数：0个月；见面频率：每三月；电话/短信/微信联系频率：每月,工作信息：是否从事农业/家庭农活：有；是否已办理退休：否；是否在工作：是；过去一年总工作天数：365天,"基础信息：性别：男；年龄：52岁；现居住地地址类型：家庭住房；城乡类型：农村
教育信息：教育程度：初中
婚姻信息：婚姻状况：已婚且配偶同住；过去一年与配偶同住月数：12个月；上半年独自居住天数：0天；上半年仅与配偶同住天数：0天
情绪信息：生活满意度：有点满意；对子女满意度：有点满意；因小事烦恼（过去一周）：几乎没有（<1天）；感到抑郁（过去一周）：几乎没有（<1天）；对未来抱有希望（过去一周）：大多数时候（5–7天）；感到孤独（过去一周）：几乎没有（<1天）；感到高兴（过去一周）：大多数时候（5–7天）；睡眠不安（过去一周）：几乎没有（<1天）
健康信息：自评健康状况：好；医生诊断慢性病：未报告上述疾病；身体疼痛程度：无；上月平均每天实际睡眠小时数：8小时；是否因健康/残疾不能工作：没问题；是否因健康/残疾不能做家事：没问题；多久接受他人帮助：从不
活动信息：高强度体力活动：是；高强度体力活动目的：锻炼；中等强度体力活动：是；中等强度体力活动目的：锻炼；轻度体力活动：是；轻度体力活动目的：锻炼；上月活动：与朋友交往（几乎每周）、帮助不住一起的家人朋友邻居（几乎每周）、参加运动/社交等俱乐部（几乎每天）
上网信息：是否使用互联网：是；上网设备：手机；上网用途：聊天、看新闻、看视频；是否用手机支付：是；是否使用微信：是；是否使用微信朋友圈：是
子女信息：子女总数：2个；健在子女数：2个；第1子女：是否工作/上学：工作；婚姻状况：已婚且配偶同住；过去一年同住月数：12个月；第2子女：是否工作/上学：工作；婚姻状况：已婚且配偶同住；过去一年同住月数：0个月；见面频率：每三月；电话/短信/微信联系频率：每月
工作信息：是否从事农业/家庭农活：有；是否已办理退休：否；是否在工作：是；过去一年总工作天数：365天"
433,58202217002,基础信息：性别：女；年龄：61岁；城乡类型：农村,教育信息：教育程度：未受教育,婚姻信息：婚姻状况：已婚且配偶同住；过去一年与配偶同住月数：12个月；上半年独自居住天数：15天；上半年仅与配偶同住天数：167天；上半年因不与别人同住而受影响程度：0,情绪信息：生活满意度：有点满意；对子女满意度：有点满意；因小事烦恼（过去一周）：有时/中等（3–4天）；感到抑郁（过去一周）：几乎没有（<1天）；对未来抱有希望（过去一周）：少量（1–2天）；感到孤独（过去一周）：有时/中等（3–4天）；感到高兴（过去一周）：有时/中等（3–4天）；睡眠不安（过去一周）：少量（1–2天）,健康信息：自评健康状况：一般；医生诊断慢性病：未报告上述疾病；身体疼痛程度：一点；上月平均每天实际睡眠小时数：4小时；是否因健康/残疾不能工作：完全不能工作；多久接受他人帮助：偶尔,活动信息：高强度体力活动：是；高强度体力活动目的：锻炼；中等强度体力活动：是；中等强度体力活动目的：锻炼；轻度体力活动：是；轻度体力活动目的：工作需要；上月活动：以上都没有,上网信息：是否使用互联网：否,子女信息：子女总数：2个；健在子女数：2个；第1子女：是否工作/上学：工作；婚姻状况：已婚且配偶同住；过去一年同住月数：0个月；见面频率：每年；电话/短信/微信联系频率：每三月；第2子女：是否工作/上学：工作；婚姻状况：已婚且配偶同住；过去一年同住月数：0个月；见面频率：每年；电话/短信/微信联系频率：每三月,工作信息：是否从事农业/家庭农活：有；是否已办理退休：否；是否在工作：是；过去一年总工作天数：246天,"基础信息：性别：女；年龄：61岁；城乡类型：农村
教育信息：教育程度：未受教育
婚姻信息：婚姻状况：已婚且配偶同住；过去一年与配偶同住月数：12个月；上半年独自居住天数：15天；上半年仅与配偶同住天数：167天；上半年因不与别人同住而受影响程度：0
情绪信息：生活满意度：有点满意；对子女满意度：有点满意；因小事烦恼（过去一周）：有时/中等（3–4天）；感到抑郁（过去一周）：几乎没有（<1天）；对未来抱有希望（过去一周）：少量（1–2天）；感到孤独（过去一周）：有时/中等（3–4天）；感到高兴（过去一周）：有时/中等（3–4天）；睡眠不安（过去一周）：少量（1–2天）
健康信息：自评健康状况：一般；医生诊断慢性病：未报告上述疾病；身体疼痛程度：一点；上月平均每天实际睡眠小时数：4小时；是否因健康/残疾不能工作：完全不能工作；多久接受他人帮助：偶尔
活动信息：高强度体力活动：是；高强度体力活动目的：锻炼；中等强度体力活动：是；中等强度体力活动目的：锻炼；轻度体力活动：是；轻度体力活动目的：工作需要；上月活动：以上都没有
上网信息：是否使用互联网：否
子女信息：子女总数：2个；健在子女数：2个；第1子女：是否工作/上学：工作；婚姻状况：已婚且配偶同住；过去一年同住月数：0个月；见面频率：每年；电话/短信/微信联系频率：每三月；第2子女：是否工作/上学：工作；婚姻状况：已婚且配偶同住；过去一年同住月数：0个月；见面频率：每年；电话/短信/微信联系频率：每三月
工作信息：是否从事农业/家庭农活：有；是否已办理退休：否；是否在工作：是；过去一年总工作天数：246天"
434,285502305001,基础信息：性别：女；年龄：78岁；城乡类型：农村,教育信息：教育程度：初中,婚姻信息：婚姻状况：丧偶；是否有人以配偶身份同住：否；上半年独自居住天数：180天；上半年因不与别人同住而受影响程度：0,情绪信息：生活满意度：很满意；对子女满意度：有点满意；因小事烦恼（过去一周）：有时/中等（3–4天）；感到抑郁（过去一周）：大多数时候（5–7天）；对未来抱有希望（过去一周）：少量（1–2天）；感到孤独（过去一周）：有时/中等（3–4天）；感到高兴（过去一周）：有时/中等（3–4天）；睡眠不安（过去一周）：大多数时候（5–7天）,健康信息：自评健康状况：好；医生诊断慢性病：慢性肺部疾病；身体疼痛程度：一点；上月平均每天实际睡眠小时数：2小时；是否因健康/残疾不能工作：没问题；是否因健康/残疾不能做家事：没问题；多久接受他人帮助：从不,活动信息：高强度体力活动：否；中等强度体力活动：否；轻度体力活动：是；轻度体力活动目的：锻炼；上月活动：与朋友交往（不规律）、参加社区相关组织（不规律）,上网信息：是否使用互联网：否,子女信息：子女总数：5个；健在子女数：5个；第1子女：是否工作/上学：工作；婚姻状况：已婚且配偶同住；过去一年同住月数：0个月；见面频率：几乎不见/不联系；电话/短信/微信联系频率：几乎不见/不联系；第2子女：是否工作/上学：工作；婚姻状况：已婚且配偶同住；过去一年同住月数：12个月,工作信息：是否从事农业/家庭农活：无；是否已办理退休：否；是否在工作：否；过去一年总工作天数：0天；上月是否在找工作：否,"基础信息：性别：女；年龄：78岁；城乡类型：农村
教育信息：教育程度：初中
婚姻信息：婚姻状况：丧偶；是否有人以配偶身份同住：否；上半年独自居住天数：180天；上半年因不与别人同住而受影响程度：0
情绪信息：生活满意度：很满意；对子女满意度：有点满意；因小事烦恼（过去一周）：有时/中等（3–4天）；感到抑郁（过去一周）：大多数时候（5–7天）；对未来抱有希望（过去一周）：少量（1–2天）；感到孤独（过去一周）：有时/中等（3–4天）；感到高兴（过去一周）：有时/中等（3–4天）；睡眠不安（过去一周）：大多数时候（5–7天）
健康信息：自评健康状况：好；医生诊断慢性病：慢性肺部疾病；身体疼痛程度：一点；上月平均每天实际睡眠小时数：2小时；是否因健康/残疾不能工作：没问题；是否因健康/残疾不能做家事：没问题；多久接受他人帮助：从不
活动信息：高强度体力活动：否；中等强度体力活动：否；轻度体力活动：是；轻度体力活动目的：锻炼；上月活动：与朋友交往（不规律）、参加社区相关组织（不规律）
上网信息：是否使用互联网：否
子女信息：子女总数：5个；健在子女数：5个；第1子女：是否工作/上学：工作；婚姻状况：已婚且配偶同住；过去一年同住月数：0个月；见面频率：几乎不见/不联系；电话/短信/微信联系频率：几乎不见/不联系；第2子女：是否工作/上学：工作；婚姻状况：已婚且配偶同住；过去一年同住月数：12个月
工作信息：是否从事农业/家庭农活：无；是否已办理退休：否；是否在工作：否；过去一年总工作天数：0天；上月是否在找工作：否"
435,65546126002,基础信息：性别：男；年龄：55岁；城乡类型：农村,教育信息：教育程度：未读完小学,婚姻信息：婚姻状况：已婚且配偶同住；过去一年与配偶同住月数：12个月；上半年独自居住天数：0天；上半年仅与配偶同住天数：0天,情绪信息：生活满意度：很满意；对子女满意度：很满意；因小事烦恼（过去一周）：大多数时候（5–7天）；感到抑郁（过去一周）：大多数时候（5–7天）；对未来抱有希望（过去一周）：大多数时候（5–7天）；感到孤独（过去一周）：几乎没有（<1天）；感到高兴（过去一周）：大多数时候（5–7天）；睡眠不安（过去一周）：几乎没有（<1天）,健康信息：自评健康状况：很差；医生诊断慢性病：未报告上述疾病；身体疼痛程度：相当；上月平均每天实际睡眠小时数：6小时；是否因健康/残疾不能工作：不能长时间工作；是否因健康/残疾不能做家事：没问题；多久接受他人帮助：从不,活动信息：高强度体力活动：否；中等强度体力活动：否；轻度体力活动：否；上月活动：以上都没有,上网信息：是否使用互联网：否,子女信息：子女总数：2个；健在子女数：2个；第1子女：是否工作/上学：工作；婚姻状况：已婚且配偶同住；过去一年同住月数：12个月；第2子女：是否工作/上学：工作；婚姻状况：已婚暂分居；过去一年同住月数：0个月；见面频率：每周2–3次,工作信息：是否从事农业/家庭农活：有；是否已办理退休：否；是否在工作：是；过去一年总工作天数：180天,"基础信息：性别：男；年龄：55岁；城乡类型：农村
教育信息：教育程度：未读完小学
婚姻信息：婚姻状况：已婚且配偶同住；过去一年与配偶同住月数：12个月；上半年独自居住天数：0天；上半年仅与配偶同住天数：0天
情绪信息：生活满意度：很满意；对子女满意度：很满意；因小事烦恼（过去一周）：大多数时候（5–7天）；感到抑郁（过去一周）：大多数时候（5–7天）；对未来抱有希望（过去一周）：大多数时候（5–7天）；感到孤独（过去一周）：几乎没有（<1天）；感到高兴（过去一周）：大多数时候（5–7天）；睡眠不安（过去一周）：几乎没有（<1天）
健康信息：自评健康状况：很差；医生诊断慢性病：未报告上述疾病；身体疼痛程度：相当；上月平均每天实际睡眠小时数：6小时；是否因健康/残疾不能工作：不能长时间工作；是否因健康/残疾不能做家事：没问题；多久接受他人帮助：从不
活动信息：高强度体力活动：否；中等强度体力活动：否；轻度体力活动：否；上月活动：以上都没有
上网信息：是否使用互联网：否
子女信息：子女总数：2个；健在子女数：2个；第1子女：是否工作/上学：工作；婚姻状况：已婚且配偶同住；过去一年同住月数：12个月；第2子女：是否工作/上学：工作；婚姻状况：已婚暂分居；过去一年同住月数：0个月；见面频率：每周2–3次
工作信息：是否从事农业/家庭农活：有；是否已办理退休：否；是否在工作：是；过去一年总工作天数：180天"
436,150478318001,基础信息：性别：女；年龄：55岁；城乡类型：农村,教育信息：教育程度：小学,婚姻信息：婚姻状况：已婚且配偶同住；过去一年与配偶同住月数：12个月；上半年独自居住天数：0天；上半年仅与配偶同住天数：0天,情绪信息：生活满意度：很满意；对子女满意度：很满意；因小事烦恼（过去一周）：有时/中等（3–4天）；感到抑郁（过去一周）：几乎没有（<1天）；对未来抱有希望（过去一周）：大多数时候（5–7天）；感到孤独（过去一周）：几乎没有（<1天）；感到高兴（过去一周）：大多数时候（5–7天）；睡眠不安（过去一周）：有时/中等（3–4天）,健康信息：自评健康状况：很好；医生诊断慢性病：未报告上述疾病；身体疼痛程度：无；上月平均每天实际睡眠小时数：8小时；是否因健康/残疾不能工作：没问题；是否因健康/残疾不能做家事：没问题；多久接受他人帮助：从不,活动信息：高强度体力活动：是；高强度体力活动目的：工作需要；中等强度体力活动：是；中等强度体力活动目的：工作需要；轻度体力活动：是；轻度体力活动目的：工作需要；上月活动：以上都没有,上网信息：是否使用互联网：否,子女信息：子女总数：2个；健在子女数：2个；第1子女：是否工作/上学：工作；婚姻状况：已婚且配偶同住；过去一年同住月数：12个月；第2子女：是否工作/上学：工作；婚姻状况：未婚；过去一年同住月数：12个月,工作信息：是否从事农业/家庭农活：有；是否已办理退休：否；是否在工作：是；过去一年总工作天数：365天,"基础信息：性别：女；年龄：55岁；城乡类型：农村
教育信息：教育程度：小学
婚姻信息：婚姻状况：已婚且配偶同住；过去一年与配偶同住月数：12个月；上半年独自居住天数：0天；上半年仅与配偶同住天数：0天
情绪信息：生活满意度：很满意；对子女满意度：很满意；因小事烦恼（过去一周）：有时/中等（3–4天）；感到抑郁（过去一周）：几乎没有（<1天）；对未来抱有希望（过去一周）：大多数时候（5–7天）；感到孤独（过去一周）：几乎没有（<1天）；感到高兴（过去一周）：大多数时候（5–7天）；睡眠不安（过去一周）：有时/中等（3–4天）
健康信息：自评健康状况：很好；医生诊断慢性病：未报告上述疾病；身体疼痛程度：无；上月平均每天实际睡眠小时数：8小时；是否因健康/残疾不能工作：没问题；是否因健康/残疾不能做家事：没问题；多久接受他人帮助：从不
活动信息：高强度体力活动：是；高强度体力活动目的：工作需要；中等强度体力活动：是；中等强度体力活动目的：工作需要；轻度体力活动：是；轻度体力活动目的：工作需要；上月活动：以上都没有
上网信息：是否使用互联网：否
子女信息：子女总数：2个；健在子女数：2个；第1子女：是否工作/上学：工作；婚姻状况：已婚且配偶同住；过去一年同住月数：12个月；第2子女：是否工作/上学：工作；婚姻状况：未婚；过去一年同住月数：12个月
工作信息：是否从事农业/家庭农活：有；是否已办理退休：否；是否在工作：是；过去一年总工作天数：365天"
437,64028206001,基础信息：性别：女；年龄：61岁；城乡类型：城/镇中心,教育信息：教育程度：初中,婚姻信息：婚姻状况：丧偶；是否有人以配偶身份同住：否；上半年独自居住天数：180天；上半年因不与别人同住而受影响程度：0,情绪信息：生活满意度：有点满意；对子女满意度：有点满意；因小事烦恼（过去一周）：少量（1–2天）；感到抑郁（过去一周）：几乎没有（<1天）；对未来抱有希望（过去一周）：几乎没有（<1天）；感到孤独（过去一周）：几乎没有（<1天）；感到高兴（过去一周）：大多数时候（5–7天）；睡眠不安（过去一周）：几乎没有（<1天）,健康信息：自评健康状况：一般；医生诊断慢性病：未报告上述疾病；身体疼痛程度：相当；上月平均每天实际睡眠小时数：5小时；是否因健康/残疾不能工作：不能长时间工作；是否因健康/残疾不能做家事：不能长时间；多久接受他人帮助：从不,活动信息：高强度体力活动：否；中等强度体力活动：否；轻度体力活动：是；轻度体力活动目的：锻炼；上月活动：以上都没有,上网信息：是否使用互联网：是；上网设备：台式电脑、手机；上网用途：聊天、看新闻、看视频、玩游戏；是否用手机支付：是；是否使用微信：是；是否使用微信朋友圈：是,子女信息：子女总数：1个；健在子女数：1个；第1子女：是否工作/上学：工作；婚姻状况：已婚且配偶同住；过去一年同住月数：0个月；见面频率：每两周；电话/短信/微信联系频率：每周1次,工作信息：是否从事农业/家庭农活：无；是否在工作：否；过去一年总工作天数：0天；上月是否在找工作：否,"基础信息：性别：女；年龄：61岁；城乡类型：城/镇中心
教育信息：教育程度：初中
婚姻信息：婚姻状况：丧偶；是否有人以配偶身份同住：否；上半年独自居住天数：180天；上半年因不与别人同住而受影响程度：0
情绪信息：生活满意度：有点满意；对子女满意度：有点满意；因小事烦恼（过去一周）：少量（1–2天）；感到抑郁（过去一周）：几乎没有（<1天）；对未来抱有希望（过去一周）：几乎没有（<1天）；感到孤独（过去一周）：几乎没有（<1天）；感到高兴（过去一周）：大多数时候（5–7天）；睡眠不安（过去一周）：几乎没有（<1天）
健康信息：自评健康状况：一般；医生诊断慢性病：未报告上述疾病；身体疼痛程度：相当；上月平均每天实际睡眠小时数：5小时；是否因健康/残疾不能工作：不能长时间工作；是否因健康/残疾不能做家事：不能长时间；多久接受他人帮助：从不
活动信息：高强度体力活动：否；中等强度体力活动：否；轻度体力活动：是；轻度体力活动目的：锻炼；上月活动：以上都没有
上网信息：是否使用互联网：是；上网设备：台式电脑、手机；上网用途：聊天、看新闻、看视频、玩游戏；是否用手机支付：是；是否使用微信：是；是否使用微信朋友圈：是
子女信息：子女总数：1个；健在子女数：1个；第1子女：是否工作/上学：工作；婚姻状况：已婚且配偶同住；过去一年同住月数：0个月；见面频率：每两周；电话/短信/微信联系频率：每周1次
工作信息：是否从事农业/家庭农活：无；是否在工作：否；过去一年总工作天数：0天；上月是否在找工作：否"
438,154676331002,基础信息：性别：女；年龄：48岁；城乡类型：农村,教育信息：教育程度：小学,婚姻信息：婚姻状况：已婚且配偶同住；过去一年与配偶同住月数：12个月；上半年独自居住天数：0天；上半年仅与配偶同住天数：180天；上半年因不与别人同住而受影响程度：0,情绪信息：生活满意度：很满意；对子女满意度：很满意；因小事烦恼（过去一周）：几乎没有（<1天）；感到抑郁（过去一周）：有时/中等（3–4天）；对未来抱有希望（过去一周）：大多数时候（5–7天）；感到孤独（过去一周）：几乎没有（<1天）；感到高兴（过去一周）：大多数时候（5–7天）；睡眠不安（过去一周）：有时/中等（3–4天）,健康信息：自评健康状况：好；医生诊断慢性病：未报告上述疾病；身体疼痛程度：一点；上月平均每天实际睡眠小时数：7小时；是否因健康/残疾不能工作：没问题；是否因健康/残疾不能做家事：没问题；多久接受他人帮助：从不,活动信息：高强度体力活动：否；中等强度体力活动：是；中等强度体力活动目的：其他；轻度体力活动：是；轻度体力活动目的：娱乐；上月活动：与朋友交往（几乎每天）、帮助不住一起的家人朋友邻居（不规律）,上网信息：是否使用互联网：是；上网设备：手机；上网用途：看新闻、看视频；是否用手机支付：是；是否使用微信：是；是否使用微信朋友圈：是,子女信息：子女总数：4个；健在子女数：4个；第1子女：是否工作/上学：工作；婚姻状况：已婚且配偶同住；过去一年同住月数：5个月；见面频率：每半年；电话/短信/微信联系频率：每周1次；第2子女：是否工作/上学：工作；婚姻状况：未婚；过去一年同住月数：5个月；见面频率：每三月；电话/短信/微信联系频率：几乎每天,工作信息：是否从事农业/家庭农活：有；是否已办理退休：否；是否在工作：是；过去一年总工作天数：20天,"基础信息：性别：女；年龄：48岁；城乡类型：农村
教育信息：教育程度：小学
婚姻信息：婚姻状况：已婚且配偶同住；过去一年与配偶同住月数：12个月；上半年独自居住天数：0天；上半年仅与配偶同住天数：180天；上半年因不与别人同住而受影响程度：0
情绪信息：生活满意度：很满意；对子女满意度：很满意；因小事烦恼（过去一周）：几乎没有（<1天）；感到抑郁（过去一周）：有时/中等（3–4天）；对未来抱有希望（过去一周）：大多数时候（5–7天）；感到孤独（过去一周）：几乎没有（<1天）；感到高兴（过去一周）：大多数时候（5–7天）；睡眠不安（过去一周）：有时/中等（3–4天）
健康信息：自评健康状况：好；医生诊断慢性病：未报告上述疾病；身体疼痛程度：一点；上月平均每天实际睡眠小时数：7小时；是否因健康/残疾不能工作：没问题；是否因健康/残疾不能做家事：没问题；多久接受他人帮助：从不
活动信息：高强度体力活动：否；中等强度体力活动：是；中等强度体力活动目的：其他；轻度体力活动：是；轻度体力活动目的：娱乐；上月活动：与朋友交往（几乎每天）、帮助不住一起的家人朋友邻居（不规律）
上网信息：是否使用互联网：是；上网设备：手机；上网用途：看新闻、看视频；是否用手机支付：是；是否使用微信：是；是否使用微信朋友圈：是
子女信息：子女总数：4个；健在子女数：4个；第1子女：是否工作/上学：工作；婚姻状况：已婚且配偶同住；过去一年同住月数：5个月；见面频率：每半年；电话/短信/微信联系频率：每周1次；第2子女：是否工作/上学：工作；婚姻状况：未婚；过去一年同住月数：5个月；见面频率：每三月；电话/短信/微信联系频率：几乎每天
工作信息：是否从事农业/家庭农活：有；是否已办理退休：否；是否在工作：是；过去一年总工作天数：20天"
439,154676204002,基础信息：性别：男；年龄：57岁；城乡类型：农村,教育信息：教育程度：初中,婚姻信息：婚姻状况：已婚且配偶同住；过去一年与配偶同住月数：12个月；上半年独自居住天数：0天；上半年仅与配偶同住天数：0天,情绪信息：生活满意度：有点满意；对子女满意度：很满意；因小事烦恼（过去一周）：几乎没有（<1天）；感到抑郁（过去一周）：几乎没有（<1天）；对未来抱有希望（过去一周）：几乎没有（<1天）；感到孤独（过去一周）：几乎没有（<1天）；感到高兴（过去一周）：有时/中等（3–4天）；睡眠不安（过去一周）：几乎没有（<1天）,健康信息：自评健康状况：好；医生诊断慢性病：未报告上述疾病；身体疼痛程度：无；上月平均每天实际睡眠小时数：5小时；是否因健康/残疾不能工作：没问题；是否因健康/残疾不能做家事：没问题；多久接受他人帮助：从不,活动信息：高强度体力活动：是；高强度体力活动目的：工作需要；中等强度体力活动：是；中等强度体力活动目的：工作需要；轻度体力活动：是；轻度体力活动目的：其他；上月活动：与朋友交往（几乎每周）、帮助不住一起的家人朋友邻居（不规律）,上网信息：是否使用互联网：是；上网设备：手机；上网用途：聊天、看新闻、看视频；是否用手机支付：是；是否使用微信：是；是否使用微信朋友圈：是,子女信息：子女总数：6个；健在子女数：6个；第1子女：是否工作/上学：工作；婚姻状况：已婚且配偶同住；过去一年同住月数：3个月；见面频率：每月；电话/短信/微信联系频率：几乎每天；第2子女：是否工作/上学：工作；婚姻状况：未婚；过去一年同住月数：0个月；见面频率：每月；电话/短信/微信联系频率：几乎每天,工作信息：是否从事农业/家庭农活：有；是否已办理退休：否；是否在工作：是；过去一年总工作天数：365天,"基础信息：性别：男；年龄：57岁；城乡类型：农村
教育信息：教育程度：初中
婚姻信息：婚姻状况：已婚且配偶同住；过去一年与配偶同住月数：12个月；上半年独自居住天数：0天；上半年仅与配偶同住天数：0天
情绪信息：生活满意度：有点满意；对子女满意度：很满意；因小事烦恼（过去一周）：几乎没有（<1天）；感到抑郁（过去一周）：几乎没有（<1天）；对未来抱有希望（过去一周）：几乎没有（<1天）；感到孤独（过去一周）：几乎没有（<1天）；感到高兴（过去一周）：有时/中等（3–4天）；睡眠不安（过去一周）：几乎没有（<1天）
健康信息：自评健康状况：好；医生诊断慢性病：未报告上述疾病；身体疼痛程度：无；上月平均每天实际睡眠小时数：5小时；是否因健康/残疾不能工作：没问题；是否因健康/残疾不能做家事：没问题；多久接受他人帮助：从不
活动信息：高强度体力活动：是；高强度体力活动目的：工作需要；中等强度体力活动：是；中等强度体力活动目的：工作需要；轻度体力活动：是；轻度体力活动目的：其他；上月活动：与朋友交往（几乎每周）、帮助不住一起的家人朋友邻居（不规律）
上网信息：是否使用互联网：是；上网设备：手机；上网用途：聊天、看新闻、看视频；是否用手机支付：是；是否使用微信：是；是否使用微信朋友圈：是
子女信息：子女总数：6个；健在子女数：6个；第1子女：是否工作/上学：工作；婚姻状况：已婚且配偶同住；过去一年同住月数：3个月；见面频率：每月；电话/短信/微信联系频率：几乎每天；第2子女：是否工作/上学：工作；婚姻状况：未婚；过去一年同住月数：0个月；见面频率：每月；电话/短信/微信联系频率：几乎每天
工作信息：是否从事农业/家庭农活：有；是否已办理退休：否；是否在工作：是；过去一年总工作天数：365天"
440,153859106001,基础信息：性别：男；年龄：62岁；城乡类型：农村,教育信息：教育程度：未受教育,婚姻信息：婚姻状况：已婚且配偶同住；过去一年与配偶同住月数：12个月；上半年独自居住天数：0天；上半年仅与配偶同住天数：0天,情绪信息：生活满意度：有点满意；对子女满意度：很满意；因小事烦恼（过去一周）：几乎没有（<1天）；感到抑郁（过去一周）：有时/中等（3–4天）；对未来抱有希望（过去一周）：大多数时候（5–7天）；感到孤独（过去一周）：几乎没有（<1天）；感到高兴（过去一周）：大多数时候（5–7天）；睡眠不安（过去一周）：几乎没有（<1天）,健康信息：自评健康状况：一般；医生诊断慢性病：高血压；身体疼痛程度：无；上月平均每天实际睡眠小时数：9小时；是否因健康/残疾不能工作：没问题；是否因健康/残疾不能做家事：没问题；多久接受他人帮助：从不,活动信息：高强度体力活动：是；高强度体力活动目的：工作需要；中等强度体力活动：是；中等强度体力活动目的：锻炼；轻度体力活动：是；轻度体力活动目的：锻炼；上月活动：以上都没有,上网信息：是否使用互联网：否,子女信息：子女总数：2个；健在子女数：2个；第1子女：是否工作/上学：工作；婚姻状况：已婚且配偶同住；过去一年同住月数：12个月；第2子女：是否工作/上学：都不；婚姻状况：已婚且配偶同住；过去一年同住月数：0个月；见面频率：每两周；电话/短信/微信联系频率：每周1次,工作信息：是否从事农业/家庭农活：无；是否已办理退休：否；是否在工作：是；过去一年总工作天数：150天,"基础信息：性别：男；年龄：62岁；城乡类型：农村
教育信息：教育程度：未受教育
婚姻信息：婚姻状况：已婚且配偶同住；过去一年与配偶同住月数：12个月；上半年独自居住天数：0天；上半年仅与配偶同住天数：0天
情绪信息：生活满意度：有点满意；对子女满意度：很满意；因小事烦恼（过去一周）：几乎没有（<1天）；感到抑郁（过去一周）：有时/中等（3–4天）；对未来抱有希望（过去一周）：大多数时候（5–7天）；感到孤独（过去一周）：几乎没有（<1天）；感到高兴（过去一周）：大多数时候（5–7天）；睡眠不安（过去一周）：几乎没有（<1天）
健康信息：自评健康状况：一般；医生诊断慢性病：高血压；身体疼痛程度：无；上月平均每天实际睡眠小时数：9小时；是否因健康/残疾不能工作：没问题；是否因健康/残疾不能做家事：没问题；多久接受他人帮助：从不
活动信息：高强度体力活动：是；高强度体力活动目的：工作需要；中等强度体力活动：是；中等强度体力活动目的：锻炼；轻度体力活动：是；轻度体力活动目的：锻炼；上月活动：以上都没有
上网信息：是否使用互联网：否
子女信息：子女总数：2个；健在子女数：2个；第1子女：是否工作/上学：工作；婚姻状况：已婚且配偶同住；过去一年同住月数：12个月；第2子女：是否工作/上学：都不；婚姻状况：已婚且配偶同住；过去一年同住月数：0个月；见面频率：每两周；电话/短信/微信联系频率：每周1次
工作信息：是否从事农业/家庭农活：无；是否已办理退休：否；是否在工作：是；过去一年总工作天数：150天"
441,138202241001,基础信息：性别：女；年龄：48岁；城乡类型：农村,教育信息：教育程度：小学,婚姻信息：婚姻状况：已婚暂分居；过去一年与配偶同住月数：3个月；上半年独自居住天数：120天；上半年仅与配偶同住天数：60天；上半年因不与别人同住而受影响程度：0,情绪信息：生活满意度：有点满意；对子女满意度：很满意；因小事烦恼（过去一周）：少量（1–2天）；感到抑郁（过去一周）：几乎没有（<1天）；对未来抱有希望（过去一周）：有时/中等（3–4天）；感到孤独（过去一周）：少量（1–2天）；感到高兴（过去一周）：有时/中等（3–4天）；睡眠不安（过去一周）：几乎没有（<1天）,健康信息：自评健康状况：一般；医生诊断慢性病：未报告上述疾病；身体疼痛程度：一点；上月平均每天实际睡眠小时数：7小时；是否因健康/残疾不能工作：没问题；是否因健康/残疾不能做家事：没问题；多久接受他人帮助：从不,活动信息：高强度体力活动：是；高强度体力活动目的：工作需要；中等强度体力活动：否；轻度体力活动：是；轻度体力活动目的：工作需要；上月活动：帮助不住一起的家人朋友邻居（不规律）,上网信息：是否使用互联网：否,子女信息：子女总数：2个；健在子女数：2个；第1子女：是否工作/上学：工作；婚姻状况：已婚且配偶同住；过去一年同住月数：0个月；见面频率：每周1次；第2子女：是否工作/上学：工作；婚姻状况：未婚；过去一年同住月数：0个月；见面频率：每年；电话/短信/微信联系频率：每两周,工作信息：是否从事农业/家庭农活：有；是否已办理退休：否；是否在工作：是；过去一年总工作天数：240天,"基础信息：性别：女；年龄：48岁；城乡类型：农村
教育信息：教育程度：小学
婚姻信息：婚姻状况：已婚暂分居；过去一年与配偶同住月数：3个月；上半年独自居住天数：120天；上半年仅与配偶同住天数：60天；上半年因不与别人同住而受影响程度：0
情绪信息：生活满意度：有点满意；对子女满意度：很满意；因小事烦恼（过去一周）：少量（1–2天）；感到抑郁（过去一周）：几乎没有（<1天）；对未来抱有希望（过去一周）：有时/中等（3–4天）；感到孤独（过去一周）：少量（1–2天）；感到高兴（过去一周）：有时/中等（3–4天）；睡眠不安（过去一周）：几乎没有（<1天）
健康信息：自评健康状况：一般；医生诊断慢性病：未报告上述疾病；身体疼痛程度：一点；上月平均每天实际睡眠小时数：7小时；是否因健康/残疾不能工作：没问题；是否因健康/残疾不能做家事：没问题；多久接受他人帮助：从不
活动信息：高强度体力活动：是；高强度体力活动目的：工作需要；中等强度体力活动：否；轻度体力活动：是；轻度体力活动目的：工作需要；上月活动：帮助不住一起的家人朋友邻居（不规律）
上网信息：是否使用互联网：否
子女信息：子女总数：2个；健在子女数：2个；第1子女：是否工作/上学：工作；婚姻状况：已婚且配偶同住；过去一年同住月数：0个月；见面频率：每周1次；第2子女：是否工作/上学：工作；婚姻状况：未婚；过去一年同住月数：0个月；见面频率：每年；电话/短信/微信联系频率：每两周
工作信息：是否从事农业/家庭农活：有；是否已办理退休：否；是否在工作：是；过去一年总工作天数：240天"
442,204906231001,基础信息：性别：男；年龄：77岁；城乡类型：农村,教育信息：教育程度：初中,婚姻信息：婚姻状况：已婚且配偶同住；过去一年与配偶同住月数：12个月；上半年独自居住天数：0天；上半年仅与配偶同住天数：180天；上半年因不与别人同住而受影响程度：0,情绪信息：生活满意度：有点满意；因小事烦恼（过去一周）：少量（1–2天）；感到抑郁（过去一周）：少量（1–2天）；对未来抱有希望（过去一周）：大多数时候（5–7天）；感到孤独（过去一周）：几乎没有（<1天）；感到高兴（过去一周）：大多数时候（5–7天）；睡眠不安（过去一周）：几乎没有（<1天）,健康信息：自评健康状况：差；医生诊断慢性病：未报告上述疾病；身体疼痛程度：无；上月平均每天实际睡眠小时数：7小时；是否因健康/残疾不能工作：完全不能工作；多久接受他人帮助：偶尔,活动信息：高强度体力活动：否；中等强度体力活动：否；轻度体力活动：是；轻度体力活动目的：其他；上月活动：帮助不住一起的家人朋友邻居（不规律）,上网信息：是否使用互联网：是；上网设备：手机；上网用途：聊天、看新闻、看视频、理财；是否用手机支付：是；是否使用微信：是；是否使用微信朋友圈：否,子女信息：子女总数：0个；健在子女数：0个,工作信息：是否从事农业/家庭农活：无；是否在工作：否；过去一年总工作天数：0天；上月是否在找工作：否,"基础信息：性别：男；年龄：77岁；城乡类型：农村
教育信息：教育程度：初中
婚姻信息：婚姻状况：已婚且配偶同住；过去一年与配偶同住月数：12个月；上半年独自居住天数：0天；上半年仅与配偶同住天数：180天；上半年因不与别人同住而受影响程度：0
情绪信息：生活满意度：有点满意；因小事烦恼（过去一周）：少量（1–2天）；感到抑郁（过去一周）：少量（1–2天）；对未来抱有希望（过去一周）：大多数时候（5–7天）；感到孤独（过去一周）：几乎没有（<1天）；感到高兴（过去一周）：大多数时候（5–7天）；睡眠不安（过去一周）：几乎没有（<1天）
健康信息：自评健康状况：差；医生诊断慢性病：未报告上述疾病；身体疼痛程度：无；上月平均每天实际睡眠小时数：7小时；是否因健康/残疾不能工作：完全不能工作；多久接受他人帮助：偶尔
活动信息：高强度体力活动：否；中等强度体力活动：否；轻度体力活动：是；轻度体力活动目的：其他；上月活动：帮助不住一起的家人朋友邻居（不规律）
上网信息：是否使用互联网：是；上网设备：手机；上网用途：聊天、看新闻、看视频、理财；是否用手机支付：是；是否使用微信：是；是否使用微信朋友圈：否
子女信息：子女总数：0个；健在子女数：0个
工作信息：是否从事农业/家庭农活：无；是否在工作：否；过去一年总工作天数：0天；上月是否在找工作：否"
443,104004212001,基础信息：性别：男；年龄：52岁；现居住地地址类型：家庭住房；城乡类型：城/镇中心,教育信息：教育程度：本科,婚姻信息：婚姻状况：已婚且配偶同住；过去一年与配偶同住月数：12个月；上半年独自居住天数：0天；上半年仅与配偶同住天数：180天；上半年因不与别人同住而受影响程度：80,情绪信息：生活满意度：不太满意；对子女满意度：有点满意；因小事烦恼（过去一周）：几乎没有（<1天）；感到抑郁（过去一周）：有时/中等（3–4天）；对未来抱有希望（过去一周）：大多数时候（5–7天）；感到孤独（过去一周）：几乎没有（<1天）；感到高兴（过去一周）：大多数时候（5–7天）；睡眠不安（过去一周）：几乎没有（<1天）,健康信息：自评健康状况：一般；医生诊断慢性病：未报告上述疾病；身体疼痛程度：无；上月平均每天实际睡眠小时数：5小时；是否因健康/残疾不能工作：没问题；是否因健康/残疾不能做家事：没问题；多久接受他人帮助：偶尔,活动信息：高强度体力活动：否；中等强度体力活动：是；中等强度体力活动目的：锻炼；轻度体力活动：是；轻度体力活动目的：工作需要；上月活动：与朋友交往（几乎每周）、参加运动/社交等俱乐部（几乎每天）,上网信息：是否使用互联网：是；上网设备：笔记本、手机；上网用途：看新闻；是否用手机支付：是；是否使用微信：是；是否使用微信朋友圈：是,子女信息：子女总数：1个；健在子女数：1个；第1子女：是否工作/上学：工作；婚姻状况：未婚；过去一年同住月数：0个月；见面频率：每三月；电话/短信/微信联系频率：几乎每天,工作信息：是否从事农业/家庭农活：无；是否已办理退休：否；是否在工作：是；过去一年总工作天数：300天,"基础信息：性别：男；年龄：52岁；现居住地地址类型：家庭住房；城乡类型：城/镇中心
教育信息：教育程度：本科
婚姻信息：婚姻状况：已婚且配偶同住；过去一年与配偶同住月数：12个月；上半年独自居住天数：0天；上半年仅与配偶同住天数：180天；上半年因不与别人同住而受影响程度：80
情绪信息：生活满意度：不太满意；对子女满意度：有点满意；因小事烦恼（过去一周）：几乎没有（<1天）；感到抑郁（过去一周）：有时/中等（3–4天）；对未来抱有希望（过去一周）：大多数时候（5–7天）；感到孤独（过去一周）：几乎没有（<1天）；感到高兴（过去一周）：大多数时候（5–7天）；睡眠不安（过去一周）：几乎没有（<1天）
健康信息：自评健康状况：一般；医生诊断慢性病：未报告上述疾病；身体疼痛程度：无；上月平均每天实际睡眠小时数：5小时；是否因健康/残疾不能工作：没问题；是否因健康/残疾不能做家事：没问题；多久接受他人帮助：偶尔
活动信息：高强度体力活动：否；中等强度体力活动：是；中等强度体力活动目的：锻炼；轻度体力活动：是；轻度体力活动目的：工作需要；上月活动：与朋友交往（几乎每周）、参加运动/社交等俱乐部（几乎每天）
上网信息：是否使用互联网：是；上网设备：笔记本、手机；上网用途：看新闻；是否用手机支付：是；是否使用微信：是；是否使用微信朋友圈：是
子女信息：子女总数：1个；健在子女数：1个；第1子女：是否工作/上学：工作；婚姻状况：未婚；过去一年同住月数：0个月；见面频率：每三月；电话/短信/微信联系频率：几乎每天
工作信息：是否从事农业/家庭农活：无；是否已办理退休：否；是否在工作：是；过去一年总工作天数：300天"
444,151156309001,基础信息：性别：男；年龄：64岁；城乡类型：城/镇中心,教育信息：教育程度：高中,婚姻信息：婚姻状况：已婚且配偶同住；过去一年与配偶同住月数：12个月；上半年独自居住天数：50天；上半年仅与配偶同住天数：180天；上半年因不与别人同住而受影响程度：0,情绪信息：生活满意度：有点满意；对子女满意度：有点满意；因小事烦恼（过去一周）：有时/中等（3–4天）；感到抑郁（过去一周）：有时/中等（3–4天）；对未来抱有希望（过去一周）：大多数时候（5–7天）；感到孤独（过去一周）：几乎没有（<1天）；感到高兴（过去一周）：大多数时候（5–7天）；睡眠不安（过去一周）：几乎没有（<1天）,健康信息：自评健康状况：好；医生诊断慢性病：未报告上述疾病；身体疼痛程度：无；上月平均每天实际睡眠小时数：6小时；是否因健康/残疾不能工作：没问题；是否因健康/残疾不能做家事：没问题；多久接受他人帮助：从不,活动信息：高强度体力活动：否；中等强度体力活动：是；中等强度体力活动目的：娱乐；轻度体力活动：是；轻度体力活动目的：锻炼；上月活动：与朋友交往（几乎每天）,上网信息：是否使用互联网：是；上网设备：台式电脑、手机；上网用途：聊天、看新闻、看视频、理财；是否用手机支付：是；是否使用微信：是；是否使用微信朋友圈：是,子女信息：子女总数：2个；健在子女数：2个；第1子女：是否工作/上学：工作；婚姻状况：未婚；过去一年同住月数：0个月；见面频率：每年；电话/短信/微信联系频率：每两周；第2子女：是否工作/上学：工作；婚姻状况：已婚且配偶同住；过去一年同住月数：0个月；见面频率：每半年；电话/短信/微信联系频率：每三月,工作信息：是否从事农业/家庭农活：有；是否在工作：是；过去一年总工作天数：48天,"基础信息：性别：男；年龄：64岁；城乡类型：城/镇中心
教育信息：教育程度：高中
婚姻信息：婚姻状况：已婚且配偶同住；过去一年与配偶同住月数：12个月；上半年独自居住天数：50天；上半年仅与配偶同住天数：180天；上半年因不与别人同住而受影响程度：0
情绪信息：生活满意度：有点满意；对子女满意度：有点满意；因小事烦恼（过去一周）：有时/中等（3–4天）；感到抑郁（过去一周）：有时/中等（3–4天）；对未来抱有希望（过去一周）：大多数时候（5–7天）；感到孤独（过去一周）：几乎没有（<1天）；感到高兴（过去一周）：大多数时候（5–7天）；睡眠不安（过去一周）：几乎没有（<1天）
健康信息：自评健康状况：好；医生诊断慢性病：未报告上述疾病；身体疼痛程度：无；上月平均每天实际睡眠小时数：6小时；是否因健康/残疾不能工作：没问题；是否因健康/残疾不能做家事：没问题；多久接受他人帮助：从不
活动信息：高强度体力活动：否；中等强度体力活动：是；中等强度体力活动目的：娱乐；轻度体力活动：是；轻度体力活动目的：锻炼；上月活动：与朋友交往（几乎每天）
上网信息：是否使用互联网：是；上网设备：台式电脑、手机；上网用途：聊天、看新闻、看视频、理财；是否用手机支付：是；是否使用微信：是；是否使用微信朋友圈：是
子女信息：子女总数：2个；健在子女数：2个；第1子女：是否工作/上学：工作；婚姻状况：未婚；过去一年同住月数：0个月；见面频率：每年；电话/短信/微信联系频率：每两周；第2子女：是否工作/上学：工作；婚姻状况：已婚且配偶同住；过去一年同住月数：0个月；见面频率：每半年；电话/短信/微信联系频率：每三月
工作信息：是否从事农业/家庭农活：有；是否在工作：是；过去一年总工作天数：48天"
445,270402326002,基础信息：性别：女；年龄：70岁；城乡类型：农村,教育信息：教育程度：未受教育,婚姻信息：婚姻状况：丧偶；是否有人以配偶身份同住：否；上半年独自居住天数：180天；上半年因不与别人同住而受影响程度：0,情绪信息：生活满意度：完全不满意；对子女满意度：完全不满意；因小事烦恼（过去一周）：少量（1–2天）；感到抑郁（过去一周）：大多数时候（5–7天）；对未来抱有希望（过去一周）：少量（1–2天）；感到高兴（过去一周）：大多数时候（5–7天）；睡眠不安（过去一周）：大多数时候（5–7天）,健康信息：自评健康状况：差；医生诊断慢性病：未报告上述疾病；身体疼痛程度：相当；上月平均每天实际睡眠小时数：4小时；是否因健康/残疾不能工作：不能长时间工作；是否因健康/残疾不能做家事：不能长时间；多久接受他人帮助：从不,活动信息：高强度体力活动：是；高强度体力活动目的：工作需要；中等强度体力活动：是；中等强度体力活动目的：工作需要；轻度体力活动：是；轻度体力活动目的：工作需要；上月活动：以上都没有,上网信息：是否使用互联网：否,子女信息：子女总数：2个；健在子女数：2个；第1子女：是否工作/上学：工作；婚姻状况：已婚且配偶同住；过去一年同住月数：0个月；见面频率：几乎不见/不联系；电话/短信/微信联系频率：每半年,工作信息：是否从事农业/家庭农活：有；是否已办理退休：否；是否在工作：是；过去一年总工作天数：365天,"基础信息：性别：女；年龄：70岁；城乡类型：农村
教育信息：教育程度：未受教育
婚姻信息：婚姻状况：丧偶；是否有人以配偶身份同住：否；上半年独自居住天数：180天；上半年因不与别人同住而受影响程度：0
情绪信息：生活满意度：完全不满意；对子女满意度：完全不满意；因小事烦恼（过去一周）：少量（1–2天）；感到抑郁（过去一周）：大多数时候（5–7天）；对未来抱有希望（过去一周）：少量（1–2天）；感到高兴（过去一周）：大多数时候（5–7天）；睡眠不安（过去一周）：大多数时候（5–7天）
健康信息：自评健康状况：差；医生诊断慢性病：未报告上述疾病；身体疼痛程度：相当；上月平均每天实际睡眠小时数：4小时；是否因健康/残疾不能工作：不能长时间工作；是否因健康/残疾不能做家事：不能长时间；多久接受他人帮助：从不
活动信息：高强度体力活动：是；高强度体力活动目的：工作需要；中等强度体力活动：是；中等强度体力活动目的：工作需要；轻度体力活动：是；轻度体力活动目的：工作需要；上月活动：以上都没有
上网信息：是否使用互联网：否
子女信息：子女总数：2个；健在子女数：2个；第1子女：是否工作/上学：工作；婚姻状况：已婚且配偶同住；过去一年同住月数：0个月；见面频率：几乎不见/不联系；电话/短信/微信联系频率：每半年
工作信息：是否从事农业/家庭农活：有；是否已办理退休：否；是否在工作：是；过去一年总工作天数：365天"
446,295331310001,基础信息：性别：女；年龄：76岁；城乡类型：城/镇中心,教育信息：教育程度：小学,婚姻信息：婚姻状况：丧偶；是否有人以配偶身份同住：否；上半年独自居住天数：180天；上半年因不与别人同住而受影响程度：0,情绪信息：生活满意度：有点满意；对子女满意度：有点满意；因小事烦恼（过去一周）：几乎没有（<1天）；感到抑郁（过去一周）：几乎没有（<1天）；对未来抱有希望（过去一周）：大多数时候（5–7天）；感到孤独（过去一周）：大多数时候（5–7天）；感到高兴（过去一周）：大多数时候（5–7天）；睡眠不安（过去一周）：几乎没有（<1天）,健康信息：自评健康状况：差；医生诊断慢性病：未报告上述疾病；身体疼痛程度：一点；上月平均每天实际睡眠小时数：6小时；是否因健康/残疾不能工作：完全不能工作；多久接受他人帮助：从不,活动信息：高强度体力活动：否；中等强度体力活动：否；轻度体力活动：是；轻度体力活动目的：其他；上月活动：以上都没有,上网信息：是否使用互联网：否,子女信息：子女总数：4个；健在子女数：4个；第1子女：是否工作/上学：工作；婚姻状况：已婚且配偶同住；过去一年同住月数：0个月；见面频率：每半年；电话/短信/微信联系频率：每周1次；第2子女：是否工作/上学：工作；婚姻状况：已婚且配偶同住；过去一年同住月数：0个月；见面频率：每两周；电话/短信/微信联系频率：每周1次,工作信息：是否从事农业/家庭农活：无；是否在工作：否；过去一年总工作天数：0天；上月是否在找工作：否,"基础信息：性别：女；年龄：76岁；城乡类型：城/镇中心
教育信息：教育程度：小学
婚姻信息：婚姻状况：丧偶；是否有人以配偶身份同住：否；上半年独自居住天数：180天；上半年因不与别人同住而受影响程度：0
情绪信息：生活满意度：有点满意；对子女满意度：有点满意；因小事烦恼（过去一周）：几乎没有（<1天）；感到抑郁（过去一周）：几乎没有（<1天）；对未来抱有希望（过去一周）：大多数时候（5–7天）；感到孤独（过去一周）：大多数时候（5–7天）；感到高兴（过去一周）：大多数时候（5–7天）；睡眠不安（过去一周）：几乎没有（<1天）
健康信息：自评健康状况：差；医生诊断慢性病：未报告上述疾病；身体疼痛程度：一点；上月平均每天实际睡眠小时数：6小时；是否因健康/残疾不能工作：完全不能工作；多久接受他人帮助：从不
活动信息：高强度体力活动：否；中等强度体力活动：否；轻度体力活动：是；轻度体力活动目的：其他；上月活动：以上都没有
上网信息：是否使用互联网：否
子女信息：子女总数：4个；健在子女数：4个；第1子女：是否工作/上学：工作；婚姻状况：已婚且配偶同住；过去一年同住月数：0个月；见面频率：每半年；电话/短信/微信联系频率：每周1次；第2子女：是否工作/上学：工作；婚姻状况：已婚且配偶同住；过去一年同住月数：0个月；见面频率：每两周；电话/短信/微信联系频率：每周1次
工作信息：是否从事农业/家庭农活：无；是否在工作：否；过去一年总工作天数：0天；上月是否在找工作：否"
447,60481310001,基础信息：性别：女；年龄：74岁；城乡类型：农村,教育信息：教育程度：初中,婚姻信息：婚姻状况：丧偶；是否有人以配偶身份同住：否；上半年独自居住天数：165天；上半年因不与别人同住而受影响程度：0,情绪信息：生活满意度：很满意；对子女满意度：很满意；因小事烦恼（过去一周）：少量（1–2天）；感到抑郁（过去一周）：有时/中等（3–4天）；对未来抱有希望（过去一周）：大多数时候（5–7天）；感到孤独（过去一周）：有时/中等（3–4天）；感到高兴（过去一周）：大多数时候（5–7天）；睡眠不安（过去一周）：几乎没有（<1天）,健康信息：自评健康状况：一般；医生诊断慢性病：心脏病；身体疼痛程度：无；上月平均每天实际睡眠小时数：7.5小时；是否因健康/残疾不能工作：不能长时间工作；是否因健康/残疾不能做家事：不能长时间；多久接受他人帮助：从不,活动信息：高强度体力活动：否；中等强度体力活动：是；中等强度体力活动目的：锻炼；轻度体力活动：是；轻度体力活动目的：娱乐；上月活动：与朋友交往（不规律）、打麻将/下棋/打牌/去社区活动室（不规律）、帮助不住一起的家人朋友邻居（不规律）,上网信息：是否使用互联网：否,子女信息：子女总数：3个；健在子女数：3个；第1子女：是否工作/上学：工作；婚姻状况：已婚且配偶同住；过去一年同住月数：1个月；见面频率：每两周；电话/短信/微信联系频率：几乎每天；第2子女：是否工作/上学：工作；婚姻状况：已婚且配偶同住；过去一年同住月数：1个月；见面频率：每周1次,工作信息：是否从事农业/家庭农活：有；是否已办理退休：否；是否在工作：是；过去一年总工作天数：196天,"基础信息：性别：女；年龄：74岁；城乡类型：农村
教育信息：教育程度：初中
婚姻信息：婚姻状况：丧偶；是否有人以配偶身份同住：否；上半年独自居住天数：165天；上半年因不与别人同住而受影响程度：0
情绪信息：生活满意度：很满意；对子女满意度：很满意；因小事烦恼（过去一周）：少量（1–2天）；感到抑郁（过去一周）：有时/中等（3–4天）；对未来抱有希望（过去一周）：大多数时候（5–7天）；感到孤独（过去一周）：有时/中等（3–4天）；感到高兴（过去一周）：大多数时候（5–7天）；睡眠不安（过去一周）：几乎没有（<1天）
健康信息：自评健康状况：一般；医生诊断慢性病：心脏病；身体疼痛程度：无；上月平均每天实际睡眠小时数：7.5小时；是否因健康/残疾不能工作：不能长时间工作；是否因健康/残疾不能做家事：不能长时间；多久接受他人帮助：从不
活动信息：高强度体力活动：否；中等强度体力活动：是；中等强度体力活动目的：锻炼；轻度体力活动：是；轻度体力活动目的：娱乐；上月活动：与朋友交往（不规律）、打麻将/下棋/打牌/去社区活动室（不规律）、帮助不住一起的家人朋友邻居（不规律）
上网信息：是否使用互联网：否
子女信息：子女总数：3个；健在子女数：3个；第1子女：是否工作/上学：工作；婚姻状况：已婚且配偶同住；过去一年同住月数：1个月；见面频率：每两周；电话/短信/微信联系频率：几乎每天；第2子女：是否工作/上学：工作；婚姻状况：已婚且配偶同住；过去一年同住月数：1个月；见面频率：每周1次
工作信息：是否从事农业/家庭农活：有；是否已办理退休：否；是否在工作：是；过去一年总工作天数：196天"
448,174643231001,基础信息：性别：男；年龄：52岁；城乡类型：农村,教育信息：教育程度：未读完小学,婚姻信息：婚姻状况：离婚；是否有人以配偶身份同住：否；上半年独自居住天数：0天；上半年因不与别人同住而受影响程度：0,情绪信息：生活满意度：很满意；对子女满意度：很满意；因小事烦恼（过去一周）：几乎没有（<1天）；感到抑郁（过去一周）：少量（1–2天）；对未来抱有希望（过去一周）：几乎没有（<1天）；感到孤独（过去一周）：大多数时候（5–7天）；感到高兴（过去一周）：少量（1–2天）；睡眠不安（过去一周）：大多数时候（5–7天）,健康信息：自评健康状况：差；医生诊断慢性病：心脏病；身体疼痛程度：非常；上月平均每天实际睡眠小时数：4小时；是否因健康/残疾不能工作：完全不能工作；多久接受他人帮助：大多时候,活动信息：高强度体力活动：否；中等强度体力活动：否；轻度体力活动：否；上月活动：以上都没有,上网信息：是否使用互联网：是；上网设备：手机；上网用途：看视频；是否用手机支付：否；是否使用微信：否,子女信息：子女总数：2个；健在子女数：2个；第1子女：是否工作/上学：都不；婚姻状况：未婚；过去一年同住月数：0个月；见面频率：每半年；电话/短信/微信联系频率：几乎不见/不联系；第2子女：是否工作/上学：上学；婚姻状况：未婚；过去一年同住月数：2个月；见面频率：每半年；电话/短信/微信联系频率：几乎每天,工作信息：是否从事农业/家庭农活：有；是否已办理退休：否；是否在工作：是；过去一年总工作天数：25天,"基础信息：性别：男；年龄：52岁；城乡类型：农村
教育信息：教育程度：未读完小学
婚姻信息：婚姻状况：离婚；是否有人以配偶身份同住：否；上半年独自居住天数：0天；上半年因不与别人同住而受影响程度：0
情绪信息：生活满意度：很满意；对子女满意度：很满意；因小事烦恼（过去一周）：几乎没有（<1天）；感到抑郁（过去一周）：少量（1–2天）；对未来抱有希望（过去一周）：几乎没有（<1天）；感到孤独（过去一周）：大多数时候（5–7天）；感到高兴（过去一周）：少量（1–2天）；睡眠不安（过去一周）：大多数时候（5–7天）
健康信息：自评健康状况：差；医生诊断慢性病：心脏病；身体疼痛程度：非常；上月平均每天实际睡眠小时数：4小时；是否因健康/残疾不能工作：完全不能工作；多久接受他人帮助：大多时候
活动信息：高强度体力活动：否；中等强度体力活动：否；轻度体力活动：否；上月活动：以上都没有
上网信息：是否使用互联网：是；上网设备：手机；上网用途：看视频；是否用手机支付：否；是否使用微信：否
子女信息：子女总数：2个；健在子女数：2个；第1子女：是否工作/上学：都不；婚姻状况：未婚；过去一年同住月数：0个月；见面频率：每半年；电话/短信/微信联系频率：几乎不见/不联系；第2子女：是否工作/上学：上学；婚姻状况：未婚；过去一年同住月数：2个月；见面频率：每半年；电话/短信/微信联系频率：几乎每天
工作信息：是否从事农业/家庭农活：有；是否已办理退休：否；是否在工作：是；过去一年总工作天数：25天"
449,138202231002,基础信息：性别：男；年龄：54岁；城乡类型：农村,教育信息：教育程度：小学,婚姻信息：婚姻状况：已婚且配偶同住；过去一年与配偶同住月数：12个月；上半年独自居住天数：0天；上半年仅与配偶同住天数：180天；上半年因不与别人同住而受影响程度：0,情绪信息：生活满意度：不太满意；对子女满意度：很满意；因小事烦恼（过去一周）：大多数时候（5–7天）；感到抑郁（过去一周）：有时/中等（3–4天）；对未来抱有希望（过去一周）：大多数时候（5–7天）；感到孤独（过去一周）：有时/中等（3–4天）；感到高兴（过去一周）：几乎没有（<1天）；睡眠不安（过去一周）：大多数时候（5–7天）,健康信息：自评健康状况：很差；医生诊断慢性病：血脂异常、糖尿病或高血糖、胃部或其他消化系统疾病；身体疼痛程度：非常；上月平均每天实际睡眠小时数：3小时；是否因健康/残疾不能工作：完全不能工作；多久接受他人帮助：从不,活动信息：高强度体力活动：否；中等强度体力活动：否；轻度体力活动：是；轻度体力活动目的：工作需要；上月活动：以上都没有,上网信息：是否使用互联网：是；上网设备：台式电脑、笔记本、手机；上网用途：聊天、看视频；是否用手机支付：是；是否使用微信：是；是否使用微信朋友圈：是,子女信息：子女总数：2个；健在子女数：2个；第1子女：是否工作/上学：工作；婚姻状况：未婚；过去一年同住月数：5个月；见面频率：每三月；电话/短信/微信联系频率：每周1次；第2子女：是否工作/上学：工作；婚姻状况：离婚；过去一年同住月数：2个月；见面频率：每两周；电话/短信/微信联系频率：每周1次,工作信息：是否从事农业/家庭农活：无；是否已办理退休：否；是否在工作：是；过去一年总工作天数：0天,"基础信息：性别：男；年龄：54岁；城乡类型：农村
教育信息：教育程度：小学
婚姻信息：婚姻状况：已婚且配偶同住；过去一年与配偶同住月数：12个月；上半年独自居住天数：0天；上半年仅与配偶同住天数：180天；上半年因不与别人同住而受影响程度：0
情绪信息：生活满意度：不太满意；对子女满意度：很满意；因小事烦恼（过去一周）：大多数时候（5–7天）；感到抑郁（过去一周）：有时/中等（3–4天）；对未来抱有希望（过去一周）：大多数时候（5–7天）；感到孤独（过去一周）：有时/中等（3–4天）；感到高兴（过去一周）：几乎没有（<1天）；睡眠不安（过去一周）：大多数时候（5–7天）
健康信息：自评健康状况：很差；医生诊断慢性病：血脂异常、糖尿病或高血糖、胃部或其他消化系统疾病；身体疼痛程度：非常；上月平均每天实际睡眠小时数：3小时；是否因健康/残疾不能工作：完全不能工作；多久接受他人帮助：从不
活动信息：高强度体力活动：否；中等强度体力活动：否；轻度体力活动：是；轻度体力活动目的：工作需要；上月活动：以上都没有
上网信息：是否使用互联网：是；上网设备：台式电脑、笔记本、手机；上网用途：聊天、看视频；是否用手机支付：是；是否使用微信：是；是否使用微信朋友圈：是
子女信息：子女总数：2个；健在子女数：2个；第1子女：是否工作/上学：工作；婚姻状况：未婚；过去一年同住月数：5个月；见面频率：每三月；电话/短信/微信联系频率：每周1次；第2子女：是否工作/上学：工作；婚姻状况：离婚；过去一年同住月数：2个月；见面频率：每两周；电话/短信/微信联系频率：每周1次
工作信息：是否从事农业/家庭农活：无；是否已办理退休：否；是否在工作：是；过去一年总工作天数：0天"
450,142403117002,基础信息：性别：女；年龄：48岁；现居住地地址类型：家庭住房；城乡类型：城/镇中心,教育信息：教育程度：高中,婚姻信息：婚姻状况：已婚暂分居；过去一年与配偶同住月数：12个月；上半年独自居住天数：0天；上半年仅与配偶同住天数：182天；上半年因不与别人同住而受影响程度：0,情绪信息：生活满意度：有点满意；对子女满意度：不太满意；因小事烦恼（过去一周）：几乎没有（<1天）；感到抑郁（过去一周）：几乎没有（<1天）；对未来抱有希望（过去一周）：大多数时候（5–7天）；感到孤独（过去一周）：几乎没有（<1天）；感到高兴（过去一周）：大多数时候（5–7天）；睡眠不安（过去一周）：几乎没有（<1天）,健康信息：自评健康状况：一般；医生诊断慢性病：血脂异常、记忆相关疾病；身体疼痛程度：相当；上月平均每天实际睡眠小时数：8小时；是否因健康/残疾不能工作：没问题；是否因健康/残疾不能做家事：没问题；多久接受他人帮助：从不,活动信息：高强度体力活动：是；高强度体力活动目的：工作需要；中等强度体力活动：是；中等强度体力活动目的：锻炼；轻度体力活动：是；轻度体力活动目的：锻炼；上月活动：帮助不住一起的家人朋友邻居（不规律）、参加运动/社交等俱乐部（几乎每天）、做志愿/慈善或照顾不住一起的病弱者（不规律）,上网信息：是否使用互联网：是；上网设备：平板、手机、其他；上网用途：看新闻、看视频；是否用手机支付：是；是否使用微信：是；是否使用微信朋友圈：是,子女信息：子女总数：3个；健在子女数：3个；第1子女：是否工作/上学：工作；婚姻状况：未婚；过去一年同住月数：0个月；见面频率：每年；电话/短信/微信联系频率：每周1次；第2子女：是否工作/上学：工作；婚姻状况：离婚；过去一年同住月数：0个月；见面频率：几乎不见/不联系；电话/短信/微信联系频率：每年,工作信息：是否从事农业/家庭农活：有；是否在工作：是；过去一年总工作天数：275天,"基础信息：性别：女；年龄：48岁；现居住地地址类型：家庭住房；城乡类型：城/镇中心
教育信息：教育程度：高中
婚姻信息：婚姻状况：已婚暂分居；过去一年与配偶同住月数：12个月；上半年独自居住天数：0天；上半年仅与配偶同住天数：182天；上半年因不与别人同住而受影响程度：0
情绪信息：生活满意度：有点满意；对子女满意度：不太满意；因小事烦恼（过去一周）：几乎没有（<1天）；感到抑郁（过去一周）：几乎没有（<1天）；对未来抱有希望（过去一周）：大多数时候（5–7天）；感到孤独（过去一周）：几乎没有（<1天）；感到高兴（过去一周）：大多数时候（5–7天）；睡眠不安（过去一周）：几乎没有（<1天）
健康信息：自评健康状况：一般；医生诊断慢性病：血脂异常、记忆相关疾病；身体疼痛程度：相当；上月平均每天实际睡眠小时数：8小时；是否因健康/残疾不能工作：没问题；是否因健康/残疾不能做家事：没问题；多久接受他人帮助：从不
活动信息：高强度体力活动：是；高强度体力活动目的：工作需要；中等强度体力活动：是；中等强度体力活动目的：锻炼；轻度体力活动：是；轻度体力活动目的：锻炼；上月活动：帮助不住一起的家人朋友邻居（不规律）、参加运动/社交等俱乐部（几乎每天）、做志愿/慈善或照顾不住一起的病弱者（不规律）
上网信息：是否使用互联网：是；上网设备：平板、手机、其他；上网用途：看新闻、看视频；是否用手机支付：是；是否使用微信：是；是否使用微信朋友圈：是
子女信息：子女总数：3个；健在子女数：3个；第1子女：是否工作/上学：工作；婚姻状况：未婚；过去一年同住月数：0个月；见面频率：每年；电话/短信/微信联系频率：每周1次；第2子女：是否工作/上学：工作；婚姻状况：离婚；过去一年同住月数：0个月；见面频率：几乎不见/不联系；电话/短信/微信联系频率：每年
工作信息：是否从事农业/家庭农活：有；是否在工作：是；过去一年总工作天数：275天"
451,134902328001,基础信息：性别：女；年龄：61岁；城乡类型：农村,教育信息：教育程度：未受教育,婚姻信息：婚姻状况：丧偶；是否有人以配偶身份同住：否；上半年独自居住天数：0天,情绪信息：生活满意度：有点满意；对子女满意度：很满意；因小事烦恼（过去一周）：几乎没有（<1天）；感到抑郁（过去一周）：几乎没有（<1天）；对未来抱有希望（过去一周）：几乎没有（<1天）；感到孤独（过去一周）：有时/中等（3–4天）；感到高兴（过去一周）：有时/中等（3–4天）；睡眠不安（过去一周）：几乎没有（<1天）,健康信息：自评健康状况：一般；医生诊断慢性病：血脂异常；身体疼痛程度：相当；上月平均每天实际睡眠小时数：6小时；是否因健康/残疾不能工作：没问题；是否因健康/残疾不能做家事：完全不能；多久接受他人帮助：从不,活动信息：高强度体力活动：是；高强度体力活动目的：工作需要；中等强度体力活动：是；中等强度体力活动目的：工作需要；轻度体力活动：是；轻度体力活动目的：工作需要；上月活动：帮助不住一起的家人朋友邻居（不规律）,上网信息：是否使用互联网：否,子女信息：子女总数：3个；健在子女数：3个；第1子女：是否工作/上学：工作；婚姻状况：已婚且配偶同住；过去一年同住月数：12个月；第2子女：是否工作/上学：工作；婚姻状况：已婚且配偶同住；过去一年同住月数：0个月；见面频率：几乎不见/不联系；电话/短信/微信联系频率：每月,工作信息：是否从事农业/家庭农活：有；是否已办理退休：否；是否在工作：是；过去一年总工作天数：250天,"基础信息：性别：女；年龄：61岁；城乡类型：农村
教育信息：教育程度：未受教育
婚姻信息：婚姻状况：丧偶；是否有人以配偶身份同住：否；上半年独自居住天数：0天
情绪信息：生活满意度：有点满意；对子女满意度：很满意；因小事烦恼（过去一周）：几乎没有（<1天）；感到抑郁（过去一周）：几乎没有（<1天）；对未来抱有希望（过去一周）：几乎没有（<1天）；感到孤独（过去一周）：有时/中等（3–4天）；感到高兴（过去一周）：有时/中等（3–4天）；睡眠不安（过去一周）：几乎没有（<1天）
健康信息：自评健康状况：一般；医生诊断慢性病：血脂异常；身体疼痛程度：相当；上月平均每天实际睡眠小时数：6小时；是否因健康/残疾不能工作：没问题；是否因健康/残疾不能做家事：完全不能；多久接受他人帮助：从不
活动信息：高强度体力活动：是；高强度体力活动目的：工作需要；中等强度体力活动：是；中等强度体力活动目的：工作需要；轻度体力活动：是；轻度体力活动目的：工作需要；上月活动：帮助不住一起的家人朋友邻居（不规律）
上网信息：是否使用互联网：否
子女信息：子女总数：3个；健在子女数：3个；第1子女：是否工作/上学：工作；婚姻状况：已婚且配偶同住；过去一年同住月数：12个月；第2子女：是否工作/上学：工作；婚姻状况：已婚且配偶同住；过去一年同住月数：0个月；见面频率：几乎不见/不联系；电话/短信/微信联系频率：每月
工作信息：是否从事农业/家庭农活：有；是否已办理退休：否；是否在工作：是；过去一年总工作天数：250天"
452,212428332001,基础信息：性别：女；年龄：66岁；城乡类型：城/镇中心,教育信息：教育程度：小学,婚姻信息：婚姻状况：已婚且配偶同住；过去一年与配偶同住月数：12个月；上半年独自居住天数：0天；上半年仅与配偶同住天数：0天,情绪信息：生活满意度：有点满意；对子女满意度：很满意；因小事烦恼（过去一周）：几乎没有（<1天）；感到抑郁（过去一周）：几乎没有（<1天）；对未来抱有希望（过去一周）：大多数时候（5–7天）；感到孤独（过去一周）：几乎没有（<1天）；感到高兴（过去一周）：大多数时候（5–7天）；睡眠不安（过去一周）：几乎没有（<1天）,健康信息：自评健康状况：一般；医生诊断慢性病：未报告上述疾病；身体疼痛程度：一点；上月平均每天实际睡眠小时数：6小时；是否因健康/残疾不能工作：不能长时间工作；是否因健康/残疾不能做家事：不能长时间；多久接受他人帮助：偶尔,活动信息：高强度体力活动：否；中等强度体力活动：否；轻度体力活动：否；上月活动：以上都没有,上网信息：是否使用互联网：是；上网设备：手机；上网用途：看新闻、看视频、玩游戏；是否用手机支付：否；是否使用微信：否,子女信息：子女总数：2个；健在子女数：2个；第1子女：是否工作/上学：都不；婚姻状况：已婚且配偶同住；过去一年同住月数：12个月；第2子女：是否工作/上学：都不；婚姻状况：已婚且配偶同住；过去一年同住月数：1个月；见面频率：每周1次,工作信息：是否从事农业/家庭农活：无；是否在工作：否；过去一年总工作天数：0天；上月是否在找工作：否,"基础信息：性别：女；年龄：66岁；城乡类型：城/镇中心
教育信息：教育程度：小学
婚姻信息：婚姻状况：已婚且配偶同住；过去一年与配偶同住月数：12个月；上半年独自居住天数：0天；上半年仅与配偶同住天数：0天
情绪信息：生活满意度：有点满意；对子女满意度：很满意；因小事烦恼（过去一周）：几乎没有（<1天）；感到抑郁（过去一周）：几乎没有（<1天）；对未来抱有希望（过去一周）：大多数时候（5–7天）；感到孤独（过去一周）：几乎没有（<1天）；感到高兴（过去一周）：大多数时候（5–7天）；睡眠不安（过去一周）：几乎没有（<1天）
健康信息：自评健康状况：一般；医生诊断慢性病：未报告上述疾病；身体疼痛程度：一点；上月平均每天实际睡眠小时数：6小时；是否因健康/残疾不能工作：不能长时间工作；是否因健康/残疾不能做家事：不能长时间；多久接受他人帮助：偶尔
活动信息：高强度体力活动：否；中等强度体力活动：否；轻度体力活动：否；上月活动：以上都没有
上网信息：是否使用互联网：是；上网设备：手机；上网用途：看新闻、看视频、玩游戏；是否用手机支付：否；是否使用微信：否
子女信息：子女总数：2个；健在子女数：2个；第1子女：是否工作/上学：都不；婚姻状况：已婚且配偶同住；过去一年同住月数：12个月；第2子女：是否工作/上学：都不；婚姻状况：已婚且配偶同住；过去一年同住月数：1个月；见面频率：每周1次
工作信息：是否从事农业/家庭农活：无；是否在工作：否；过去一年总工作天数：0天；上月是否在找工作：否"
453,154058305001,基础信息：性别：男；年龄：63岁；城乡类型：城/镇中心,教育信息：教育程度：未读完小学,婚姻信息：婚姻状况：已婚暂分居；过去一年与配偶同住月数：0个月；上半年独自居住天数：0天；上半年仅与配偶同住天数：0天,情绪信息：生活满意度：有点满意；对子女满意度：很满意；因小事烦恼（过去一周）：有时/中等（3–4天）；感到抑郁（过去一周）：几乎没有（<1天）；对未来抱有希望（过去一周）：大多数时候（5–7天）；感到孤独（过去一周）：几乎没有（<1天）；感到高兴（过去一周）：大多数时候（5–7天）；睡眠不安（过去一周）：少量（1–2天）,健康信息：自评健康状况：一般；医生诊断慢性病：未报告上述疾病；身体疼痛程度：一点；上月平均每天实际睡眠小时数：5小时；是否因健康/残疾不能工作：没问题；是否因健康/残疾不能做家事：没问题；多久接受他人帮助：从不,活动信息：高强度体力活动：否；中等强度体力活动：是；中等强度体力活动目的：工作需要；轻度体力活动：是；轻度体力活动目的：其他；上月活动：与朋友交往（几乎每天）,上网信息：是否使用互联网：是；上网设备：手机；上网用途：聊天、看新闻、看视频、玩游戏；是否用手机支付：是；是否使用微信：是；是否使用微信朋友圈：否,子女信息：子女总数：3个；健在子女数：3个；第1子女：是否工作/上学：工作；婚姻状况：已婚且配偶同住；过去一年同住月数：0个月；见面频率：每周1次；第2子女：是否工作/上学：工作；婚姻状况：已婚且配偶同住；过去一年同住月数：0个月；见面频率：每月；电话/短信/微信联系频率：几乎每天,工作信息：是否从事农业/家庭农活：无；是否已办理退休：否；是否在工作：是；过去一年总工作天数：365天,"基础信息：性别：男；年龄：63岁；城乡类型：城/镇中心
教育信息：教育程度：未读完小学
婚姻信息：婚姻状况：已婚暂分居；过去一年与配偶同住月数：0个月；上半年独自居住天数：0天；上半年仅与配偶同住天数：0天
情绪信息：生活满意度：有点满意；对子女满意度：很满意；因小事烦恼（过去一周）：有时/中等（3–4天）；感到抑郁（过去一周）：几乎没有（<1天）；对未来抱有希望（过去一周）：大多数时候（5–7天）；感到孤独（过去一周）：几乎没有（<1天）；感到高兴（过去一周）：大多数时候（5–7天）；睡眠不安（过去一周）：少量（1–2天）
健康信息：自评健康状况：一般；医生诊断慢性病：未报告上述疾病；身体疼痛程度：一点；上月平均每天实际睡眠小时数：5小时；是否因健康/残疾不能工作：没问题；是否因健康/残疾不能做家事：没问题；多久接受他人帮助：从不
活动信息：高强度体力活动：否；中等强度体力活动：是；中等强度体力活动目的：工作需要；轻度体力活动：是；轻度体力活动目的：其他；上月活动：与朋友交往（几乎每天）
上网信息：是否使用互联网：是；上网设备：手机；上网用途：聊天、看新闻、看视频、玩游戏；是否用手机支付：是；是否使用微信：是；是否使用微信朋友圈：否
子女信息：子女总数：3个；健在子女数：3个；第1子女：是否工作/上学：工作；婚姻状况：已婚且配偶同住；过去一年同住月数：0个月；见面频率：每周1次；第2子女：是否工作/上学：工作；婚姻状况：已婚且配偶同住；过去一年同住月数：0个月；见面频率：每月；电话/短信/微信联系频率：几乎每天
工作信息：是否从事农业/家庭农活：无；是否已办理退休：否；是否在工作：是；过去一年总工作天数：365天"
454,321131318002,基础信息：性别：女；年龄：71岁；城乡类型：农村,教育信息：教育程度：小学,婚姻信息：婚姻状况：已婚且配偶同住；过去一年与配偶同住月数：12个月；上半年独自居住天数：0天；上半年仅与配偶同住天数：150天；上半年因不与别人同住而受影响程度：0,情绪信息：生活满意度：很满意；对子女满意度：很满意；因小事烦恼（过去一周）：几乎没有（<1天）；感到抑郁（过去一周）：几乎没有（<1天）；对未来抱有希望（过去一周）：几乎没有（<1天）；感到孤独（过去一周）：几乎没有（<1天）；感到高兴（过去一周）：大多数时候（5–7天）；睡眠不安（过去一周）：几乎没有（<1天）,健康信息：自评健康状况：一般；医生诊断慢性病：未报告上述疾病；身体疼痛程度：无；上月平均每天实际睡眠小时数：5小时；是否因健康/残疾不能工作：不能长时间工作；是否因健康/残疾不能做家事：不能长时间；多久接受他人帮助：偶尔,活动信息：高强度体力活动：否；中等强度体力活动：是；中等强度体力活动目的：锻炼；轻度体力活动：是；轻度体力活动目的：锻炼；上月活动：以上都没有,上网信息：是否使用互联网：否,子女信息：子女总数：2个；健在子女数：2个；第1子女：是否工作/上学：工作；婚姻状况：已婚且配偶同住；过去一年同住月数：0个月；见面频率：每三月；电话/短信/微信联系频率：每周1次；第2子女：是否工作/上学：工作；婚姻状况：已婚暂分居；过去一年同住月数：1个月；见面频率：每三月；电话/短信/微信联系频率：每周1次,工作信息：是否从事农业/家庭农活：无；是否已办理退休：否；是否在工作：否；过去一年总工作天数：0天；上月是否在找工作：否,"基础信息：性别：女；年龄：71岁；城乡类型：农村
教育信息：教育程度：小学
婚姻信息：婚姻状况：已婚且配偶同住；过去一年与配偶同住月数：12个月；上半年独自居住天数：0天；上半年仅与配偶同住天数：150天；上半年因不与别人同住而受影响程度：0
情绪信息：生活满意度：很满意；对子女满意度：很满意；因小事烦恼（过去一周）：几乎没有（<1天）；感到抑郁（过去一周）：几乎没有（<1天）；对未来抱有希望（过去一周）：几乎没有（<1天）；感到孤独（过去一周）：几乎没有（<1天）；感到高兴（过去一周）：大多数时候（5–7天）；睡眠不安（过去一周）：几乎没有（<1天）
健康信息：自评健康状况：一般；医生诊断慢性病：未报告上述疾病；身体疼痛程度：无；上月平均每天实际睡眠小时数：5小时；是否因健康/残疾不能工作：不能长时间工作；是否因健康/残疾不能做家事：不能长时间；多久接受他人帮助：偶尔
活动信息：高强度体力活动：否；中等强度体力活动：是；中等强度体力活动目的：锻炼；轻度体力活动：是；轻度体力活动目的：锻炼；上月活动：以上都没有
上网信息：是否使用互联网：否
子女信息：子女总数：2个；健在子女数：2个；第1子女：是否工作/上学：工作；婚姻状况：已婚且配偶同住；过去一年同住月数：0个月；见面频率：每三月；电话/短信/微信联系频率：每周1次；第2子女：是否工作/上学：工作；婚姻状况：已婚暂分居；过去一年同住月数：1个月；见面频率：每三月；电话/短信/微信联系频率：每周1次
工作信息：是否从事农业/家庭农活：无；是否已办理退休：否；是否在工作：否；过去一年总工作天数：0天；上月是否在找工作：否"
455,298245135002,基础信息：性别：男；年龄：49岁；现居住地地址类型：家庭住房；城乡类型：农村,教育信息：教育程度：高中,婚姻信息：婚姻状况：已婚且配偶同住；过去一年与配偶同住月数：12个月；上半年独自居住天数：0天；上半年仅与配偶同住天数：0天,情绪信息：生活满意度：有点满意；对子女满意度：有点满意；因小事烦恼（过去一周）：几乎没有（<1天）；感到抑郁（过去一周）：几乎没有（<1天）；对未来抱有希望（过去一周）：大多数时候（5–7天）；感到孤独（过去一周）：几乎没有（<1天）；感到高兴（过去一周）：有时/中等（3–4天）；睡眠不安（过去一周）：几乎没有（<1天）,健康信息：自评健康状况：一般；医生诊断慢性病：未报告上述疾病；身体疼痛程度：一点；上月平均每天实际睡眠小时数：6小时；是否因健康/残疾不能工作：没问题；是否因健康/残疾不能做家事：没问题；多久接受他人帮助：从不,活动信息：高强度体力活动：否；中等强度体力活动：是；中等强度体力活动目的：工作需要；轻度体力活动：否；上月活动：以上都没有,上网信息：是否使用互联网：是；上网设备：手机；上网用途：其他；是否用手机支付：是；是否使用微信：是；是否使用微信朋友圈：是,子女信息：子女总数：2个；健在子女数：2个；第1子女：是否工作/上学：工作；婚姻状况：已婚且配偶同住；过去一年同住月数：0个月；见面频率：每月；电话/短信/微信联系频率：每周1次；第2子女：是否工作/上学：上学；婚姻状况：未婚；过去一年同住月数：12个月,工作信息：是否从事农业/家庭农活：无；是否已办理退休：否；是否在工作：是；过去一年总工作天数：150天,"基础信息：性别：男；年龄：49岁；现居住地地址类型：家庭住房；城乡类型：农村
教育信息：教育程度：高中
婚姻信息：婚姻状况：已婚且配偶同住；过去一年与配偶同住月数：12个月；上半年独自居住天数：0天；上半年仅与配偶同住天数：0天
情绪信息：生活满意度：有点满意；对子女满意度：有点满意；因小事烦恼（过去一周）：几乎没有（<1天）；感到抑郁（过去一周）：几乎没有（<1天）；对未来抱有希望（过去一周）：大多数时候（5–7天）；感到孤独（过去一周）：几乎没有（<1天）；感到高兴（过去一周）：有时/中等（3–4天）；睡眠不安（过去一周）：几乎没有（<1天）
健康信息：自评健康状况：一般；医生诊断慢性病：未报告上述疾病；身体疼痛程度：一点；上月平均每天实际睡眠小时数：6小时；是否因健康/残疾不能工作：没问题；是否因健康/残疾不能做家事：没问题；多久接受他人帮助：从不
活动信息：高强度体力活动：否；中等强度体力活动：是；中等强度体力活动目的：工作需要；轻度体力活动：否；上月活动：以上都没有
上网信息：是否使用互联网：是；上网设备：手机；上网用途：其他；是否用手机支付：是；是否使用微信：是；是否使用微信朋友圈：是
子女信息：子女总数：2个；健在子女数：2个；第1子女：是否工作/上学：工作；婚姻状况：已婚且配偶同住；过去一年同住月数：0个月；见面频率：每月；电话/短信/微信联系频率：每周1次；第2子女：是否工作/上学：上学；婚姻状况：未婚；过去一年同住月数：12个月
工作信息：是否从事农业/家庭农活：无；是否已办理退休：否；是否在工作：是；过去一年总工作天数：150天"
456,242702116002,基础信息：性别：男；年龄：65岁；城乡类型：农村,教育信息：教育程度：未受教育,婚姻信息：婚姻状况：已婚暂分居；过去一年与配偶同住月数：0个月；上半年独自居住天数：180天；上半年仅与配偶同住天数：0天；上半年因不与别人同住而受影响程度：0,情绪信息：生活满意度：有点满意；对子女满意度：非常满意；因小事烦恼（过去一周）：几乎没有（<1天）；感到抑郁（过去一周）：几乎没有（<1天）；感到孤独（过去一周）：几乎没有（<1天）；感到高兴（过去一周）：大多数时候（5–7天）；睡眠不安（过去一周）：几乎没有（<1天）,健康信息：自评健康状况：差；医生诊断慢性病：未报告上述疾病；身体疼痛程度：无；上月平均每天实际睡眠小时数：2小时；是否因健康/残疾不能工作：没问题；是否因健康/残疾不能做家事：没问题；多久接受他人帮助：从不,活动信息：高强度体力活动：否；中等强度体力活动：否；轻度体力活动：是；轻度体力活动目的：工作需要；上月活动：以上都没有,上网信息：是否使用互联网：否,子女信息：子女总数：3个；健在子女数：3个,工作信息：是否从事农业/家庭农活：无；是否已办理退休：否；是否在工作：否；过去一年总工作天数：0天；上月是否在找工作：否,"基础信息：性别：男；年龄：65岁；城乡类型：农村
教育信息：教育程度：未受教育
婚姻信息：婚姻状况：已婚暂分居；过去一年与配偶同住月数：0个月；上半年独自居住天数：180天；上半年仅与配偶同住天数：0天；上半年因不与别人同住而受影响程度：0
情绪信息：生活满意度：有点满意；对子女满意度：非常满意；因小事烦恼（过去一周）：几乎没有（<1天）；感到抑郁（过去一周）：几乎没有（<1天）；感到孤独（过去一周）：几乎没有（<1天）；感到高兴（过去一周）：大多数时候（5–7天）；睡眠不安（过去一周）：几乎没有（<1天）
健康信息：自评健康状况：差；医生诊断慢性病：未报告上述疾病；身体疼痛程度：无；上月平均每天实际睡眠小时数：2小时；是否因健康/残疾不能工作：没问题；是否因健康/残疾不能做家事：没问题；多久接受他人帮助：从不
活动信息：高强度体力活动：否；中等强度体力活动：否；轻度体力活动：是；轻度体力活动目的：工作需要；上月活动：以上都没有
上网信息：是否使用互联网：否
子女信息：子女总数：3个；健在子女数：3个
工作信息：是否从事农业/家庭农活：无；是否已办理退休：否；是否在工作：否；过去一年总工作天数：0天；上月是否在找工作：否"
457,154044324001,基础信息：性别：女；年龄：68岁；现居住地地址类型：家庭住房；城乡类型：城乡结合部/镇乡,教育信息：教育程度：小学,婚姻信息：婚姻状况：丧偶；是否有人以配偶身份同住：否；上半年独自居住天数：0天,情绪信息：生活满意度：有点满意；对子女满意度：有点满意；因小事烦恼（过去一周）：有时/中等（3–4天）；感到抑郁（过去一周）：有时/中等（3–4天）；对未来抱有希望（过去一周）：大多数时候（5–7天）；感到孤独（过去一周）：有时/中等（3–4天）；感到高兴（过去一周）：几乎没有（<1天）；睡眠不安（过去一周）：有时/中等（3–4天）,健康信息：自评健康状况：一般；医生诊断慢性病：未报告上述疾病；身体疼痛程度：无；上月平均每天实际睡眠小时数：5小时；是否因健康/残疾不能工作：没问题；是否因健康/残疾不能做家事：没问题；多久接受他人帮助：从不,活动信息：高强度体力活动：否；中等强度体力活动：是；中等强度体力活动目的：锻炼；轻度体力活动：是；轻度体力活动目的：锻炼；上月活动：参加运动/社交等俱乐部（几乎每天）、参加社区相关组织（不规律）,上网信息：是否使用互联网：否,子女信息：子女总数：3个；健在子女数：3个；第1子女：是否工作/上学：工作；婚姻状况：已婚且配偶同住；过去一年同住月数：0个月；见面频率：几乎每天；第2子女：是否工作/上学：都不；婚姻状况：已婚暂分居；过去一年同住月数：12个月,工作信息：是否从事农业/家庭农活：无；是否已办理退休：否；是否在工作：否；过去一年总工作天数：0天；上月是否在找工作：否,"基础信息：性别：女；年龄：68岁；现居住地地址类型：家庭住房；城乡类型：城乡结合部/镇乡
教育信息：教育程度：小学
婚姻信息：婚姻状况：丧偶；是否有人以配偶身份同住：否；上半年独自居住天数：0天
情绪信息：生活满意度：有点满意；对子女满意度：有点满意；因小事烦恼（过去一周）：有时/中等（3–4天）；感到抑郁（过去一周）：有时/中等（3–4天）；对未来抱有希望（过去一周）：大多数时候（5–7天）；感到孤独（过去一周）：有时/中等（3–4天）；感到高兴（过去一周）：几乎没有（<1天）；睡眠不安（过去一周）：有时/中等（3–4天）
健康信息：自评健康状况：一般；医生诊断慢性病：未报告上述疾病；身体疼痛程度：无；上月平均每天实际睡眠小时数：5小时；是否因健康/残疾不能工作：没问题；是否因健康/残疾不能做家事：没问题；多久接受他人帮助：从不
活动信息：高强度体力活动：否；中等强度体力活动：是；中等强度体力活动目的：锻炼；轻度体力活动：是；轻度体力活动目的：锻炼；上月活动：参加运动/社交等俱乐部（几乎每天）、参加社区相关组织（不规律）
上网信息：是否使用互联网：否
子女信息：子女总数：3个；健在子女数：3个；第1子女：是否工作/上学：工作；婚姻状况：已婚且配偶同住；过去一年同住月数：0个月；见面频率：几乎每天；第2子女：是否工作/上学：都不；婚姻状况：已婚暂分居；过去一年同住月数：12个月
工作信息：是否从事农业/家庭农活：无；是否已办理退休：否；是否在工作：否；过去一年总工作天数：0天；上月是否在找工作：否"
458,295331330001,基础信息：性别：女；年龄：88岁；城乡类型：城/镇中心,教育信息：教育程度：未受教育,婚姻信息：婚姻状况：丧偶；是否有人以配偶身份同住：否；上半年独自居住天数：0天,情绪信息：生活满意度：很满意；对子女满意度：很满意；因小事烦恼（过去一周）：几乎没有（<1天）；感到抑郁（过去一周）：几乎没有（<1天）；对未来抱有希望（过去一周）：大多数时候（5–7天）；感到孤独（过去一周）：几乎没有（<1天）；感到高兴（过去一周）：大多数时候（5–7天）；睡眠不安（过去一周）：大多数时候（5–7天）,健康信息：自评健康状况：很好；医生诊断慢性病：未报告上述疾病；身体疼痛程度：一点；上月平均每天实际睡眠小时数：2小时；是否因健康/残疾不能工作：没问题；是否因健康/残疾不能做家事：不能长时间；多久接受他人帮助：从不,活动信息：高强度体力活动：否；中等强度体力活动：否；轻度体力活动：是；轻度体力活动目的：锻炼；上月活动：以上都没有,上网信息：是否使用互联网：否,子女信息：子女总数：3个；健在子女数：3个；第1子女：是否工作/上学：工作；婚姻状况：已婚且配偶同住；过去一年同住月数：12个月；第2子女：是否工作/上学：工作；婚姻状况：已婚且配偶同住；过去一年同住月数：0个月；见面频率：几乎每天,工作信息：是否从事农业/家庭农活：无；是否已办理退休：否；是否在工作：否；过去一年总工作天数：0天；上月是否在找工作：否,"基础信息：性别：女；年龄：88岁；城乡类型：城/镇中心
教育信息：教育程度：未受教育
婚姻信息：婚姻状况：丧偶；是否有人以配偶身份同住：否；上半年独自居住天数：0天
情绪信息：生活满意度：很满意；对子女满意度：很满意；因小事烦恼（过去一周）：几乎没有（<1天）；感到抑郁（过去一周）：几乎没有（<1天）；对未来抱有希望（过去一周）：大多数时候（5–7天）；感到孤独（过去一周）：几乎没有（<1天）；感到高兴（过去一周）：大多数时候（5–7天）；睡眠不安（过去一周）：大多数时候（5–7天）
健康信息：自评健康状况：很好；医生诊断慢性病：未报告上述疾病；身体疼痛程度：一点；上月平均每天实际睡眠小时数：2小时；是否因健康/残疾不能工作：没问题；是否因健康/残疾不能做家事：不能长时间；多久接受他人帮助：从不
活动信息：高强度体力活动：否；中等强度体力活动：否；轻度体力活动：是；轻度体力活动目的：锻炼；上月活动：以上都没有
上网信息：是否使用互联网：否
子女信息：子女总数：3个；健在子女数：3个；第1子女：是否工作/上学：工作；婚姻状况：已婚且配偶同住；过去一年同住月数：12个月；第2子女：是否工作/上学：工作；婚姻状况：已婚且配偶同住；过去一年同住月数：0个月；见面频率：几乎每天
工作信息：是否从事农业/家庭农活：无；是否已办理退休：否；是否在工作：否；过去一年总工作天数：0天；上月是否在找工作：否"
459,46746122001,基础信息：性别：女；年龄：73岁；城乡类型：农村,教育信息：教育程度：未受教育,婚姻信息：婚姻状况：丧偶；是否有人以配偶身份同住：否；上半年独自居住天数：0天,情绪信息：生活满意度：很满意；对子女满意度：很满意；因小事烦恼（过去一周）：有时/中等（3–4天）；感到抑郁（过去一周）：有时/中等（3–4天）；对未来抱有希望（过去一周）：有时/中等（3–4天）；感到孤独（过去一周）：几乎没有（<1天）；感到高兴（过去一周）：有时/中等（3–4天）；睡眠不安（过去一周）：有时/中等（3–4天）,健康信息：自评健康状况：一般；医生诊断慢性病：高血压、慢性肺部疾病；身体疼痛程度：相当；上月平均每天实际睡眠小时数：5小时；是否因健康/残疾不能工作：没问题；是否因健康/残疾不能做家事：不能长时间；多久接受他人帮助：偶尔,活动信息：高强度体力活动：否；中等强度体力活动：否；轻度体力活动：是；轻度体力活动目的：工作需要；上月活动：以上都没有,上网信息：是否使用互联网：否,子女信息：子女总数：3个；健在子女数：3个；第1子女：是否工作/上学：工作；婚姻状况：已婚且配偶同住；过去一年同住月数：12个月；第2子女：是否工作/上学：工作；婚姻状况：已婚且配偶同住；过去一年同住月数：0个月；见面频率：每月；电话/短信/微信联系频率：每周2–3次,工作信息：是否从事农业/家庭农活：有；是否已办理退休：否；是否在工作：是；过去一年总工作天数：30天,"基础信息：性别：女；年龄：73岁；城乡类型：农村
教育信息：教育程度：未受教育
婚姻信息：婚姻状况：丧偶；是否有人以配偶身份同住：否；上半年独自居住天数：0天
情绪信息：生活满意度：很满意；对子女满意度：很满意；因小事烦恼（过去一周）：有时/中等（3–4天）；感到抑郁（过去一周）：有时/中等（3–4天）；对未来抱有希望（过去一周）：有时/中等（3–4天）；感到孤独（过去一周）：几乎没有（<1天）；感到高兴（过去一周）：有时/中等（3–4天）；睡眠不安（过去一周）：有时/中等（3–4天）
健康信息：自评健康状况：一般；医生诊断慢性病：高血压、慢性肺部疾病；身体疼痛程度：相当；上月平均每天实际睡眠小时数：5小时；是否因健康/残疾不能工作：没问题；是否因健康/残疾不能做家事：不能长时间；多久接受他人帮助：偶尔
活动信息：高强度体力活动：否；中等强度体力活动：否；轻度体力活动：是；轻度体力活动目的：工作需要；上月活动：以上都没有
上网信息：是否使用互联网：否
子女信息：子女总数：3个；健在子女数：3个；第1子女：是否工作/上学：工作；婚姻状况：已婚且配偶同住；过去一年同住月数：12个月；第2子女：是否工作/上学：工作；婚姻状况：已婚且配偶同住；过去一年同住月数：0个月；见面频率：每月；电话/短信/微信联系频率：每周2–3次
工作信息：是否从事农业/家庭农活：有；是否已办理退休：否；是否在工作：是；过去一年总工作天数：30天"
460,295331219002,基础信息：性别：男；年龄：60岁；城乡类型：农村,教育信息：教育程度：高中,婚姻信息：婚姻状况：已婚且配偶同住；过去一年与配偶同住月数：10个月；上半年独自居住天数：24天；上半年仅与配偶同住天数：156天；上半年因不与别人同住而受影响程度：0,情绪信息：生活满意度：有点满意；对子女满意度：有点满意；因小事烦恼（过去一周）：几乎没有（<1天）；感到抑郁（过去一周）：几乎没有（<1天）；对未来抱有希望（过去一周）：几乎没有（<1天）；感到孤独（过去一周）：少量（1–2天）；感到高兴（过去一周）：有时/中等（3–4天）；睡眠不安（过去一周）：几乎没有（<1天）,健康信息：自评健康状况：一般；医生诊断慢性病：未报告上述疾病；身体疼痛程度：非常；上月平均每天实际睡眠小时数：6小时；是否因健康/残疾不能工作：没问题；是否因健康/残疾不能做家事：没问题；多久接受他人帮助：偶尔,活动信息：高强度体力活动：是；高强度体力活动目的：工作需要；中等强度体力活动：否；轻度体力活动：否；上月活动：以上都没有,上网信息：是否使用互联网：否,子女信息：子女总数：2个；健在子女数：2个；第1子女：是否工作/上学：工作；婚姻状况：未婚；过去一年同住月数：0个月；见面频率：每年；电话/短信/微信联系频率：每月；第2子女：是否工作/上学：工作；婚姻状况：已婚且配偶同住；过去一年同住月数：0个月；见面频率：其他；电话/短信/微信联系频率：每月,工作信息：是否从事农业/家庭农活：有；是否已办理退休：否；是否在工作：是；过去一年总工作天数：330天,"基础信息：性别：男；年龄：60岁；城乡类型：农村
教育信息：教育程度：高中
婚姻信息：婚姻状况：已婚且配偶同住；过去一年与配偶同住月数：10个月；上半年独自居住天数：24天；上半年仅与配偶同住天数：156天；上半年因不与别人同住而受影响程度：0
情绪信息：生活满意度：有点满意；对子女满意度：有点满意；因小事烦恼（过去一周）：几乎没有（<1天）；感到抑郁（过去一周）：几乎没有（<1天）；对未来抱有希望（过去一周）：几乎没有（<1天）；感到孤独（过去一周）：少量（1–2天）；感到高兴（过去一周）：有时/中等（3–4天）；睡眠不安（过去一周）：几乎没有（<1天）
健康信息：自评健康状况：一般；医生诊断慢性病：未报告上述疾病；身体疼痛程度：非常；上月平均每天实际睡眠小时数：6小时；是否因健康/残疾不能工作：没问题；是否因健康/残疾不能做家事：没问题；多久接受他人帮助：偶尔
活动信息：高强度体力活动：是；高强度体力活动目的：工作需要；中等强度体力活动：否；轻度体力活动：否；上月活动：以上都没有
上网信息：是否使用互联网：否
子女信息：子女总数：2个；健在子女数：2个；第1子女：是否工作/上学：工作；婚姻状况：未婚；过去一年同住月数：0个月；见面频率：每年；电话/短信/微信联系频率：每月；第2子女：是否工作/上学：工作；婚姻状况：已婚且配偶同住；过去一年同住月数：0个月；见面频率：其他；电话/短信/微信联系频率：每月
工作信息：是否从事农业/家庭农活：有；是否已办理退休：否；是否在工作：是；过去一年总工作天数：330天"
461,112744117002,基础信息：性别：女；年龄：64岁；城乡类型：城/镇中心,教育信息：教育程度：未受教育,婚姻信息：婚姻状况：已婚且配偶同住；过去一年与配偶同住月数：12个月；上半年独自居住天数：0天；上半年仅与配偶同住天数：182天；上半年因不与别人同住而受影响程度：0,情绪信息：生活满意度：很满意；对子女满意度：很满意；因小事烦恼（过去一周）：有时/中等（3–4天）；感到抑郁（过去一周）：几乎没有（<1天）；对未来抱有希望（过去一周）：几乎没有（<1天）；感到孤独（过去一周）：几乎没有（<1天）；感到高兴（过去一周）：几乎没有（<1天）；睡眠不安（过去一周）：几乎没有（<1天）,健康信息：自评健康状况：很好；医生诊断慢性病：未报告上述疾病；身体疼痛程度：一点；上月平均每天实际睡眠小时数：7小时；是否因健康/残疾不能工作：没问题；是否因健康/残疾不能做家事：没问题；多久接受他人帮助：偶尔,活动信息：高强度体力活动：是；高强度体力活动目的：工作需要；中等强度体力活动：是；中等强度体力活动目的：其他；轻度体力活动：是；轻度体力活动目的：工作需要；上月活动：与朋友交往（几乎每周）,上网信息：是否使用互联网：否,子女信息：子女总数：1个；健在子女数：1个；第1子女：是否工作/上学：工作；婚姻状况：已婚且配偶同住；过去一年同住月数：12个月,工作信息：是否从事农业/家庭农活：有；是否已办理退休：否；是否在工作：是；过去一年总工作天数：365天,"基础信息：性别：女；年龄：64岁；城乡类型：城/镇中心
教育信息：教育程度：未受教育
婚姻信息：婚姻状况：已婚且配偶同住；过去一年与配偶同住月数：12个月；上半年独自居住天数：0天；上半年仅与配偶同住天数：182天；上半年因不与别人同住而受影响程度：0
情绪信息：生活满意度：很满意；对子女满意度：很满意；因小事烦恼（过去一周）：有时/中等（3–4天）；感到抑郁（过去一周）：几乎没有（<1天）；对未来抱有希望（过去一周）：几乎没有（<1天）；感到孤独（过去一周）：几乎没有（<1天）；感到高兴（过去一周）：几乎没有（<1天）；睡眠不安（过去一周）：几乎没有（<1天）
健康信息：自评健康状况：很好；医生诊断慢性病：未报告上述疾病；身体疼痛程度：一点；上月平均每天实际睡眠小时数：7小时；是否因健康/残疾不能工作：没问题；是否因健康/残疾不能做家事：没问题；多久接受他人帮助：偶尔
活动信息：高强度体力活动：是；高强度体力活动目的：工作需要；中等强度体力活动：是；中等强度体力活动目的：其他；轻度体力活动：是；轻度体力活动目的：工作需要；上月活动：与朋友交往（几乎每周）
上网信息：是否使用互联网：否
子女信息：子女总数：1个；健在子女数：1个；第1子女：是否工作/上学：工作；婚姻状况：已婚且配偶同住；过去一年同住月数：12个月
工作信息：是否从事农业/家庭农活：有；是否已办理退休：否；是否在工作：是；过去一年总工作天数：365天"
462,338231302001,基础信息：性别：男；年龄：64岁；城乡类型：农村,教育信息：教育程度：小学,婚姻信息：婚姻状况：已婚且配偶同住；过去一年与配偶同住月数：12个月；上半年独自居住天数：0天；上半年仅与配偶同住天数：0天,情绪信息：生活满意度：很满意；对子女满意度：很满意；因小事烦恼（过去一周）：少量（1–2天）；感到抑郁（过去一周）：几乎没有（<1天）；对未来抱有希望（过去一周）：大多数时候（5–7天）；感到孤独（过去一周）：几乎没有（<1天）；感到高兴（过去一周）：大多数时候（5–7天）；睡眠不安（过去一周）：少量（1–2天）,健康信息：自评健康状况：一般；医生诊断慢性病：未报告上述疾病；身体疼痛程度：一点；上月平均每天实际睡眠小时数：6小时；是否因健康/残疾不能工作：没问题；是否因健康/残疾不能做家事：没问题；多久接受他人帮助：从不,活动信息：高强度体力活动：否；中等强度体力活动：是；中等强度体力活动目的：工作需要；轻度体力活动：是；轻度体力活动目的：工作需要；上月活动：与朋友交往（不规律）、打麻将/下棋/打牌/去社区活动室（不规律）、帮助不住一起的家人朋友邻居（不规律）、做志愿/慈善或照顾不住一起的病弱者（不规律）,上网信息：是否使用互联网：否,子女信息：子女总数：1个；健在子女数：1个,工作信息：是否从事农业/家庭农活：有；是否已办理退休：否；是否在工作：是；过去一年总工作天数：150天,"基础信息：性别：男；年龄：64岁；城乡类型：农村
教育信息：教育程度：小学
婚姻信息：婚姻状况：已婚且配偶同住；过去一年与配偶同住月数：12个月；上半年独自居住天数：0天；上半年仅与配偶同住天数：0天
情绪信息：生活满意度：很满意；对子女满意度：很满意；因小事烦恼（过去一周）：少量（1–2天）；感到抑郁（过去一周）：几乎没有（<1天）；对未来抱有希望（过去一周）：大多数时候（5–7天）；感到孤独（过去一周）：几乎没有（<1天）；感到高兴（过去一周）：大多数时候（5–7天）；睡眠不安（过去一周）：少量（1–2天）
健康信息：自评健康状况：一般；医生诊断慢性病：未报告上述疾病；身体疼痛程度：一点；上月平均每天实际睡眠小时数：6小时；是否因健康/残疾不能工作：没问题；是否因健康/残疾不能做家事：没问题；多久接受他人帮助：从不
活动信息：高强度体力活动：否；中等强度体力活动：是；中等强度体力活动目的：工作需要；轻度体力活动：是；轻度体力活动目的：工作需要；上月活动：与朋友交往（不规律）、打麻将/下棋/打牌/去社区活动室（不规律）、帮助不住一起的家人朋友邻居（不规律）、做志愿/慈善或照顾不住一起的病弱者（不规律）
上网信息：是否使用互联网：否
子女信息：子女总数：1个；健在子女数：1个
工作信息：是否从事农业/家庭农活：有；是否已办理退休：否；是否在工作：是；过去一年总工作天数：150天"
463,184037201001,基础信息：性别：女；年龄：64岁；城乡类型：城/镇中心,教育信息：教育程度：未读完小学,婚姻信息：婚姻状况：已婚且配偶同住；过去一年与配偶同住月数：12个月；上半年独自居住天数：0天；上半年仅与配偶同住天数：0天,情绪信息：生活满意度：有点满意；对子女满意度：不太满意；因小事烦恼（过去一周）：少量（1–2天）；感到抑郁（过去一周）：少量（1–2天）；对未来抱有希望（过去一周）：有时/中等（3–4天）；感到孤独（过去一周）：几乎没有（<1天）；感到高兴（过去一周）：大多数时候（5–7天）；睡眠不安（过去一周）：大多数时候（5–7天）,健康信息：自评健康状况：一般；医生诊断慢性病：未报告上述疾病；身体疼痛程度：相当；上月平均每天实际睡眠小时数：5小时；是否因健康/残疾不能工作：没问题；是否因健康/残疾不能做家事：不能长时间；多久接受他人帮助：从不,活动信息：高强度体力活动：否；中等强度体力活动：是；中等强度体力活动目的：其他；轻度体力活动：是；轻度体力活动目的：锻炼；上月活动：打麻将/下棋/打牌/去社区活动室（几乎每周）,上网信息：是否使用互联网：否,子女信息：子女总数：1个；健在子女数：1个；第1子女：是否工作/上学：都不；婚姻状况：已婚且配偶同住；过去一年同住月数：0个月；见面频率：几乎每天,工作信息：是否从事农业/家庭农活：无；是否在工作：否；过去一年总工作天数：0天；上月是否在找工作：否,"基础信息：性别：女；年龄：64岁；城乡类型：城/镇中心
教育信息：教育程度：未读完小学
婚姻信息：婚姻状况：已婚且配偶同住；过去一年与配偶同住月数：12个月；上半年独自居住天数：0天；上半年仅与配偶同住天数：0天
情绪信息：生活满意度：有点满意；对子女满意度：不太满意；因小事烦恼（过去一周）：少量（1–2天）；感到抑郁（过去一周）：少量（1–2天）；对未来抱有希望（过去一周）：有时/中等（3–4天）；感到孤独（过去一周）：几乎没有（<1天）；感到高兴（过去一周）：大多数时候（5–7天）；睡眠不安（过去一周）：大多数时候（5–7天）
健康信息：自评健康状况：一般；医生诊断慢性病：未报告上述疾病；身体疼痛程度：相当；上月平均每天实际睡眠小时数：5小时；是否因健康/残疾不能工作：没问题；是否因健康/残疾不能做家事：不能长时间；多久接受他人帮助：从不
活动信息：高强度体力活动：否；中等强度体力活动：是；中等强度体力活动目的：其他；轻度体力活动：是；轻度体力活动目的：锻炼；上月活动：打麻将/下棋/打牌/去社区活动室（几乎每周）
上网信息：是否使用互联网：否
子女信息：子女总数：1个；健在子女数：1个；第1子女：是否工作/上学：都不；婚姻状况：已婚且配偶同住；过去一年同住月数：0个月；见面频率：几乎每天
工作信息：是否从事农业/家庭农活：无；是否在工作：否；过去一年总工作天数：0天；上月是否在找工作：否"
464,324681119001,基础信息：性别：女；年龄：72岁；城乡类型：农村,教育信息：教育程度：未受教育,婚姻信息：婚姻状况：丧偶；是否有人以配偶身份同住：否；上半年独自居住天数：182天；上半年因不与别人同住而受影响程度：0,情绪信息：生活满意度：完全不满意；对子女满意度：很满意；因小事烦恼（过去一周）：有时/中等（3–4天）；感到抑郁（过去一周）：大多数时候（5–7天）；对未来抱有希望（过去一周）：大多数时候（5–7天）；感到孤独（过去一周）：大多数时候（5–7天）；感到高兴（过去一周）：有时/中等（3–4天）；睡眠不安（过去一周）：大多数时候（5–7天）,健康信息：自评健康状况：很差；医生诊断慢性病：未报告上述疾病；身体疼痛程度：非常；上月平均每天实际睡眠小时数：6小时；是否因健康/残疾不能工作：完全不能工作；多久接受他人帮助：从不,活动信息：高强度体力活动：否；中等强度体力活动：否；轻度体力活动：否；上月活动：与朋友交往（几乎每天）,上网信息：是否使用互联网：否,子女信息：子女总数：4个；健在子女数：4个；第1子女：是否工作/上学：工作；婚姻状况：已婚且配偶同住；过去一年同住月数：0个月；见面频率：几乎每天；第2子女：是否工作/上学：工作；婚姻状况：已婚且配偶同住；过去一年同住月数：0个月；见面频率：每年；电话/短信/微信联系频率：每两周,工作信息：是否从事农业/家庭农活：无；是否已办理退休：否；是否在工作：否；过去一年总工作天数：0天；上月是否在找工作：否,"基础信息：性别：女；年龄：72岁；城乡类型：农村
教育信息：教育程度：未受教育
婚姻信息：婚姻状况：丧偶；是否有人以配偶身份同住：否；上半年独自居住天数：182天；上半年因不与别人同住而受影响程度：0
情绪信息：生活满意度：完全不满意；对子女满意度：很满意；因小事烦恼（过去一周）：有时/中等（3–4天）；感到抑郁（过去一周）：大多数时候（5–7天）；对未来抱有希望（过去一周）：大多数时候（5–7天）；感到孤独（过去一周）：大多数时候（5–7天）；感到高兴（过去一周）：有时/中等（3–4天）；睡眠不安（过去一周）：大多数时候（5–7天）
健康信息：自评健康状况：很差；医生诊断慢性病：未报告上述疾病；身体疼痛程度：非常；上月平均每天实际睡眠小时数：6小时；是否因健康/残疾不能工作：完全不能工作；多久接受他人帮助：从不
活动信息：高强度体力活动：否；中等强度体力活动：否；轻度体力活动：否；上月活动：与朋友交往（几乎每天）
上网信息：是否使用互联网：否
子女信息：子女总数：4个；健在子女数：4个；第1子女：是否工作/上学：工作；婚姻状况：已婚且配偶同住；过去一年同住月数：0个月；见面频率：几乎每天；第2子女：是否工作/上学：工作；婚姻状况：已婚且配偶同住；过去一年同住月数：0个月；见面频率：每年；电话/短信/微信联系频率：每两周
工作信息：是否从事农业/家庭农活：无；是否已办理退休：否；是否在工作：否；过去一年总工作天数：0天；上月是否在找工作：否"
465,64033219001,基础信息：性别：男；年龄：52岁；城乡类型：农村,教育信息：教育程度：初中,婚姻信息：婚姻状况：已婚且配偶同住；过去一年与配偶同住月数：12个月；上半年独自居住天数：0天；上半年仅与配偶同住天数：0天,情绪信息：生活满意度：有点满意；对子女满意度：有点满意；因小事烦恼（过去一周）：几乎没有（<1天）；感到抑郁（过去一周）：少量（1–2天）；对未来抱有希望（过去一周）：少量（1–2天）；感到孤独（过去一周）：几乎没有（<1天）；感到高兴（过去一周）：少量（1–2天）；睡眠不安（过去一周）：大多数时候（5–7天）,健康信息：自评健康状况：差；医生诊断慢性病：未报告上述疾病；身体疼痛程度：无；上月平均每天实际睡眠小时数：5小时；是否因健康/残疾不能工作：不能长时间工作；是否因健康/残疾不能做家事：不能长时间；多久接受他人帮助：从不,活动信息：高强度体力活动：否；中等强度体力活动：否；轻度体力活动：是；轻度体力活动目的：锻炼；上月活动：与朋友交往（几乎每天）、打麻将/下棋/打牌/去社区活动室（不规律）、帮助不住一起的家人朋友邻居（不规律）,上网信息：是否使用互联网：是；上网设备：手机；上网用途：看视频；是否用手机支付：是；是否使用微信：是；是否使用微信朋友圈：否,子女信息：子女总数：2个；健在子女数：2个；第1子女：是否工作/上学：工作；婚姻状况：已婚且配偶同住；过去一年同住月数：0个月；见面频率：每月；电话/短信/微信联系频率：每月；第2子女：是否工作/上学：工作；婚姻状况：已婚暂分居；过去一年同住月数：0个月；见面频率：每半年；电话/短信/微信联系频率：每周2–3次,工作信息：是否从事农业/家庭农活：有；是否已办理退休：否；是否在工作：是；过去一年总工作天数：20天,"基础信息：性别：男；年龄：52岁；城乡类型：农村
教育信息：教育程度：初中
婚姻信息：婚姻状况：已婚且配偶同住；过去一年与配偶同住月数：12个月；上半年独自居住天数：0天；上半年仅与配偶同住天数：0天
情绪信息：生活满意度：有点满意；对子女满意度：有点满意；因小事烦恼（过去一周）：几乎没有（<1天）；感到抑郁（过去一周）：少量（1–2天）；对未来抱有希望（过去一周）：少量（1–2天）；感到孤独（过去一周）：几乎没有（<1天）；感到高兴（过去一周）：少量（1–2天）；睡眠不安（过去一周）：大多数时候（5–7天）
健康信息：自评健康状况：差；医生诊断慢性病：未报告上述疾病；身体疼痛程度：无；上月平均每天实际睡眠小时数：5小时；是否因健康/残疾不能工作：不能长时间工作；是否因健康/残疾不能做家事：不能长时间；多久接受他人帮助：从不
活动信息：高强度体力活动：否；中等强度体力活动：否；轻度体力活动：是；轻度体力活动目的：锻炼；上月活动：与朋友交往（几乎每天）、打麻将/下棋/打牌/去社区活动室（不规律）、帮助不住一起的家人朋友邻居（不规律）
上网信息：是否使用互联网：是；上网设备：手机；上网用途：看视频；是否用手机支付：是；是否使用微信：是；是否使用微信朋友圈：否
子女信息：子女总数：2个；健在子女数：2个；第1子女：是否工作/上学：工作；婚姻状况：已婚且配偶同住；过去一年同住月数：0个月；见面频率：每月；电话/短信/微信联系频率：每月；第2子女：是否工作/上学：工作；婚姻状况：已婚暂分居；过去一年同住月数：0个月；见面频率：每半年；电话/短信/微信联系频率：每周2–3次
工作信息：是否从事农业/家庭农活：有；是否已办理退休：否；是否在工作：是；过去一年总工作天数：20天"
466,104004113001,基础信息：性别：女；年龄：53岁；城乡类型：城/镇中心,教育信息：教育程度：高中,婚姻信息：婚姻状况：分居；是否有人以配偶身份同住：否；上半年独自居住天数：0天,情绪信息：生活满意度：很满意；对子女满意度：很满意；因小事烦恼（过去一周）：几乎没有（<1天）；感到抑郁（过去一周）：几乎没有（<1天）；感到孤独（过去一周）：几乎没有（<1天）；感到高兴（过去一周）：大多数时候（5–7天）；睡眠不安（过去一周）：几乎没有（<1天）,健康信息：自评健康状况：很好；医生诊断慢性病：未报告上述疾病；身体疼痛程度：无；上月平均每天实际睡眠小时数：7小时；是否因健康/残疾不能工作：没问题；是否因健康/残疾不能做家事：没问题；多久接受他人帮助：从不,活动信息：高强度体力活动：否；中等强度体力活动：是；中等强度体力活动目的：锻炼；轻度体力活动：是；轻度体力活动目的：锻炼；上月活动：与朋友交往（几乎每周）、打麻将/下棋/打牌/去社区活动室（不规律）、帮助不住一起的家人朋友邻居（不规律）、参加运动/社交等俱乐部（几乎每天）,上网信息：是否使用互联网：是；上网设备：台式电脑、手机；上网用途：玩游戏、其他；是否用手机支付：是；是否使用微信：是；是否使用微信朋友圈：是,子女信息：子女总数：2个；健在子女数：2个；第1子女：是否工作/上学：工作；婚姻状况：未婚；过去一年同住月数：12个月；第2子女：是否工作/上学：工作；婚姻状况：已婚且配偶同住；过去一年同住月数：0个月；见面频率：其他；电话/短信/微信联系频率：其他,工作信息：是否从事农业/家庭农活：无；是否已办理退休：是；退休时间：2018年12月；是否在工作：否；过去一年总工作天数：0天；上月是否在找工作：否,"基础信息：性别：女；年龄：53岁；城乡类型：城/镇中心
教育信息：教育程度：高中
婚姻信息：婚姻状况：分居；是否有人以配偶身份同住：否；上半年独自居住天数：0天
情绪信息：生活满意度：很满意；对子女满意度：很满意；因小事烦恼（过去一周）：几乎没有（<1天）；感到抑郁（过去一周）：几乎没有（<1天）；感到孤独（过去一周）：几乎没有（<1天）；感到高兴（过去一周）：大多数时候（5–7天）；睡眠不安（过去一周）：几乎没有（<1天）
健康信息：自评健康状况：很好；医生诊断慢性病：未报告上述疾病；身体疼痛程度：无；上月平均每天实际睡眠小时数：7小时；是否因健康/残疾不能工作：没问题；是否因健康/残疾不能做家事：没问题；多久接受他人帮助：从不
活动信息：高强度体力活动：否；中等强度体力活动：是；中等强度体力活动目的：锻炼；轻度体力活动：是；轻度体力活动目的：锻炼；上月活动：与朋友交往（几乎每周）、打麻将/下棋/打牌/去社区活动室（不规律）、帮助不住一起的家人朋友邻居（不规律）、参加运动/社交等俱乐部（几乎每天）
上网信息：是否使用互联网：是；上网设备：台式电脑、手机；上网用途：玩游戏、其他；是否用手机支付：是；是否使用微信：是；是否使用微信朋友圈：是
子女信息：子女总数：2个；健在子女数：2个；第1子女：是否工作/上学：工作；婚姻状况：未婚；过去一年同住月数：12个月；第2子女：是否工作/上学：工作；婚姻状况：已婚且配偶同住；过去一年同住月数：0个月；见面频率：其他；电话/短信/微信联系频率：其他
工作信息：是否从事农业/家庭农活：无；是否已办理退休：是；退休时间：2018年12月；是否在工作：否；过去一年总工作天数：0天；上月是否在找工作：否"
467,207406141002,基础信息：性别：女；年龄：49岁；城乡类型：农村,教育信息：教育程度：小学,婚姻信息：婚姻状况：已婚且配偶同住；过去一年与配偶同住月数：12个月；上半年独自居住天数：30天；上半年仅与配偶同住天数：150天；上半年因不与别人同住而受影响程度：0,情绪信息：生活满意度：有点满意；对子女满意度：有点满意；因小事烦恼（过去一周）：有时/中等（3–4天）；感到抑郁（过去一周）：有时/中等（3–4天）；对未来抱有希望（过去一周）：大多数时候（5–7天）；感到孤独（过去一周）：几乎没有（<1天）；感到高兴（过去一周）：有时/中等（3–4天）；睡眠不安（过去一周）：有时/中等（3–4天）,健康信息：自评健康状况：差；医生诊断慢性病：心脏病、胃部或其他消化系统疾病；身体疼痛程度：有些；上月平均每天实际睡眠小时数：7小时；是否因健康/残疾不能工作：完全不能工作；多久接受他人帮助：从不,活动信息：高强度体力活动：是；高强度体力活动目的：工作需要；中等强度体力活动：是；中等强度体力活动目的：其他；轻度体力活动：是；轻度体力活动目的：娱乐；上月活动：与朋友交往（几乎每天）、帮助不住一起的家人朋友邻居（不规律）、参加运动/社交等俱乐部（不规律）,上网信息：是否使用互联网：是；上网设备：手机；上网用途：聊天、看视频；是否用手机支付：是；是否使用微信：是；是否使用微信朋友圈：是,子女信息：子女总数：1个；健在子女数：1个；第1子女：是否工作/上学：工作；婚姻状况：未婚；过去一年同住月数：1个月；见面频率：每年；电话/短信/微信联系频率：每两周,工作信息：是否从事农业/家庭农活：有；是否已办理退休：否；是否在工作：是；过去一年总工作天数：96天,"基础信息：性别：女；年龄：49岁；城乡类型：农村
教育信息：教育程度：小学
婚姻信息：婚姻状况：已婚且配偶同住；过去一年与配偶同住月数：12个月；上半年独自居住天数：30天；上半年仅与配偶同住天数：150天；上半年因不与别人同住而受影响程度：0
情绪信息：生活满意度：有点满意；对子女满意度：有点满意；因小事烦恼（过去一周）：有时/中等（3–4天）；感到抑郁（过去一周）：有时/中等（3–4天）；对未来抱有希望（过去一周）：大多数时候（5–7天）；感到孤独（过去一周）：几乎没有（<1天）；感到高兴（过去一周）：有时/中等（3–4天）；睡眠不安（过去一周）：有时/中等（3–4天）
健康信息：自评健康状况：差；医生诊断慢性病：心脏病、胃部或其他消化系统疾病；身体疼痛程度：有些；上月平均每天实际睡眠小时数：7小时；是否因健康/残疾不能工作：完全不能工作；多久接受他人帮助：从不
活动信息：高强度体力活动：是；高强度体力活动目的：工作需要；中等强度体力活动：是；中等强度体力活动目的：其他；轻度体力活动：是；轻度体力活动目的：娱乐；上月活动：与朋友交往（几乎每天）、帮助不住一起的家人朋友邻居（不规律）、参加运动/社交等俱乐部（不规律）
上网信息：是否使用互联网：是；上网设备：手机；上网用途：聊天、看视频；是否用手机支付：是；是否使用微信：是；是否使用微信朋友圈：是
子女信息：子女总数：1个；健在子女数：1个；第1子女：是否工作/上学：工作；婚姻状况：未婚；过去一年同住月数：1个月；见面频率：每年；电话/短信/微信联系频率：每两周
工作信息：是否从事农业/家庭农活：有；是否已办理退休：否；是否在工作：是；过去一年总工作天数：96天"
468,151156320001,基础信息：性别：女；年龄：68岁；城乡类型：城/镇中心,教育信息：教育程度：未读完小学,婚姻信息：婚姻状况：已婚且配偶同住；过去一年与配偶同住月数：12个月；上半年独自居住天数：0天；上半年仅与配偶同住天数：182天；上半年因不与别人同住而受影响程度：0,情绪信息：生活满意度：有点满意；对子女满意度：有点满意；因小事烦恼（过去一周）：有时/中等（3–4天）；感到抑郁（过去一周）：有时/中等（3–4天）；对未来抱有希望（过去一周）：大多数时候（5–7天）；感到孤独（过去一周）：几乎没有（<1天）；感到高兴（过去一周）：有时/中等（3–4天）；睡眠不安（过去一周）：几乎没有（<1天）,健康信息：自评健康状况：一般；医生诊断慢性病：记忆相关疾病；身体疼痛程度：一点；上月平均每天实际睡眠小时数：9小时；是否因健康/残疾不能工作：没问题；是否因健康/残疾不能做家事：没问题；多久接受他人帮助：从不,活动信息：高强度体力活动：否；中等强度体力活动：否；轻度体力活动：是；轻度体力活动目的：锻炼；上月活动：以上都没有,上网信息：是否使用互联网：否,子女信息：子女总数：1个；健在子女数：1个；第2子女：是否工作/上学：工作；婚姻状况：已婚且配偶同住；过去一年同住月数：0个月；见面频率：每两周；电话/短信/微信联系频率：每两周,工作信息：是否从事农业/家庭农活：无；是否已办理退休：否；是否在工作：否；过去一年总工作天数：0天；上月是否在找工作：否,"基础信息：性别：女；年龄：68岁；城乡类型：城/镇中心
教育信息：教育程度：未读完小学
婚姻信息：婚姻状况：已婚且配偶同住；过去一年与配偶同住月数：12个月；上半年独自居住天数：0天；上半年仅与配偶同住天数：182天；上半年因不与别人同住而受影响程度：0
情绪信息：生活满意度：有点满意；对子女满意度：有点满意；因小事烦恼（过去一周）：有时/中等（3–4天）；感到抑郁（过去一周）：有时/中等（3–4天）；对未来抱有希望（过去一周）：大多数时候（5–7天）；感到孤独（过去一周）：几乎没有（<1天）；感到高兴（过去一周）：有时/中等（3–4天）；睡眠不安（过去一周）：几乎没有（<1天）
健康信息：自评健康状况：一般；医生诊断慢性病：记忆相关疾病；身体疼痛程度：一点；上月平均每天实际睡眠小时数：9小时；是否因健康/残疾不能工作：没问题；是否因健康/残疾不能做家事：没问题；多久接受他人帮助：从不
活动信息：高强度体力活动：否；中等强度体力活动：否；轻度体力活动：是；轻度体力活动目的：锻炼；上月活动：以上都没有
上网信息：是否使用互联网：否
子女信息：子女总数：1个；健在子女数：1个；第2子女：是否工作/上学：工作；婚姻状况：已婚且配偶同住；过去一年同住月数：0个月；见面频率：每两周；电话/短信/微信联系频率：每两周
工作信息：是否从事农业/家庭农活：无；是否已办理退休：否；是否在工作：否；过去一年总工作天数：0天；上月是否在找工作：否"
469,194037348002,基础信息：性别：女；年龄：50岁；现居住地地址类型：家庭住房；城乡类型：城乡结合部/镇乡,教育信息：教育程度：小学,婚姻信息：婚姻状况：已婚且配偶同住；过去一年与配偶同住月数：12个月；上半年独自居住天数：0天；上半年仅与配偶同住天数：15天；上半年因不与别人同住而受影响程度：0,情绪信息：生活满意度：有点满意；对子女满意度：很满意；因小事烦恼（过去一周）：少量（1–2天）；感到抑郁（过去一周）：几乎没有（<1天）；对未来抱有希望（过去一周）：少量（1–2天）；感到孤独（过去一周）：几乎没有（<1天）；睡眠不安（过去一周）：几乎没有（<1天）,健康信息：自评健康状况：很好；医生诊断慢性病：未报告上述疾病；身体疼痛程度：无；上月平均每天实际睡眠小时数：7.5小时；是否因健康/残疾不能工作：没问题；是否因健康/残疾不能做家事：没问题；多久接受他人帮助：从不,活动信息：高强度体力活动：否；中等强度体力活动：是；中等强度体力活动目的：其他；轻度体力活动：是；轻度体力活动目的：锻炼；上月活动：以上都没有,上网信息：是否使用互联网：否,子女信息：子女总数：1个；健在子女数：1个；第1子女：是否工作/上学：都不；婚姻状况：已婚暂分居；过去一年同住月数：12个月,工作信息：是否从事农业/家庭农活：无；是否已办理退休：是；退休时间：2019年11月；是否在工作：是；过去一年总工作天数：255天,"基础信息：性别：女；年龄：50岁；现居住地地址类型：家庭住房；城乡类型：城乡结合部/镇乡
教育信息：教育程度：小学
婚姻信息：婚姻状况：已婚且配偶同住；过去一年与配偶同住月数：12个月；上半年独自居住天数：0天；上半年仅与配偶同住天数：15天；上半年因不与别人同住而受影响程度：0
情绪信息：生活满意度：有点满意；对子女满意度：很满意；因小事烦恼（过去一周）：少量（1–2天）；感到抑郁（过去一周）：几乎没有（<1天）；对未来抱有希望（过去一周）：少量（1–2天）；感到孤独（过去一周）：几乎没有（<1天）；睡眠不安（过去一周）：几乎没有（<1天）
健康信息：自评健康状况：很好；医生诊断慢性病：未报告上述疾病；身体疼痛程度：无；上月平均每天实际睡眠小时数：7.5小时；是否因健康/残疾不能工作：没问题；是否因健康/残疾不能做家事：没问题；多久接受他人帮助：从不
活动信息：高强度体力活动：否；中等强度体力活动：是；中等强度体力活动目的：其他；轻度体力活动：是；轻度体力活动目的：锻炼；上月活动：以上都没有
上网信息：是否使用互联网：否
子女信息：子女总数：1个；健在子女数：1个；第1子女：是否工作/上学：都不；婚姻状况：已婚暂分居；过去一年同住月数：12个月
工作信息：是否从事农业/家庭农活：无；是否已办理退休：是；退休时间：2019年11月；是否在工作：是；过去一年总工作天数：255天"
470,211154235002,基础信息：性别：女；年龄：48岁；城乡类型：农村,教育信息：教育程度：小学,婚姻信息：婚姻状况：已婚且配偶同住；过去一年与配偶同住月数：12个月；上半年独自居住天数：0天；上半年仅与配偶同住天数：0天,情绪信息：生活满意度：有点满意；对子女满意度：很满意；因小事烦恼（过去一周）：几乎没有（<1天）；感到抑郁（过去一周）：几乎没有（<1天）；对未来抱有希望（过去一周）：有时/中等（3–4天）；感到孤独（过去一周）：几乎没有（<1天）；感到高兴（过去一周）：大多数时候（5–7天）；睡眠不安（过去一周）：少量（1–2天）,健康信息：自评健康状况：一般；医生诊断慢性病：高血压、慢性肺部疾病；身体疼痛程度：非常；上月平均每天实际睡眠小时数：4小时；是否因健康/残疾不能工作：不能长时间工作；是否因健康/残疾不能做家事：不能长时间；多久接受他人帮助：从不,活动信息：高强度体力活动：否；中等强度体力活动：是；中等强度体力活动目的：工作需要；轻度体力活动：是；轻度体力活动目的：工作需要；上月活动：参加运动/社交等俱乐部（不规律）,上网信息：是否使用互联网：是；上网设备：手机；上网用途：聊天；是否用手机支付：是；是否使用微信：是；是否使用微信朋友圈：否,子女信息：子女总数：2个；健在子女数：2个；第1子女：是否工作/上学：上学；婚姻状况：未婚；过去一年同住月数：6个月；见面频率：其他；电话/短信/微信联系频率：几乎每天；第2子女：是否工作/上学：上学；过去一年同住月数：12个月,工作信息：是否从事农业/家庭农活：无；是否已办理退休：否；是否在工作：是；过去一年总工作天数：365天,"基础信息：性别：女；年龄：48岁；城乡类型：农村
教育信息：教育程度：小学
婚姻信息：婚姻状况：已婚且配偶同住；过去一年与配偶同住月数：12个月；上半年独自居住天数：0天；上半年仅与配偶同住天数：0天
情绪信息：生活满意度：有点满意；对子女满意度：很满意；因小事烦恼（过去一周）：几乎没有（<1天）；感到抑郁（过去一周）：几乎没有（<1天）；对未来抱有希望（过去一周）：有时/中等（3–4天）；感到孤独（过去一周）：几乎没有（<1天）；感到高兴（过去一周）：大多数时候（5–7天）；睡眠不安（过去一周）：少量（1–2天）
健康信息：自评健康状况：一般；医生诊断慢性病：高血压、慢性肺部疾病；身体疼痛程度：非常；上月平均每天实际睡眠小时数：4小时；是否因健康/残疾不能工作：不能长时间工作；是否因健康/残疾不能做家事：不能长时间；多久接受他人帮助：从不
活动信息：高强度体力活动：否；中等强度体力活动：是；中等强度体力活动目的：工作需要；轻度体力活动：是；轻度体力活动目的：工作需要；上月活动：参加运动/社交等俱乐部（不规律）
上网信息：是否使用互联网：是；上网设备：手机；上网用途：聊天；是否用手机支付：是；是否使用微信：是；是否使用微信朋友圈：否
子女信息：子女总数：2个；健在子女数：2个；第1子女：是否工作/上学：上学；婚姻状况：未婚；过去一年同住月数：6个月；见面频率：其他；电话/短信/微信联系频率：几乎每天；第2子女：是否工作/上学：上学；过去一年同住月数：12个月
工作信息：是否从事农业/家庭农活：无；是否已办理退休：否；是否在工作：是；过去一年总工作天数：365天"
471,265359203001,基础信息：性别：男；年龄：71岁；城乡类型：城/镇中心,教育信息：教育程度：未读完小学,婚姻信息：婚姻状况：丧偶；是否有人以配偶身份同住：否；上半年独自居住天数：180天；上半年因不与别人同住而受影响程度：0,情绪信息：生活满意度：很满意；对子女满意度：很满意；因小事烦恼（过去一周）：几乎没有（<1天）；感到抑郁（过去一周）：几乎没有（<1天）；对未来抱有希望（过去一周）：几乎没有（<1天）；感到孤独（过去一周）：几乎没有（<1天）；感到高兴（过去一周）：大多数时候（5–7天）；睡眠不安（过去一周）：几乎没有（<1天）,健康信息：自评健康状况：很好；医生诊断慢性病：未报告上述疾病；身体疼痛程度：无；上月平均每天实际睡眠小时数：7小时；是否因健康/残疾不能工作：没问题；是否因健康/残疾不能做家事：没问题；多久接受他人帮助：从不,活动信息：高强度体力活动：否；中等强度体力活动：否；轻度体力活动：否；上月活动：以上都没有,上网信息：是否使用互联网：否,子女信息：子女总数：3个；健在子女数：3个；第1子女：是否工作/上学：工作；婚姻状况：已婚且配偶同住；过去一年同住月数：0个月；见面频率：几乎每天；第2子女：是否工作/上学：工作；婚姻状况：已婚且配偶同住；过去一年同住月数：0个月；见面频率：几乎每天,工作信息：是否从事农业/家庭农活：无；是否已办理退休：否；是否在工作：否；过去一年总工作天数：365天；上月是否在找工作：否,"基础信息：性别：男；年龄：71岁；城乡类型：城/镇中心
教育信息：教育程度：未读完小学
婚姻信息：婚姻状况：丧偶；是否有人以配偶身份同住：否；上半年独自居住天数：180天；上半年因不与别人同住而受影响程度：0
情绪信息：生活满意度：很满意；对子女满意度：很满意；因小事烦恼（过去一周）：几乎没有（<1天）；感到抑郁（过去一周）：几乎没有（<1天）；对未来抱有希望（过去一周）：几乎没有（<1天）；感到孤独（过去一周）：几乎没有（<1天）；感到高兴（过去一周）：大多数时候（5–7天）；睡眠不安（过去一周）：几乎没有（<1天）
健康信息：自评健康状况：很好；医生诊断慢性病：未报告上述疾病；身体疼痛程度：无；上月平均每天实际睡眠小时数：7小时；是否因健康/残疾不能工作：没问题；是否因健康/残疾不能做家事：没问题；多久接受他人帮助：从不
活动信息：高强度体力活动：否；中等强度体力活动：否；轻度体力活动：否；上月活动：以上都没有
上网信息：是否使用互联网：否
子女信息：子女总数：3个；健在子女数：3个；第1子女：是否工作/上学：工作；婚姻状况：已婚且配偶同住；过去一年同住月数：0个月；见面频率：几乎每天；第2子女：是否工作/上学：工作；婚姻状况：已婚且配偶同住；过去一年同住月数：0个月；见面频率：几乎每天
工作信息：是否从事农业/家庭农活：无；是否已办理退休：否；是否在工作：否；过去一年总工作天数：365天；上月是否在找工作：否"
472,14051319001,基础信息：性别：女；年龄：70岁；城乡类型：农村,教育信息：教育程度：小学,婚姻信息：婚姻状况：已婚且配偶同住；过去一年与配偶同住月数：12个月；上半年独自居住天数：0天；上半年仅与配偶同住天数：180天；上半年因不与别人同住而受影响程度：0,情绪信息：生活满意度：很满意；对子女满意度：有点满意；因小事烦恼（过去一周）：大多数时候（5–7天）；感到抑郁（过去一周）：大多数时候（5–7天）；对未来抱有希望（过去一周）：大多数时候（5–7天）；感到孤独（过去一周）：几乎没有（<1天）；感到高兴（过去一周）：少量（1–2天）；睡眠不安（过去一周）：有时/中等（3–4天）,健康信息：自评健康状况：好；医生诊断慢性病：记忆相关疾病；身体疼痛程度：无；上月平均每天实际睡眠小时数：12小时；是否因健康/残疾不能工作：没问题；是否因健康/残疾不能做家事：没问题；多久接受他人帮助：从不,活动信息：高强度体力活动：否；中等强度体力活动：是；中等强度体力活动目的：工作需要；轻度体力活动：是；轻度体力活动目的：锻炼；上月活动：参加运动/社交等俱乐部（几乎每周）,上网信息：是否使用互联网：否,子女信息：子女总数：4个；健在子女数：4个；第1子女：是否工作/上学：工作；婚姻状况：已婚且配偶同住；过去一年同住月数：0个月；见面频率：每月；电话/短信/微信联系频率：每周1次；第2子女：是否工作/上学：工作；婚姻状况：已婚且配偶同住；过去一年同住月数：0个月；见面频率：每周1次,工作信息：是否从事农业/家庭农活：有；是否已办理退休：否；是否在工作：是；过去一年总工作天数：20天,"基础信息：性别：女；年龄：70岁；城乡类型：农村
教育信息：教育程度：小学
婚姻信息：婚姻状况：已婚且配偶同住；过去一年与配偶同住月数：12个月；上半年独自居住天数：0天；上半年仅与配偶同住天数：180天；上半年因不与别人同住而受影响程度：0
情绪信息：生活满意度：很满意；对子女满意度：有点满意；因小事烦恼（过去一周）：大多数时候（5–7天）；感到抑郁（过去一周）：大多数时候（5–7天）；对未来抱有希望（过去一周）：大多数时候（5–7天）；感到孤独（过去一周）：几乎没有（<1天）；感到高兴（过去一周）：少量（1–2天）；睡眠不安（过去一周）：有时/中等（3–4天）
健康信息：自评健康状况：好；医生诊断慢性病：记忆相关疾病；身体疼痛程度：无；上月平均每天实际睡眠小时数：12小时；是否因健康/残疾不能工作：没问题；是否因健康/残疾不能做家事：没问题；多久接受他人帮助：从不
活动信息：高强度体力活动：否；中等强度体力活动：是；中等强度体力活动目的：工作需要；轻度体力活动：是；轻度体力活动目的：锻炼；上月活动：参加运动/社交等俱乐部（几乎每周）
上网信息：是否使用互联网：否
子女信息：子女总数：4个；健在子女数：4个；第1子女：是否工作/上学：工作；婚姻状况：已婚且配偶同住；过去一年同住月数：0个月；见面频率：每月；电话/短信/微信联系频率：每周1次；第2子女：是否工作/上学：工作；婚姻状况：已婚且配偶同住；过去一年同住月数：0个月；见面频率：每周1次
工作信息：是否从事农业/家庭农活：有；是否已办理退休：否；是否在工作：是；过去一年总工作天数：20天"
473,31106119002,基础信息：性别：女；年龄：63岁；城乡类型：农村,教育信息：教育程度：未受教育,婚姻信息：婚姻状况：丧偶；是否有人以配偶身份同住：否；上半年独自居住天数：0天,情绪信息：生活满意度：很满意；对子女满意度：很满意；因小事烦恼（过去一周）：几乎没有（<1天）；感到抑郁（过去一周）：几乎没有（<1天）；对未来抱有希望（过去一周）：有时/中等（3–4天）；感到孤独（过去一周）：几乎没有（<1天）；感到高兴（过去一周）：大多数时候（5–7天）；睡眠不安（过去一周）：几乎没有（<1天）,健康信息：自评健康状况：好；医生诊断慢性病：未报告上述疾病；身体疼痛程度：无；上月平均每天实际睡眠小时数：8小时；是否因健康/残疾不能工作：没问题；是否因健康/残疾不能做家事：没问题；多久接受他人帮助：从不,活动信息：高强度体力活动：否；中等强度体力活动：是；中等强度体力活动目的：锻炼；轻度体力活动：是；轻度体力活动目的：锻炼；上月活动：与朋友交往（几乎每天）,上网信息：是否使用互联网：是；上网设备：手机；上网用途：聊天、看视频；是否用手机支付：是；是否使用微信：是；是否使用微信朋友圈：是,子女信息：子女总数：2个；健在子女数：2个；第1子女：是否工作/上学：工作；婚姻状况：已婚且配偶同住；过去一年同住月数：12个月；第2子女：是否工作/上学：工作；婚姻状况：已婚且配偶同住；过去一年同住月数：1个月；见面频率：每月；电话/短信/微信联系频率：几乎每天,工作信息：是否从事农业/家庭农活：无；是否已办理退休：否；是否在工作：否；过去一年总工作天数：0天；上月是否在找工作：否,"基础信息：性别：女；年龄：63岁；城乡类型：农村
教育信息：教育程度：未受教育
婚姻信息：婚姻状况：丧偶；是否有人以配偶身份同住：否；上半年独自居住天数：0天
情绪信息：生活满意度：很满意；对子女满意度：很满意；因小事烦恼（过去一周）：几乎没有（<1天）；感到抑郁（过去一周）：几乎没有（<1天）；对未来抱有希望（过去一周）：有时/中等（3–4天）；感到孤独（过去一周）：几乎没有（<1天）；感到高兴（过去一周）：大多数时候（5–7天）；睡眠不安（过去一周）：几乎没有（<1天）
健康信息：自评健康状况：好；医生诊断慢性病：未报告上述疾病；身体疼痛程度：无；上月平均每天实际睡眠小时数：8小时；是否因健康/残疾不能工作：没问题；是否因健康/残疾不能做家事：没问题；多久接受他人帮助：从不
活动信息：高强度体力活动：否；中等强度体力活动：是；中等强度体力活动目的：锻炼；轻度体力活动：是；轻度体力活动目的：锻炼；上月活动：与朋友交往（几乎每天）
上网信息：是否使用互联网：是；上网设备：手机；上网用途：聊天、看视频；是否用手机支付：是；是否使用微信：是；是否使用微信朋友圈：是
子女信息：子女总数：2个；健在子女数：2个；第1子女：是否工作/上学：工作；婚姻状况：已婚且配偶同住；过去一年同住月数：12个月；第2子女：是否工作/上学：工作；婚姻状况：已婚且配偶同住；过去一年同住月数：1个月；见面频率：每月；电话/短信/微信联系频率：几乎每天
工作信息：是否从事农业/家庭农活：无；是否已办理退休：否；是否在工作：否；过去一年总工作天数：0天；上月是否在找工作：否"
474,211176113002,基础信息：性别：男；年龄：64岁；城乡类型：农村,教育信息：教育程度：未读完小学,婚姻信息：婚姻状况：已婚且配偶同住；过去一年与配偶同住月数：12个月；上半年独自居住天数：0天；上半年仅与配偶同住天数：180天；上半年因不与别人同住而受影响程度：0,情绪信息：生活满意度：有点满意；对子女满意度：很满意；因小事烦恼（过去一周）：少量（1–2天）；感到抑郁（过去一周）：少量（1–2天）；对未来抱有希望（过去一周）：几乎没有（<1天）；感到孤独（过去一周）：有时/中等（3–4天）；感到高兴（过去一周）：少量（1–2天）；睡眠不安（过去一周）：几乎没有（<1天）,健康信息：自评健康状况：差；医生诊断慢性病：未报告上述疾病；身体疼痛程度：一点；上月平均每天实际睡眠小时数：4小时；是否因健康/残疾不能工作：不能长时间工作；是否因健康/残疾不能做家事：没问题；多久接受他人帮助：从不,活动信息：高强度体力活动：否；中等强度体力活动：否；轻度体力活动：是；轻度体力活动目的：其他；上月活动：与朋友交往（不规律）、打麻将/下棋/打牌/去社区活动室（不规律）,上网信息：是否使用互联网：否,子女信息：子女总数：2个；健在子女数：2个；第1子女：是否工作/上学：工作；婚姻状况：已婚且配偶同住；过去一年同住月数：0个月；见面频率：每三月；电话/短信/微信联系频率：每两周；第2子女：是否工作/上学：工作；婚姻状况：已婚且配偶同住；过去一年同住月数：0个月；见面频率：每三月；电话/短信/微信联系频率：每周1次,工作信息：是否从事农业/家庭农活：有；是否已办理退休：否；是否在工作：是；过去一年总工作天数：60天,"基础信息：性别：男；年龄：64岁；城乡类型：农村
教育信息：教育程度：未读完小学
婚姻信息：婚姻状况：已婚且配偶同住；过去一年与配偶同住月数：12个月；上半年独自居住天数：0天；上半年仅与配偶同住天数：180天；上半年因不与别人同住而受影响程度：0
情绪信息：生活满意度：有点满意；对子女满意度：很满意；因小事烦恼（过去一周）：少量（1–2天）；感到抑郁（过去一周）：少量（1–2天）；对未来抱有希望（过去一周）：几乎没有（<1天）；感到孤独（过去一周）：有时/中等（3–4天）；感到高兴（过去一周）：少量（1–2天）；睡眠不安（过去一周）：几乎没有（<1天）
健康信息：自评健康状况：差；医生诊断慢性病：未报告上述疾病；身体疼痛程度：一点；上月平均每天实际睡眠小时数：4小时；是否因健康/残疾不能工作：不能长时间工作；是否因健康/残疾不能做家事：没问题；多久接受他人帮助：从不
活动信息：高强度体力活动：否；中等强度体力活动：否；轻度体力活动：是；轻度体力活动目的：其他；上月活动：与朋友交往（不规律）、打麻将/下棋/打牌/去社区活动室（不规律）
上网信息：是否使用互联网：否
子女信息：子女总数：2个；健在子女数：2个；第1子女：是否工作/上学：工作；婚姻状况：已婚且配偶同住；过去一年同住月数：0个月；见面频率：每三月；电话/短信/微信联系频率：每两周；第2子女：是否工作/上学：工作；婚姻状况：已婚且配偶同住；过去一年同住月数：0个月；见面频率：每三月；电话/短信/微信联系频率：每周1次
工作信息：是否从事农业/家庭农活：有；是否已办理退休：否；是否在工作：是；过去一年总工作天数：60天"
475,204906109002,基础信息：性别：男；年龄：62岁；现居住地地址类型：家庭住房；城乡类型：城/镇中心,教育信息：教育程度：初中,婚姻信息：婚姻状况：分居；是否有人以配偶身份同住：是；过去一年与配偶同住月数：3个月；上半年独自居住天数：80天；上半年仅与配偶同住天数：100天；上半年因不与别人同住而受影响程度：100,情绪信息：生活满意度：有点满意；对子女满意度：非常满意；因小事烦恼（过去一周）：有时/中等（3–4天）；感到抑郁（过去一周）：少量（1–2天）；对未来抱有希望（过去一周）：有时/中等（3–4天）；感到孤独（过去一周）：大多数时候（5–7天）；感到高兴（过去一周）：大多数时候（5–7天）；睡眠不安（过去一周）：大多数时候（5–7天）,健康信息：自评健康状况：差；医生诊断慢性病：血脂异常、白内障或其他视力问题；身体疼痛程度：一点；上月平均每天实际睡眠小时数：3小时；是否因健康/残疾不能工作：没问题；是否因健康/残疾不能做家事：没问题；多久接受他人帮助：从不,活动信息：高强度体力活动：否；中等强度体力活动：否；轻度体力活动：是；轻度体力活动目的：锻炼；上月活动：以上都没有,上网信息：是否使用互联网：是；上网设备：手机；上网用途：聊天、看新闻、看视频；是否用手机支付：是；是否使用微信：是；是否使用微信朋友圈：是,子女信息：子女总数：4个；健在子女数：4个；第1子女：是否工作/上学：都不；婚姻状况：已婚且配偶同住；过去一年同住月数：2个月；见面频率：每三月；电话/短信/微信联系频率：每月；第2子女：是否工作/上学：工作；婚姻状况：已婚且配偶同住；过去一年同住月数：0个月；见面频率：每两周；电话/短信/微信联系频率：每周2–3次,工作信息：是否从事农业/家庭农活：无；是否已办理退休：否；是否在工作：是；过去一年总工作天数：240天,"基础信息：性别：男；年龄：62岁；现居住地地址类型：家庭住房；城乡类型：城/镇中心
教育信息：教育程度：初中
婚姻信息：婚姻状况：分居；是否有人以配偶身份同住：是；过去一年与配偶同住月数：3个月；上半年独自居住天数：80天；上半年仅与配偶同住天数：100天；上半年因不与别人同住而受影响程度：100
情绪信息：生活满意度：有点满意；对子女满意度：非常满意；因小事烦恼（过去一周）：有时/中等（3–4天）；感到抑郁（过去一周）：少量（1–2天）；对未来抱有希望（过去一周）：有时/中等（3–4天）；感到孤独（过去一周）：大多数时候（5–7天）；感到高兴（过去一周）：大多数时候（5–7天）；睡眠不安（过去一周）：大多数时候（5–7天）
健康信息：自评健康状况：差；医生诊断慢性病：血脂异常、白内障或其他视力问题；身体疼痛程度：一点；上月平均每天实际睡眠小时数：3小时；是否因健康/残疾不能工作：没问题；是否因健康/残疾不能做家事：没问题；多久接受他人帮助：从不
活动信息：高强度体力活动：否；中等强度体力活动：否；轻度体力活动：是；轻度体力活动目的：锻炼；上月活动：以上都没有
上网信息：是否使用互联网：是；上网设备：手机；上网用途：聊天、看新闻、看视频；是否用手机支付：是；是否使用微信：是；是否使用微信朋友圈：是
子女信息：子女总数：4个；健在子女数：4个；第1子女：是否工作/上学：都不；婚姻状况：已婚且配偶同住；过去一年同住月数：2个月；见面频率：每三月；电话/短信/微信联系频率：每月；第2子女：是否工作/上学：工作；婚姻状况：已婚且配偶同住；过去一年同住月数：0个月；见面频率：每两周；电话/短信/微信联系频率：每周2–3次
工作信息：是否从事农业/家庭农活：无；是否已办理退休：否；是否在工作：是；过去一年总工作天数：240天"
476,211176317003,基础信息：性别：女；年龄：59岁；城乡类型：城/镇中心,教育信息：教育程度：高中,婚姻信息：婚姻状况：已婚且配偶同住；过去一年与配偶同住月数：12个月；上半年独自居住天数：0天；上半年仅与配偶同住天数：180天；上半年因不与别人同住而受影响程度：0,情绪信息：生活满意度：非常满意；因小事烦恼（过去一周）：少量（1–2天）；感到抑郁（过去一周）：少量（1–2天）；对未来抱有希望（过去一周）：大多数时候（5–7天）；感到孤独（过去一周）：几乎没有（<1天）；感到高兴（过去一周）：大多数时候（5–7天）；睡眠不安（过去一周）：几乎没有（<1天）,健康信息：自评健康状况：很好；医生诊断慢性病：血脂异常；身体疼痛程度：无；上月平均每天实际睡眠小时数：7小时；是否因健康/残疾不能工作：没问题；是否因健康/残疾不能做家事：没问题；多久接受他人帮助：从不,活动信息：高强度体力活动：否；中等强度体力活动：否；轻度体力活动：是；轻度体力活动目的：锻炼；上月活动：参加运动/社交等俱乐部（几乎每天）,上网信息：是否使用互联网：是；上网设备：手机；上网用途：聊天、看新闻、看视频；是否用手机支付：是；是否使用微信：是；是否使用微信朋友圈：是,子女信息：子女总数：2个；健在子女数：2个；第1子女：是否工作/上学：工作；婚姻状况：已婚且配偶同住；过去一年同住月数：0个月；见面频率：每年；电话/短信/微信联系频率：每周2–3次；第2子女：是否工作/上学：工作；婚姻状况：已婚且配偶同住；过去一年同住月数：0个月；见面频率：每年；电话/短信/微信联系频率：每月,工作信息：是否从事农业/家庭农活：无；是否已办理退休：否；是否在工作：否；过去一年总工作天数：0天；上月是否在找工作：否,"基础信息：性别：女；年龄：59岁；城乡类型：城/镇中心
教育信息：教育程度：高中
婚姻信息：婚姻状况：已婚且配偶同住；过去一年与配偶同住月数：12个月；上半年独自居住天数：0天；上半年仅与配偶同住天数：180天；上半年因不与别人同住而受影响程度：0
情绪信息：生活满意度：非常满意；因小事烦恼（过去一周）：少量（1–2天）；感到抑郁（过去一周）：少量（1–2天）；对未来抱有希望（过去一周）：大多数时候（5–7天）；感到孤独（过去一周）：几乎没有（<1天）；感到高兴（过去一周）：大多数时候（5–7天）；睡眠不安（过去一周）：几乎没有（<1天）
健康信息：自评健康状况：很好；医生诊断慢性病：血脂异常；身体疼痛程度：无；上月平均每天实际睡眠小时数：7小时；是否因健康/残疾不能工作：没问题；是否因健康/残疾不能做家事：没问题；多久接受他人帮助：从不
活动信息：高强度体力活动：否；中等强度体力活动：否；轻度体力活动：是；轻度体力活动目的：锻炼；上月活动：参加运动/社交等俱乐部（几乎每天）
上网信息：是否使用互联网：是；上网设备：手机；上网用途：聊天、看新闻、看视频；是否用手机支付：是；是否使用微信：是；是否使用微信朋友圈：是
子女信息：子女总数：2个；健在子女数：2个；第1子女：是否工作/上学：工作；婚姻状况：已婚且配偶同住；过去一年同住月数：0个月；见面频率：每年；电话/短信/微信联系频率：每周2–3次；第2子女：是否工作/上学：工作；婚姻状况：已婚且配偶同住；过去一年同住月数：0个月；见面频率：每年；电话/短信/微信联系频率：每月
工作信息：是否从事农业/家庭农活：无；是否已办理退休：否；是否在工作：否；过去一年总工作天数：0天；上月是否在找工作：否"
477,166006308001,基础信息：性别：女；年龄：67岁；城乡类型：农村,教育信息：教育程度：未受教育,婚姻信息：婚姻状况：已婚且配偶同住；过去一年与配偶同住月数：12个月；上半年独自居住天数：0天；上半年仅与配偶同住天数：150天；上半年因不与别人同住而受影响程度：100,情绪信息：生活满意度：不太满意；对子女满意度：不太满意；因小事烦恼（过去一周）：大多数时候（5–7天）；感到抑郁（过去一周）：少量（1–2天）；对未来抱有希望（过去一周）：几乎没有（<1天）；感到孤独（过去一周）：少量（1–2天）；感到高兴（过去一周）：几乎没有（<1天）；睡眠不安（过去一周）：大多数时候（5–7天）,健康信息：自评健康状况：很差；医生诊断慢性病：胃部或其他消化系统疾病；身体疼痛程度：非常；上月平均每天实际睡眠小时数：2小时；是否因健康/残疾不能工作：不能长时间工作；是否因健康/残疾不能做家事：完全不能；多久接受他人帮助：偶尔,活动信息：高强度体力活动：否；中等强度体力活动：是；中等强度体力活动目的：工作需要；轻度体力活动：否；上月活动：以上都没有,上网信息：是否使用互联网：否,子女信息：子女总数：2个；健在子女数：2个；第2子女：是否工作/上学：工作；婚姻状况：离婚；过去一年同住月数：2个月；见面频率：每年；电话/短信/微信联系频率：每周1次,工作信息：是否从事农业/家庭农活：无；是否已办理退休：否；是否在工作：否；过去一年总工作天数：0天；上月是否在找工作：否,"基础信息：性别：女；年龄：67岁；城乡类型：农村
教育信息：教育程度：未受教育
婚姻信息：婚姻状况：已婚且配偶同住；过去一年与配偶同住月数：12个月；上半年独自居住天数：0天；上半年仅与配偶同住天数：150天；上半年因不与别人同住而受影响程度：100
情绪信息：生活满意度：不太满意；对子女满意度：不太满意；因小事烦恼（过去一周）：大多数时候（5–7天）；感到抑郁（过去一周）：少量（1–2天）；对未来抱有希望（过去一周）：几乎没有（<1天）；感到孤独（过去一周）：少量（1–2天）；感到高兴（过去一周）：几乎没有（<1天）；睡眠不安（过去一周）：大多数时候（5–7天）
健康信息：自评健康状况：很差；医生诊断慢性病：胃部或其他消化系统疾病；身体疼痛程度：非常；上月平均每天实际睡眠小时数：2小时；是否因健康/残疾不能工作：不能长时间工作；是否因健康/残疾不能做家事：完全不能；多久接受他人帮助：偶尔
活动信息：高强度体力活动：否；中等强度体力活动：是；中等强度体力活动目的：工作需要；轻度体力活动：否；上月活动：以上都没有
上网信息：是否使用互联网：否
子女信息：子女总数：2个；健在子女数：2个；第2子女：是否工作/上学：工作；婚姻状况：离婚；过去一年同住月数：2个月；见面频率：每年；电话/短信/微信联系频率：每周1次
工作信息：是否从事农业/家庭农活：无；是否已办理退休：否；是否在工作：否；过去一年总工作天数：0天；上月是否在找工作：否"
478,104004102002,基础信息：性别：女；年龄：80岁；城乡类型：城/镇中心,教育信息：教育程度：小学,婚姻信息：婚姻状况：丧偶；是否有人以配偶身份同住：否；上半年独自居住天数：180天；上半年因不与别人同住而受影响程度：0,情绪信息：生活满意度：有点满意；对子女满意度：很满意；因小事烦恼（过去一周）：大多数时候（5–7天）；感到抑郁（过去一周）：大多数时候（5–7天）；对未来抱有希望（过去一周）：大多数时候（5–7天）；感到孤独（过去一周）：大多数时候（5–7天）；感到高兴（过去一周）：大多数时候（5–7天）；睡眠不安（过去一周）：大多数时候（5–7天）,健康信息：自评健康状况：一般；医生诊断慢性病：未报告上述疾病；身体疼痛程度：相当；上月平均每天实际睡眠小时数：6小时；是否因健康/残疾不能工作：没问题；是否因健康/残疾不能做家事：不能长时间；多久接受他人帮助：从不,活动信息：高强度体力活动：否；中等强度体力活动：是；中等强度体力活动目的：锻炼；轻度体力活动：是；轻度体力活动目的：锻炼；上月活动：与朋友交往（不规律）、打麻将/下棋/打牌/去社区活动室（几乎每天）,上网信息：是否使用互联网：否,子女信息：子女总数：3个；健在子女数：3个；第1子女：是否工作/上学：工作；婚姻状况：已婚且配偶同住；过去一年同住月数：0个月；见面频率：每周1次；第2子女：是否工作/上学：都不；婚姻状况：已婚且配偶同住；过去一年同住月数：0个月；见面频率：每两周；电话/短信/微信联系频率：每周1次,工作信息：是否从事农业/家庭农活：无；是否在工作：否；过去一年总工作天数：0天；上月是否在找工作：否,"基础信息：性别：女；年龄：80岁；城乡类型：城/镇中心
教育信息：教育程度：小学
婚姻信息：婚姻状况：丧偶；是否有人以配偶身份同住：否；上半年独自居住天数：180天；上半年因不与别人同住而受影响程度：0
情绪信息：生活满意度：有点满意；对子女满意度：很满意；因小事烦恼（过去一周）：大多数时候（5–7天）；感到抑郁（过去一周）：大多数时候（5–7天）；对未来抱有希望（过去一周）：大多数时候（5–7天）；感到孤独（过去一周）：大多数时候（5–7天）；感到高兴（过去一周）：大多数时候（5–7天）；睡眠不安（过去一周）：大多数时候（5–7天）
健康信息：自评健康状况：一般；医生诊断慢性病：未报告上述疾病；身体疼痛程度：相当；上月平均每天实际睡眠小时数：6小时；是否因健康/残疾不能工作：没问题；是否因健康/残疾不能做家事：不能长时间；多久接受他人帮助：从不
活动信息：高强度体力活动：否；中等强度体力活动：是；中等强度体力活动目的：锻炼；轻度体力活动：是；轻度体力活动目的：锻炼；上月活动：与朋友交往（不规律）、打麻将/下棋/打牌/去社区活动室（几乎每天）
上网信息：是否使用互联网：否
子女信息：子女总数：3个；健在子女数：3个；第1子女：是否工作/上学：工作；婚姻状况：已婚且配偶同住；过去一年同住月数：0个月；见面频率：每周1次；第2子女：是否工作/上学：都不；婚姻状况：已婚且配偶同住；过去一年同住月数：0个月；见面频率：每两周；电话/短信/微信联系频率：每周1次
工作信息：是否从事农业/家庭农活：无；是否在工作：否；过去一年总工作天数：0天；上月是否在找工作：否"
479,171159206001,基础信息：性别：男；年龄：72岁；城乡类型：农村,教育信息：教育程度：小学,婚姻信息：婚姻状况：已婚且配偶同住；过去一年与配偶同住月数：12个月；上半年独自居住天数：0天；上半年仅与配偶同住天数：180天；上半年因不与别人同住而受影响程度：0,情绪信息：生活满意度：很满意；对子女满意度：非常满意；因小事烦恼（过去一周）：少量（1–2天）；感到抑郁（过去一周）：大多数时候（5–7天）；对未来抱有希望（过去一周）：有时/中等（3–4天）；感到孤独（过去一周）：几乎没有（<1天）；感到高兴（过去一周）：有时/中等（3–4天）；睡眠不安（过去一周）：大多数时候（5–7天）,健康信息：自评健康状况：好；医生诊断慢性病：慢性肺部疾病；身体疼痛程度：有些；上月平均每天实际睡眠小时数：6小时；是否因健康/残疾不能工作：没问题；是否因健康/残疾不能做家事：没问题；多久接受他人帮助：从不,活动信息：高强度体力活动：是；高强度体力活动目的：锻炼；中等强度体力活动：是；中等强度体力活动目的：锻炼；轻度体力活动：是；轻度体力活动目的：锻炼；上月活动：参加社区相关组织（不规律）,上网信息：是否使用互联网：否,子女信息：子女总数：4个；健在子女数：4个；第1子女：是否工作/上学：工作；婚姻状况：已婚且配偶同住；过去一年同住月数：10个月；见面频率：每月；电话/短信/微信联系频率：几乎每天；第2子女：是否工作/上学：工作；婚姻状况：已婚且配偶同住；过去一年同住月数：0个月；见面频率：每月；电话/短信/微信联系频率：几乎每天,工作信息：是否从事农业/家庭农活：有；是否在工作：是；过去一年总工作天数：75天,"基础信息：性别：男；年龄：72岁；城乡类型：农村
教育信息：教育程度：小学
婚姻信息：婚姻状况：已婚且配偶同住；过去一年与配偶同住月数：12个月；上半年独自居住天数：0天；上半年仅与配偶同住天数：180天；上半年因不与别人同住而受影响程度：0
情绪信息：生活满意度：很满意；对子女满意度：非常满意；因小事烦恼（过去一周）：少量（1–2天）；感到抑郁（过去一周）：大多数时候（5–7天）；对未来抱有希望（过去一周）：有时/中等（3–4天）；感到孤独（过去一周）：几乎没有（<1天）；感到高兴（过去一周）：有时/中等（3–4天）；睡眠不安（过去一周）：大多数时候（5–7天）
健康信息：自评健康状况：好；医生诊断慢性病：慢性肺部疾病；身体疼痛程度：有些；上月平均每天实际睡眠小时数：6小时；是否因健康/残疾不能工作：没问题；是否因健康/残疾不能做家事：没问题；多久接受他人帮助：从不
活动信息：高强度体力活动：是；高强度体力活动目的：锻炼；中等强度体力活动：是；中等强度体力活动目的：锻炼；轻度体力活动：是；轻度体力活动目的：锻炼；上月活动：参加社区相关组织（不规律）
上网信息：是否使用互联网：否
子女信息：子女总数：4个；健在子女数：4个；第1子女：是否工作/上学：工作；婚姻状况：已婚且配偶同住；过去一年同住月数：10个月；见面频率：每月；电话/短信/微信联系频率：几乎每天；第2子女：是否工作/上学：工作；婚姻状况：已婚且配偶同住；过去一年同住月数：0个月；见面频率：每月；电话/短信/微信联系频率：几乎每天
工作信息：是否从事农业/家庭农活：有；是否在工作：是；过去一年总工作天数：75天"
480,105381208001,基础信息：性别：女；年龄：62岁；城乡类型：农村,教育信息：教育程度：未受教育,婚姻信息：婚姻状况：已婚且配偶同住；过去一年与配偶同住月数：12个月；上半年独自居住天数：0天；上半年仅与配偶同住天数：180天；上半年因不与别人同住而受影响程度：0,情绪信息：生活满意度：很满意；对子女满意度：很满意；因小事烦恼（过去一周）：几乎没有（<1天）；感到抑郁（过去一周）：几乎没有（<1天）；对未来抱有希望（过去一周）：几乎没有（<1天）；感到孤独（过去一周）：几乎没有（<1天）；感到高兴（过去一周）：几乎没有（<1天）；睡眠不安（过去一周）：几乎没有（<1天）,健康信息：自评健康状况：很好；医生诊断慢性病：未报告上述疾病；身体疼痛程度：无；上月平均每天实际睡眠小时数：5小时；是否因健康/残疾不能工作：没问题；是否因健康/残疾不能做家事：没问题；多久接受他人帮助：从不,活动信息：高强度体力活动：是；高强度体力活动目的：工作需要；中等强度体力活动：是；中等强度体力活动目的：工作需要；轻度体力活动：是；轻度体力活动目的：工作需要；上月活动：以上都没有,上网信息：是否使用互联网：否,子女信息：子女总数：3个；健在子女数：3个；第1子女：是否工作/上学：工作；婚姻状况：已婚且配偶同住；过去一年同住月数：1个月；见面频率：每月；电话/短信/微信联系频率：几乎每天；第2子女：是否工作/上学：工作；婚姻状况：已婚且配偶同住；过去一年同住月数：0个月；见面频率：每半年；电话/短信/微信联系频率：每周2–3次,工作信息：是否从事农业/家庭农活：有；是否已办理退休：否；是否在工作：是；过去一年总工作天数：240天,"基础信息：性别：女；年龄：62岁；城乡类型：农村
教育信息：教育程度：未受教育
婚姻信息：婚姻状况：已婚且配偶同住；过去一年与配偶同住月数：12个月；上半年独自居住天数：0天；上半年仅与配偶同住天数：180天；上半年因不与别人同住而受影响程度：0
情绪信息：生活满意度：很满意；对子女满意度：很满意；因小事烦恼（过去一周）：几乎没有（<1天）；感到抑郁（过去一周）：几乎没有（<1天）；对未来抱有希望（过去一周）：几乎没有（<1天）；感到孤独（过去一周）：几乎没有（<1天）；感到高兴（过去一周）：几乎没有（<1天）；睡眠不安（过去一周）：几乎没有（<1天）
健康信息：自评健康状况：很好；医生诊断慢性病：未报告上述疾病；身体疼痛程度：无；上月平均每天实际睡眠小时数：5小时；是否因健康/残疾不能工作：没问题；是否因健康/残疾不能做家事：没问题；多久接受他人帮助：从不
活动信息：高强度体力活动：是；高强度体力活动目的：工作需要；中等强度体力活动：是；中等强度体力活动目的：工作需要；轻度体力活动：是；轻度体力活动目的：工作需要；上月活动：以上都没有
上网信息：是否使用互联网：否
子女信息：子女总数：3个；健在子女数：3个；第1子女：是否工作/上学：工作；婚姻状况：已婚且配偶同住；过去一年同住月数：1个月；见面频率：每月；电话/短信/微信联系频率：几乎每天；第2子女：是否工作/上学：工作；婚姻状况：已婚且配偶同住；过去一年同住月数：0个月；见面频率：每半年；电话/短信/微信联系频率：每周2–3次
工作信息：是否从事农业/家庭农活：有；是否已办理退休：否；是否在工作：是；过去一年总工作天数：240天"
481,155676320001,基础信息：性别：女；年龄：66岁；城乡类型：农村,教育信息：教育程度：未受教育,婚姻信息：婚姻状况：丧偶；是否有人以配偶身份同住：否；上半年独自居住天数：0天,情绪信息：生活满意度：有点满意；对子女满意度：有点满意；因小事烦恼（过去一周）：有时/中等（3–4天）；感到抑郁（过去一周）：大多数时候（5–7天）；对未来抱有希望（过去一周）：有时/中等（3–4天）；感到孤独（过去一周）：少量（1–2天）；感到高兴（过去一周）：几乎没有（<1天）；睡眠不安（过去一周）：有时/中等（3–4天）,健康信息：自评健康状况：一般；医生诊断慢性病：未报告上述疾病；身体疼痛程度：一点；上月平均每天实际睡眠小时数：4小时；是否因健康/残疾不能工作：不能长时间工作；是否因健康/残疾不能做家事：不能长时间；多久接受他人帮助：从不,活动信息：高强度体力活动：是；高强度体力活动目的：工作需要；中等强度体力活动：是；中等强度体力活动目的：工作需要；轻度体力活动：是；轻度体力活动目的：工作需要；上月活动：打麻将/下棋/打牌/去社区活动室（几乎每天）,上网信息：是否使用互联网：否,子女信息：子女总数：4个；健在子女数：4个；第2子女：是否工作/上学：工作；婚姻状况：已婚且配偶同住；过去一年同住月数：0个月；见面频率：每年；电话/短信/微信联系频率：每三月,工作信息：是否从事农业/家庭农活：有；是否已办理退休：否；是否在工作：是；过去一年总工作天数：365天,"基础信息：性别：女；年龄：66岁；城乡类型：农村
教育信息：教育程度：未受教育
婚姻信息：婚姻状况：丧偶；是否有人以配偶身份同住：否；上半年独自居住天数：0天
情绪信息：生活满意度：有点满意；对子女满意度：有点满意；因小事烦恼（过去一周）：有时/中等（3–4天）；感到抑郁（过去一周）：大多数时候（5–7天）；对未来抱有希望（过去一周）：有时/中等（3–4天）；感到孤独（过去一周）：少量（1–2天）；感到高兴（过去一周）：几乎没有（<1天）；睡眠不安（过去一周）：有时/中等（3–4天）
健康信息：自评健康状况：一般；医生诊断慢性病：未报告上述疾病；身体疼痛程度：一点；上月平均每天实际睡眠小时数：4小时；是否因健康/残疾不能工作：不能长时间工作；是否因健康/残疾不能做家事：不能长时间；多久接受他人帮助：从不
活动信息：高强度体力活动：是；高强度体力活动目的：工作需要；中等强度体力活动：是；中等强度体力活动目的：工作需要；轻度体力活动：是；轻度体力活动目的：工作需要；上月活动：打麻将/下棋/打牌/去社区活动室（几乎每天）
上网信息：是否使用互联网：否
子女信息：子女总数：4个；健在子女数：4个；第2子女：是否工作/上学：工作；婚姻状况：已婚且配偶同住；过去一年同住月数：0个月；见面频率：每年；电话/短信/微信联系频率：每三月
工作信息：是否从事农业/家庭农活：有；是否已办理退休：否；是否在工作：是；过去一年总工作天数：365天"
482,274951231002,基础信息：性别：男；年龄：55岁；现居住地地址类型：其他；城乡类型：城/镇中心,教育信息：教育程度：高中,婚姻信息：婚姻状况：已婚暂分居；过去一年与配偶同住月数：6个月；上半年独自居住天数：0天；上半年仅与配偶同住天数：0天,情绪信息：生活满意度：有点满意；对子女满意度：有点满意；因小事烦恼（过去一周）：几乎没有（<1天）；感到抑郁（过去一周）：几乎没有（<1天）；对未来抱有希望（过去一周）：几乎没有（<1天）；感到孤独（过去一周）：几乎没有（<1天）；感到高兴（过去一周）：有时/中等（3–4天）；睡眠不安（过去一周）：几乎没有（<1天）,健康信息：自评健康状况：一般；医生诊断慢性病：高血压、血脂异常；身体疼痛程度：无；上月平均每天实际睡眠小时数：6小时；是否因健康/残疾不能工作：没问题；是否因健康/残疾不能做家事：没问题；多久接受他人帮助：从不,活动信息：高强度体力活动：是；高强度体力活动目的：锻炼；中等强度体力活动：是；中等强度体力活动目的：工作需要；轻度体力活动：是；轻度体力活动目的：工作需要；上月活动：以上都没有,上网信息：是否使用互联网：是；上网设备：笔记本、手机；上网用途：看新闻、看视频；是否用手机支付：是；是否使用微信：是；是否使用微信朋友圈：是,子女信息：子女总数：2个；健在子女数：2个；第1子女：是否工作/上学：工作；婚姻状况：已婚且配偶同住；过去一年同住月数：3个月；见面频率：每月；电话/短信/微信联系频率：几乎每天；第2子女：是否工作/上学：工作；婚姻状况：已婚暂分居；过去一年同住月数：10个月；见面频率：每两周；电话/短信/微信联系频率：几乎每天,工作信息：是否从事农业/家庭农活：无；是否已办理退休：否；是否在工作：是；过去一年总工作天数：275天,"基础信息：性别：男；年龄：55岁；现居住地地址类型：其他；城乡类型：城/镇中心
教育信息：教育程度：高中
婚姻信息：婚姻状况：已婚暂分居；过去一年与配偶同住月数：6个月；上半年独自居住天数：0天；上半年仅与配偶同住天数：0天
情绪信息：生活满意度：有点满意；对子女满意度：有点满意；因小事烦恼（过去一周）：几乎没有（<1天）；感到抑郁（过去一周）：几乎没有（<1天）；对未来抱有希望（过去一周）：几乎没有（<1天）；感到孤独（过去一周）：几乎没有（<1天）；感到高兴（过去一周）：有时/中等（3–4天）；睡眠不安（过去一周）：几乎没有（<1天）
健康信息：自评健康状况：一般；医生诊断慢性病：高血压、血脂异常；身体疼痛程度：无；上月平均每天实际睡眠小时数：6小时；是否因健康/残疾不能工作：没问题；是否因健康/残疾不能做家事：没问题；多久接受他人帮助：从不
活动信息：高强度体力活动：是；高强度体力活动目的：锻炼；中等强度体力活动：是；中等强度体力活动目的：工作需要；轻度体力活动：是；轻度体力活动目的：工作需要；上月活动：以上都没有
上网信息：是否使用互联网：是；上网设备：笔记本、手机；上网用途：看新闻、看视频；是否用手机支付：是；是否使用微信：是；是否使用微信朋友圈：是
子女信息：子女总数：2个；健在子女数：2个；第1子女：是否工作/上学：工作；婚姻状况：已婚且配偶同住；过去一年同住月数：3个月；见面频率：每月；电话/短信/微信联系频率：几乎每天；第2子女：是否工作/上学：工作；婚姻状况：已婚暂分居；过去一年同住月数：10个月；见面频率：每两周；电话/短信/微信联系频率：几乎每天
工作信息：是否从事农业/家庭农活：无；是否已办理退休：否；是否在工作：是；过去一年总工作天数：275天"
483,56346107001,基础信息：性别：男；年龄：56岁；城乡类型：农村,教育信息：教育程度：未读完小学,婚姻信息：婚姻状况：已婚且配偶同住；过去一年与配偶同住月数：12个月；上半年独自居住天数：0天；上半年仅与配偶同住天数：0天,情绪信息：生活满意度：有点满意；对子女满意度：有点满意；因小事烦恼（过去一周）：几乎没有（<1天）；感到抑郁（过去一周）：几乎没有（<1天）；对未来抱有希望（过去一周）：几乎没有（<1天）；感到孤独（过去一周）：几乎没有（<1天）；感到高兴（过去一周）：少量（1–2天）；睡眠不安（过去一周）：大多数时候（5–7天）,健康信息：自评健康状况：一般；医生诊断慢性病：未报告上述疾病；身体疼痛程度：无；上月平均每天实际睡眠小时数：4小时；是否因健康/残疾不能工作：没问题；是否因健康/残疾不能做家事：没问题；多久接受他人帮助：从不,活动信息：高强度体力活动：是；高强度体力活动目的：锻炼；中等强度体力活动：是；中等强度体力活动目的：锻炼；轻度体力活动：是；轻度体力活动目的：锻炼；上月活动：以上都没有,上网信息：是否使用互联网：否,子女信息：子女总数：1个；健在子女数：1个；第1子女：是否工作/上学：工作；婚姻状况：已婚且配偶同住；过去一年同住月数：2个月；见面频率：每年；电话/短信/微信联系频率：几乎每天,工作信息：是否从事农业/家庭农活：有；是否已办理退休：否；是否在工作：是；过去一年总工作天数：182天,"基础信息：性别：男；年龄：56岁；城乡类型：农村
教育信息：教育程度：未读完小学
婚姻信息：婚姻状况：已婚且配偶同住；过去一年与配偶同住月数：12个月；上半年独自居住天数：0天；上半年仅与配偶同住天数：0天
情绪信息：生活满意度：有点满意；对子女满意度：有点满意；因小事烦恼（过去一周）：几乎没有（<1天）；感到抑郁（过去一周）：几乎没有（<1天）；对未来抱有希望（过去一周）：几乎没有（<1天）；感到孤独（过去一周）：几乎没有（<1天）；感到高兴（过去一周）：少量（1–2天）；睡眠不安（过去一周）：大多数时候（5–7天）
健康信息：自评健康状况：一般；医生诊断慢性病：未报告上述疾病；身体疼痛程度：无；上月平均每天实际睡眠小时数：4小时；是否因健康/残疾不能工作：没问题；是否因健康/残疾不能做家事：没问题；多久接受他人帮助：从不
活动信息：高强度体力活动：是；高强度体力活动目的：锻炼；中等强度体力活动：是；中等强度体力活动目的：锻炼；轻度体力活动：是；轻度体力活动目的：锻炼；上月活动：以上都没有
上网信息：是否使用互联网：否
子女信息：子女总数：1个；健在子女数：1个；第1子女：是否工作/上学：工作；婚姻状况：已婚且配偶同住；过去一年同住月数：2个月；见面频率：每年；电话/短信/微信联系频率：几乎每天
工作信息：是否从事农业/家庭农活：有；是否已办理退休：否；是否在工作：是；过去一年总工作天数：182天"
484,296081107001,基础信息：性别：女；年龄：78岁；城乡类型：农村,教育信息：教育程度：未受教育,婚姻信息：婚姻状况：丧偶；是否有人以配偶身份同住：否；上半年独自居住天数：180天；上半年因不与别人同住而受影响程度：0,情绪信息：生活满意度：很满意；对子女满意度：很满意；因小事烦恼（过去一周）：少量（1–2天）；感到抑郁（过去一周）：大多数时候（5–7天）；对未来抱有希望（过去一周）：几乎没有（<1天）；感到孤独（过去一周）：少量（1–2天）；感到高兴（过去一周）：有时/中等（3–4天）；睡眠不安（过去一周）：几乎没有（<1天）,健康信息：自评健康状况：一般；医生诊断慢性病：高血压、心脏病；身体疼痛程度：一点；上月平均每天实际睡眠小时数：8.5小时；是否因健康/残疾不能工作：不能长时间工作；是否因健康/残疾不能做家事：没问题；多久接受他人帮助：从不,活动信息：高强度体力活动：是；高强度体力活动目的：锻炼；中等强度体力活动：否；轻度体力活动：否；上月活动：以上都没有,上网信息：是否使用互联网：否,子女信息：子女总数：5个；健在子女数：5个；第1子女：是否工作/上学：工作；婚姻状况：已婚且配偶同住；过去一年同住月数：0个月；见面频率：每周2–3次；第2子女：是否工作/上学：工作；婚姻状况：已婚且配偶同住；过去一年同住月数：0个月；见面频率：每周2–3次,工作信息：是否从事农业/家庭农活：有；是否已办理退休：否；是否在工作：是；过去一年总工作天数：365天,"基础信息：性别：女；年龄：78岁；城乡类型：农村
教育信息：教育程度：未受教育
婚姻信息：婚姻状况：丧偶；是否有人以配偶身份同住：否；上半年独自居住天数：180天；上半年因不与别人同住而受影响程度：0
情绪信息：生活满意度：很满意；对子女满意度：很满意；因小事烦恼（过去一周）：少量（1–2天）；感到抑郁（过去一周）：大多数时候（5–7天）；对未来抱有希望（过去一周）：几乎没有（<1天）；感到孤独（过去一周）：少量（1–2天）；感到高兴（过去一周）：有时/中等（3–4天）；睡眠不安（过去一周）：几乎没有（<1天）
健康信息：自评健康状况：一般；医生诊断慢性病：高血压、心脏病；身体疼痛程度：一点；上月平均每天实际睡眠小时数：8.5小时；是否因健康/残疾不能工作：不能长时间工作；是否因健康/残疾不能做家事：没问题；多久接受他人帮助：从不
活动信息：高强度体力活动：是；高强度体力活动目的：锻炼；中等强度体力活动：否；轻度体力活动：否；上月活动：以上都没有
上网信息：是否使用互联网：否
子女信息：子女总数：5个；健在子女数：5个；第1子女：是否工作/上学：工作；婚姻状况：已婚且配偶同住；过去一年同住月数：0个月；见面频率：每周2–3次；第2子女：是否工作/上学：工作；婚姻状况：已婚且配偶同住；过去一年同住月数：0个月；见面频率：每周2–3次
工作信息：是否从事农业/家庭农活：有；是否已办理退休：否；是否在工作：是；过去一年总工作天数：365天"
485,280154223001,基础信息：性别：男；年龄：51岁；城乡类型：农村,教育信息：教育程度：小学,婚姻信息：婚姻状况：已婚且配偶同住；过去一年与配偶同住月数：2个月；上半年独自居住天数：140天；上半年仅与配偶同住天数：40天；上半年因不与别人同住而受影响程度：90,情绪信息：生活满意度：有点满意；对子女满意度：有点满意；因小事烦恼（过去一周）：少量（1–2天）；感到抑郁（过去一周）：少量（1–2天）；对未来抱有希望（过去一周）：大多数时候（5–7天）；感到孤独（过去一周）：大多数时候（5–7天）；感到高兴（过去一周）：少量（1–2天）；睡眠不安（过去一周）：少量（1–2天）,健康信息：自评健康状况：一般；医生诊断慢性病：血脂异常、糖尿病或高血糖、关节炎或风湿病；身体疼痛程度：相当；上月平均每天实际睡眠小时数：5小时；是否因健康/残疾不能工作：不能长时间工作；是否因健康/残疾不能做家事：不能长时间；多久接受他人帮助：从不,活动信息：高强度体力活动：是；高强度体力活动目的：工作需要；中等强度体力活动：否；轻度体力活动：否；上月活动：与朋友交往（不规律）、做志愿/慈善或照顾不住一起的病弱者（不规律）,上网信息：是否使用互联网：是；上网设备：手机；上网用途：聊天、看新闻、看视频；是否用手机支付：是；是否使用微信：是；是否使用微信朋友圈：是,子女信息：子女总数：3个；健在子女数：3个；第1子女：是否工作/上学：工作；婚姻状况：已婚且配偶同住；过去一年同住月数：0个月；见面频率：每周2–3次；第2子女：是否工作/上学：都不；婚姻状况：已婚且配偶同住；过去一年同住月数：8个月；见面频率：每周1次,工作信息：是否从事农业/家庭农活：有；是否已办理退休：否；是否在工作：是；过去一年总工作天数：75天,"基础信息：性别：男；年龄：51岁；城乡类型：农村
教育信息：教育程度：小学
婚姻信息：婚姻状况：已婚且配偶同住；过去一年与配偶同住月数：2个月；上半年独自居住天数：140天；上半年仅与配偶同住天数：40天；上半年因不与别人同住而受影响程度：90
情绪信息：生活满意度：有点满意；对子女满意度：有点满意；因小事烦恼（过去一周）：少量（1–2天）；感到抑郁（过去一周）：少量（1–2天）；对未来抱有希望（过去一周）：大多数时候（5–7天）；感到孤独（过去一周）：大多数时候（5–7天）；感到高兴（过去一周）：少量（1–2天）；睡眠不安（过去一周）：少量（1–2天）
健康信息：自评健康状况：一般；医生诊断慢性病：血脂异常、糖尿病或高血糖、关节炎或风湿病；身体疼痛程度：相当；上月平均每天实际睡眠小时数：5小时；是否因健康/残疾不能工作：不能长时间工作；是否因健康/残疾不能做家事：不能长时间；多久接受他人帮助：从不
活动信息：高强度体力活动：是；高强度体力活动目的：工作需要；中等强度体力活动：否；轻度体力活动：否；上月活动：与朋友交往（不规律）、做志愿/慈善或照顾不住一起的病弱者（不规律）
上网信息：是否使用互联网：是；上网设备：手机；上网用途：聊天、看新闻、看视频；是否用手机支付：是；是否使用微信：是；是否使用微信朋友圈：是
子女信息：子女总数：3个；健在子女数：3个；第1子女：是否工作/上学：工作；婚姻状况：已婚且配偶同住；过去一年同住月数：0个月；见面频率：每周2–3次；第2子女：是否工作/上学：都不；婚姻状况：已婚且配偶同住；过去一年同住月数：8个月；见面频率：每周1次
工作信息：是否从事农业/家庭农活：有；是否已办理退休：否；是否在工作：是；过去一年总工作天数：75天"
486,347763304002,基础信息：性别：男；年龄：69岁；城乡类型：城乡结合部/镇乡,教育信息：教育程度：初中,婚姻信息：婚姻状况：已婚且配偶同住；过去一年与配偶同住月数：12个月；上半年独自居住天数：0天；上半年仅与配偶同住天数：180天；上半年因不与别人同住而受影响程度：0,情绪信息：生活满意度：有点满意；对子女满意度：有点满意；因小事烦恼（过去一周）：几乎没有（<1天）；感到抑郁（过去一周）：几乎没有（<1天）；对未来抱有希望（过去一周）：有时/中等（3–4天）；感到孤独（过去一周）：几乎没有（<1天）；感到高兴（过去一周）：大多数时候（5–7天）；睡眠不安（过去一周）：大多数时候（5–7天）,健康信息：自评健康状况：一般；医生诊断慢性病：未报告上述疾病；身体疼痛程度：一点；上月平均每天实际睡眠小时数：4小时；是否因健康/残疾不能工作：没问题；是否因健康/残疾不能做家事：没问题；多久接受他人帮助：从不,活动信息：高强度体力活动：否；中等强度体力活动：是；中等强度体力活动目的：锻炼；轻度体力活动：是；轻度体力活动目的：锻炼；上月活动：打麻将/下棋/打牌/去社区活动室（几乎每天）,上网信息：是否使用互联网：否,子女信息：子女总数：2个；健在子女数：2个；第1子女：是否工作/上学：都不；婚姻状况：已婚且配偶同住；过去一年同住月数：0个月；见面频率：每两周；电话/短信/微信联系频率：几乎每天；第2子女：是否工作/上学：工作；婚姻状况：已婚且配偶同住；过去一年同住月数：0个月；见面频率：每月；电话/短信/微信联系频率：每两周,工作信息：是否从事农业/家庭农活：无；是否在工作：否；过去一年总工作天数：0天；上月是否在找工作：否,"基础信息：性别：男；年龄：69岁；城乡类型：城乡结合部/镇乡
教育信息：教育程度：初中
婚姻信息：婚姻状况：已婚且配偶同住；过去一年与配偶同住月数：12个月；上半年独自居住天数：0天；上半年仅与配偶同住天数：180天；上半年因不与别人同住而受影响程度：0
情绪信息：生活满意度：有点满意；对子女满意度：有点满意；因小事烦恼（过去一周）：几乎没有（<1天）；感到抑郁（过去一周）：几乎没有（<1天）；对未来抱有希望（过去一周）：有时/中等（3–4天）；感到孤独（过去一周）：几乎没有（<1天）；感到高兴（过去一周）：大多数时候（5–7天）；睡眠不安（过去一周）：大多数时候（5–7天）
健康信息：自评健康状况：一般；医生诊断慢性病：未报告上述疾病；身体疼痛程度：一点；上月平均每天实际睡眠小时数：4小时；是否因健康/残疾不能工作：没问题；是否因健康/残疾不能做家事：没问题；多久接受他人帮助：从不
活动信息：高强度体力活动：否；中等强度体力活动：是；中等强度体力活动目的：锻炼；轻度体力活动：是；轻度体力活动目的：锻炼；上月活动：打麻将/下棋/打牌/去社区活动室（几乎每天）
上网信息：是否使用互联网：否
子女信息：子女总数：2个；健在子女数：2个；第1子女：是否工作/上学：都不；婚姻状况：已婚且配偶同住；过去一年同住月数：0个月；见面频率：每两周；电话/短信/微信联系频率：几乎每天；第2子女：是否工作/上学：工作；婚姻状况：已婚且配偶同住；过去一年同住月数：0个月；见面频率：每月；电话/短信/微信联系频率：每两周
工作信息：是否从事农业/家庭农活：无；是否在工作：否；过去一年总工作天数：0天；上月是否在找工作：否"
487,265359218001,基础信息：性别：女；年龄：62岁；城乡类型：城/镇中心,教育信息：教育程度：未受教育,婚姻信息：婚姻状况：已婚且配偶同住；过去一年与配偶同住月数：12个月；上半年独自居住天数：10天；上半年仅与配偶同住天数：170天；上半年因不与别人同住而受影响程度：0,情绪信息：生活满意度：很满意；对子女满意度：很满意；因小事烦恼（过去一周）：有时/中等（3–4天）；感到抑郁（过去一周）：有时/中等（3–4天）；对未来抱有希望（过去一周）：少量（1–2天）；感到孤独（过去一周）：有时/中等（3–4天）；感到高兴（过去一周）：有时/中等（3–4天）；睡眠不安（过去一周）：少量（1–2天）,健康信息：自评健康状况：差；医生诊断慢性病：未报告上述疾病；身体疼痛程度：非常；上月平均每天实际睡眠小时数：6小时；是否因健康/残疾不能工作：不能长时间工作；是否因健康/残疾不能做家事：不能长时间；多久接受他人帮助：从不,活动信息：高强度体力活动：是；高强度体力活动目的：其他；中等强度体力活动：是；中等强度体力活动目的：其他；轻度体力活动：是；轻度体力活动目的：工作需要；上月活动：与朋友交往（不规律）,上网信息：是否使用互联网：是；上网设备：手机；上网用途：看视频；是否用手机支付：否；是否使用微信：是；是否使用微信朋友圈：否,子女信息：子女总数：5个；健在子女数：5个；第1子女：是否工作/上学：工作；婚姻状况：已婚且配偶同住；过去一年同住月数：0个月；见面频率：每月；电话/短信/微信联系频率：每两周；第2子女：是否工作/上学：工作；婚姻状况：已婚且配偶同住；过去一年同住月数：0个月；见面频率：几乎不见/不联系；电话/短信/微信联系频率：每月,工作信息：是否从事农业/家庭农活：有；是否已办理退休：否；是否在工作：是；过去一年总工作天数：36天,"基础信息：性别：女；年龄：62岁；城乡类型：城/镇中心
教育信息：教育程度：未受教育
婚姻信息：婚姻状况：已婚且配偶同住；过去一年与配偶同住月数：12个月；上半年独自居住天数：10天；上半年仅与配偶同住天数：170天；上半年因不与别人同住而受影响程度：0
情绪信息：生活满意度：很满意；对子女满意度：很满意；因小事烦恼（过去一周）：有时/中等（3–4天）；感到抑郁（过去一周）：有时/中等（3–4天）；对未来抱有希望（过去一周）：少量（1–2天）；感到孤独（过去一周）：有时/中等（3–4天）；感到高兴（过去一周）：有时/中等（3–4天）；睡眠不安（过去一周）：少量（1–2天）
健康信息：自评健康状况：差；医生诊断慢性病：未报告上述疾病；身体疼痛程度：非常；上月平均每天实际睡眠小时数：6小时；是否因健康/残疾不能工作：不能长时间工作；是否因健康/残疾不能做家事：不能长时间；多久接受他人帮助：从不
活动信息：高强度体力活动：是；高强度体力活动目的：其他；中等强度体力活动：是；中等强度体力活动目的：其他；轻度体力活动：是；轻度体力活动目的：工作需要；上月活动：与朋友交往（不规律）
上网信息：是否使用互联网：是；上网设备：手机；上网用途：看视频；是否用手机支付：否；是否使用微信：是；是否使用微信朋友圈：否
子女信息：子女总数：5个；健在子女数：5个；第1子女：是否工作/上学：工作；婚姻状况：已婚且配偶同住；过去一年同住月数：0个月；见面频率：每月；电话/短信/微信联系频率：每两周；第2子女：是否工作/上学：工作；婚姻状况：已婚且配偶同住；过去一年同住月数：0个月；见面频率：几乎不见/不联系；电话/短信/微信联系频率：每月
工作信息：是否从事农业/家庭农活：有；是否已办理退休：否；是否在工作：是；过去一年总工作天数：36天"
488,30476319001,基础信息：性别：男；年龄：68岁；城乡类型：农村,教育信息：教育程度：初中,婚姻信息：婚姻状况：已婚暂分居；过去一年与配偶同住月数：11个月；上半年独自居住天数：147天；上半年仅与配偶同住天数：25天；上半年因不与别人同住而受影响程度：0,情绪信息：生活满意度：很满意；对子女满意度：很满意；因小事烦恼（过去一周）：几乎没有（<1天）；感到抑郁（过去一周）：几乎没有（<1天）；对未来抱有希望（过去一周）：几乎没有（<1天）；感到孤独（过去一周）：几乎没有（<1天）；感到高兴（过去一周）：大多数时候（5–7天）；睡眠不安（过去一周）：几乎没有（<1天）,健康信息：自评健康状况：很好；医生诊断慢性病：未报告上述疾病；身体疼痛程度：无；上月平均每天实际睡眠小时数：7小时；是否因健康/残疾不能工作：没问题；是否因健康/残疾不能做家事：没问题；多久接受他人帮助：从不,活动信息：高强度体力活动：是；高强度体力活动目的：工作需要；中等强度体力活动：是；中等强度体力活动目的：工作需要；轻度体力活动：是；轻度体力活动目的：工作需要；上月活动：以上都没有,上网信息：是否使用互联网：否,子女信息：子女总数：3个；健在子女数：3个；第1子女：是否工作/上学：工作；婚姻状况：已婚且配偶同住；过去一年同住月数：0个月；见面频率：每月；电话/短信/微信联系频率：其他；第2子女：是否工作/上学：工作；婚姻状况：已婚且配偶同住；过去一年同住月数：0个月；见面频率：每周2–3次,工作信息：是否从事农业/家庭农活：有；是否已办理退休：否；是否在工作：是；过去一年总工作天数：365天,"基础信息：性别：男；年龄：68岁；城乡类型：农村
教育信息：教育程度：初中
婚姻信息：婚姻状况：已婚暂分居；过去一年与配偶同住月数：11个月；上半年独自居住天数：147天；上半年仅与配偶同住天数：25天；上半年因不与别人同住而受影响程度：0
情绪信息：生活满意度：很满意；对子女满意度：很满意；因小事烦恼（过去一周）：几乎没有（<1天）；感到抑郁（过去一周）：几乎没有（<1天）；对未来抱有希望（过去一周）：几乎没有（<1天）；感到孤独（过去一周）：几乎没有（<1天）；感到高兴（过去一周）：大多数时候（5–7天）；睡眠不安（过去一周）：几乎没有（<1天）
健康信息：自评健康状况：很好；医生诊断慢性病：未报告上述疾病；身体疼痛程度：无；上月平均每天实际睡眠小时数：7小时；是否因健康/残疾不能工作：没问题；是否因健康/残疾不能做家事：没问题；多久接受他人帮助：从不
活动信息：高强度体力活动：是；高强度体力活动目的：工作需要；中等强度体力活动：是；中等强度体力活动目的：工作需要；轻度体力活动：是；轻度体力活动目的：工作需要；上月活动：以上都没有
上网信息：是否使用互联网：否
子女信息：子女总数：3个；健在子女数：3个；第1子女：是否工作/上学：工作；婚姻状况：已婚且配偶同住；过去一年同住月数：0个月；见面频率：每月；电话/短信/微信联系频率：其他；第2子女：是否工作/上学：工作；婚姻状况：已婚且配偶同住；过去一年同住月数：0个月；见面频率：每周2–3次
工作信息：是否从事农业/家庭农活：有；是否已办理退休：否；是否在工作：是；过去一年总工作天数：365天"
489,122490307001,基础信息：性别：男；年龄：77岁；城乡类型：城/镇中心,教育信息：教育程度：小学,婚姻信息：婚姻状况：已婚且配偶同住；过去一年与配偶同住月数：12个月；上半年独自居住天数：0天；上半年仅与配偶同住天数：0天,情绪信息：生活满意度：有点满意；对子女满意度：有点满意；因小事烦恼（过去一周）：几乎没有（<1天）；感到抑郁（过去一周）：几乎没有（<1天）；对未来抱有希望（过去一周）：几乎没有（<1天）；感到孤独（过去一周）：几乎没有（<1天）；睡眠不安（过去一周）：几乎没有（<1天）,健康信息：自评健康状况：一般；医生诊断慢性病：未报告上述疾病；身体疼痛程度：无；上月平均每天实际睡眠小时数：7小时；是否因健康/残疾不能工作：没问题；是否因健康/残疾不能做家事：没问题；多久接受他人帮助：从不,活动信息：高强度体力活动：否；中等强度体力活动：否；轻度体力活动：否；上月活动：帮助不住一起的家人朋友邻居（不规律）,上网信息：是否使用互联网：否,子女信息：子女总数：4个；健在子女数：4个；第1子女：是否工作/上学：工作；婚姻状况：已婚且配偶同住；过去一年同住月数：0个月；见面频率：每月；电话/短信/微信联系频率：每月；第2子女：是否工作/上学：工作；婚姻状况：已婚且配偶同住；过去一年同住月数：0个月；见面频率：每年；电话/短信/微信联系频率：每三月,工作信息：是否从事农业/家庭农活：无；是否在工作：否；过去一年总工作天数：0天；上月是否在找工作：否,"基础信息：性别：男；年龄：77岁；城乡类型：城/镇中心
教育信息：教育程度：小学
婚姻信息：婚姻状况：已婚且配偶同住；过去一年与配偶同住月数：12个月；上半年独自居住天数：0天；上半年仅与配偶同住天数：0天
情绪信息：生活满意度：有点满意；对子女满意度：有点满意；因小事烦恼（过去一周）：几乎没有（<1天）；感到抑郁（过去一周）：几乎没有（<1天）；对未来抱有希望（过去一周）：几乎没有（<1天）；感到孤独（过去一周）：几乎没有（<1天）；睡眠不安（过去一周）：几乎没有（<1天）
健康信息：自评健康状况：一般；医生诊断慢性病：未报告上述疾病；身体疼痛程度：无；上月平均每天实际睡眠小时数：7小时；是否因健康/残疾不能工作：没问题；是否因健康/残疾不能做家事：没问题；多久接受他人帮助：从不
活动信息：高强度体力活动：否；中等强度体力活动：否；轻度体力活动：否；上月活动：帮助不住一起的家人朋友邻居（不规律）
上网信息：是否使用互联网：否
子女信息：子女总数：4个；健在子女数：4个；第1子女：是否工作/上学：工作；婚姻状况：已婚且配偶同住；过去一年同住月数：0个月；见面频率：每月；电话/短信/微信联系频率：每月；第2子女：是否工作/上学：工作；婚姻状况：已婚且配偶同住；过去一年同住月数：0个月；见面频率：每年；电话/短信/微信联系频率：每三月
工作信息：是否从事农业/家庭农活：无；是否在工作：否；过去一年总工作天数：0天；上月是否在找工作：否"
490,280154212001,基础信息：性别：女；年龄：48岁；城乡类型：农村,教育信息：教育程度：未读完小学,婚姻信息：婚姻状况：已婚暂分居；过去一年与配偶同住月数：10个月；上半年独自居住天数：0天；上半年仅与配偶同住天数：0天；上半年因不与别人同住而受影响程度：0,情绪信息：生活满意度：完全不满意；对子女满意度：有点满意；因小事烦恼（过去一周）：大多数时候（5–7天）；感到抑郁（过去一周）：大多数时候（5–7天）；对未来抱有希望（过去一周）：几乎没有（<1天）；感到孤独（过去一周）：几乎没有（<1天）；感到高兴（过去一周）：少量（1–2天）；睡眠不安（过去一周）：大多数时候（5–7天）,健康信息：自评健康状况：很差；医生诊断慢性病：糖尿病或高血糖；身体疼痛程度：一点；上月平均每天实际睡眠小时数：4小时；是否因健康/残疾不能工作：没问题；是否因健康/残疾不能做家事：没问题；多久接受他人帮助：从不,活动信息：高强度体力活动：是；高强度体力活动目的：工作需要；中等强度体力活动：是；中等强度体力活动目的：锻炼；轻度体力活动：是；轻度体力活动目的：锻炼；上月活动：帮助不住一起的家人朋友邻居（不规律）,上网信息：是否使用互联网：是；上网设备：手机；上网用途：看新闻、看视频、理财；是否用手机支付：否；是否使用微信：是；是否使用微信朋友圈：否,子女信息：子女总数：2个；健在子女数：2个；第1子女：是否工作/上学：工作；婚姻状况：未婚；过去一年同住月数：0个月；见面频率：其他；电话/短信/微信联系频率：几乎不见/不联系；第2子女：是否工作/上学：都不；婚姻状况：未婚；过去一年同住月数：3个月；见面频率：每两周；电话/短信/微信联系频率：每周2–3次,工作信息：是否从事农业/家庭农活：有；是否已办理退休：否；是否在工作：是,"基础信息：性别：女；年龄：48岁；城乡类型：农村
教育信息：教育程度：未读完小学
婚姻信息：婚姻状况：已婚暂分居；过去一年与配偶同住月数：10个月；上半年独自居住天数：0天；上半年仅与配偶同住天数：0天；上半年因不与别人同住而受影响程度：0
情绪信息：生活满意度：完全不满意；对子女满意度：有点满意；因小事烦恼（过去一周）：大多数时候（5–7天）；感到抑郁（过去一周）：大多数时候（5–7天）；对未来抱有希望（过去一周）：几乎没有（<1天）；感到孤独（过去一周）：几乎没有（<1天）；感到高兴（过去一周）：少量（1–2天）；睡眠不安（过去一周）：大多数时候（5–7天）
健康信息：自评健康状况：很差；医生诊断慢性病：糖尿病或高血糖；身体疼痛程度：一点；上月平均每天实际睡眠小时数：4小时；是否因健康/残疾不能工作：没问题；是否因健康/残疾不能做家事：没问题；多久接受他人帮助：从不
活动信息：高强度体力活动：是；高强度体力活动目的：工作需要；中等强度体力活动：是；中等强度体力活动目的：锻炼；轻度体力活动：是；轻度体力活动目的：锻炼；上月活动：帮助不住一起的家人朋友邻居（不规律）
上网信息：是否使用互联网：是；上网设备：手机；上网用途：看新闻、看视频、理财；是否用手机支付：否；是否使用微信：是；是否使用微信朋友圈：否
子女信息：子女总数：2个；健在子女数：2个；第1子女：是否工作/上学：工作；婚姻状况：未婚；过去一年同住月数：0个月；见面频率：其他；电话/短信/微信联系频率：几乎不见/不联系；第2子女：是否工作/上学：都不；婚姻状况：未婚；过去一年同住月数：3个月；见面频率：每两周；电话/短信/微信联系频率：每周2–3次
工作信息：是否从事农业/家庭农活：有；是否已办理退休：否；是否在工作：是"
491,105102234002,基础信息：性别：女；年龄：64岁；城乡类型：城/镇中心,教育信息：教育程度：未读完小学,婚姻信息：婚姻状况：已婚且配偶同住；过去一年与配偶同住月数：12个月；上半年独自居住天数：0天；上半年仅与配偶同住天数：180天；上半年因不与别人同住而受影响程度：0,情绪信息：生活满意度：有点满意；对子女满意度：很满意；因小事烦恼（过去一周）：几乎没有（<1天）；感到抑郁（过去一周）：几乎没有（<1天）；对未来抱有希望（过去一周）：大多数时候（5–7天）；感到孤独（过去一周）：几乎没有（<1天）；感到高兴（过去一周）：大多数时候（5–7天）；睡眠不安（过去一周）：几乎没有（<1天）,健康信息：自评健康状况：很好；医生诊断慢性病：血脂异常；身体疼痛程度：无；上月平均每天实际睡眠小时数：6小时；是否因健康/残疾不能工作：没问题；是否因健康/残疾不能做家事：没问题；多久接受他人帮助：从不,活动信息：高强度体力活动：否；中等强度体力活动：是；中等强度体力活动目的：其他；轻度体力活动：是；轻度体力活动目的：锻炼；上月活动：以上都没有,上网信息：是否使用互联网：是；上网设备：手机；上网用途：聊天；是否用手机支付：否；是否使用微信：是；是否使用微信朋友圈：否,子女信息：子女总数：1个；健在子女数：1个；第1子女：是否工作/上学：工作；婚姻状况：已婚且配偶同住；过去一年同住月数：0个月；见面频率：几乎每天,工作信息：是否从事农业/家庭农活：无；是否已办理退休：否；是否在工作：否；过去一年总工作天数：0天；上月是否在找工作：否,"基础信息：性别：女；年龄：64岁；城乡类型：城/镇中心
教育信息：教育程度：未读完小学
婚姻信息：婚姻状况：已婚且配偶同住；过去一年与配偶同住月数：12个月；上半年独自居住天数：0天；上半年仅与配偶同住天数：180天；上半年因不与别人同住而受影响程度：0
情绪信息：生活满意度：有点满意；对子女满意度：很满意；因小事烦恼（过去一周）：几乎没有（<1天）；感到抑郁（过去一周）：几乎没有（<1天）；对未来抱有希望（过去一周）：大多数时候（5–7天）；感到孤独（过去一周）：几乎没有（<1天）；感到高兴（过去一周）：大多数时候（5–7天）；睡眠不安（过去一周）：几乎没有（<1天）
健康信息：自评健康状况：很好；医生诊断慢性病：血脂异常；身体疼痛程度：无；上月平均每天实际睡眠小时数：6小时；是否因健康/残疾不能工作：没问题；是否因健康/残疾不能做家事：没问题；多久接受他人帮助：从不
活动信息：高强度体力活动：否；中等强度体力活动：是；中等强度体力活动目的：其他；轻度体力活动：是；轻度体力活动目的：锻炼；上月活动：以上都没有
上网信息：是否使用互联网：是；上网设备：手机；上网用途：聊天；是否用手机支付：否；是否使用微信：是；是否使用微信朋友圈：否
子女信息：子女总数：1个；健在子女数：1个；第1子女：是否工作/上学：工作；婚姻状况：已婚且配偶同住；过去一年同住月数：0个月；见面频率：几乎每天
工作信息：是否从事农业/家庭农活：无；是否已办理退休：否；是否在工作：否；过去一年总工作天数：0天；上月是否在找工作：否"
492,56346214002,基础信息：性别：男；年龄：74岁；城乡类型：农村,教育信息：教育程度：未读完小学,婚姻信息：婚姻状况：已婚且配偶同住；过去一年与配偶同住月数：12个月；上半年独自居住天数：0天；上半年仅与配偶同住天数：182天；上半年因不与别人同住而受影响程度：0,情绪信息：生活满意度：有点满意；对子女满意度：很满意；因小事烦恼（过去一周）：有时/中等（3–4天）；感到抑郁（过去一周）：几乎没有（<1天）；对未来抱有希望（过去一周）：有时/中等（3–4天）；感到孤独（过去一周）：几乎没有（<1天）；感到高兴（过去一周）：大多数时候（5–7天）；睡眠不安（过去一周）：少量（1–2天）,健康信息：自评健康状况：一般；医生诊断慢性病：未报告上述疾病；身体疼痛程度：有些；上月平均每天实际睡眠小时数：9小时；是否因健康/残疾不能工作：没问题；是否因健康/残疾不能做家事：不能长时间；多久接受他人帮助：从不,活动信息：高强度体力活动：否；中等强度体力活动：否；轻度体力活动：是；轻度体力活动目的：工作需要；上月活动：以上都没有,上网信息：是否使用互联网：否,子女信息：子女总数：4个；健在子女数：4个；第1子女：是否工作/上学：工作；婚姻状况：已婚暂分居；过去一年同住月数：0个月；见面频率：几乎不见/不联系；电话/短信/微信联系频率：几乎不见/不联系；第2子女：是否工作/上学：工作；婚姻状况：已婚且配偶同住；过去一年同住月数：0个月；见面频率：每三月；电话/短信/微信联系频率：其他,工作信息：是否从事农业/家庭农活：有；是否已办理退休：否；是否在工作：是,"基础信息：性别：男；年龄：74岁；城乡类型：农村
教育信息：教育程度：未读完小学
婚姻信息：婚姻状况：已婚且配偶同住；过去一年与配偶同住月数：12个月；上半年独自居住天数：0天；上半年仅与配偶同住天数：182天；上半年因不与别人同住而受影响程度：0
情绪信息：生活满意度：有点满意；对子女满意度：很满意；因小事烦恼（过去一周）：有时/中等（3–4天）；感到抑郁（过去一周）：几乎没有（<1天）；对未来抱有希望（过去一周）：有时/中等（3–4天）；感到孤独（过去一周）：几乎没有（<1天）；感到高兴（过去一周）：大多数时候（5–7天）；睡眠不安（过去一周）：少量（1–2天）
健康信息：自评健康状况：一般；医生诊断慢性病：未报告上述疾病；身体疼痛程度：有些；上月平均每天实际睡眠小时数：9小时；是否因健康/残疾不能工作：没问题；是否因健康/残疾不能做家事：不能长时间；多久接受他人帮助：从不
活动信息：高强度体力活动：否；中等强度体力活动：否；轻度体力活动：是；轻度体力活动目的：工作需要；上月活动：以上都没有
上网信息：是否使用互联网：否
子女信息：子女总数：4个；健在子女数：4个；第1子女：是否工作/上学：工作；婚姻状况：已婚暂分居；过去一年同住月数：0个月；见面频率：几乎不见/不联系；电话/短信/微信联系频率：几乎不见/不联系；第2子女：是否工作/上学：工作；婚姻状况：已婚且配偶同住；过去一年同住月数：0个月；见面频率：每三月；电话/短信/微信联系频率：其他
工作信息：是否从事农业/家庭农活：有；是否已办理退休：否；是否在工作：是"
493,166006336001,基础信息：性别：女；年龄：47岁；城乡类型：农村,教育信息：教育程度：未读完小学,婚姻信息：婚姻状况：已婚且配偶同住；过去一年与配偶同住月数：12个月；上半年独自居住天数：0天；上半年仅与配偶同住天数：0天,情绪信息：生活满意度：很满意；对子女满意度：很满意；因小事烦恼（过去一周）：几乎没有（<1天）；感到抑郁（过去一周）：几乎没有（<1天）；对未来抱有希望（过去一周）：几乎没有（<1天）；感到孤独（过去一周）：大多数时候（5–7天）；感到高兴（过去一周）：大多数时候（5–7天）；睡眠不安（过去一周）：几乎没有（<1天）,健康信息：自评健康状况：很好；医生诊断慢性病：未报告上述疾病；身体疼痛程度：一点；上月平均每天实际睡眠小时数：6小时；是否因健康/残疾不能工作：没问题；是否因健康/残疾不能做家事：没问题；多久接受他人帮助：从不,活动信息：高强度体力活动：否；中等强度体力活动：否；轻度体力活动：是；轻度体力活动目的：工作需要；上月活动：与朋友交往（几乎每天）,上网信息：是否使用互联网：是；上网设备：手机；上网用途：聊天、看视频；是否用手机支付：否；是否使用微信：是；是否使用微信朋友圈：是,子女信息：子女总数：2个；健在子女数：2个；第2子女：是否工作/上学：都不；婚姻状况：已婚且配偶同住；过去一年同住月数：3个月；见面频率：每周2–3次,工作信息：是否从事农业/家庭农活：有；是否已办理退休：否；是否在工作：是；过去一年总工作天数：200天,"基础信息：性别：女；年龄：47岁；城乡类型：农村
教育信息：教育程度：未读完小学
婚姻信息：婚姻状况：已婚且配偶同住；过去一年与配偶同住月数：12个月；上半年独自居住天数：0天；上半年仅与配偶同住天数：0天
情绪信息：生活满意度：很满意；对子女满意度：很满意；因小事烦恼（过去一周）：几乎没有（<1天）；感到抑郁（过去一周）：几乎没有（<1天）；对未来抱有希望（过去一周）：几乎没有（<1天）；感到孤独（过去一周）：大多数时候（5–7天）；感到高兴（过去一周）：大多数时候（5–7天）；睡眠不安（过去一周）：几乎没有（<1天）
健康信息：自评健康状况：很好；医生诊断慢性病：未报告上述疾病；身体疼痛程度：一点；上月平均每天实际睡眠小时数：6小时；是否因健康/残疾不能工作：没问题；是否因健康/残疾不能做家事：没问题；多久接受他人帮助：从不
活动信息：高强度体力活动：否；中等强度体力活动：否；轻度体力活动：是；轻度体力活动目的：工作需要；上月活动：与朋友交往（几乎每天）
上网信息：是否使用互联网：是；上网设备：手机；上网用途：聊天、看视频；是否用手机支付：否；是否使用微信：是；是否使用微信朋友圈：是
子女信息：子女总数：2个；健在子女数：2个；第2子女：是否工作/上学：都不；婚姻状况：已婚且配偶同住；过去一年同住月数：3个月；见面频率：每周2–3次
工作信息：是否从事农业/家庭农活：有；是否已办理退休：否；是否在工作：是；过去一年总工作天数：200天"
494,184037201001,基础信息：性别：女；年龄：64岁；城乡类型：城/镇中心,教育信息：教育程度：未读完小学,婚姻信息：婚姻状况：已婚且配偶同住；过去一年与配偶同住月数：12个月；上半年独自居住天数：0天；上半年仅与配偶同住天数：0天,情绪信息：生活满意度：有点满意；对子女满意度：不太满意；因小事烦恼（过去一周）：少量（1–2天）；感到抑郁（过去一周）：少量（1–2天）；对未来抱有希望（过去一周）：有时/中等（3–4天）；感到孤独（过去一周）：几乎没有（<1天）；感到高兴（过去一周）：大多数时候（5–7天）；睡眠不安（过去一周）：大多数时候（5–7天）,健康信息：自评健康状况：一般；医生诊断慢性病：未报告上述疾病；身体疼痛程度：相当；上月平均每天实际睡眠小时数：5小时；是否因健康/残疾不能工作：没问题；是否因健康/残疾不能做家事：不能长时间；多久接受他人帮助：从不,活动信息：高强度体力活动：否；中等强度体力活动：是；中等强度体力活动目的：其他；轻度体力活动：是；轻度体力活动目的：锻炼；上月活动：打麻将/下棋/打牌/去社区活动室（几乎每周）,上网信息：是否使用互联网：否,子女信息：子女总数：1个；健在子女数：1个；第1子女：是否工作/上学：都不；婚姻状况：已婚且配偶同住；过去一年同住月数：0个月；见面频率：几乎每天,工作信息：是否从事农业/家庭农活：无；是否在工作：否；过去一年总工作天数：0天；上月是否在找工作：否,"基础信息：性别：女；年龄：64岁；城乡类型：城/镇中心
教育信息：教育程度：未读完小学
婚姻信息：婚姻状况：已婚且配偶同住；过去一年与配偶同住月数：12个月；上半年独自居住天数：0天；上半年仅与配偶同住天数：0天
情绪信息：生活满意度：有点满意；对子女满意度：不太满意；因小事烦恼（过去一周）：少量（1–2天）；感到抑郁（过去一周）：少量（1–2天）；对未来抱有希望（过去一周）：有时/中等（3–4天）；感到孤独（过去一周）：几乎没有（<1天）；感到高兴（过去一周）：大多数时候（5–7天）；睡眠不安（过去一周）：大多数时候（5–7天）
健康信息：自评健康状况：一般；医生诊断慢性病：未报告上述疾病；身体疼痛程度：相当；上月平均每天实际睡眠小时数：5小时；是否因健康/残疾不能工作：没问题；是否因健康/残疾不能做家事：不能长时间；多久接受他人帮助：从不
活动信息：高强度体力活动：否；中等强度体力活动：是；中等强度体力活动目的：其他；轻度体力活动：是；轻度体力活动目的：锻炼；上月活动：打麻将/下棋/打牌/去社区活动室（几乎每周）
上网信息：是否使用互联网：否
子女信息：子女总数：1个；健在子女数：1个；第1子女：是否工作/上学：都不；婚姻状况：已婚且配偶同住；过去一年同住月数：0个月；见面频率：几乎每天
工作信息：是否从事农业/家庭农活：无；是否在工作：否；过去一年总工作天数：0天；上月是否在找工作：否"
495,326346315002,基础信息：性别：男；年龄：54岁；城乡类型：农村,教育信息：教育程度：未受教育,婚姻信息：婚姻状况：已婚暂分居；过去一年与配偶同住月数：12个月；上半年独自居住天数：0天；上半年仅与配偶同住天数：0天,情绪信息：生活满意度：有点满意；对子女满意度：有点满意；因小事烦恼（过去一周）：几乎没有（<1天）；感到抑郁（过去一周）：少量（1–2天）；对未来抱有希望（过去一周）：有时/中等（3–4天）；感到孤独（过去一周）：几乎没有（<1天）；感到高兴（过去一周）：少量（1–2天）；睡眠不安（过去一周）：大多数时候（5–7天）,健康信息：自评健康状况：差；医生诊断慢性病：未报告上述疾病；身体疼痛程度：非常；上月平均每天实际睡眠小时数：3小时；是否因健康/残疾不能工作：不能长时间工作；是否因健康/残疾不能做家事：不能长时间；多久接受他人帮助：从不,活动信息：高强度体力活动：是；高强度体力活动目的：工作需要；中等强度体力活动：是；中等强度体力活动目的：工作需要；轻度体力活动：是；轻度体力活动目的：工作需要；上月活动：与朋友交往（几乎每周）、帮助不住一起的家人朋友邻居（几乎每天）,上网信息：是否使用互联网：否,子女信息：子女总数：3个；健在子女数：3个；第1子女：是否工作/上学：工作；婚姻状况：已婚且配偶同住；过去一年同住月数：12个月；第2子女：是否工作/上学：工作；婚姻状况：已婚暂分居；过去一年同住月数：0个月；见面频率：每半年；电话/短信/微信联系频率：几乎每天,工作信息：是否从事农业/家庭农活：有；是否已办理退休：否；是否在工作：是；过去一年总工作天数：350天,"基础信息：性别：男；年龄：54岁；城乡类型：农村
教育信息：教育程度：未受教育
婚姻信息：婚姻状况：已婚暂分居；过去一年与配偶同住月数：12个月；上半年独自居住天数：0天；上半年仅与配偶同住天数：0天
情绪信息：生活满意度：有点满意；对子女满意度：有点满意；因小事烦恼（过去一周）：几乎没有（<1天）；感到抑郁（过去一周）：少量（1–2天）；对未来抱有希望（过去一周）：有时/中等（3–4天）；感到孤独（过去一周）：几乎没有（<1天）；感到高兴（过去一周）：少量（1–2天）；睡眠不安（过去一周）：大多数时候（5–7天）
健康信息：自评健康状况：差；医生诊断慢性病：未报告上述疾病；身体疼痛程度：非常；上月平均每天实际睡眠小时数：3小时；是否因健康/残疾不能工作：不能长时间工作；是否因健康/残疾不能做家事：不能长时间；多久接受他人帮助：从不
活动信息：高强度体力活动：是；高强度体力活动目的：工作需要；中等强度体力活动：是；中等强度体力活动目的：工作需要；轻度体力活动：是；轻度体力活动目的：工作需要；上月活动：与朋友交往（几乎每周）、帮助不住一起的家人朋友邻居（几乎每天）
上网信息：是否使用互联网：否
子女信息：子女总数：3个；健在子女数：3个；第1子女：是否工作/上学：工作；婚姻状况：已婚且配偶同住；过去一年同住月数：12个月；第2子女：是否工作/上学：工作；婚姻状况：已婚暂分居；过去一年同住月数：0个月；见面频率：每半年；电话/短信/微信联系频率：几乎每天
工作信息：是否从事农业/家庭农活：有；是否已办理退休：否；是否在工作：是；过去一年总工作天数：350天"
496,58202220002,基础信息：性别：男；年龄：55岁；城乡类型：城/镇中心,教育信息：教育程度：初中,婚姻信息：婚姻状况：已婚且配偶同住；过去一年与配偶同住月数：9个月；上半年独自居住天数：30天；上半年仅与配偶同住天数：45天；上半年因不与别人同住而受影响程度：0,情绪信息：生活满意度：有点满意；对子女满意度：有点满意；因小事烦恼（过去一周）：几乎没有（<1天）；感到抑郁（过去一周）：有时/中等（3–4天）；感到孤独（过去一周）：几乎没有（<1天）；感到高兴（过去一周）：有时/中等（3–4天）；睡眠不安（过去一周）：几乎没有（<1天）,健康信息：自评健康状况：差；医生诊断慢性病：血脂异常；身体疼痛程度：相当；上月平均每天实际睡眠小时数：5小时；是否因健康/残疾不能工作：不能长时间工作；是否因健康/残疾不能做家事：没问题；多久接受他人帮助：从不,活动信息：高强度体力活动：否；中等强度体力活动：是；中等强度体力活动目的：工作需要；轻度体力活动：是；轻度体力活动目的：锻炼；上月活动：打麻将/下棋/打牌/去社区活动室（不规律）,上网信息：是否使用互联网：是；上网设备：手机；上网用途：看视频；是否用手机支付：否；是否使用微信：否,子女信息：子女总数：1个；健在子女数：1个；第1子女：是否工作/上学：工作；婚姻状况：已婚且配偶同住；过去一年同住月数：2个月；见面频率：每月；电话/短信/微信联系频率：每周2–3次,工作信息：是否从事农业/家庭农活：有；是否已办理退休：否；是否在工作：是；过去一年总工作天数：108天,"基础信息：性别：男；年龄：55岁；城乡类型：城/镇中心
教育信息：教育程度：初中
婚姻信息：婚姻状况：已婚且配偶同住；过去一年与配偶同住月数：9个月；上半年独自居住天数：30天；上半年仅与配偶同住天数：45天；上半年因不与别人同住而受影响程度：0
情绪信息：生活满意度：有点满意；对子女满意度：有点满意；因小事烦恼（过去一周）：几乎没有（<1天）；感到抑郁（过去一周）：有时/中等（3–4天）；感到孤独（过去一周）：几乎没有（<1天）；感到高兴（过去一周）：有时/中等（3–4天）；睡眠不安（过去一周）：几乎没有（<1天）
健康信息：自评健康状况：差；医生诊断慢性病：血脂异常；身体疼痛程度：相当；上月平均每天实际睡眠小时数：5小时；是否因健康/残疾不能工作：不能长时间工作；是否因健康/残疾不能做家事：没问题；多久接受他人帮助：从不
活动信息：高强度体力活动：否；中等强度体力活动：是；中等强度体力活动目的：工作需要；轻度体力活动：是；轻度体力活动目的：锻炼；上月活动：打麻将/下棋/打牌/去社区活动室（不规律）
上网信息：是否使用互联网：是；上网设备：手机；上网用途：看视频；是否用手机支付：否；是否使用微信：否
子女信息：子女总数：1个；健在子女数：1个；第1子女：是否工作/上学：工作；婚姻状况：已婚且配偶同住；过去一年同住月数：2个月；见面频率：每月；电话/短信/微信联系频率：每周2–3次
工作信息：是否从事农业/家庭农活：有；是否已办理退休：否；是否在工作：是；过去一年总工作天数：108天"
497,271806210001,基础信息：性别：女；年龄：54岁；城乡类型：城乡结合部/镇乡,教育信息：教育程度：未受教育,婚姻信息：婚姻状况：已婚且配偶同住；过去一年与配偶同住月数：12个月；上半年独自居住天数：0天；上半年仅与配偶同住天数：60天；上半年因不与别人同住而受影响程度：0,情绪信息：生活满意度：有点满意；对子女满意度：很满意；因小事烦恼（过去一周）：几乎没有（<1天）；感到抑郁（过去一周）：几乎没有（<1天）；对未来抱有希望（过去一周）：大多数时候（5–7天）；感到孤独（过去一周）：几乎没有（<1天）；感到高兴（过去一周）：几乎没有（<1天）；睡眠不安（过去一周）：几乎没有（<1天）,健康信息：自评健康状况：一般；医生诊断慢性病：未报告上述疾病；身体疼痛程度：无；上月平均每天实际睡眠小时数：5小时；是否因健康/残疾不能工作：没问题；是否因健康/残疾不能做家事：没问题；多久接受他人帮助：从不,活动信息：高强度体力活动：否；中等强度体力活动：是；中等强度体力活动目的：其他；轻度体力活动：是；轻度体力活动目的：其他；上月活动：以上都没有,上网信息：是否使用互联网：否,子女信息：子女总数：1个；健在子女数：1个；第1子女：是否工作/上学：工作；婚姻状况：已婚且配偶同住；过去一年同住月数：2个月；见面频率：每半年；电话/短信/微信联系频率：每周1次,工作信息：是否从事农业/家庭农活：无；是否已办理退休：否；是否在工作：否；过去一年总工作天数：0天；上月是否在找工作：否,"基础信息：性别：女；年龄：54岁；城乡类型：城乡结合部/镇乡
教育信息：教育程度：未受教育
婚姻信息：婚姻状况：已婚且配偶同住；过去一年与配偶同住月数：12个月；上半年独自居住天数：0天；上半年仅与配偶同住天数：60天；上半年因不与别人同住而受影响程度：0
情绪信息：生活满意度：有点满意；对子女满意度：很满意；因小事烦恼（过去一周）：几乎没有（<1天）；感到抑郁（过去一周）：几乎没有（<1天）；对未来抱有希望（过去一周）：大多数时候（5–7天）；感到孤独（过去一周）：几乎没有（<1天）；感到高兴（过去一周）：几乎没有（<1天）；睡眠不安（过去一周）：几乎没有（<1天）
健康信息：自评健康状况：一般；医生诊断慢性病：未报告上述疾病；身体疼痛程度：无；上月平均每天实际睡眠小时数：5小时；是否因健康/残疾不能工作：没问题；是否因健康/残疾不能做家事：没问题；多久接受他人帮助：从不
活动信息：高强度体力活动：否；中等强度体力活动：是；中等强度体力活动目的：其他；轻度体力活动：是；轻度体力活动目的：其他；上月活动：以上都没有
上网信息：是否使用互联网：否
子女信息：子女总数：1个；健在子女数：1个；第1子女：是否工作/上学：工作；婚姻状况：已婚且配偶同住；过去一年同住月数：2个月；见面频率：每半年；电话/短信/微信联系频率：每周1次
工作信息：是否从事农业/家庭农活：无；是否已办理退休：否；是否在工作：否；过去一年总工作天数：0天；上月是否在找工作：否"
498,72428230001,基础信息：性别：女；年龄：49岁；城乡类型：城/镇中心,教育信息：教育程度：初中,婚姻信息：婚姻状况：已婚且配偶同住；过去一年与配偶同住月数：12个月；上半年独自居住天数：0天；上半年仅与配偶同住天数：0天；上半年因不与别人同住而受影响程度：20,情绪信息：生活满意度：有点满意；对子女满意度：有点满意；因小事烦恼（过去一周）：少量（1–2天）；感到抑郁（过去一周）：少量（1–2天）；对未来抱有希望（过去一周）：大多数时候（5–7天）；感到孤独（过去一周）：几乎没有（<1天）；感到高兴（过去一周）：几乎没有（<1天）；睡眠不安（过去一周）：大多数时候（5–7天）,健康信息：自评健康状况：一般；医生诊断慢性病：未报告上述疾病；身体疼痛程度：一点；上月平均每天实际睡眠小时数：4小时；是否因健康/残疾不能工作：不能长时间工作；是否因健康/残疾不能做家事：没问题；多久接受他人帮助：从不,活动信息：高强度体力活动：否；中等强度体力活动：是；中等强度体力活动目的：工作需要；轻度体力活动：是；轻度体力活动目的：锻炼；上月活动：与朋友交往（几乎每天）、参加运动/社交等俱乐部（不规律）,上网信息：是否使用互联网：是；上网设备：手机；上网用途：聊天、看新闻、看视频；是否用手机支付：是；是否使用微信：是；是否使用微信朋友圈：是,子女信息：子女总数：2个；健在子女数：2个；第1子女：是否工作/上学：都不；婚姻状况：已婚且配偶同住；过去一年同住月数：0个月；见面频率：几乎每天；第2子女：是否工作/上学：上学；婚姻状况：未婚；过去一年同住月数：8个月；见面频率：几乎不见/不联系；电话/短信/微信联系频率：每周1次,工作信息：是否从事农业/家庭农活：无；是否已办理退休：否；是否在工作：是；过去一年总工作天数：200天,"基础信息：性别：女；年龄：49岁；城乡类型：城/镇中心
教育信息：教育程度：初中
婚姻信息：婚姻状况：已婚且配偶同住；过去一年与配偶同住月数：12个月；上半年独自居住天数：0天；上半年仅与配偶同住天数：0天；上半年因不与别人同住而受影响程度：20
情绪信息：生活满意度：有点满意；对子女满意度：有点满意；因小事烦恼（过去一周）：少量（1–2天）；感到抑郁（过去一周）：少量（1–2天）；对未来抱有希望（过去一周）：大多数时候（5–7天）；感到孤独（过去一周）：几乎没有（<1天）；感到高兴（过去一周）：几乎没有（<1天）；睡眠不安（过去一周）：大多数时候（5–7天）
健康信息：自评健康状况：一般；医生诊断慢性病：未报告上述疾病；身体疼痛程度：一点；上月平均每天实际睡眠小时数：4小时；是否因健康/残疾不能工作：不能长时间工作；是否因健康/残疾不能做家事：没问题；多久接受他人帮助：从不
活动信息：高强度体力活动：否；中等强度体力活动：是；中等强度体力活动目的：工作需要；轻度体力活动：是；轻度体力活动目的：锻炼；上月活动：与朋友交往（几乎每天）、参加运动/社交等俱乐部（不规律）
上网信息：是否使用互联网：是；上网设备：手机；上网用途：聊天、看新闻、看视频；是否用手机支付：是；是否使用微信：是；是否使用微信朋友圈：是
子女信息：子女总数：2个；健在子女数：2个；第1子女：是否工作/上学：都不；婚姻状况：已婚且配偶同住；过去一年同住月数：0个月；见面频率：几乎每天；第2子女：是否工作/上学：上学；婚姻状况：未婚；过去一年同住月数：8个月；见面频率：几乎不见/不联系；电话/短信/微信联系频率：每周1次
工作信息：是否从事农业/家庭农活：无；是否已办理退休：否；是否在工作：是；过去一年总工作天数：200天"
499,60440212002,基础信息：性别：女；年龄：58岁；城乡类型：农村,教育信息：教育程度：小学,婚姻信息：婚姻状况：已婚且配偶同住；过去一年与配偶同住月数：12个月；上半年独自居住天数：0天；上半年仅与配偶同住天数：180天；上半年因不与别人同住而受影响程度：100,情绪信息：生活满意度：不太满意；对子女满意度：有点满意；因小事烦恼（过去一周）：大多数时候（5–7天）；感到抑郁（过去一周）：大多数时候（5–7天）；对未来抱有希望（过去一周）：大多数时候（5–7天）；感到孤独（过去一周）：少量（1–2天）；感到高兴（过去一周）：少量（1–2天）；睡眠不安（过去一周）：少量（1–2天）,健康信息：自评健康状况：一般；医生诊断慢性病：心脏病；身体疼痛程度：有些；上月平均每天实际睡眠小时数：5小时；是否因健康/残疾不能工作：不能长时间工作；是否因健康/残疾不能做家事：不能长时间；多久接受他人帮助：从不,活动信息：高强度体力活动：否；中等强度体力活动：是；中等强度体力活动目的：工作需要；轻度体力活动：否；上月活动：以上都没有,上网信息：是否使用互联网：否,子女信息：子女总数：2个；健在子女数：2个；第1子女：是否工作/上学：工作；婚姻状况：已婚且配偶同住；过去一年同住月数：0个月；见面频率：其他；电话/短信/微信联系频率：每周1次；第2子女：是否工作/上学：工作；婚姻状况：已婚暂分居；过去一年同住月数：1个月；见面频率：每周1次,工作信息：是否从事农业/家庭农活：有；是否已办理退休：否；是否在工作：是；过去一年总工作天数：340天,"基础信息：性别：女；年龄：58岁；城乡类型：农村
教育信息：教育程度：小学
婚姻信息：婚姻状况：已婚且配偶同住；过去一年与配偶同住月数：12个月；上半年独自居住天数：0天；上半年仅与配偶同住天数：180天；上半年因不与别人同住而受影响程度：100
情绪信息：生活满意度：不太满意；对子女满意度：有点满意；因小事烦恼（过去一周）：大多数时候（5–7天）；感到抑郁（过去一周）：大多数时候（5–7天）；对未来抱有希望（过去一周）：大多数时候（5–7天）；感到孤独（过去一周）：少量（1–2天）；感到高兴（过去一周）：少量（1–2天）；睡眠不安（过去一周）：少量（1–2天）
健康信息：自评健康状况：一般；医生诊断慢性病：心脏病；身体疼痛程度：有些；上月平均每天实际睡眠小时数：5小时；是否因健康/残疾不能工作：不能长时间工作；是否因健康/残疾不能做家事：不能长时间；多久接受他人帮助：从不
活动信息：高强度体力活动：否；中等强度体力活动：是；中等强度体力活动目的：工作需要；轻度体力活动：否；上月活动：以上都没有
上网信息：是否使用互联网：否
子女信息：子女总数：2个；健在子女数：2个；第1子女：是否工作/上学：工作；婚姻状况：已婚且配偶同住；过去一年同住月数：0个月；见面频率：其他；电话/短信/微信联系频率：每周1次；第2子女：是否工作/上学：工作；婚姻状况：已婚暂分居；过去一年同住月数：1个月；见面频率：每周1次
工作信息：是否从事农业/家庭农活：有；是否已办理退休：否；是否在工作：是；过去一年总工作天数：340天"
500,270402202001,基础信息：性别：女；年龄：49岁；城乡类型：农村,教育信息：教育程度：小学,婚姻信息：婚姻状况：已婚且配偶同住；过去一年与配偶同住月数：12个月；上半年独自居住天数：0天；上半年仅与配偶同住天数：12天；上半年因不与别人同住而受影响程度：0,情绪信息：生活满意度：有点满意；对子女满意度：很满意；因小事烦恼（过去一周）：少量（1–2天）；感到抑郁（过去一周）：少量（1–2天）；对未来抱有希望（过去一周）：大多数时候（5–7天）；感到孤独（过去一周）：几乎没有（<1天）；感到高兴（过去一周）：大多数时候（5–7天）；睡眠不安（过去一周）：少量（1–2天）,健康信息：自评健康状况：一般；医生诊断慢性病：胃部或其他消化系统疾病；身体疼痛程度：无；上月平均每天实际睡眠小时数：7小时；是否因健康/残疾不能工作：没问题；是否因健康/残疾不能做家事：没问题；多久接受他人帮助：从不,活动信息：高强度体力活动：否；中等强度体力活动：是；中等强度体力活动目的：锻炼；轻度体力活动：是；轻度体力活动目的：锻炼；上月活动：打麻将/下棋/打牌/去社区活动室（不规律）、参加运动/社交等俱乐部（几乎每天）,上网信息：是否使用互联网：是；上网设备：手机；上网用途：看新闻、看视频；是否用手机支付：否；是否使用微信：否,子女信息：子女总数：2个；健在子女数：2个；第1子女：是否工作/上学：工作；婚姻状况：已婚且配偶同住；过去一年同住月数：6个月；见面频率：每三月；电话/短信/微信联系频率：几乎每天；第2子女：是否工作/上学：工作；婚姻状况：已婚且配偶同住；过去一年同住月数：0个月；见面频率：每年；电话/短信/微信联系频率：每周2–3次,工作信息：是否从事农业/家庭农活：有；是否已办理退休：否；是否在工作：是；过去一年总工作天数：365天,"基础信息：性别：女；年龄：49岁；城乡类型：农村
教育信息：教育程度：小学
婚姻信息：婚姻状况：已婚且配偶同住；过去一年与配偶同住月数：12个月；上半年独自居住天数：0天；上半年仅与配偶同住天数：12天；上半年因不与别人同住而受影响程度：0
情绪信息：生活满意度：有点满意；对子女满意度：很满意；因小事烦恼（过去一周）：少量（1–2天）；感到抑郁（过去一周）：少量（1–2天）；对未来抱有希望（过去一周）：大多数时候（5–7天）；感到孤独（过去一周）：几乎没有（<1天）；感到高兴（过去一周）：大多数时候（5–7天）；睡眠不安（过去一周）：少量（1–2天）
健康信息：自评健康状况：一般；医生诊断慢性病：胃部或其他消化系统疾病；身体疼痛程度：无；上月平均每天实际睡眠小时数：7小时；是否因健康/残疾不能工作：没问题；是否因健康/残疾不能做家事：没问题；多久接受他人帮助：从不
活动信息：高强度体力活动：否；中等强度体力活动：是；中等强度体力活动目的：锻炼；轻度体力活动：是；轻度体力活动目的：锻炼；上月活动：打麻将/下棋/打牌/去社区活动室（不规律）、参加运动/社交等俱乐部（几乎每天）
上网信息：是否使用互联网：是；上网设备：手机；上网用途：看新闻、看视频；是否用手机支付：否；是否使用微信：否
子女信息：子女总数：2个；健在子女数：2个；第1子女：是否工作/上学：工作；婚姻状况：已婚且配偶同住；过去一年同住月数：6个月；见面频率：每三月；电话/短信/微信联系频率：几乎每天；第2子女：是否工作/上学：工作；婚姻状况：已婚且配偶同住；过去一年同住月数：0个月；见面频率：每年；电话/短信/微信联系频率：每周2–3次
工作信息：是否从事农业/家庭农活：有；是否已办理退休：否；是否在工作：是；过去一年总工作天数：365天"
