模型名称,ID,标准化ID,sample_pick_order,主观平均分,评估端平均分,被理解感,情绪缓解感,个性化贴合度,交流舒适度,识别层评分,理解层评分,行动层评分
deepseek_v4_flash,57457126001,57457126001,1,1.0,1.3333333333333333,1.0,1.0,1.0,1.0,1.0,1.0,2.0
deepseek_v4_flash,75376243001,75376243001,2,2.0,1.0,2.0,2.0,2.0,2.0,2.0,0.0,1.0
deepseek_v4_flash,324078110002,324078110002,3,2.0,1.6666666666666667,2.0,2.0,2.0,2.0,2.0,1.0,2.0
deepseek_v4_flash,175531118001,175531118001,4,2.5,0.6666666666666666,2.0,2.0,3.0,3.0,0.0,0.0,2.0
deepseek_v4_flash,14643113001,14643113001,5,2.5,1.6666666666666667,2.0,2.0,3.0,3.0,2.0,1.0,2.0
deepseek_v4_flash,111154127001,111154127001,6,2.0,1.6666666666666667,2.0,2.0,2.0,2.0,1.0,2.0,2.0
deepseek_v4_flash,338231328001,338231328001,7,2.25,0.6666666666666666,2.0,2.0,2.0,3.0,0.0,0.0,2.0
deepseek_v4_flash,51606117001,51606117001,8,1.0,2.0,1.0,1.0,1.0,1.0,2.0,2.0,2.0
deepseek_v4_flash,324045114001,324045114001,9,2.5,2.0,2.0,3.0,2.0,3.0,2.0,2.0,2.0
deepseek_v4_flash,18206219002,18206219002,10,2.0,1.0,2.0,2.0,2.0,2.0,0.0,1.0,2.0
deepseek_v4_flash,64604125002,64604125002,11,1.0,1.3333333333333333,1.0,1.0,1.0,1.0,0.0,2.0,2.0
deepseek_v4_flash,161159310001,161159310001,12,1.5,1.0,1.0,2.0,1.0,2.0,0.0,1.0,2.0
deepseek_v4_flash,281104130001,281104130001,13,1.25,0.6666666666666666,1.0,1.0,1.0,2.0,0.0,1.0,1.0
deepseek_v4_flash,134902123001,134902123001,14,2.0,1.6666666666666667,2.0,2.0,2.0,2.0,2.0,1.0,2.0
deepseek_v4_flash,122490220001,122490220001,15,2.0,2.0,2.0,2.0,2.0,2.0,2.0,2.0,2.0
deepseek_v4_flash,56302330002,56302330002,16,1.25,1.6666666666666667,1.0,1.0,1.0,2.0,2.0,1.0,2.0
deepseek_v4_flash,291676308001,291676308001,17,2.0,1.6666666666666667,2.0,2.0,2.0,2.0,2.0,1.0,2.0
deepseek_v4_flash,75504213002,75504213002,18,2.0,1.3333333333333333,2.0,2.0,2.0,2.0,1.0,1.0,2.0
deepseek_v4_flash,184037213001,184037213001,19,2.0,2.0,2.0,2.0,2.0,2.0,2.0,2.0,2.0
deepseek_v4_flash,154058307002,154058307002,20,2.75,2.0,3.0,2.0,3.0,3.0,2.0,2.0,2.0
deepseek_v4_flash,207406312001,207406312001,21,1.75,2.0,2.0,2.0,2.0,1.0,2.0,2.0,2.0
deepseek_v4_flash,154044202001,154044202001,22,1.5,1.0,1.0,1.0,2.0,2.0,0.0,1.0,2.0
deepseek_v4_flash,266059222001,266059222001,23,2.0,1.3333333333333333,2.0,2.0,2.0,2.0,0.0,2.0,2.0
deepseek_v4_flash,30476124001,30476124001,24,1.5,2.0,2.0,2.0,1.0,1.0,2.0,2.0,2.0
deepseek_v4_flash,135559225002,135559225002,25,1.5,1.0,2.0,2.0,1.0,1.0,1.0,1.0,1.0
deepseek_v4_flash,211176334001,211176334001,26,2.0,1.6666666666666667,2.0,2.0,2.0,2.0,1.0,2.0,2.0
deepseek_v4_flash,14031307002,14031307002,27,2.5,2.0,3.0,2.0,3.0,2.0,2.0,2.0,2.0
deepseek_v4_flash,280154309002,280154309002,28,2.0,2.0,2.0,2.0,2.0,2.0,2.0,2.0,2.0
deepseek_v4_flash,200104317001,200104317001,29,2.0,1.0,2.0,2.0,2.0,2.0,1.0,1.0,1.0
deepseek_v4_flash,34043224002,34043224002,30,2.0,1.6666666666666667,2.0,2.0,2.0,2.0,1.0,2.0,2.0
deepseek_v4_flash,105102322002,105102322002,31,1.75,1.0,2.0,2.0,2.0,1.0,0.0,1.0,2.0
deepseek_v4_flash,105102306002,105102306002,32,2.0,0.3333333333333333,2.0,2.0,2.0,2.0,0.0,0.0,1.0
deepseek_v4_flash,134902216001,134902216001,33,2.0,1.3333333333333333,2.0,2.0,2.0,2.0,1.0,1.0,2.0
deepseek_v4_flash,211176105002,211176105002,34,1.25,1.0,2.0,1.0,1.0,1.0,1.0,1.0,1.0
deepseek_v4_flash,241116202002,241116202002,35,1.25,0.6666666666666666,1.0,1.0,2.0,1.0,0.0,1.0,1.0
deepseek_v4_flash,64028317002,64028317002,36,2.0,1.3333333333333333,2.0,2.0,2.0,2.0,1.0,1.0,2.0
deepseek_v4_flash,64028314002,64028314002,37,2.0,1.6666666666666667,2.0,2.0,2.0,2.0,2.0,1.0,2.0
deepseek_v4_flash,266306205002,266306205002,38,1.0,1.0,1.0,1.0,1.0,1.0,2.0,0.0,1.0
deepseek_v4_flash,57633243002,57633243002,39,1.5,1.6666666666666667,2.0,2.0,1.0,1.0,1.0,2.0,2.0
deepseek_v4_flash,202454131002,202454131002,40,1.0,1.0,1.0,1.0,1.0,1.0,1.0,1.0,1.0
deepseek_v4_flash,153859115002,153859115002,41,2.0,0.6666666666666666,2.0,2.0,2.0,2.0,0.0,1.0,1.0
deepseek_v4_flash,64028310001,64028310001,42,1.0,1.3333333333333333,1.0,1.0,1.0,1.0,2.0,0.0,2.0
deepseek_v4_flash,158278201002,158278201002,43,2.0,1.6666666666666667,2.0,2.0,2.0,2.0,2.0,1.0,2.0
deepseek_v4_flash,150478205001,150478205001,44,2.25,1.6666666666666667,2.0,2.0,2.0,3.0,2.0,1.0,2.0
deepseek_v4_flash,281104122003,281104122003,45,1.75,1.6666666666666667,2.0,2.0,2.0,1.0,2.0,2.0,1.0
deepseek_v4_flash,110131321002,110131321002,46,1.5,1.0,2.0,1.0,2.0,1.0,0.0,1.0,2.0
deepseek_v4_flash,298245106002,298245106002,47,2.0,1.6666666666666667,2.0,2.0,2.0,2.0,2.0,1.0,2.0
deepseek_v4_flash,266059305001,266059305001,48,2.0,1.3333333333333333,2.0,2.0,2.0,2.0,1.0,1.0,2.0
deepseek_v4_flash,54054110001,54054110001,49,2.5,1.3333333333333333,2.0,2.0,3.0,3.0,2.0,0.0,2.0
deepseek_v4_flash,338231202001,338231202001,50,2.0,1.3333333333333333,2.0,2.0,2.0,2.0,2.0,0.0,2.0
deepseek_v4_flash,10206118001,10206118001,51,2.0,1.3333333333333333,2.0,2.0,2.0,2.0,1.0,1.0,2.0
deepseek_v4_flash,244676309001,244676309001,52,2.75,2.0,3.0,3.0,3.0,2.0,2.0,2.0,2.0
deepseek_v4_flash,10233105002,10233105002,53,2.25,2.0,3.0,2.0,2.0,2.0,2.0,2.0,2.0
deepseek_v4_flash,320146222002,320146222002,54,2.0,1.6666666666666667,2.0,2.0,2.0,2.0,1.0,2.0,2.0
deepseek_v4_flash,280154108002,280154108002,55,2.0,0.6666666666666666,2.0,2.0,2.0,2.0,0.0,0.0,2.0
deepseek_v4_flash,294099132002,294099132002,56,1.5,1.3333333333333333,1.0,2.0,1.0,2.0,2.0,0.0,2.0
deepseek_v4_flash,151156320002,151156320002,57,2.0,1.6666666666666667,2.0,2.0,2.0,2.0,2.0,2.0,1.0
deepseek_v4_flash,296081302001,296081302001,58,2.25,1.6666666666666667,2.0,2.0,2.0,3.0,2.0,1.0,2.0
deepseek_v4_flash,65546103002,65546103002,59,2.0,2.0,2.0,2.0,2.0,2.0,2.0,2.0,2.0
deepseek_v4_flash,154058321002,154058321002,60,2.0,1.6666666666666667,2.0,2.0,2.0,2.0,1.0,2.0,2.0
deepseek_v4_flash,14051113002,14051113002,61,1.25,1.6666666666666667,2.0,1.0,1.0,1.0,2.0,2.0,1.0
deepseek_v4_flash,75504205002,75504205002,62,2.0,2.0,2.0,2.0,2.0,2.0,2.0,2.0,2.0
deepseek_v4_flash,154628117001,154628117001,63,2.0,2.0,2.0,2.0,2.0,2.0,2.0,2.0,2.0
deepseek_v4_flash,162431111003,162431111003,64,1.75,1.6666666666666667,2.0,2.0,2.0,1.0,2.0,1.0,2.0
deepseek_v4_flash,320146132002,320146132002,65,2.5,2.0,3.0,2.0,3.0,2.0,2.0,2.0,2.0
deepseek_v4_flash,104004221001,104004221001,66,2.0,1.3333333333333333,2.0,2.0,2.0,2.0,1.0,1.0,2.0
deepseek_v4_flash,205304214001,205304214001,67,1.75,1.3333333333333333,2.0,1.0,2.0,2.0,2.0,0.0,2.0
deepseek_v4_flash,204028208001,204028208001,68,2.0,1.0,2.0,2.0,2.0,2.0,2.0,0.0,1.0
deepseek_v4_flash,122490104002,122490104002,69,2.0,2.0,3.0,2.0,2.0,1.0,2.0,2.0,2.0
deepseek_v4_flash,30476203001,30476203001,70,2.0,1.0,2.0,2.0,2.0,2.0,1.0,1.0,1.0
deepseek_v4_flash,280154302001,280154302001,71,2.0,1.3333333333333333,2.0,2.0,2.0,2.0,1.0,1.0,2.0
deepseek_v4_flash,108206101002,108206101002,72,2.0,2.0,2.0,2.0,2.0,2.0,2.0,2.0,2.0
deepseek_v4_flash,56346322001,56346322001,73,1.0,2.0,1.0,1.0,1.0,1.0,2.0,2.0,2.0
deepseek_v4_flash,135559225002,135559225002,74,2.5,2.0,3.0,2.0,3.0,2.0,2.0,2.0,2.0
deepseek_v4_flash,138202125002,138202125002,75,2.0,1.6666666666666667,2.0,2.0,2.0,2.0,1.0,2.0,2.0
deepseek_v4_flash,60440205001,60440205001,76,2.0,1.0,2.0,2.0,2.0,2.0,1.0,1.0,1.0
deepseek_v4_flash,141154325001,141154325001,77,2.5,1.6666666666666667,3.0,3.0,2.0,2.0,2.0,1.0,2.0
deepseek_v4_flash,74631307001,74631307001,78,1.5,1.6666666666666667,2.0,1.0,2.0,1.0,2.0,2.0,1.0
deepseek_v4_flash,280154331001,280154331001,79,2.0,1.6666666666666667,2.0,2.0,2.0,2.0,2.0,2.0,1.0
deepseek_v4_flash,321116113001,321116113001,80,2.0,2.0,2.0,2.0,2.0,2.0,2.0,2.0,2.0
deepseek_v4_flash,116006312001,116006312001,81,2.0,1.6666666666666667,2.0,2.0,2.0,2.0,2.0,1.0,2.0
deepseek_v4_flash,184037219001,184037219001,82,2.0,1.3333333333333333,2.0,2.0,2.0,2.0,2.0,0.0,2.0
deepseek_v4_flash,64033334001,64033334001,83,2.0,2.0,2.0,2.0,2.0,2.0,2.0,2.0,2.0
deepseek_v4_flash,150478210001,150478210001,84,2.0,0.6666666666666666,2.0,2.0,2.0,2.0,0.0,1.0,1.0
deepseek_v4_flash,151156311001,151156311001,85,2.0,1.6666666666666667,2.0,2.0,2.0,2.0,2.0,2.0,1.0
deepseek_v4_flash,271806118001,271806118001,86,2.0,1.0,2.0,2.0,2.0,2.0,1.0,1.0,1.0
deepseek_v4_flash,60481225002,60481225002,87,2.0,1.3333333333333333,2.0,2.0,2.0,2.0,1.0,1.0,2.0
deepseek_v4_flash,141154206002,141154206002,88,1.75,1.6666666666666667,2.0,2.0,2.0,1.0,2.0,1.0,2.0
deepseek_v4_flash,94004111001,94004111001,89,2.25,2.0,2.0,3.0,2.0,2.0,2.0,2.0,2.0
deepseek_v4_flash,326359105002,326359105002,90,1.0,1.0,1.0,1.0,1.0,1.0,1.0,1.0,1.0
deepseek_v4_flash,202454134001,202454134001,91,2.0,2.0,2.0,2.0,2.0,2.0,2.0,2.0,2.0
deepseek_v4_flash,124099315002,124099315002,92,1.5,1.3333333333333333,2.0,1.0,2.0,1.0,1.0,2.0,1.0
deepseek_v4_flash,134004112002,134004112002,93,2.0,1.3333333333333333,2.0,2.0,2.0,2.0,1.0,1.0,2.0
deepseek_v4_flash,275559307001,275559307001,94,1.75,1.6666666666666667,2.0,1.0,2.0,2.0,2.0,1.0,2.0
deepseek_v4_flash,271806130001,271806130001,95,2.75,2.0,3.0,2.0,3.0,3.0,2.0,2.0,2.0
deepseek_v4_flash,64028102001,64028102001,96,2.0,1.3333333333333333,2.0,2.0,2.0,2.0,0.0,2.0,2.0
deepseek_v4_flash,281116308001,281116308001,97,2.25,2.0,2.0,2.0,2.0,3.0,2.0,2.0,2.0
deepseek_v4_flash,275559318001,275559318001,98,2.0,1.6666666666666667,2.0,2.0,2.0,2.0,2.0,1.0,2.0
deepseek_v4_flash,65546119001,65546119001,99,1.75,2.0,2.0,2.0,2.0,1.0,2.0,2.0,2.0
deepseek_v4_flash,205304101002,205304101002,100,2.0,2.0,2.0,2.0,2.0,2.0,2.0,2.0,2.0
deepseek_v4_flash,241116332002,241116332002,101,2.5,2.0,3.0,2.0,3.0,2.0,2.0,2.0,2.0
deepseek_v4_flash,64033129001,64033129001,102,1.5,0.6666666666666666,2.0,2.0,1.0,1.0,0.0,1.0,1.0
deepseek_v4_flash,110131213002,110131213002,103,1.0,0.0,1.0,1.0,1.0,1.0,0.0,0.0,0.0
deepseek_v4_flash,262728314002,262728314002,104,1.5,1.6666666666666667,2.0,2.0,1.0,1.0,2.0,1.0,2.0
deepseek_v4_flash,241116221001,241116221001,105,2.5,2.0,3.0,3.0,2.0,2.0,2.0,2.0,2.0
deepseek_v4_flash,275559328001,275559328001,106,1.75,2.0,2.0,2.0,1.0,2.0,2.0,2.0,2.0
deepseek_v4_flash,54054108002,54054108002,107,3.0,0.0,3.0,3.0,3.0,3.0,0.0,0.0,0.0
deepseek_v4_flash,154044310001,154044310001,108,2.0,2.0,2.0,2.0,2.0,2.0,2.0,2.0,2.0
deepseek_v4_flash,270402209001,270402209001,109,2.5,2.0,3.0,3.0,2.0,2.0,2.0,2.0,2.0
deepseek_v4_flash,58202220001,58202220001,110,2.0,1.3333333333333333,2.0,2.0,2.0,2.0,1.0,1.0,2.0
deepseek_v4_flash,65546218001,65546218001,111,2.25,1.6666666666666667,3.0,2.0,2.0,2.0,2.0,1.0,2.0
deepseek_v4_flash,138202135001,138202135001,112,2.75,0.6666666666666666,3.0,2.0,3.0,3.0,0.0,0.0,2.0
deepseek_v4_flash,112744316002,112744316002,113,2.0,2.0,2.0,2.0,2.0,2.0,2.0,2.0,2.0
deepseek_v4_flash,74057123001,74057123001,114,1.5,1.0,2.0,2.0,1.0,1.0,0.0,1.0,2.0
deepseek_v4_flash,10206323002,10206323002,115,2.0,2.0,2.0,2.0,2.0,2.0,2.0,2.0,2.0
deepseek_v4_flash,74002116002,74002116002,116,2.0,1.6666666666666667,2.0,2.0,2.0,2.0,1.0,2.0,2.0
deepseek_v4_flash,241116304002,241116304002,117,2.0,1.0,2.0,2.0,2.0,2.0,0.0,1.0,2.0
deepseek_v4_flash,142403341002,142403341002,118,2.0,1.3333333333333333,2.0,2.0,2.0,2.0,2.0,0.0,2.0
deepseek_v4_flash,56604129001,56604129001,119,2.0,1.6666666666666667,2.0,2.0,2.0,2.0,2.0,1.0,2.0
deepseek_v4_flash,72428222002,72428222002,120,2.25,2.0,2.0,2.0,2.0,3.0,2.0,2.0,2.0
deepseek_v4_flash,141154304002,141154304002,121,2.0,2.0,2.0,2.0,2.0,2.0,2.0,2.0,2.0
deepseek_v4_flash,294099231003,294099231003,122,2.0,0.6666666666666666,2.0,2.0,2.0,2.0,0.0,1.0,1.0
deepseek_v4_flash,34043123001,34043123001,123,2.0,1.3333333333333333,2.0,2.0,2.0,2.0,2.0,0.0,2.0
deepseek_v4_flash,274951110001,274951110001,124,1.5,0.0,2.0,1.0,2.0,1.0,0.0,0.0,0.0
deepseek_v4_flash,34676116002,34676116002,125,1.75,1.0,2.0,2.0,2.0,1.0,0.0,2.0,1.0
deepseek_v4_flash,175531321001,175531321001,126,2.0,2.0,2.0,2.0,2.0,2.0,2.0,2.0,2.0
deepseek_v4_flash,321131210001,321131210001,127,1.75,1.0,2.0,2.0,2.0,1.0,0.0,1.0,2.0
deepseek_v4_flash,241116320001,241116320001,128,2.25,2.0,3.0,2.0,2.0,2.0,2.0,2.0,2.0
deepseek_v4_flash,244056227001,244056227001,129,1.0,0.0,1.0,1.0,1.0,1.0,0.0,0.0,0.0
deepseek_v4_flash,74002112001,74002112001,130,2.0,1.3333333333333333,2.0,2.0,2.0,2.0,0.0,2.0,2.0
deepseek_v4_flash,154058310002,154058310002,131,1.25,1.3333333333333333,1.0,1.0,1.0,2.0,2.0,0.0,2.0
deepseek_v4_flash,266059202002,266059202002,132,2.0,0.3333333333333333,2.0,2.0,2.0,2.0,0.0,0.0,1.0
deepseek_v4_flash,184037201002,184037201002,133,2.0,1.6666666666666667,2.0,2.0,2.0,2.0,2.0,1.0,2.0
deepseek_v4_flash,211154232001,211154232001,134,2.5,2.0,3.0,3.0,2.0,2.0,2.0,2.0,2.0
deepseek_v4_flash,345233228002,345233228002,135,2.25,2.0,2.0,2.0,2.0,3.0,2.0,2.0,2.0
deepseek_v4_flash,116006116001,116006116001,136,2.0,0.0,2.0,2.0,2.0,2.0,0.0,0.0,0.0
deepseek_v4_flash,266059204001,266059204001,137,2.0,2.0,2.0,2.0,2.0,2.0,2.0,2.0,2.0
deepseek_v4_flash,10233105002,10233105002,138,1.5,1.6666666666666667,2.0,2.0,1.0,1.0,1.0,2.0,2.0
deepseek_v4_flash,298245316002,298245316002,139,1.5,0.0,1.0,2.0,2.0,1.0,0.0,0.0,0.0
deepseek_v4_flash,296081233002,296081233002,140,2.0,2.0,2.0,2.0,2.0,2.0,2.0,2.0,2.0
deepseek_v4_flash,296081115001,296081115001,141,1.0,1.3333333333333333,1.0,1.0,1.0,1.0,2.0,0.0,2.0
deepseek_v4_flash,60440124001,60440124001,142,3.0,1.6666666666666667,3.0,3.0,3.0,3.0,1.0,2.0,2.0
deepseek_v4_flash,194037336001,194037336001,143,2.0,2.0,2.0,2.0,2.0,2.0,2.0,2.0,2.0
deepseek_v4_flash,202454220001,202454220001,144,2.0,2.0,2.0,2.0,2.0,2.0,2.0,2.0,2.0
deepseek_v4_flash,153859111002,153859111002,145,1.75,0.0,2.0,2.0,1.0,2.0,0.0,0.0,0.0
deepseek_v4_flash,14031322002,14031322002,146,1.5,1.6666666666666667,2.0,1.0,2.0,1.0,2.0,2.0,1.0
deepseek_v4_flash,347763115002,347763115002,147,2.0,0.6666666666666666,2.0,2.0,2.0,2.0,0.0,1.0,1.0
deepseek_v4_flash,347763302001,347763302001,148,1.75,2.0,2.0,1.0,2.0,2.0,2.0,2.0,2.0
deepseek_v4_flash,261676110002,261676110002,149,2.0,2.0,2.0,2.0,2.0,2.0,2.0,2.0,2.0
deepseek_v4_flash,295331315002,295331315002,150,2.25,1.3333333333333333,2.0,3.0,2.0,2.0,2.0,0.0,2.0
deepseek_v4_flash,175531322002,175531322002,151,2.75,0.6666666666666666,3.0,2.0,3.0,3.0,0.0,0.0,2.0
deepseek_v4_flash,294028325002,294028325002,152,2.0,1.6666666666666667,2.0,2.0,2.0,2.0,2.0,1.0,2.0
deepseek_v4_flash,244056210002,244056210002,153,1.0,1.0,1.0,1.0,1.0,1.0,2.0,0.0,1.0
deepseek_v4_flash,244056306002,244056306002,154,1.25,1.6666666666666667,1.0,1.0,2.0,1.0,2.0,2.0,1.0
deepseek_v4_flash,184037216001,184037216001,155,2.0,1.3333333333333333,2.0,2.0,2.0,2.0,1.0,1.0,2.0
deepseek_v4_flash,211176120002,211176120002,156,2.0,2.0,2.0,2.0,2.0,2.0,2.0,2.0,2.0
deepseek_v4_flash,154058209001,154058209001,157,2.0,1.3333333333333333,2.0,2.0,2.0,2.0,0.0,2.0,2.0
deepseek_v4_flash,151156109002,151156109002,158,2.0,1.6666666666666667,2.0,2.0,2.0,2.0,1.0,2.0,2.0
deepseek_v4_flash,288251231001,288251231001,159,2.0,1.6666666666666667,2.0,2.0,2.0,2.0,2.0,1.0,2.0
deepseek_v4_flash,150478113001,150478113001,160,1.75,2.0,2.0,2.0,2.0,1.0,2.0,2.0,2.0
deepseek_v4_flash,111154107001,111154107001,161,2.0,0.3333333333333333,2.0,2.0,2.0,2.0,0.0,0.0,1.0
deepseek_v4_flash,14643316002,14643316002,162,1.75,2.0,2.0,2.0,2.0,1.0,2.0,2.0,2.0
deepseek_v4_flash,296331123002,296331123002,163,2.5,2.0,2.0,3.0,2.0,3.0,2.0,2.0,2.0
deepseek_v4_flash,134902222002,134902222002,164,2.0,2.0,2.0,2.0,2.0,2.0,2.0,2.0,2.0
deepseek_v4_flash,134902306001,134902306001,165,2.0,1.3333333333333333,2.0,2.0,2.0,2.0,2.0,0.0,2.0
deepseek_v4_flash,321116307002,321116307002,166,2.25,2.0,2.0,3.0,2.0,2.0,2.0,2.0,2.0
deepseek_v4_flash,265359333002,265359333002,167,2.75,1.0,3.0,3.0,2.0,3.0,0.0,1.0,2.0
deepseek_v4_flash,275559214002,275559214002,168,2.0,2.0,2.0,2.0,2.0,2.0,2.0,2.0,2.0
deepseek_v4_flash,104004216002,104004216002,169,3.0,2.0,3.0,3.0,3.0,3.0,2.0,2.0,2.0
deepseek_v4_flash,58659336002,58659336002,170,1.0,1.0,1.0,1.0,1.0,1.0,2.0,0.0,1.0
deepseek_v4_flash,174643308001,174643308001,171,2.0,1.3333333333333333,2.0,2.0,2.0,2.0,2.0,1.0,1.0
deepseek_v4_flash,30476203002,30476203002,172,2.0,1.3333333333333333,2.0,2.0,2.0,2.0,2.0,0.0,2.0
deepseek_v4_flash,161159216001,161159216001,173,2.25,1.6666666666666667,2.0,2.0,2.0,3.0,2.0,1.0,2.0
deepseek_v4_flash,296081128002,296081128002,174,2.5,2.0,3.0,2.0,3.0,2.0,2.0,2.0,2.0
deepseek_v4_flash,56043123001,56043123001,175,1.0,1.3333333333333333,1.0,1.0,1.0,1.0,2.0,0.0,2.0
deepseek_v4_flash,334631128001,334631128001,176,2.0,1.3333333333333333,2.0,2.0,2.0,2.0,1.0,1.0,2.0
deepseek_v4_flash,175531212002,175531212002,177,2.75,1.0,3.0,3.0,3.0,2.0,0.0,1.0,2.0
deepseek_v4_flash,56302136001,56302136001,178,2.0,2.0,2.0,2.0,2.0,2.0,2.0,2.0,2.0
deepseek_v4_flash,134902327001,134902327001,179,2.5,2.0,3.0,2.0,3.0,2.0,2.0,2.0,2.0
deepseek_v4_flash,74981218001,74981218001,180,1.0,0.6666666666666666,1.0,1.0,1.0,1.0,0.0,0.0,2.0
deepseek_v4_flash,177402120001,177402120001,181,2.0,1.0,2.0,2.0,2.0,2.0,0.0,1.0,2.0
deepseek_v4_flash,154058322001,154058322001,182,2.0,2.0,2.0,2.0,2.0,2.0,2.0,2.0,2.0
deepseek_v4_flash,177402135002,177402135002,183,2.0,0.0,2.0,2.0,2.0,2.0,0.0,0.0,0.0
deepseek_v4_flash,151156318001,151156318001,184,2.0,1.6666666666666667,2.0,2.0,2.0,2.0,2.0,1.0,2.0
deepseek_v4_flash,347763304002,347763304002,185,2.25,1.3333333333333333,2.0,2.0,2.0,3.0,1.0,1.0,2.0
deepseek_v4_flash,65546132001,65546132001,186,2.0,1.3333333333333333,2.0,2.0,2.0,2.0,2.0,0.0,2.0
deepseek_v4_flash,296081138001,296081138001,187,2.0,2.0,2.0,2.0,2.0,2.0,2.0,2.0,2.0
deepseek_v4_flash,57633117002,57633117002,188,1.75,1.3333333333333333,2.0,2.0,2.0,1.0,2.0,0.0,2.0
deepseek_v4_flash,296006201002,296006201002,189,2.25,0.0,2.0,2.0,3.0,2.0,0.0,0.0,0.0
deepseek_v4_flash,112744211002,112744211002,190,2.75,1.0,3.0,2.0,3.0,3.0,0.0,1.0,2.0
deepseek_v4_flash,162431228001,162431228001,191,2.0,2.0,2.0,2.0,2.0,2.0,2.0,2.0,2.0
deepseek_v4_flash,241116116001,241116116001,192,2.0,0.6666666666666666,2.0,2.0,2.0,2.0,0.0,0.0,2.0
deepseek_v4_flash,168231321002,168231321002,193,1.75,1.3333333333333333,1.0,2.0,2.0,2.0,2.0,0.0,2.0
deepseek_v4_flash,330131314001,330131314001,194,1.75,1.3333333333333333,2.0,1.0,2.0,2.0,2.0,0.0,2.0
deepseek_v4_flash,64604310002,64604310002,195,2.0,1.3333333333333333,2.0,2.0,2.0,2.0,0.0,2.0,2.0
deepseek_v4_flash,324078327001,324078327001,196,2.0,2.0,2.0,2.0,2.0,2.0,2.0,2.0,2.0
deepseek_v4_flash,241116129001,241116129001,197,2.0,1.6666666666666667,2.0,2.0,2.0,2.0,2.0,1.0,2.0
deepseek_v4_flash,324045138002,324045138002,198,2.0,1.0,2.0,2.0,2.0,2.0,0.0,1.0,2.0
deepseek_v4_flash,175531317002,175531317002,199,2.0,0.6666666666666666,2.0,2.0,2.0,2.0,0.0,1.0,1.0
deepseek_v4_flash,297439202001,297439202001,200,2.0,2.0,2.0,2.0,2.0,2.0,2.0,2.0,2.0
deepseek_v4_flash,330102318002,330102318002,201,2.0,2.0,2.0,2.0,2.0,2.0,2.0,2.0,2.0
deepseek_v4_flash,296081128001,296081128001,202,2.0,2.0,2.0,2.0,2.0,2.0,2.0,2.0,2.0
deepseek_v4_flash,321116208002,321116208002,203,3.0,0.6666666666666666,3.0,3.0,3.0,3.0,0.0,0.0,2.0
deepseek_v4_flash,321659309002,321659309002,204,1.25,2.0,1.0,1.0,1.0,2.0,2.0,2.0,2.0
deepseek_v4_flash,261676239001,261676239001,205,2.0,0.6666666666666666,2.0,2.0,2.0,2.0,0.0,0.0,2.0
deepseek_v4_flash,78233308001,78233308001,206,1.0,0.6666666666666666,1.0,1.0,1.0,1.0,0.0,1.0,1.0
deepseek_v4_flash,117489210001,117489210001,207,1.0,0.0,1.0,1.0,1.0,1.0,0.0,0.0,0.0
deepseek_v4_flash,116006208001,116006208001,208,1.0,1.6666666666666667,1.0,1.0,1.0,1.0,1.0,2.0,2.0
deepseek_v4_flash,110131308002,110131308002,209,2.0,1.3333333333333333,1.0,2.0,2.0,3.0,2.0,0.0,2.0
deepseek_v4_flash,204906235001,204906235001,210,1.25,1.0,1.0,1.0,1.0,2.0,1.0,0.0,2.0
deepseek_v4_flash,122490107002,122490107002,211,2.25,2.0,2.0,2.0,2.0,3.0,2.0,2.0,2.0
deepseek_v4_flash,202454119001,202454119001,212,1.0,0.6666666666666666,1.0,1.0,1.0,1.0,0.0,1.0,1.0
deepseek_v4_flash,281104122001,281104122001,213,1.0,2.0,1.0,1.0,1.0,1.0,2.0,2.0,2.0
deepseek_v4_flash,60481225001,60481225001,214,1.0,2.0,1.0,1.0,1.0,1.0,2.0,2.0,2.0
deepseek_v4_flash,184037316002,184037316002,215,1.5,2.0,1.0,1.0,2.0,2.0,2.0,2.0,2.0
deepseek_v4_flash,134004327001,134004327001,216,2.0,2.0,2.0,2.0,2.0,2.0,2.0,2.0,2.0
deepseek_v4_flash,326346326002,326346326002,217,2.0,2.0,2.0,2.0,2.0,2.0,2.0,2.0,2.0
deepseek_v4_flash,56059316001,56059316001,218,1.0,1.3333333333333333,1.0,1.0,1.0,1.0,0.0,2.0,2.0
deepseek_v4_flash,158278316001,158278316001,219,1.0,2.0,1.0,1.0,1.0,1.0,2.0,2.0,2.0
deepseek_v4_flash,324681112001,324681112001,220,,2.0,,,,,2.0,2.0,2.0
deepseek_v4_flash,10451307002,10451307002,221,,1.3333333333333333,,,,,2.0,0.0,2.0
deepseek_v4_flash,111154234001,111154234001,222,,1.0,,,,,0.0,1.0,2.0
deepseek_v4_flash,122490332001,122490332001,223,1.0,2.0,1.0,1.0,1.0,1.0,2.0,2.0,2.0
deepseek_v4_flash,262728314002,262728314002,224,1.0,1.0,1.0,1.0,1.0,1.0,0.0,1.0,2.0
deepseek_v4_flash,57457105001,57457105001,225,1.0,0.3333333333333333,1.0,1.0,1.0,1.0,0.0,0.0,1.0
deepseek_v4_flash,184037118001,184037118001,226,,0.3333333333333333,,,,,0.0,0.0,1.0
deepseek_v4_flash,294099321001,294099321001,227,1.5,1.0,1.0,1.0,2.0,2.0,0.0,1.0,2.0
deepseek_v4_flash,265359305001,265359305001,228,1.0,1.3333333333333333,1.0,1.0,1.0,1.0,1.0,1.0,2.0
deepseek_v4_flash,162431203001,162431203001,229,1.0,2.0,1.0,1.0,1.0,1.0,2.0,2.0,2.0
deepseek_v4_flash,10104310001,10104310001,230,1.0,2.0,1.0,1.0,1.0,1.0,2.0,2.0,2.0
deepseek_v4_flash,271806309001,271806309001,231,1.0,1.0,1.0,1.0,1.0,1.0,0.0,1.0,2.0
deepseek_v4_flash,154676127001,154676127001,232,2.0,1.3333333333333333,2.0,2.0,2.0,2.0,2.0,0.0,2.0
deepseek_v4_flash,265576234002,265576234002,233,1.0,2.0,1.0,1.0,1.0,1.0,2.0,2.0,2.0
deepseek_v4_flash,65546306002,65546306002,234,1.0,2.0,1.0,1.0,1.0,1.0,2.0,2.0,2.0
deepseek_v4_flash,334002302001,334002302001,235,2.25,1.0,2.0,2.0,3.0,2.0,0.0,1.0,2.0
deepseek_v4_flash,271806301002,271806301002,236,1.0,1.0,1.0,1.0,1.0,1.0,0.0,1.0,2.0
deepseek_v4_flash,14643121001,14643121001,237,1.0,1.3333333333333333,1.0,1.0,1.0,1.0,1.0,1.0,2.0
deepseek_v4_flash,154058312001,154058312001,238,2.25,1.0,2.0,2.0,2.0,3.0,0.0,1.0,2.0
deepseek_v4_flash,54054211001,54054211001,239,1.0,2.0,1.0,1.0,1.0,1.0,2.0,2.0,2.0
deepseek_v4_flash,338231228001,338231228001,240,2.5,2.0,2.0,2.0,3.0,3.0,2.0,2.0,2.0
deepseek_v4_flash,330102222003,330102222003,241,1.0,0.0,1.0,1.0,1.0,1.0,0.0,0.0,0.0
deepseek_v4_flash,274951108001,274951108001,242,1.5,1.6666666666666667,1.0,2.0,1.0,2.0,1.0,2.0,2.0
deepseek_v4_flash,74981206001,74981206001,243,,2.0,,,,,2.0,2.0,2.0
deepseek_v4_flash,154044136002,154044136002,244,2.0,0.6666666666666666,2.0,2.0,2.0,2.0,0.0,0.0,2.0
deepseek_v4_flash,134902229001,134902229001,245,1.0,2.0,1.0,1.0,1.0,1.0,2.0,2.0,2.0
deepseek_v4_flash,74004305001,74004305001,246,,1.6666666666666667,,,,,2.0,1.0,2.0
deepseek_v4_flash,296006236002,296006236002,247,2.25,0.0,2.0,2.0,2.0,3.0,0.0,0.0,0.0
deepseek_v4_pro,57457126001,57457126001,1,1.75,1.3333333333333333,1.0,2.0,2.0,2.0,1.0,1.0,2.0
deepseek_v4_pro,75376243001,75376243001,2,1.0,0.0,1.0,1.0,1.0,1.0,0.0,0.0,0.0
deepseek_v4_pro,324078110002,324078110002,3,1.0,2.0,1.0,1.0,1.0,1.0,2.0,2.0,2.0
deepseek_v4_pro,175531118001,175531118001,4,2.0,1.0,2.0,2.0,2.0,2.0,0.0,1.0,2.0
deepseek_v4_pro,14643113001,14643113001,5,2.0,2.0,2.0,2.0,2.0,2.0,2.0,2.0,2.0
deepseek_v4_pro,111154127001,111154127001,6,2.0,2.0,2.0,2.0,2.0,2.0,2.0,2.0,2.0
deepseek_v4_pro,338231328001,338231328001,7,2.5,0.6666666666666666,2.0,3.0,2.0,3.0,0.0,0.0,2.0
deepseek_v4_pro,51606117001,51606117001,8,3.0,2.0,3.0,3.0,3.0,3.0,2.0,2.0,2.0
deepseek_v4_pro,324045114001,324045114001,9,1.25,2.0,1.0,1.0,1.0,2.0,2.0,2.0,2.0
deepseek_v4_pro,18206219002,18206219002,10,3.0,1.3333333333333333,3.0,3.0,3.0,3.0,0.0,2.0,2.0
deepseek_v4_pro,64604125002,64604125002,11,1.25,0.0,1.0,1.0,1.0,2.0,0.0,0.0,0.0
deepseek_v4_pro,161159310001,161159310001,12,2.0,1.0,2.0,2.0,2.0,2.0,0.0,1.0,2.0
deepseek_v4_pro,281104130001,281104130001,13,2.5,0.0,2.0,3.0,2.0,3.0,0.0,0.0,0.0
deepseek_v4_pro,134902123001,134902123001,14,1.0,2.0,1.0,1.0,1.0,1.0,2.0,2.0,2.0
deepseek_v4_pro,122490220001,122490220001,15,2.0,1.3333333333333333,2.0,2.0,2.0,2.0,1.0,1.0,2.0
deepseek_v4_pro,56302330002,56302330002,16,2.0,1.6666666666666667,2.0,2.0,2.0,2.0,2.0,2.0,1.0
deepseek_v4_pro,291676308001,291676308001,17,2.0,2.0,2.0,2.0,2.0,2.0,2.0,2.0,2.0
deepseek_v4_pro,75504213002,75504213002,18,2.0,1.3333333333333333,2.0,2.0,2.0,2.0,2.0,0.0,2.0
deepseek_v4_pro,184037213001,184037213001,19,2.0,2.0,2.0,2.0,2.0,2.0,2.0,2.0,2.0
deepseek_v4_pro,154058307002,154058307002,20,2.5,1.6666666666666667,2.0,3.0,2.0,3.0,1.0,2.0,2.0
deepseek_v4_pro,207406312001,207406312001,21,1.5,1.6666666666666667,1.0,2.0,1.0,2.0,2.0,1.0,2.0
deepseek_v4_pro,154044202001,154044202001,22,1.5,1.0,1.0,2.0,1.0,2.0,0.0,1.0,2.0
deepseek_v4_pro,266059222001,266059222001,23,1.0,0.3333333333333333,1.0,1.0,1.0,1.0,0.0,0.0,1.0
deepseek_v4_pro,30476124001,30476124001,24,2.0,2.0,2.0,2.0,2.0,2.0,2.0,2.0,2.0
deepseek_v4_pro,135559225002,135559225002,25,1.25,1.6666666666666667,1.0,1.0,1.0,2.0,2.0,1.0,2.0
deepseek_v4_pro,211176334001,211176334001,26,1.0,1.6666666666666667,1.0,1.0,1.0,1.0,1.0,2.0,2.0
deepseek_v4_pro,14031307002,14031307002,27,2.0,2.0,2.0,2.0,2.0,2.0,2.0,2.0,2.0
deepseek_v4_pro,280154309002,280154309002,28,3.0,1.3333333333333333,3.0,3.0,3.0,3.0,0.0,2.0,2.0
deepseek_v4_pro,200104317001,200104317001,29,2.75,2.0,3.0,2.0,3.0,3.0,2.0,2.0,2.0
deepseek_v4_pro,34043224002,34043224002,30,1.5,1.0,1.0,1.0,2.0,2.0,0.0,1.0,2.0
deepseek_v4_pro,105102322002,105102322002,31,1.25,1.0,1.0,1.0,1.0,2.0,0.0,1.0,2.0
deepseek_v4_pro,105102306002,105102306002,32,2.25,0.6666666666666666,2.0,2.0,2.0,3.0,0.0,0.0,2.0
deepseek_v4_pro,134902216001,134902216001,33,1.75,2.0,1.0,2.0,2.0,2.0,2.0,2.0,2.0
deepseek_v4_pro,211176105002,211176105002,34,2.25,1.6666666666666667,2.0,2.0,2.0,3.0,1.0,2.0,2.0
deepseek_v4_pro,241116202002,241116202002,35,2.0,1.3333333333333333,2.0,2.0,2.0,2.0,0.0,2.0,2.0
deepseek_v4_pro,64028317002,64028317002,36,2.0,2.0,2.0,2.0,2.0,2.0,2.0,2.0,2.0
deepseek_v4_pro,64028314002,64028314002,37,2.25,2.0,2.0,2.0,2.0,3.0,2.0,2.0,2.0
deepseek_v4_pro,266306205002,266306205002,38,2.0,0.0,2.0,2.0,2.0,2.0,0.0,0.0,0.0
deepseek_v4_pro,57633243002,57633243002,39,2.0,1.6666666666666667,2.0,2.0,2.0,2.0,1.0,2.0,2.0
deepseek_v4_pro,202454131002,202454131002,40,2.0,1.6666666666666667,2.0,2.0,2.0,2.0,2.0,1.0,2.0
deepseek_v4_pro,153859115002,153859115002,41,1.0,,1.0,1.0,1.0,1.0,,,
deepseek_v4_pro,64028310001,64028310001,42,1.0,1.0,1.0,1.0,1.0,1.0,0.0,1.0,2.0
deepseek_v4_pro,158278201002,158278201002,43,1.75,2.0,2.0,2.0,2.0,1.0,2.0,2.0,2.0
deepseek_v4_pro,150478205001,150478205001,44,2.0,1.6666666666666667,2.0,2.0,2.0,2.0,2.0,1.0,2.0
deepseek_v4_pro,281104122003,281104122003,45,2.75,2.0,2.0,3.0,3.0,3.0,2.0,2.0,2.0
deepseek_v4_pro,110131321002,110131321002,46,2.5,1.0,2.0,2.0,3.0,3.0,0.0,1.0,2.0
deepseek_v4_pro,298245106002,298245106002,47,2.25,1.6666666666666667,2.0,2.0,2.0,3.0,2.0,1.0,2.0
deepseek_v4_pro,266059305001,266059305001,48,2.0,1.3333333333333333,1.0,2.0,2.0,3.0,1.0,1.0,2.0
deepseek_v4_pro,54054110001,54054110001,49,1.25,1.3333333333333333,1.0,1.0,1.0,2.0,2.0,0.0,2.0
deepseek_v4_pro,338231202001,338231202001,50,1.75,1.3333333333333333,1.0,2.0,2.0,2.0,2.0,0.0,2.0
deepseek_v4_pro,10206118001,10206118001,51,2.25,1.6666666666666667,2.0,2.0,2.0,3.0,1.0,2.0,2.0
deepseek_v4_pro,244676309001,244676309001,52,2.0,2.0,2.0,2.0,2.0,2.0,2.0,2.0,2.0
deepseek_v4_pro,10233105002,10233105002,53,2.0,2.0,2.0,2.0,2.0,2.0,2.0,2.0,2.0
deepseek_v4_pro,320146222002,320146222002,54,2.0,2.0,2.0,2.0,2.0,2.0,2.0,2.0,2.0
deepseek_v4_pro,280154108002,280154108002,55,2.25,0.3333333333333333,2.0,2.0,2.0,3.0,0.0,0.0,1.0
deepseek_v4_pro,294099132002,294099132002,56,3.0,0.0,3.0,3.0,3.0,3.0,0.0,0.0,0.0
deepseek_v4_pro,151156320002,151156320002,57,1.0,2.0,1.0,1.0,1.0,1.0,2.0,2.0,2.0
deepseek_v4_pro,296081302001,296081302001,58,2.75,1.6666666666666667,2.0,3.0,3.0,3.0,1.0,2.0,2.0
deepseek_v4_pro,104004221001,104004221001,66,2.0,2.0,2.0,2.0,2.0,2.0,2.0,2.0,2.0
deepseek_v4_pro,205304214001,205304214001,67,1.25,0.0,1.0,1.0,1.0,2.0,0.0,0.0,0.0
deepseek_v4_pro,204028208001,204028208001,68,2.25,1.0,2.0,2.0,2.0,3.0,0.0,1.0,2.0
deepseek_v4_pro,122490104002,122490104002,69,3.0,2.0,3.0,3.0,3.0,3.0,2.0,2.0,2.0
deepseek_v4_pro,30476203001,30476203001,70,2.0,0.0,2.0,2.0,2.0,2.0,0.0,0.0,0.0
deepseek_v4_pro,280154302001,280154302001,71,1.25,1.0,1.0,1.0,1.0,2.0,0.0,1.0,2.0
deepseek_v4_pro,108206101002,108206101002,72,1.0,2.0,1.0,1.0,1.0,1.0,2.0,2.0,2.0
deepseek_v4_pro,56346322001,56346322001,73,2.0,2.0,2.0,2.0,2.0,2.0,2.0,2.0,2.0
deepseek_v4_pro,135559225002,135559225002,74,1.0,1.6666666666666667,1.0,1.0,1.0,1.0,2.0,1.0,2.0
deepseek_v4_pro,138202125002,138202125002,75,1.0,1.3333333333333333,1.0,1.0,1.0,1.0,0.0,2.0,2.0
deepseek_v4_pro,60440205001,60440205001,76,2.0,2.0,2.0,2.0,2.0,2.0,2.0,2.0,2.0
deepseek_v4_pro,141154325001,141154325001,77,2.75,2.0,2.0,3.0,3.0,3.0,2.0,2.0,2.0
deepseek_v4_pro,74631307001,74631307001,78,1.0,1.3333333333333333,1.0,1.0,1.0,1.0,0.0,2.0,2.0
deepseek_v4_pro,280154331001,280154331001,79,2.0,2.0,2.0,2.0,2.0,2.0,2.0,2.0,2.0
deepseek_v4_pro,321116113001,321116113001,80,1.0,1.6666666666666667,1.0,1.0,1.0,1.0,2.0,1.0,2.0
deepseek_v4_pro,116006312001,116006312001,81,2.0,1.6666666666666667,2.0,2.0,2.0,2.0,2.0,1.0,2.0
deepseek_v4_pro,184037219001,184037219001,82,1.5,1.3333333333333333,1.0,1.0,2.0,2.0,2.0,0.0,2.0
deepseek_v4_pro,64033334001,64033334001,83,1.75,2.0,2.0,2.0,1.0,2.0,2.0,2.0,2.0
deepseek_v4_pro,65546103002,65546103002,59,1.0,2.0,1.0,1.0,1.0,1.0,2.0,2.0,2.0
deepseek_v4_pro,154058321002,154058321002,60,1.25,2.0,1.0,1.0,1.0,2.0,2.0,2.0,2.0
deepseek_v4_pro,14051113002,14051113002,61,1.75,1.6666666666666667,2.0,2.0,1.0,2.0,2.0,1.0,2.0
deepseek_v4_pro,75504205002,75504205002,62,1.0,1.6666666666666667,1.0,1.0,1.0,1.0,2.0,1.0,2.0
deepseek_v4_pro,154628117001,154628117001,63,2.0,1.3333333333333333,2.0,2.0,2.0,2.0,0.0,2.0,2.0
deepseek_v4_pro,162431111003,162431111003,64,2.0,1.3333333333333333,2.0,2.0,2.0,2.0,0.0,2.0,2.0
deepseek_v4_pro,320146132002,320146132002,65,1.0,1.6666666666666667,1.0,1.0,1.0,1.0,1.0,2.0,2.0
deepseek_v4_pro,150478210001,150478210001,84,1.75,0.0,1.0,2.0,2.0,2.0,0.0,0.0,0.0
deepseek_v4_pro,151156311001,151156311001,85,2.0,2.0,2.0,2.0,2.0,2.0,2.0,2.0,2.0
deepseek_v4_pro,271806118001,271806118001,86,2.0,1.6666666666666667,2.0,2.0,2.0,2.0,2.0,1.0,2.0
deepseek_v4_pro,60481225002,60481225002,87,2.25,1.6666666666666667,2.0,2.0,2.0,3.0,2.0,1.0,2.0
deepseek_v4_pro,141154206002,141154206002,88,2.75,2.0,2.0,3.0,3.0,3.0,2.0,2.0,2.0
deepseek_v4_pro,94004111001,94004111001,89,2.0,2.0,2.0,2.0,2.0,2.0,2.0,2.0,2.0
deepseek_v4_pro,326359105002,326359105002,90,1.0,0.3333333333333333,1.0,1.0,1.0,1.0,0.0,0.0,1.0
deepseek_v4_pro,202454134001,202454134001,91,2.5,1.6666666666666667,2.0,3.0,2.0,3.0,1.0,2.0,2.0
deepseek_v4_pro,124099315002,124099315002,92,2.25,1.3333333333333333,2.0,2.0,2.0,3.0,1.0,1.0,2.0
deepseek_v4_pro,134004112002,134004112002,93,2.25,1.3333333333333333,2.0,2.0,2.0,3.0,0.0,2.0,2.0
deepseek_v4_pro,275559307001,275559307001,94,1.5,2.0,1.0,1.0,2.0,2.0,2.0,2.0,2.0
deepseek_v4_pro,271806130001,271806130001,95,2.0,1.6666666666666667,2.0,2.0,2.0,2.0,2.0,1.0,2.0
deepseek_v4_pro,64028102001,64028102001,96,2.0,0.6666666666666666,2.0,2.0,2.0,2.0,0.0,0.0,2.0
deepseek_v4_pro,281116308001,281116308001,97,2.25,1.3333333333333333,2.0,2.0,2.0,3.0,0.0,2.0,2.0
deepseek_v4_pro,275559318001,275559318001,98,1.0,1.0,1.0,1.0,1.0,1.0,0.0,1.0,2.0
deepseek_v4_pro,65546119001,65546119001,99,2.0,1.3333333333333333,2.0,2.0,2.0,2.0,0.0,2.0,2.0
deepseek_v4_pro,205304101002,205304101002,100,2.75,1.6666666666666667,3.0,3.0,3.0,2.0,2.0,1.0,2.0
deepseek_v4_pro,241116332002,241116332002,101,2.5,2.0,2.0,2.0,3.0,3.0,2.0,2.0,2.0
deepseek_v4_pro,64033129001,64033129001,102,1.25,0.6666666666666666,1.0,2.0,1.0,1.0,0.0,0.0,2.0
deepseek_v4_pro,110131213002,110131213002,103,2.25,1.0,2.0,2.0,2.0,3.0,0.0,1.0,2.0
deepseek_v4_pro,262728314002,262728314002,104,1.25,2.0,1.0,1.0,1.0,2.0,2.0,2.0,2.0
deepseek_v4_pro,241116221001,241116221001,105,3.0,2.0,3.0,3.0,3.0,3.0,2.0,2.0,2.0
deepseek_v4_pro,275559328001,275559328001,106,1.0,1.6666666666666667,1.0,1.0,1.0,1.0,1.0,2.0,2.0
deepseek_v4_pro,54054108002,54054108002,107,2.25,0.0,2.0,2.0,2.0,3.0,0.0,0.0,0.0
deepseek_v4_pro,154044310001,154044310001,108,2.5,1.0,2.0,2.0,3.0,3.0,0.0,1.0,2.0
deepseek_v4_pro,270402209001,270402209001,109,2.25,0.6666666666666666,2.0,2.0,2.0,3.0,0.0,0.0,2.0
deepseek_v4_pro,58202220001,58202220001,110,2.5,1.0,2.0,3.0,2.0,3.0,0.0,1.0,2.0
deepseek_v4_pro,65546218001,65546218001,111,1.25,1.3333333333333333,1.0,1.0,1.0,2.0,2.0,0.0,2.0
deepseek_v4_pro,138202135001,138202135001,112,2.5,1.0,2.0,2.0,3.0,3.0,0.0,1.0,2.0
deepseek_v4_pro,112744316002,112744316002,113,1.25,2.0,1.0,1.0,1.0,2.0,2.0,2.0,2.0
deepseek_v4_pro,74057123001,74057123001,114,3.0,0.6666666666666666,3.0,3.0,3.0,3.0,0.0,0.0,2.0
deepseek_v4_pro,10206323002,10206323002,115,1.0,1.0,1.0,1.0,1.0,1.0,0.0,1.0,2.0
deepseek_v4_pro,241116304002,241116304002,117,2.0,1.3333333333333333,2.0,2.0,2.0,2.0,2.0,0.0,2.0
deepseek_v4_pro,142403341002,142403341002,118,1.0,1.0,1.0,1.0,1.0,1.0,0.0,1.0,2.0
deepseek_v4_pro,56604129001,56604129001,119,3.0,2.0,3.0,3.0,3.0,3.0,2.0,2.0,2.0
deepseek_v4_pro,72428222002,72428222002,120,2.0,2.0,2.0,2.0,2.0,2.0,2.0,2.0,2.0
deepseek_v4_pro,141154304002,141154304002,121,1.75,2.0,1.0,2.0,2.0,2.0,2.0,2.0,2.0
deepseek_v4_pro,294099231003,294099231003,122,1.0,0.3333333333333333,1.0,1.0,1.0,1.0,0.0,0.0,1.0
deepseek_v4_pro,34043123001,34043123001,123,2.0,0.0,1.0,2.0,2.0,3.0,0.0,0.0,0.0
deepseek_v4_pro,274951110001,274951110001,124,3.0,0.3333333333333333,3.0,3.0,3.0,3.0,0.0,0.0,1.0
deepseek_v4_pro,34676116002,34676116002,125,2.0,1.3333333333333333,2.0,2.0,2.0,2.0,2.0,0.0,2.0
deepseek_v4_pro,175531321001,175531321001,126,3.0,2.0,3.0,3.0,3.0,3.0,2.0,2.0,2.0
deepseek_v4_pro,321131210001,321131210001,127,2.0,0.0,2.0,2.0,2.0,2.0,0.0,0.0,0.0
deepseek_v4_pro,241116320001,241116320001,128,1.75,2.0,1.0,1.0,2.0,3.0,2.0,2.0,2.0
deepseek_v4_pro,244056227001,244056227001,129,1.0,0.3333333333333333,1.0,1.0,1.0,1.0,0.0,0.0,1.0
deepseek_v4_pro,74002112001,74002112001,130,2.25,1.3333333333333333,2.0,2.0,2.0,3.0,2.0,0.0,2.0
deepseek_v4_pro,154058310002,154058310002,131,1.75,1.3333333333333333,1.0,2.0,2.0,2.0,2.0,0.0,2.0
deepseek_v4_pro,266059202002,266059202002,132,1.25,1.3333333333333333,1.0,1.0,1.0,2.0,2.0,0.0,2.0
deepseek_v4_pro,184037201002,184037201002,133,1.25,2.0,1.0,1.0,1.0,2.0,2.0,2.0,2.0
deepseek_v4_pro,211154232001,211154232001,134,2.0,2.0,2.0,2.0,2.0,2.0,2.0,2.0,2.0
deepseek_v4_pro,345233228002,345233228002,135,2.5,2.0,2.0,2.0,3.0,3.0,2.0,2.0,2.0
deepseek_v4_pro,116006116001,116006116001,136,2.0,2.0,2.0,2.0,2.0,2.0,2.0,2.0,2.0
deepseek_v4_pro,266059204001,266059204001,137,1.25,2.0,1.0,1.0,1.0,2.0,2.0,2.0,2.0
deepseek_v4_pro,10233105002,10233105002,138,1.0,1.6666666666666667,1.0,1.0,1.0,1.0,2.0,1.0,2.0
deepseek_v4_pro,298245316002,298245316002,139,1.0,0.0,1.0,1.0,1.0,1.0,0.0,0.0,0.0
deepseek_v4_pro,296081233002,296081233002,140,2.0,1.3333333333333333,2.0,2.0,2.0,2.0,2.0,0.0,2.0
deepseek_v4_pro,296081115001,296081115001,141,1.0,0.6666666666666666,1.0,1.0,1.0,1.0,0.0,0.0,2.0
deepseek_v4_pro,60440124001,60440124001,142,2.0,1.3333333333333333,2.0,2.0,2.0,2.0,0.0,2.0,2.0
deepseek_v4_pro,194037336001,194037336001,143,2.0,1.0,2.0,2.0,2.0,2.0,0.0,1.0,2.0
deepseek_v4_pro,202454220001,202454220001,144,1.75,2.0,2.0,1.0,2.0,2.0,2.0,2.0,2.0
deepseek_v4_pro,153859111002,153859111002,145,1.75,0.6666666666666666,2.0,2.0,2.0,1.0,0.0,0.0,2.0
deepseek_v4_pro,14031322002,14031322002,146,1.25,1.6666666666666667,1.0,2.0,1.0,1.0,2.0,1.0,2.0
deepseek_v4_pro,347763115002,347763115002,147,1.0,1.3333333333333333,1.0,1.0,1.0,1.0,0.0,2.0,2.0
deepseek_v4_pro,347763302001,347763302001,148,2.5,2.0,2.0,3.0,2.0,3.0,2.0,2.0,2.0
deepseek_v4_pro,261676110002,261676110002,149,1.5,2.0,1.0,1.0,2.0,2.0,2.0,2.0,2.0
deepseek_v4_pro,295331315002,295331315002,150,1.5,2.0,1.0,2.0,1.0,2.0,2.0,2.0,2.0
deepseek_v4_pro,175531322002,175531322002,151,2.0,0.6666666666666666,2.0,2.0,2.0,2.0,0.0,0.0,2.0
deepseek_v4_pro,74002116002,74002116002,116,1.0,0.6666666666666666,1.0,1.0,1.0,1.0,0.0,0.0,2.0
deepseek_v4_pro,294028325002,294028325002,152,2.0,0.6666666666666666,2.0,2.0,2.0,2.0,0.0,0.0,2.0
deepseek_v4_pro,244056210002,244056210002,153,1.0,1.6666666666666667,1.0,1.0,1.0,1.0,2.0,1.0,2.0
deepseek_v4_pro,244056306002,244056306002,154,1.0,2.0,1.0,1.0,1.0,1.0,2.0,2.0,2.0
deepseek_v4_pro,184037216001,184037216001,155,1.0,2.0,1.0,1.0,1.0,1.0,2.0,2.0,2.0
deepseek_v4_pro,211176120002,211176120002,156,1.25,2.0,1.0,1.0,1.0,2.0,2.0,2.0,2.0
deepseek_v4_pro,154058209001,154058209001,157,2.0,0.6666666666666666,2.0,2.0,2.0,2.0,0.0,1.0,1.0
deepseek_v4_pro,151156109002,151156109002,158,2.0,1.3333333333333333,2.0,2.0,2.0,2.0,1.0,1.0,2.0
deepseek_v4_pro,288251231001,288251231001,159,2.25,2.0,2.0,2.0,2.0,3.0,2.0,2.0,2.0
deepseek_v4_pro,150478113001,150478113001,160,1.75,2.0,1.0,2.0,2.0,2.0,2.0,2.0,2.0
deepseek_v4_pro,111154107001,111154107001,161,2.25,1.0,2.0,2.0,2.0,3.0,0.0,1.0,2.0
deepseek_v4_pro,14643316002,14643316002,162,1.25,1.3333333333333333,1.0,1.0,1.0,2.0,0.0,2.0,2.0
deepseek_v4_pro,296331123002,296331123002,163,2.0,2.0,2.0,2.0,2.0,2.0,2.0,2.0,2.0
deepseek_v4_pro,134902222002,134902222002,164,1.0,1.0,1.0,1.0,1.0,1.0,1.0,1.0,1.0
deepseek_v4_pro,134902306001,134902306001,165,2.0,0.6666666666666666,1.0,2.0,2.0,3.0,0.0,0.0,2.0
deepseek_v4_pro,321116307002,321116307002,166,1.75,2.0,2.0,2.0,1.0,2.0,2.0,2.0,2.0
deepseek_v4_pro,265359333002,265359333002,167,1.0,1.0,1.0,1.0,1.0,1.0,0.0,1.0,2.0
deepseek_v4_pro,275559214002,275559214002,168,1.25,1.0,1.0,1.0,2.0,1.0,0.0,1.0,2.0
deepseek_v4_pro,104004216002,104004216002,169,1.75,1.6666666666666667,2.0,2.0,2.0,1.0,1.0,2.0,2.0
deepseek_v4_pro,58659336002,58659336002,170,2.0,1.3333333333333333,2.0,2.0,2.0,2.0,0.0,2.0,2.0
deepseek_v4_pro,174643308001,174643308001,171,2.0,2.0,2.0,2.0,2.0,2.0,2.0,2.0,2.0
deepseek_v4_pro,294099321001,294099321001,227,3.0,1.3333333333333333,3.0,3.0,3.0,3.0,2.0,0.0,2.0
deepseek_v4_pro,265359305001,265359305001,228,2.0,0.3333333333333333,1.0,2.0,2.0,3.0,0.0,0.0,1.0
deepseek_v4_pro,30476203002,30476203002,172,2.0,1.3333333333333333,2.0,2.0,2.0,2.0,2.0,0.0,2.0
deepseek_v4_pro,56043123001,56043123001,175,2.0,1.3333333333333333,2.0,2.0,2.0,2.0,1.0,1.0,2.0
deepseek_v4_pro,334631128001,334631128001,176,2.0,1.3333333333333333,2.0,2.0,2.0,2.0,1.0,1.0,2.0
deepseek_v4_pro,175531212002,175531212002,177,2.25,0.6666666666666666,2.0,2.0,2.0,3.0,0.0,1.0,1.0
deepseek_v4_pro,56302136001,56302136001,178,2.0,2.0,2.0,2.0,2.0,2.0,2.0,2.0,2.0
deepseek_v4_pro,134902327001,134902327001,179,2.0,1.6666666666666667,2.0,2.0,2.0,2.0,2.0,1.0,2.0
deepseek_v4_pro,74981218001,74981218001,180,2.0,1.0,2.0,2.0,2.0,2.0,1.0,1.0,1.0
deepseek_v4_pro,177402120001,177402120001,181,2.0,1.0,2.0,2.0,2.0,2.0,0.0,1.0,2.0
deepseek_v4_pro,154058322001,154058322001,182,2.0,1.6666666666666667,2.0,2.0,2.0,2.0,1.0,2.0,2.0
deepseek_v4_pro,177402135002,177402135002,183,1.5,0.6666666666666666,1.0,1.0,2.0,2.0,0.0,1.0,1.0
deepseek_v4_pro,151156318001,151156318001,184,2.0,1.0,2.0,2.0,2.0,2.0,0.0,1.0,2.0
deepseek_v4_pro,347763304002,347763304002,185,2.0,,2.0,2.0,2.0,2.0,,,
deepseek_v4_pro,65546132001,65546132001,186,2.0,2.0,2.0,2.0,2.0,2.0,2.0,2.0,2.0
deepseek_v4_pro,296081138001,296081138001,187,3.0,1.0,3.0,3.0,3.0,3.0,0.0,1.0,2.0
deepseek_v4_pro,57633117002,57633117002,188,2.25,0.3333333333333333,2.0,2.0,3.0,2.0,0.0,0.0,1.0
deepseek_v4_pro,296006201002,296006201002,189,2.0,1.3333333333333333,2.0,2.0,2.0,2.0,1.0,1.0,2.0
deepseek_v4_pro,112744211002,112744211002,190,2.75,1.3333333333333333,3.0,3.0,3.0,2.0,0.0,2.0,2.0
deepseek_v4_pro,162431228001,162431228001,191,2.0,2.0,2.0,2.0,2.0,2.0,2.0,2.0,2.0
deepseek_v4_pro,241116116001,241116116001,192,2.0,1.0,2.0,2.0,2.0,2.0,0.0,1.0,2.0
deepseek_v4_pro,168231321002,168231321002,193,2.0,1.3333333333333333,2.0,2.0,2.0,2.0,2.0,0.0,2.0
deepseek_v4_pro,330131314001,330131314001,194,2.0,1.3333333333333333,2.0,2.0,2.0,2.0,1.0,1.0,2.0
deepseek_v4_pro,64604310002,64604310002,195,2.0,0.6666666666666666,2.0,2.0,2.0,2.0,0.0,1.0,1.0
deepseek_v4_pro,324078327001,324078327001,196,2.0,2.0,2.0,1.0,3.0,2.0,2.0,2.0,2.0
deepseek_v4_pro,241116129001,241116129001,197,2.0,1.3333333333333333,2.0,2.0,2.0,2.0,1.0,1.0,2.0
deepseek_v4_pro,324045138002,324045138002,198,3.0,1.3333333333333333,3.0,3.0,3.0,3.0,0.0,2.0,2.0
deepseek_v4_pro,175531317002,175531317002,199,2.0,1.0,2.0,2.0,2.0,2.0,0.0,1.0,2.0
deepseek_v4_pro,297439202001,297439202001,200,2.0,1.6666666666666667,2.0,2.0,2.0,2.0,2.0,1.0,2.0
deepseek_v4_pro,330102318002,330102318002,201,2.0,1.6666666666666667,2.0,2.0,2.0,2.0,2.0,1.0,2.0
deepseek_v4_pro,296081128001,296081128001,202,2.0,2.0,2.0,2.0,2.0,2.0,2.0,2.0,2.0
deepseek_v4_pro,321116208002,321116208002,203,2.75,1.0,3.0,2.0,3.0,3.0,0.0,1.0,2.0
deepseek_v4_pro,321659309002,321659309002,204,1.75,,2.0,2.0,1.0,2.0,,,
deepseek_v4_pro,261676239001,261676239001,205,1.75,1.6666666666666667,2.0,1.0,2.0,2.0,1.0,2.0,2.0
deepseek_v4_pro,78233308001,78233308001,206,2.0,2.0,2.0,2.0,2.0,2.0,2.0,2.0,2.0
deepseek_v4_pro,117489210001,117489210001,207,1.75,1.0,1.0,2.0,2.0,2.0,0.0,1.0,2.0
deepseek_v4_pro,116006208001,116006208001,208,2.0,1.0,2.0,2.0,2.0,2.0,0.0,2.0,1.0
deepseek_v4_pro,110131308002,110131308002,209,2.0,2.0,2.0,2.0,2.0,2.0,2.0,2.0,2.0
deepseek_v4_pro,204906235001,204906235001,210,2.25,1.6666666666666667,2.0,2.0,3.0,2.0,1.0,2.0,2.0
deepseek_v4_pro,122490107002,122490107002,211,1.5,1.6666666666666667,2.0,2.0,1.0,1.0,2.0,2.0,1.0
deepseek_v4_pro,202454119001,202454119001,212,2.0,2.0,2.0,2.0,2.0,2.0,2.0,2.0,2.0
deepseek_v4_pro,281104122001,281104122001,213,2.0,2.0,2.0,2.0,2.0,2.0,2.0,2.0,2.0
deepseek_v4_pro,60481225001,60481225001,214,2.0,2.0,2.0,2.0,2.0,2.0,2.0,2.0,2.0
deepseek_v4_pro,184037316002,184037316002,215,2.5,2.0,3.0,3.0,2.0,2.0,2.0,2.0,2.0
deepseek_v4_pro,134004327001,134004327001,216,2.5,2.0,2.0,2.0,3.0,3.0,2.0,2.0,2.0
deepseek_v4_pro,326346326002,326346326002,217,2.25,2.0,3.0,2.0,2.0,2.0,2.0,2.0,2.0
deepseek_v4_pro,56059316001,56059316001,218,2.0,2.0,2.0,2.0,2.0,2.0,2.0,2.0,2.0
deepseek_v4_pro,158278316001,158278316001,219,2.0,2.0,2.0,2.0,2.0,2.0,2.0,2.0,2.0
deepseek_v4_pro,324681112001,324681112001,220,1.75,1.3333333333333333,2.0,1.0,2.0,2.0,2.0,1.0,1.0
deepseek_v4_pro,10451307002,10451307002,221,2.0,0.6666666666666666,2.0,2.0,2.0,2.0,0.0,1.0,1.0
deepseek_v4_pro,111154234001,111154234001,222,2.0,0.6666666666666666,2.0,2.0,2.0,2.0,0.0,1.0,1.0
deepseek_v4_pro,122490332001,122490332001,223,2.0,2.0,2.0,2.0,2.0,2.0,2.0,2.0,2.0
deepseek_v4_pro,262728314002,262728314002,224,2.75,2.0,3.0,3.0,3.0,2.0,2.0,2.0,2.0
deepseek_v4_pro,57457105001,57457105001,225,2.0,0.3333333333333333,2.0,2.0,2.0,2.0,0.0,1.0,0.0
deepseek_v4_pro,184037118001,184037118001,226,2.0,,2.0,2.0,2.0,2.0,,,
deepseek_v4_pro,162431203001,162431203001,229,2.0,2.0,2.0,2.0,2.0,2.0,2.0,2.0,2.0
deepseek_v4_pro,10104310001,10104310001,230,2.0,2.0,2.0,2.0,2.0,2.0,2.0,2.0,2.0
deepseek_v4_pro,271806309001,271806309001,231,2.0,1.3333333333333333,2.0,2.0,2.0,2.0,1.0,1.0,2.0
deepseek_v4_pro,154676127001,154676127001,232,1.75,1.3333333333333333,2.0,2.0,1.0,2.0,2.0,0.0,2.0
deepseek_v4_pro,265576234002,265576234002,233,3.0,2.0,3.0,3.0,3.0,3.0,2.0,2.0,2.0
deepseek_v4_pro,65546306002,65546306002,234,2.0,2.0,2.0,2.0,2.0,2.0,2.0,2.0,2.0
deepseek_v4_pro,334002302001,334002302001,235,2.0,0.6666666666666666,2.0,2.0,2.0,2.0,0.0,1.0,1.0
deepseek_v4_pro,271806301002,271806301002,236,2.75,2.0,3.0,3.0,3.0,2.0,2.0,2.0,2.0
deepseek_v4_pro,14643121001,14643121001,237,2.5,1.6666666666666667,3.0,2.0,3.0,2.0,1.0,2.0,2.0
deepseek_v4_pro,154058312001,154058312001,238,3.0,1.3333333333333333,3.0,3.0,3.0,3.0,0.0,2.0,2.0
deepseek_v4_pro,54054211001,54054211001,239,2.25,2.0,2.0,2.0,3.0,2.0,2.0,2.0,2.0
deepseek_v4_pro,338231228001,338231228001,240,2.5,1.6666666666666667,2.0,2.0,3.0,3.0,2.0,1.0,2.0
deepseek_v4_pro,330102222003,330102222003,241,2.0,1.3333333333333333,2.0,2.0,2.0,2.0,2.0,0.0,2.0
deepseek_v4_pro,274951108001,274951108001,242,2.0,2.0,2.0,2.0,2.0,2.0,2.0,2.0,2.0
deepseek_v4_pro,74981206001,74981206001,243,1.75,2.0,2.0,1.0,2.0,2.0,2.0,2.0,2.0
deepseek_v4_pro,154044136002,154044136002,244,2.5,0.6666666666666666,2.0,2.0,3.0,3.0,0.0,1.0,1.0
deepseek_v4_pro,134902229001,134902229001,245,1.5,2.0,2.0,1.0,2.0,1.0,2.0,2.0,2.0
deepseek_v4_pro,74004305001,74004305001,246,2.0,2.0,2.0,2.0,2.0,2.0,2.0,2.0,2.0
deepseek_v4_pro,296006236002,296006236002,247,2.0,0.6666666666666666,2.0,2.0,2.0,2.0,0.0,0.0,2.0
deepseek_v4_pro,64604120001,64604120001,248,2.5,2.0,2.0,2.0,3.0,3.0,2.0,2.0,2.0
deepseek_v4_pro,292458229001,292458229001,249,2.0,1.3333333333333333,2.0,2.0,2.0,2.0,0.0,2.0,2.0
deepseek_v4_pro,296331223002,296331223002,250,2.0,1.6666666666666667,2.0,2.0,2.0,2.0,2.0,1.0,2.0
deepseek_v4_pro,104004124001,104004124001,251,2.0,0.6666666666666666,2.0,2.0,2.0,2.0,0.0,0.0,2.0
deepseek_v4_pro,320146209002,320146209002,252,2.25,2.0,3.0,2.0,2.0,2.0,2.0,2.0,2.0
deepseek_v4_pro,58202217002,58202217002,253,2.0,2.0,2.0,2.0,2.0,2.0,2.0,2.0,2.0
deepseek_v4_pro,56043320001,56043320001,254,2.0,1.3333333333333333,2.0,2.0,2.0,2.0,2.0,0.0,2.0
deepseek_v4_pro,34676202001,34676202001,255,2.0,2.0,2.0,2.0,2.0,2.0,2.0,2.0,2.0
deepseek_v4_pro,151156304001,151156304001,256,2.75,2.0,3.0,3.0,3.0,2.0,2.0,2.0,2.0
deepseek_v4_pro,105381333002,105381333002,257,2.0,0.3333333333333333,2.0,2.0,2.0,2.0,0.0,0.0,1.0
deepseek_v4_pro,194037120001,194037120001,258,3.0,2.0,3.0,3.0,3.0,3.0,2.0,2.0,2.0
deepseek_v4_pro,154676113001,154676113001,259,2.75,2.0,3.0,2.0,3.0,3.0,2.0,2.0,2.0
deepseek_v4_pro,166006327001,166006327001,260,2.0,1.3333333333333333,2.0,2.0,2.0,2.0,1.0,2.0,1.0
deepseek_v4_pro,105102207001,105102207001,261,1.75,2.0,2.0,2.0,1.0,2.0,2.0,2.0,2.0
deepseek_v4_pro,56604114001,56604114001,262,2.0,2.0,2.0,2.0,2.0,2.0,2.0,2.0,2.0
deepseek_v4_pro,151156309002,151156309002,263,2.0,1.3333333333333333,2.0,2.0,2.0,2.0,2.0,0.0,2.0
deepseek_v4_pro,321131217001,321131217001,264,2.5,1.3333333333333333,2.0,2.0,3.0,3.0,2.0,0.0,2.0
deepseek_v4_pro,202454324002,202454324002,265,1.75,1.0,2.0,1.0,2.0,2.0,1.0,1.0,1.0
deepseek_v4_pro,288251116001,288251116001,266,2.25,0.6666666666666666,2.0,2.0,2.0,3.0,0.0,0.0,2.0
deepseek_v4_pro,94004216001,94004216001,267,2.75,2.0,3.0,2.0,3.0,3.0,2.0,2.0,2.0
deepseek_v4_pro,54054234001,54054234001,268,1.75,1.6666666666666667,2.0,1.0,2.0,2.0,2.0,1.0,2.0
deepseek_v4_pro,275559211001,275559211001,269,2.0,1.6666666666666667,2.0,2.0,2.0,2.0,2.0,1.0,2.0
deepseek_v4_pro,244604211001,244604211001,270,2.5,0.6666666666666666,2.0,2.0,3.0,3.0,0.0,0.0,2.0
deepseek_v4_pro,117489216001,117489216001,271,2.0,1.0,2.0,2.0,2.0,2.0,0.0,1.0,2.0
deepseek_v4_pro,184037317001,184037317001,272,2.0,2.0,2.0,2.0,2.0,2.0,2.0,2.0,2.0
deepseek_v4_pro,151156304002,151156304002,273,2.0,1.0,2.0,2.0,2.0,2.0,0.0,1.0,2.0
deepseek_v4_pro,330102216002,330102216002,274,2.0,1.3333333333333333,2.0,2.0,2.0,2.0,0.0,2.0,2.0
deepseek_v4_pro,54249319001,54249319001,275,2.0,2.0,2.0,2.0,2.0,2.0,2.0,2.0,2.0
deepseek_v4_pro,280154119002,280154119002,276,2.0,2.0,2.0,2.0,2.0,2.0,2.0,2.0,2.0
deepseek_v4_pro,74631115001,74631115001,277,2.0,1.6666666666666667,2.0,2.0,2.0,2.0,2.0,1.0,2.0
deepseek_v4_pro,268606121002,268606121002,278,2.0,1.3333333333333333,2.0,2.0,2.0,2.0,1.0,1.0,2.0
deepseek_v4_pro,274951126001,274951126001,279,2.0,2.0,2.0,2.0,2.0,2.0,2.0,2.0,2.0
deepseek_v4_pro,205304104002,205304104002,280,2.75,2.0,3.0,2.0,3.0,3.0,2.0,2.0,2.0
deepseek_v4_pro,75504303001,75504303001,281,2.0,1.3333333333333333,2.0,2.0,2.0,2.0,0.0,2.0,2.0
deepseek_v4_pro,111154102002,111154102002,282,2.5,0.3333333333333333,3.0,2.0,3.0,2.0,0.0,0.0,1.0
deepseek_v4_pro,334631301002,334631301002,283,2.0,1.0,2.0,2.0,2.0,2.0,0.0,1.0,2.0
deepseek_v4_pro,295331110001,295331110001,284,2.0,1.6666666666666667,2.0,2.0,2.0,2.0,2.0,1.0,2.0
deepseek_v4_pro,14643125002,14643125002,285,1.0,1.3333333333333333,1.0,1.0,1.0,1.0,2.0,1.0,1.0
deepseek_v4_pro,151156304002,151156304002,286,2.0,0.6666666666666666,2.0,2.0,2.0,2.0,0.0,0.0,2.0
deepseek_v4_pro,56059309001,56059309001,287,1.25,2.0,2.0,1.0,1.0,1.0,2.0,2.0,2.0
deepseek_v4_pro,330131304001,330131304001,288,2.25,2.0,3.0,2.0,2.0,2.0,2.0,2.0,2.0
deepseek_v4_pro,10451225001,10451225001,289,1.25,1.3333333333333333,2.0,1.0,1.0,1.0,2.0,2.0,0.0
deepseek_v4_pro,58202129002,58202129002,290,2.0,1.6666666666666667,2.0,2.0,2.0,2.0,2.0,1.0,2.0
deepseek_v4_pro,281104205001,281104205001,291,2.0,2.0,2.0,2.0,2.0,2.0,2.0,2.0,2.0
deepseek_v4_pro,158278218002,158278218002,292,2.0,1.0,2.0,2.0,2.0,2.0,0.0,1.0,2.0
deepseek_v4_pro,285502117001,285502117001,293,2.75,2.0,3.0,2.0,3.0,3.0,2.0,2.0,2.0
deepseek_v4_pro,108259301002,108259301002,294,2.0,2.0,2.0,2.0,2.0,2.0,2.0,2.0,2.0
deepseek_v4_pro,105381315001,105381315001,295,2.0,2.0,2.0,2.0,2.0,2.0,2.0,2.0,2.0
deepseek_v4_pro,30476138001,30476138001,296,2.5,1.3333333333333333,2.0,2.0,3.0,3.0,0.0,2.0,2.0
deepseek_v4_pro,160104117002,160104117002,297,1.75,0.6666666666666666,1.0,2.0,2.0,2.0,0.0,0.0,2.0
deepseek_v4_pro,285502212002,285502212002,298,2.0,0.3333333333333333,2.0,2.0,2.0,2.0,0.0,0.0,1.0
deepseek_v4_pro,108259307002,108259307002,299,2.0,2.0,2.0,2.0,2.0,2.0,2.0,2.0,2.0
deepseek_v4_pro,138202231002,138202231002,300,1.75,2.0,2.0,1.0,2.0,2.0,2.0,2.0,2.0
deepseek_v4_pro,205304101002,205304101002,301,2.0,2.0,2.0,2.0,2.0,2.0,2.0,2.0,2.0
deepseek_v4_pro,345233328002,345233328002,302,2.5,1.0,2.0,2.0,3.0,3.0,0.0,1.0,2.0
deepseek_v4_pro,330131305002,330131305002,303,2.5,1.3333333333333333,2.0,2.0,3.0,3.0,1.0,1.0,2.0
deepseek_v4_pro,324681330001,324681330001,304,2.5,0.6666666666666666,3.0,2.0,3.0,2.0,0.0,0.0,2.0
deepseek_v4_pro,151156111001,151156111001,305,2.25,1.3333333333333333,2.0,2.0,3.0,2.0,2.0,0.0,2.0
deepseek_v4_pro,158278204002,158278204002,306,2.0,0.6666666666666666,2.0,2.0,2.0,2.0,0.0,0.0,2.0
deepseek_v4_pro,108259326001,108259326001,307,2.0,2.0,2.0,2.0,2.0,2.0,2.0,2.0,2.0
deepseek_v4_pro,324681217002,324681217002,308,1.5,1.0,2.0,1.0,2.0,1.0,1.0,1.0,1.0
deepseek_v4_pro,154628304003,154628304003,309,2.75,1.0,3.0,2.0,3.0,3.0,0.0,1.0,2.0
deepseek_v4_pro,154628208001,154628208001,310,2.75,0.0,3.0,2.0,3.0,3.0,0.0,0.0,0.0
deepseek_v4_pro,34043303001,34043303001,311,,1.3333333333333333,,,,,0.0,2.0,2.0
deepseek_v4_pro,347763209001,347763209001,312,2.0,2.0,2.0,2.0,2.0,2.0,2.0,2.0,2.0
deepseek_v4_pro,14051211001,14051211001,313,2.5,2.0,2.0,2.0,3.0,3.0,2.0,2.0,2.0
deepseek_v4_pro,202454131001,202454131001,314,2.0,1.6666666666666667,2.0,2.0,2.0,2.0,1.0,2.0,2.0
deepseek_v4_pro,154044315002,154044315002,315,1.0,0.6666666666666666,1.0,1.0,1.0,1.0,0.0,0.0,2.0
deepseek_v4_pro,204906310002,204906310002,316,1.0,1.3333333333333333,1.0,1.0,1.0,1.0,2.0,0.0,2.0
deepseek_v4_pro,124099317001,124099317001,317,1.0,2.0,1.0,1.0,1.0,1.0,2.0,2.0,2.0
deepseek_v4_pro,151156318001,151156318001,318,2.0,1.0,2.0,2.0,2.0,2.0,0.0,1.0,2.0
deepseek_v4_pro,10206206003,10206206003,319,1.0,2.0,1.0,1.0,1.0,1.0,2.0,2.0,2.0
deepseek_v4_pro,155676204001,155676204001,320,2.0,2.0,2.0,2.0,2.0,2.0,2.0,2.0,2.0
deepseek_v4_pro,288251228002,288251228002,321,2.0,2.0,2.0,2.0,2.0,2.0,2.0,2.0,2.0
deepseek_v4_pro,324045101002,324045101002,322,1.0,1.0,1.0,1.0,1.0,1.0,0.0,1.0,2.0
deepseek_v4_pro,65546111001,65546111001,323,1.0,1.3333333333333333,1.0,1.0,1.0,1.0,1.0,1.0,2.0
deepseek_v4_pro,135559315002,135559315002,324,2.75,2.0,3.0,3.0,3.0,2.0,2.0,2.0,2.0
deepseek_v4_pro,162431326001,162431326001,325,2.0,2.0,2.0,2.0,2.0,2.0,2.0,2.0,2.0
deepseek_v4_pro,168231120002,168231120002,326,1.75,0.6666666666666666,2.0,2.0,1.0,2.0,0.0,0.0,2.0
deepseek_v4_pro,324078206002,324078206002,327,2.0,1.0,2.0,2.0,2.0,2.0,0.0,1.0,2.0
deepseek_v4_pro,297439127002,297439127002,328,2.0,2.0,2.0,2.0,2.0,2.0,2.0,2.0,2.0
deepseek_v4_pro,330102129002,330102129002,329,2.25,2.0,2.0,2.0,2.0,3.0,2.0,2.0,2.0
deepseek_v4_pro,94004313001,94004313001,330,1.0,1.6666666666666667,1.0,1.0,1.0,1.0,2.0,1.0,2.0
doubao-seed-2-0-lite-260428,57457126001,57457126001,1,2.25,1.3333333333333333,2.0,2.0,3.0,2.0,1.0,1.0,2.0
doubao-seed-2-0-lite-260428,75376243001,75376243001,2,1.0,0.0,1.0,1.0,1.0,1.0,0.0,0.0,0.0
doubao-seed-2-0-lite-260428,324078110002,324078110002,3,2.0,1.6666666666666667,2.0,2.0,2.0,2.0,2.0,1.0,2.0
doubao-seed-2-0-lite-260428,175531118001,175531118001,4,2.0,1.0,2.0,2.0,2.0,2.0,0.0,1.0,2.0
doubao-seed-2-0-lite-260428,14643113001,14643113001,5,1.75,1.6666666666666667,1.0,2.0,2.0,2.0,2.0,1.0,2.0
doubao-seed-2-0-lite-260428,111154127001,111154127001,6,1.5,2.0,1.0,1.0,2.0,2.0,2.0,2.0,2.0
doubao-seed-2-0-lite-260428,338231328001,338231328001,7,2.0,1.0,2.0,2.0,2.0,2.0,0.0,1.0,2.0
doubao-seed-2-0-lite-260428,51606117001,51606117001,8,1.0,2.0,1.0,1.0,1.0,1.0,2.0,2.0,2.0
doubao-seed-2-0-lite-260428,324045114001,324045114001,9,1.75,2.0,1.0,2.0,2.0,2.0,2.0,2.0,2.0
doubao-seed-2-0-lite-260428,18206219002,18206219002,10,2.25,1.0,2.0,3.0,2.0,2.0,0.0,1.0,2.0
doubao-seed-2-0-lite-260428,64604125002,64604125002,11,1.0,1.6666666666666667,1.0,1.0,1.0,1.0,2.0,1.0,2.0
doubao-seed-2-0-lite-260428,161159310001,161159310001,12,2.0,1.3333333333333333,2.0,2.0,2.0,2.0,1.0,1.0,2.0
doubao-seed-2-0-lite-260428,281104130001,281104130001,13,1.25,1.0,1.0,1.0,1.0,2.0,0.0,1.0,2.0
doubao-seed-2-0-lite-260428,134902123001,134902123001,14,1.0,1.6666666666666667,1.0,1.0,1.0,1.0,2.0,1.0,2.0
doubao-seed-2-0-lite-260428,122490220001,122490220001,15,1.5,1.6666666666666667,1.0,1.0,2.0,2.0,2.0,1.0,2.0
doubao-seed-2-0-lite-260428,56302330002,56302330002,16,1.75,1.6666666666666667,1.0,2.0,2.0,2.0,2.0,1.0,2.0
doubao-seed-2-0-lite-260428,291676308001,291676308001,17,2.0,1.6666666666666667,2.0,2.0,2.0,2.0,2.0,1.0,2.0
doubao-seed-2-0-lite-260428,266059222001,266059222001,23,1.75,1.0,1.0,2.0,2.0,2.0,0.0,1.0,2.0
doubao-seed-2-0-lite-260428,30476124001,30476124001,24,1.0,1.6666666666666667,1.0,1.0,1.0,1.0,2.0,1.0,2.0
doubao-seed-2-0-lite-260428,135559225002,135559225002,25,1.0,1.6666666666666667,1.0,1.0,1.0,1.0,1.0,2.0,2.0
doubao-seed-2-0-lite-260428,211176334001,211176334001,26,1.75,0.6666666666666666,1.0,2.0,2.0,2.0,0.0,0.0,2.0
doubao-seed-2-0-lite-260428,14031307002,14031307002,27,1.25,2.0,1.0,1.0,2.0,1.0,2.0,2.0,2.0
doubao-seed-2-0-lite-260428,280154309002,280154309002,28,2.75,1.3333333333333333,2.0,3.0,3.0,3.0,0.0,2.0,2.0
doubao-seed-2-0-lite-260428,200104317001,200104317001,29,1.0,2.0,1.0,1.0,1.0,1.0,2.0,2.0,2.0
doubao-seed-2-0-lite-260428,34043224002,34043224002,30,2.75,1.3333333333333333,2.0,3.0,3.0,3.0,1.0,1.0,2.0
doubao-seed-2-0-lite-260428,105102322002,105102322002,31,2.5,2.0,3.0,2.0,2.0,3.0,2.0,2.0,2.0
doubao-seed-2-0-lite-260428,105102306002,105102306002,32,1.5,1.3333333333333333,1.0,1.0,2.0,2.0,0.0,2.0,2.0
doubao-seed-2-0-lite-260428,134902216001,134902216001,33,2.5,1.6666666666666667,2.0,2.0,3.0,3.0,2.0,1.0,2.0
doubao-seed-2-0-lite-260428,211176105002,211176105002,34,2.0,1.3333333333333333,2.0,2.0,2.0,2.0,1.0,1.0,2.0
doubao-seed-2-0-lite-260428,241116202002,241116202002,35,2.75,2.0,2.0,3.0,3.0,3.0,2.0,2.0,2.0
doubao-seed-2-0-lite-260428,64028317002,64028317002,36,1.5,2.0,1.0,2.0,1.0,2.0,2.0,2.0,2.0
doubao-seed-2-0-lite-260428,64028314002,64028314002,37,1.0,2.0,1.0,1.0,1.0,1.0,2.0,2.0,2.0
doubao-seed-2-0-lite-260428,75504213002,75504213002,18,1.0,1.0,1.0,1.0,1.0,1.0,0.0,1.0,2.0
doubao-seed-2-0-lite-260428,184037213001,184037213001,19,1.5,2.0,1.0,2.0,1.0,2.0,2.0,2.0,2.0
doubao-seed-2-0-lite-260428,154058307002,154058307002,20,1.0,1.6666666666666667,1.0,1.0,1.0,1.0,2.0,1.0,2.0
doubao-seed-2-0-lite-260428,207406312001,207406312001,21,1.0,1.6666666666666667,1.0,1.0,1.0,1.0,2.0,1.0,2.0
doubao-seed-2-0-lite-260428,154044202001,154044202001,22,2.0,0.6666666666666666,2.0,2.0,2.0,2.0,0.0,0.0,2.0
doubao-seed-2-0-lite-260428,266306205002,266306205002,38,1.0,0.6666666666666666,1.0,1.0,1.0,1.0,0.0,0.0,2.0
doubao-seed-2-0-lite-260428,57633243002,57633243002,39,2.25,1.3333333333333333,2.0,2.0,2.0,3.0,1.0,1.0,2.0
doubao-seed-2-0-lite-260428,202454131002,202454131002,40,2.0,1.0,1.0,2.0,2.0,3.0,1.0,1.0,1.0
doubao-seed-2-0-lite-260428,153859115002,153859115002,41,1.0,1.0,1.0,1.0,1.0,1.0,0.0,1.0,2.0
doubao-seed-2-0-lite-260428,64028310001,64028310001,42,1.75,1.3333333333333333,1.0,2.0,2.0,2.0,2.0,0.0,2.0
doubao-seed-2-0-lite-260428,158278201002,158278201002,43,2.0,1.6666666666666667,2.0,2.0,2.0,2.0,2.0,1.0,2.0
doubao-seed-2-0-lite-260428,150478205001,150478205001,44,2.0,1.6666666666666667,2.0,2.0,2.0,2.0,2.0,1.0,2.0
doubao-seed-2-0-lite-260428,281104122003,281104122003,45,2.0,1.3333333333333333,2.0,2.0,2.0,2.0,1.0,1.0,2.0
doubao-seed-2-0-lite-260428,110131321002,110131321002,46,2.75,0.6666666666666666,2.0,3.0,3.0,3.0,0.0,0.0,2.0
doubao-seed-2-0-lite-260428,298245106002,298245106002,47,1.0,1.6666666666666667,1.0,1.0,1.0,1.0,2.0,1.0,2.0
doubao-seed-2-0-lite-260428,266059305001,266059305001,48,1.75,1.6666666666666667,2.0,2.0,2.0,1.0,2.0,1.0,2.0
doubao-seed-2-0-lite-260428,54054110001,54054110001,49,1.0,1.3333333333333333,1.0,1.0,1.0,1.0,2.0,0.0,2.0
doubao-seed-2-0-lite-260428,338231202001,338231202001,50,1.0,1.6666666666666667,1.0,1.0,1.0,1.0,2.0,1.0,2.0
doubao-seed-2-0-lite-260428,10206118001,10206118001,51,2.5,1.3333333333333333,2.0,2.0,3.0,3.0,1.0,1.0,2.0
doubao-seed-2-0-lite-260428,244676309001,244676309001,52,2.75,2.0,2.0,3.0,3.0,3.0,2.0,2.0,2.0
doubao-seed-2-0-lite-260428,10233105002,10233105002,53,1.0,1.6666666666666667,1.0,1.0,1.0,1.0,2.0,1.0,2.0
doubao-seed-2-0-lite-260428,320146222002,320146222002,54,2.0,2.0,2.0,2.0,2.0,2.0,2.0,2.0,2.0
doubao-seed-2-0-lite-260428,280154108002,280154108002,55,1.25,0.3333333333333333,1.0,1.0,2.0,1.0,0.0,0.0,1.0
doubao-seed-2-0-lite-260428,294099132002,294099132002,56,1.0,0.6666666666666666,1.0,1.0,1.0,1.0,0.0,0.0,2.0
doubao-seed-2-0-lite-260428,151156320002,151156320002,57,2.25,2.0,2.0,2.0,2.0,3.0,2.0,2.0,2.0
doubao-seed-2-0-lite-260428,296081302001,296081302001,58,1.5,1.6666666666666667,1.0,1.0,2.0,2.0,2.0,1.0,2.0
doubao-seed-2-0-lite-260428,65546103002,65546103002,59,1.25,2.0,1.0,1.0,1.0,2.0,2.0,2.0,2.0
doubao-seed-2-0-lite-260428,154058321002,154058321002,60,2.0,2.0,2.0,2.0,2.0,2.0,2.0,2.0,2.0
doubao-seed-2-0-lite-260428,14051113002,14051113002,61,1.0,1.6666666666666667,1.0,1.0,1.0,1.0,2.0,1.0,2.0
doubao-seed-2-0-lite-260428,135559225002,135559225002,74,1.5,0.6666666666666666,1.0,1.0,2.0,2.0,0.0,1.0,1.0
doubao-seed-2-0-lite-260428,138202125002,138202125002,75,1.75,1.3333333333333333,1.0,2.0,2.0,2.0,1.0,1.0,2.0
doubao-seed-2-0-lite-260428,60440205001,60440205001,76,2.25,2.0,2.0,2.0,3.0,2.0,2.0,2.0,2.0
doubao-seed-2-0-lite-260428,141154325001,141154325001,77,1.0,1.6666666666666667,1.0,1.0,1.0,1.0,2.0,1.0,2.0
doubao-seed-2-0-lite-260428,75504205002,75504205002,62,1.75,1.6666666666666667,1.0,2.0,2.0,2.0,2.0,1.0,2.0
doubao-seed-2-0-lite-260428,154628117001,154628117001,63,1.5,1.0,1.0,2.0,1.0,2.0,0.0,1.0,2.0
doubao-seed-2-0-lite-260428,162431111003,162431111003,64,1.0,1.0,1.0,1.0,1.0,1.0,0.0,1.0,2.0
doubao-seed-2-0-lite-260428,320146132002,320146132002,65,2.0,1.6666666666666667,2.0,2.0,2.0,2.0,2.0,1.0,2.0
doubao-seed-2-0-lite-260428,104004221001,104004221001,66,1.25,1.6666666666666667,1.0,1.0,1.0,2.0,2.0,1.0,2.0
doubao-seed-2-0-lite-260428,205304214001,205304214001,67,1.0,1.3333333333333333,1.0,1.0,1.0,1.0,2.0,0.0,2.0
doubao-seed-2-0-lite-260428,204028208001,204028208001,68,1.0,1.3333333333333333,1.0,1.0,1.0,1.0,0.0,2.0,2.0
doubao-seed-2-0-lite-260428,122490104002,122490104002,69,2.5,1.6666666666666667,2.0,2.0,3.0,3.0,2.0,1.0,2.0
doubao-seed-2-0-lite-260428,30476203001,30476203001,70,1.0,1.3333333333333333,1.0,1.0,1.0,1.0,1.0,1.0,2.0
doubao-seed-2-0-lite-260428,280154302001,280154302001,71,1.0,2.0,1.0,1.0,1.0,1.0,2.0,2.0,2.0
doubao-seed-2-0-lite-260428,108206101002,108206101002,72,1.0,2.0,1.0,1.0,1.0,1.0,2.0,2.0,2.0
doubao-seed-2-0-lite-260428,56346322001,56346322001,73,1.5,2.0,1.0,1.0,2.0,2.0,2.0,2.0,2.0
doubao-seed-2-0-lite-260428,74631307001,74631307001,78,2.25,2.0,2.0,2.0,2.0,3.0,2.0,2.0,2.0
doubao-seed-2-0-lite-260428,280154331001,280154331001,79,1.0,2.0,1.0,1.0,1.0,1.0,2.0,2.0,2.0
doubao-seed-2-0-lite-260428,321116113001,321116113001,80,2.0,1.6666666666666667,2.0,2.0,2.0,2.0,2.0,1.0,2.0
doubao-seed-2-0-lite-260428,116006312001,116006312001,81,1.0,1.6666666666666667,1.0,1.0,1.0,1.0,2.0,1.0,2.0
doubao-seed-2-0-lite-260428,184037219001,184037219001,82,1.0,2.0,1.0,1.0,1.0,1.0,2.0,2.0,2.0
doubao-seed-2-0-lite-260428,64033334001,64033334001,83,2.0,1.6666666666666667,2.0,2.0,2.0,2.0,2.0,1.0,2.0
doubao-seed-2-0-lite-260428,150478210001,150478210001,84,1.5,1.3333333333333333,1.0,1.0,2.0,2.0,1.0,1.0,2.0
doubao-seed-2-0-lite-260428,151156311001,151156311001,85,1.5,1.6666666666666667,1.0,2.0,1.0,2.0,2.0,1.0,2.0
doubao-seed-2-0-lite-260428,271806118001,271806118001,86,1.5,2.0,1.0,1.0,2.0,2.0,2.0,2.0,2.0
doubao-seed-2-0-lite-260428,60481225002,60481225002,87,1.0,1.6666666666666667,1.0,1.0,1.0,1.0,2.0,1.0,2.0
doubao-seed-2-0-lite-260428,141154206002,141154206002,88,1.25,2.0,1.0,1.0,1.0,2.0,2.0,2.0,2.0
doubao-seed-2-0-lite-260428,94004111001,94004111001,89,1.5,2.0,1.0,2.0,1.0,2.0,2.0,2.0,2.0
doubao-seed-2-0-lite-260428,326359105002,326359105002,90,1.0,1.0,1.0,1.0,1.0,1.0,1.0,0.0,2.0
doubao-seed-2-0-lite-260428,202454134001,202454134001,91,1.0,2.0,1.0,1.0,1.0,1.0,2.0,2.0,2.0
doubao-seed-2-0-lite-260428,124099315002,124099315002,92,1.0,1.6666666666666667,1.0,1.0,1.0,1.0,2.0,1.0,2.0
doubao-seed-2-0-lite-260428,134004112002,134004112002,93,2.25,0.6666666666666666,2.0,2.0,2.0,3.0,0.0,0.0,2.0
doubao-seed-2-0-lite-260428,275559307001,275559307001,94,1.0,1.6666666666666667,1.0,1.0,1.0,1.0,2.0,1.0,2.0
doubao-seed-2-0-lite-260428,271806130001,271806130001,95,1.25,2.0,1.0,1.0,1.0,2.0,2.0,2.0,2.0
doubao-seed-2-0-lite-260428,64028102001,64028102001,96,2.0,0.6666666666666666,2.0,2.0,2.0,2.0,0.0,0.0,2.0
doubao-seed-2-0-lite-260428,281116308001,281116308001,97,1.0,1.3333333333333333,1.0,1.0,1.0,1.0,2.0,0.0,2.0
doubao-seed-2-0-lite-260428,275559318001,275559318001,98,2.0,1.3333333333333333,2.0,2.0,2.0,2.0,2.0,0.0,2.0
doubao-seed-2-0-lite-260428,65546119001,65546119001,99,2.0,2.0,1.0,2.0,3.0,2.0,2.0,2.0,2.0
doubao-seed-2-0-lite-260428,205304101002,205304101002,100,2.75,2.0,2.0,3.0,3.0,3.0,2.0,2.0,2.0
doubao-seed-2-0-lite-260428,241116332002,241116332002,101,1.0,2.0,1.0,1.0,1.0,1.0,2.0,2.0,2.0
doubao-seed-2-0-lite-260428,64033129001,64033129001,102,1.0,0.0,1.0,1.0,1.0,1.0,0.0,0.0,0.0
doubao-seed-2-0-lite-260428,110131213002,110131213002,103,1.0,1.3333333333333333,1.0,1.0,1.0,1.0,1.0,1.0,2.0
doubao-seed-2-0-lite-260428,262728314002,262728314002,104,2.0,2.0,2.0,2.0,2.0,2.0,2.0,2.0,2.0
doubao-seed-2-0-lite-260428,241116221001,241116221001,105,2.25,1.6666666666666667,2.0,2.0,2.0,3.0,2.0,1.0,2.0
doubao-seed-2-0-lite-260428,275559328001,275559328001,106,1.25,2.0,1.0,1.0,1.0,2.0,2.0,2.0,2.0
doubao-seed-2-0-lite-260428,54054108002,54054108002,107,1.25,0.6666666666666666,1.0,1.0,1.0,2.0,0.0,1.0,1.0
doubao-seed-2-0-lite-260428,154044310001,154044310001,108,2.0,2.0,2.0,2.0,2.0,2.0,2.0,2.0,2.0
doubao-seed-2-0-lite-260428,270402209001,270402209001,109,1.0,1.6666666666666667,1.0,1.0,1.0,1.0,2.0,1.0,2.0
doubao-seed-2-0-lite-260428,58202220001,58202220001,110,2.5,1.0,2.0,2.0,3.0,3.0,1.0,0.0,2.0
doubao-seed-2-0-lite-260428,65546218001,65546218001,111,1.0,1.3333333333333333,1.0,1.0,1.0,1.0,0.0,2.0,2.0
doubao-seed-2-0-lite-260428,138202135001,138202135001,112,1.0,1.3333333333333333,1.0,1.0,1.0,1.0,1.0,1.0,2.0
doubao-seed-2-0-lite-260428,112744316002,112744316002,113,2.5,1.6666666666666667,2.0,2.0,3.0,3.0,2.0,1.0,2.0
doubao-seed-2-0-lite-260428,74057123001,74057123001,114,1.25,1.6666666666666667,1.0,1.0,2.0,1.0,2.0,1.0,2.0
doubao-seed-2-0-lite-260428,10206323002,10206323002,115,1.75,1.6666666666666667,1.0,2.0,2.0,2.0,2.0,1.0,2.0
doubao-seed-2-0-lite-260428,74002116002,74002116002,116,3.0,2.0,3.0,3.0,3.0,3.0,2.0,2.0,2.0
doubao-seed-2-0-lite-260428,241116304002,241116304002,117,1.0,1.0,1.0,1.0,1.0,1.0,0.0,1.0,2.0
doubao-seed-2-0-lite-260428,142403341002,142403341002,118,1.0,0.6666666666666666,1.0,1.0,1.0,1.0,0.0,0.0,2.0
doubao-seed-2-0-lite-260428,56604129001,56604129001,119,1.0,1.0,1.0,1.0,1.0,1.0,1.0,1.0,1.0
doubao-seed-2-0-lite-260428,72428222002,72428222002,120,2.25,1.6666666666666667,2.0,2.0,2.0,3.0,2.0,1.0,2.0
doubao-seed-2-0-lite-260428,141154304002,141154304002,121,1.0,2.0,1.0,1.0,1.0,1.0,2.0,2.0,2.0
doubao-seed-2-0-lite-260428,294099231003,294099231003,122,1.25,0.6666666666666666,1.0,1.0,1.0,2.0,0.0,0.0,2.0
doubao-seed-2-0-lite-260428,34043123001,34043123001,123,1.5,0.6666666666666666,1.0,1.0,2.0,2.0,0.0,0.0,2.0
doubao-seed-2-0-lite-260428,274951110001,274951110001,124,2.75,0.3333333333333333,2.0,3.0,3.0,3.0,0.0,0.0,1.0
doubao-seed-2-0-lite-260428,34676116002,34676116002,125,1.25,0.6666666666666666,1.0,1.0,1.0,2.0,0.0,0.0,2.0
doubao-seed-2-0-lite-260428,175531321001,175531321001,126,1.0,1.6666666666666667,1.0,1.0,1.0,1.0,2.0,1.0,2.0
doubao-seed-2-0-lite-260428,321131210001,321131210001,127,2.75,1.0,2.0,3.0,3.0,3.0,0.0,1.0,2.0
doubao-seed-2-0-lite-260428,241116320001,241116320001,128,2.0,1.6666666666666667,2.0,2.0,2.0,2.0,2.0,1.0,2.0
doubao-seed-2-0-lite-260428,244056227001,244056227001,129,1.25,1.6666666666666667,1.0,1.0,2.0,1.0,2.0,1.0,2.0
doubao-seed-2-0-lite-260428,74002112001,74002112001,130,3.0,1.0,3.0,3.0,3.0,3.0,0.0,1.0,2.0
doubao-seed-2-0-lite-260428,154058310002,154058310002,131,2.25,1.0,2.0,2.0,2.0,3.0,0.0,1.0,2.0
doubao-seed-2-0-lite-260428,266059202002,266059202002,132,1.5,1.3333333333333333,1.0,1.0,2.0,2.0,2.0,0.0,2.0
doubao-seed-2-0-lite-260428,184037201002,184037201002,133,1.75,1.6666666666666667,1.0,2.0,2.0,2.0,2.0,1.0,2.0
doubao-seed-2-0-lite-260428,211154232001,211154232001,134,1.75,1.6666666666666667,1.0,2.0,2.0,2.0,2.0,1.0,2.0
doubao-seed-2-0-lite-260428,345233228002,345233228002,135,1.0,2.0,1.0,1.0,1.0,1.0,2.0,2.0,2.0
doubao-seed-2-0-lite-260428,116006116001,116006116001,136,2.0,0.6666666666666666,2.0,2.0,2.0,2.0,0.0,0.0,2.0
doubao-seed-2-0-lite-260428,266059204001,266059204001,137,1.25,2.0,1.0,1.0,2.0,1.0,2.0,2.0,2.0
doubao-seed-2-0-lite-260428,10233105002,10233105002,138,2.0,1.6666666666666667,2.0,2.0,2.0,2.0,2.0,1.0,2.0
doubao-seed-2-0-lite-260428,298245316002,298245316002,139,2.0,0.6666666666666666,2.0,2.0,2.0,2.0,0.0,0.0,2.0
doubao-seed-2-0-lite-260428,14643316002,14643316002,162,1.5,2.0,1.0,2.0,1.0,2.0,2.0,2.0,2.0
doubao-seed-2-0-lite-260428,296081233002,296081233002,140,2.0,0.6666666666666666,2.0,2.0,2.0,2.0,0.0,0.0,2.0
doubao-seed-2-0-lite-260428,296081115001,296081115001,141,1.5,1.3333333333333333,1.0,1.0,2.0,2.0,2.0,0.0,2.0
doubao-seed-2-0-lite-260428,60440124001,60440124001,142,2.75,1.3333333333333333,2.0,3.0,3.0,3.0,1.0,1.0,2.0
doubao-seed-2-0-lite-260428,194037336001,194037336001,143,1.0,1.3333333333333333,1.0,1.0,1.0,1.0,1.0,1.0,2.0
doubao-seed-2-0-lite-260428,202454220001,202454220001,144,2.0,2.0,2.0,2.0,2.0,2.0,2.0,2.0,2.0
doubao-seed-2-0-lite-260428,153859111002,153859111002,145,2.25,1.3333333333333333,2.0,2.0,3.0,2.0,1.0,1.0,2.0
doubao-seed-2-0-lite-260428,14031322002,14031322002,146,1.25,1.6666666666666667,1.0,1.0,1.0,2.0,2.0,1.0,2.0
doubao-seed-2-0-lite-260428,347763115002,347763115002,147,1.0,1.3333333333333333,1.0,1.0,1.0,1.0,1.0,1.0,2.0
doubao-seed-2-0-lite-260428,347763302001,347763302001,148,1.0,1.0,1.0,1.0,1.0,1.0,1.0,1.0,1.0
doubao-seed-2-0-lite-260428,261676110002,261676110002,149,1.25,1.6666666666666667,1.0,1.0,1.0,2.0,2.0,1.0,2.0
doubao-seed-2-0-lite-260428,295331315002,295331315002,150,1.75,1.0,1.0,2.0,2.0,2.0,0.0,1.0,2.0
doubao-seed-2-0-lite-260428,175531322002,175531322002,151,1.0,1.0,1.0,1.0,1.0,1.0,0.0,1.0,2.0
doubao-seed-2-0-lite-260428,294028325002,294028325002,152,1.0,0.3333333333333333,1.0,1.0,1.0,1.0,0.0,0.0,1.0
doubao-seed-2-0-lite-260428,244056210002,244056210002,153,2.25,1.0,2.0,2.0,2.0,3.0,0.0,1.0,2.0
doubao-seed-2-0-lite-260428,244056306002,244056306002,154,1.0,1.6666666666666667,1.0,1.0,1.0,1.0,2.0,1.0,2.0
doubao-seed-2-0-lite-260428,184037216001,184037216001,155,2.0,1.3333333333333333,2.0,2.0,2.0,2.0,1.0,1.0,2.0
doubao-seed-2-0-lite-260428,211176120002,211176120002,156,2.0,1.6666666666666667,2.0,2.0,2.0,2.0,2.0,1.0,2.0
doubao-seed-2-0-lite-260428,154058209001,154058209001,157,1.25,0.6666666666666666,1.0,1.0,1.0,2.0,0.0,1.0,1.0
doubao-seed-2-0-lite-260428,151156109002,151156109002,158,1.25,1.6666666666666667,1.0,1.0,1.0,2.0,2.0,1.0,2.0
doubao-seed-2-0-lite-260428,288251231001,288251231001,159,1.0,1.6666666666666667,1.0,1.0,1.0,1.0,2.0,1.0,2.0
doubao-seed-2-0-lite-260428,150478113001,150478113001,160,2.5,2.0,2.0,2.0,3.0,3.0,2.0,2.0,2.0
doubao-seed-2-0-lite-260428,111154107001,111154107001,161,1.25,1.3333333333333333,1.0,1.0,1.0,2.0,2.0,0.0,2.0
doubao-seed-2-0-lite-260428,296331123002,296331123002,163,2.75,2.0,2.0,3.0,3.0,3.0,2.0,2.0,2.0
doubao-seed-2-0-lite-260428,134902222002,134902222002,164,1.0,1.3333333333333333,1.0,1.0,1.0,1.0,2.0,1.0,1.0
doubao-seed-2-0-lite-260428,134902306001,134902306001,165,1.0,1.3333333333333333,1.0,1.0,1.0,1.0,2.0,0.0,2.0
doubao-seed-2-0-lite-260428,321116307002,321116307002,166,1.75,1.3333333333333333,2.0,2.0,2.0,1.0,1.0,1.0,2.0
doubao-seed-2-0-lite-260428,265359333002,265359333002,167,1.25,1.0,1.0,1.0,1.0,2.0,0.0,1.0,2.0
doubao-seed-2-0-lite-260428,275559214002,275559214002,168,2.5,1.6666666666666667,2.0,3.0,2.0,3.0,2.0,1.0,2.0
doubao-seed-2-0-lite-260428,104004216002,104004216002,169,1.0,2.0,1.0,1.0,1.0,1.0,2.0,2.0,2.0
doubao-seed-2-0-lite-260428,58659336002,58659336002,170,1.5,1.3333333333333333,1.0,1.0,2.0,2.0,2.0,0.0,2.0
doubao-seed-2-0-lite-260428,174643308001,174643308001,171,1.75,2.0,1.0,2.0,2.0,2.0,2.0,2.0,2.0
doubao-seed-2-0-lite-260428,30476203002,30476203002,172,1.0,1.3333333333333333,1.0,1.0,1.0,1.0,1.0,1.0,2.0
doubao-seed-2-0-lite-260428,161159216001,161159216001,173,1.0,1.3333333333333333,1.0,1.0,1.0,1.0,1.0,1.0,2.0
doubao-seed-2-0-lite-260428,296081128002,296081128002,174,2.25,,2.0,2.0,2.0,3.0,,,
doubao-seed-2-0-lite-260428,56043123001,56043123001,175,1.0,0.0,1.0,1.0,1.0,1.0,0.0,0.0,0.0
doubao-seed-2-0-lite-260428,334631128001,334631128001,176,2.0,1.0,2.0,2.0,2.0,2.0,0.0,1.0,2.0
doubao-seed-2-0-lite-260428,175531212002,175531212002,177,2.25,0.0,2.0,2.0,2.0,3.0,0.0,0.0,0.0
doubao-seed-2-0-lite-260428,56302136001,56302136001,178,1.0,2.0,1.0,1.0,1.0,1.0,2.0,2.0,2.0
doubao-seed-2-0-lite-260428,134902327001,134902327001,179,1.0,1.6666666666666667,1.0,1.0,1.0,1.0,2.0,1.0,2.0
doubao-seed-2-0-lite-260428,74981218001,74981218001,180,1.25,1.6666666666666667,1.0,1.0,1.0,2.0,2.0,1.0,2.0
doubao-seed-2-0-lite-260428,177402120001,177402120001,181,1.25,1.6666666666666667,1.0,1.0,1.0,2.0,2.0,1.0,2.0
doubao-seed-2-0-lite-260428,154058322001,154058322001,182,1.25,2.0,1.0,1.0,1.0,2.0,2.0,2.0,2.0
doubao-seed-2-0-lite-260428,177402135002,177402135002,183,1.75,0.3333333333333333,1.0,2.0,2.0,2.0,0.0,0.0,1.0
doubao-seed-2-0-lite-260428,151156318001,151156318001,184,2.0,1.0,1.0,2.0,2.0,3.0,0.0,1.0,2.0
doubao-seed-2-0-lite-260428,347763304002,347763304002,185,1.75,0.6666666666666666,2.0,2.0,2.0,1.0,0.0,0.0,2.0
doubao-seed-2-0-lite-260428,65546132001,65546132001,186,1.5,0.6666666666666666,1.0,1.0,2.0,2.0,0.0,0.0,2.0
doubao-seed-2-0-lite-260428,296081138001,296081138001,187,1.75,1.0,1.0,2.0,2.0,2.0,0.0,1.0,2.0
doubao-seed-2-0-lite-260428,57633117002,57633117002,188,1.0,1.0,1.0,1.0,1.0,1.0,2.0,0.0,1.0
doubao-seed-2-0-lite-260428,296006201002,296006201002,189,2.75,1.0,2.0,3.0,3.0,3.0,0.0,1.0,2.0
doubao-seed-2-0-lite-260428,112744211002,112744211002,190,1.25,2.0,1.0,1.0,1.0,2.0,2.0,2.0,2.0
doubao-seed-2-0-lite-260428,162431228001,162431228001,191,2.5,1.6666666666666667,2.0,2.0,3.0,3.0,2.0,1.0,2.0
doubao-seed-2-0-lite-260428,241116116001,241116116001,192,2.0,1.3333333333333333,1.0,2.0,2.0,3.0,1.0,1.0,2.0
doubao-seed-2-0-lite-260428,168231321002,168231321002,193,1.0,1.0,1.0,1.0,1.0,1.0,1.0,0.0,2.0
doubao-seed-2-0-lite-260428,330131314001,330131314001,194,1.0,1.3333333333333333,1.0,1.0,1.0,1.0,2.0,0.0,2.0
doubao-seed-2-0-lite-260428,64604310002,64604310002,195,1.0,1.6666666666666667,1.0,1.0,1.0,1.0,2.0,1.0,2.0
doubao-seed-2-0-lite-260428,324078327001,324078327001,196,2.0,1.6666666666666667,2.0,2.0,2.0,2.0,2.0,1.0,2.0
doubao-seed-2-0-lite-260428,241116129001,241116129001,197,1.0,1.0,1.0,1.0,1.0,1.0,0.0,1.0,2.0
doubao-seed-2-0-lite-260428,324045138002,324045138002,198,1.0,1.0,1.0,1.0,1.0,1.0,0.0,1.0,2.0
doubao-seed-2-0-lite-260428,175531317002,175531317002,199,1.0,1.0,1.0,1.0,1.0,1.0,0.0,1.0,2.0
doubao-seed-2-0-lite-260428,297439202001,297439202001,200,1.0,1.6666666666666667,1.0,1.0,1.0,1.0,2.0,1.0,2.0
doubao-seed-2-0-lite-260428,330102318002,330102318002,201,2.0,1.6666666666666667,2.0,2.0,2.0,2.0,2.0,1.0,2.0
doubao-seed-2-0-lite-260428,296081128001,296081128001,202,1.0,2.0,1.0,1.0,1.0,1.0,2.0,2.0,2.0
doubao-seed-2-0-lite-260428,321116208002,321116208002,203,2.5,1.0,2.0,2.0,3.0,3.0,0.0,1.0,2.0
doubao-seed-2-0-lite-260428,321659309002,321659309002,204,1.5,1.6666666666666667,1.0,1.0,2.0,2.0,2.0,1.0,2.0
doubao-seed-2-0-lite-260428,261676239001,261676239001,205,1.5,0.6666666666666666,1.0,1.0,2.0,2.0,0.0,0.0,2.0
doubao-seed-2-0-lite-260428,78233308001,78233308001,206,1.0,2.0,1.0,1.0,1.0,1.0,2.0,2.0,2.0
doubao-seed-2-0-lite-260428,117489210001,117489210001,207,2.0,0.6666666666666666,2.0,2.0,2.0,2.0,0.0,0.0,2.0
doubao-seed-2-0-lite-260428,116006208001,116006208001,208,2.5,1.6666666666666667,2.0,2.0,3.0,3.0,2.0,1.0,2.0
doubao-seed-2-0-lite-260428,110131308002,110131308002,209,1.5,1.3333333333333333,1.0,1.0,2.0,2.0,2.0,0.0,2.0
doubao-seed-2-0-lite-260428,204906235001,204906235001,210,1.0,1.3333333333333333,1.0,1.0,1.0,1.0,1.0,1.0,2.0
doubao-seed-2-0-lite-260428,122490107002,122490107002,211,1.0,2.0,1.0,1.0,1.0,1.0,2.0,2.0,2.0
doubao-seed-2-0-lite-260428,202454119001,202454119001,212,1.75,1.6666666666666667,1.0,2.0,2.0,2.0,2.0,1.0,2.0
doubao-seed-2-0-lite-260428,281104122001,281104122001,213,2.0,1.3333333333333333,2.0,2.0,2.0,2.0,2.0,1.0,1.0
doubao-seed-2-0-lite-260428,60481225001,60481225001,214,2.0,1.6666666666666667,2.0,2.0,2.0,2.0,2.0,1.0,2.0
doubao-seed-2-0-lite-260428,184037316002,184037316002,215,2.0,1.6666666666666667,2.0,2.0,2.0,2.0,2.0,1.0,2.0
doubao-seed-2-0-lite-260428,134004327001,134004327001,216,1.5,2.0,2.0,1.0,2.0,1.0,2.0,2.0,2.0
doubao-seed-2-0-lite-260428,326346326002,326346326002,217,1.75,1.6666666666666667,1.0,2.0,2.0,2.0,2.0,1.0,2.0
doubao-seed-2-0-lite-260428,56059316001,56059316001,218,2.5,2.0,2.0,2.0,3.0,3.0,2.0,2.0,2.0
doubao-seed-2-0-lite-260428,158278316001,158278316001,219,1.5,1.6666666666666667,2.0,2.0,1.0,1.0,2.0,2.0,1.0
doubao-seed-2-0-lite-260428,324681112001,324681112001,220,2.0,2.0,2.0,2.0,2.0,2.0,2.0,2.0,2.0
doubao-seed-2-0-lite-260428,10451307002,10451307002,221,2.0,1.3333333333333333,2.0,2.0,2.0,2.0,1.0,1.0,2.0
doubao-seed-2-0-lite-260428,111154234001,111154234001,222,2.0,0.6666666666666666,2.0,2.0,2.0,2.0,0.0,1.0,1.0
doubao-seed-2-0-lite-260428,122490332001,122490332001,223,1.5,1.3333333333333333,1.0,2.0,2.0,1.0,1.0,1.0,2.0
doubao-seed-2-0-lite-260428,262728314002,262728314002,224,1.5,1.6666666666666667,2.0,1.0,2.0,1.0,2.0,1.0,2.0
doubao-seed-2-0-lite-260428,57457105001,57457105001,225,1.75,1.0,2.0,2.0,2.0,1.0,0.0,1.0,2.0
doubao-seed-2-0-lite-260428,184037118001,184037118001,226,1.75,1.0,2.0,2.0,2.0,1.0,0.0,1.0,2.0
doubao-seed-2-0-lite-260428,294099321001,294099321001,227,2.25,1.3333333333333333,2.0,2.0,3.0,2.0,2.0,0.0,2.0
doubao-seed-2-0-lite-260428,265359305001,265359305001,228,1.5,2.0,2.0,2.0,2.0,0.0,2.0,2.0,2.0
doubao-seed-2-0-lite-260428,162431203001,162431203001,229,2.0,1.6666666666666667,2.0,2.0,2.0,2.0,2.0,1.0,2.0
doubao-seed-2-0-lite-260428,10104310001,10104310001,230,2.0,2.0,2.0,2.0,2.0,2.0,2.0,2.0,2.0
doubao-seed-2-0-lite-260428,271806309001,271806309001,231,1.75,2.0,2.0,2.0,2.0,1.0,2.0,2.0,2.0
doubao-seed-2-0-lite-260428,154676127001,154676127001,232,1.25,1.0,1.0,1.0,2.0,1.0,1.0,1.0,1.0
doubao-seed-2-0-lite-260428,265576234002,265576234002,233,2.0,1.6666666666666667,2.0,2.0,2.0,2.0,2.0,1.0,2.0
doubao-seed-2-0-lite-260428,65546306002,65546306002,234,2.0,2.0,2.0,2.0,2.0,2.0,2.0,2.0,2.0
doubao-seed-2-0-lite-260428,334002302001,334002302001,235,1.5,0.6666666666666666,2.0,2.0,1.0,1.0,0.0,1.0,1.0
doubao-seed-2-0-lite-260428,271806301002,271806301002,236,2.0,1.6666666666666667,2.0,2.0,2.0,2.0,2.0,1.0,2.0
doubao-seed-2-0-lite-260428,14643121001,14643121001,237,2.0,2.0,2.0,2.0,2.0,2.0,2.0,2.0,2.0
doubao-seed-2-0-lite-260428,154058312001,154058312001,238,2.0,1.3333333333333333,2.0,2.0,2.0,2.0,1.0,1.0,2.0
doubao-seed-2-0-lite-260428,54054211001,54054211001,239,2.0,1.6666666666666667,2.0,2.0,2.0,2.0,2.0,1.0,2.0
doubao-seed-2-0-lite-260428,338231228001,338231228001,240,2.0,1.6666666666666667,2.0,2.0,2.0,2.0,2.0,1.0,2.0
doubao-seed-2-0-lite-260428,330102222003,330102222003,241,1.0,1.3333333333333333,1.0,1.0,1.0,1.0,2.0,0.0,2.0
doubao-seed-2-0-lite-260428,274951108001,274951108001,242,3.0,1.6666666666666667,3.0,3.0,3.0,3.0,2.0,1.0,2.0
doubao-seed-2-0-lite-260428,74981206001,74981206001,243,2.0,1.6666666666666667,2.0,2.0,2.0,2.0,2.0,1.0,2.0
doubao-seed-2-0-lite-260428,154044136002,154044136002,244,2.0,0.6666666666666666,2.0,2.0,2.0,2.0,0.0,1.0,1.0
doubao-seed-2-0-lite-260428,134902229001,134902229001,245,2.0,1.6666666666666667,2.0,2.0,2.0,2.0,2.0,1.0,2.0
doubao-seed-2-0-lite-260428,74004305001,74004305001,246,2.0,2.0,2.0,2.0,2.0,2.0,2.0,2.0,2.0
doubao-seed-2-0-lite-260428,296006236002,296006236002,247,2.0,0.6666666666666666,2.0,2.0,2.0,2.0,0.0,1.0,1.0
doubao-seed-2-0-lite-260428,64604120001,64604120001,248,2.0,1.3333333333333333,2.0,2.0,2.0,2.0,2.0,1.0,1.0
doubao-seed-2-0-lite-260428,292458229001,292458229001,249,1.75,1.0,2.0,2.0,2.0,1.0,0.0,1.0,2.0
doubao-seed-2-0-lite-260428,296331223002,296331223002,250,2.0,1.6666666666666667,2.0,2.0,2.0,2.0,2.0,1.0,2.0
doubao-seed-2-0-lite-260428,104004124001,104004124001,251,2.0,1.0,2.0,2.0,2.0,2.0,0.0,1.0,2.0
doubao-seed-2-0-lite-260428,320146209002,320146209002,252,1.5,1.0,1.0,1.0,2.0,2.0,1.0,1.0,1.0
doubao-seed-2-0-lite-260428,58202217002,58202217002,253,2.0,1.6666666666666667,2.0,2.0,2.0,2.0,2.0,1.0,2.0
doubao-seed-2-0-lite-260428,56043320001,56043320001,254,1.75,1.0,2.0,2.0,2.0,1.0,1.0,1.0,1.0
doubao-seed-2-0-lite-260428,34676202001,34676202001,255,2.0,1.6666666666666667,2.0,2.0,2.0,2.0,2.0,1.0,2.0
doubao-seed-2-0-lite-260428,151156304001,151156304001,256,2.0,1.6666666666666667,2.0,2.0,2.0,2.0,2.0,1.0,2.0
doubao-seed-2-0-lite-260428,105381333002,105381333002,257,1.25,1.0,1.0,1.0,2.0,1.0,0.0,1.0,2.0
doubao-seed-2-0-lite-260428,194037120001,194037120001,258,3.0,2.0,3.0,3.0,3.0,3.0,2.0,2.0,2.0
doubao-seed-2-0-lite-260428,154676113001,154676113001,259,1.75,1.6666666666666667,1.0,2.0,2.0,2.0,2.0,1.0,2.0
doubao-seed-2-0-lite-260428,166006327001,166006327001,260,1.5,1.0,1.0,1.0,2.0,2.0,1.0,1.0,1.0
doubao-seed-2-0-lite-260428,105102207001,105102207001,261,2.75,2.0,3.0,3.0,3.0,2.0,2.0,2.0,2.0
doubao-seed-2-0-lite-260428,56604114001,56604114001,262,2.0,1.6666666666666667,2.0,2.0,2.0,2.0,2.0,1.0,2.0
doubao-seed-2-0-lite-260428,151156309002,151156309002,263,2.0,1.3333333333333333,2.0,2.0,2.0,2.0,1.0,1.0,2.0
doubao-seed-2-0-lite-260428,321131217001,321131217001,264,1.5,1.3333333333333333,1.0,1.0,2.0,2.0,2.0,0.0,2.0
doubao-seed-2-0-lite-260428,202454324002,202454324002,265,1.0,1.3333333333333333,1.0,1.0,1.0,1.0,2.0,1.0,1.0
doubao-seed-2-0-lite-260428,288251116001,288251116001,266,2.0,1.0,2.0,2.0,2.0,2.0,0.0,1.0,2.0
doubao-seed-2-0-lite-260428,94004216001,94004216001,267,2.0,1.6666666666666667,2.0,2.0,2.0,2.0,2.0,1.0,2.0
doubao-seed-2-0-lite-260428,54054234001,54054234001,268,2.0,,2.0,2.0,2.0,2.0,,,
doubao-seed-2-0-lite-260428,275559211001,275559211001,269,2.0,1.6666666666666667,2.0,2.0,2.0,2.0,2.0,1.0,2.0
doubao-seed-2-0-lite-260428,244604211001,244604211001,270,2.0,1.6666666666666667,2.0,2.0,2.0,2.0,2.0,1.0,2.0
doubao-seed-2-0-lite-260428,117489216001,117489216001,271,2.0,1.3333333333333333,2.0,2.0,2.0,2.0,1.0,1.0,2.0
doubao-seed-2-0-lite-260428,184037317001,184037317001,272,1.75,2.0,2.0,2.0,2.0,1.0,2.0,2.0,2.0
doubao-seed-2-0-lite-260428,151156304002,151156304002,273,2.25,1.3333333333333333,2.0,3.0,2.0,2.0,1.0,1.0,2.0
doubao-seed-2-0-lite-260428,330102216002,330102216002,274,2.0,1.3333333333333333,2.0,2.0,2.0,2.0,2.0,0.0,2.0
doubao-seed-2-0-lite-260428,54249319001,54249319001,275,1.0,2.0,1.0,1.0,1.0,1.0,2.0,2.0,2.0
doubao-seed-2-0-lite-260428,280154119002,280154119002,276,2.5,2.0,2.0,2.0,3.0,3.0,2.0,2.0,2.0
doubao-seed-2-0-lite-260428,74631115001,74631115001,277,2.0,2.0,2.0,2.0,2.0,2.0,2.0,2.0,2.0
doubao-seed-2-0-lite-260428,268606121002,268606121002,278,1.5,0.6666666666666666,2.0,1.0,2.0,1.0,0.0,1.0,1.0
doubao-seed-2-0-lite-260428,274951126001,274951126001,279,2.0,2.0,2.0,2.0,2.0,2.0,2.0,2.0,2.0
doubao-seed-2-0-lite-260428,205304104002,205304104002,280,2.75,2.0,2.0,3.0,3.0,3.0,2.0,2.0,2.0
doubao-seed-2-0-lite-260428,75504303001,75504303001,281,2.0,2.0,2.0,2.0,2.0,2.0,2.0,2.0,2.0
doubao-seed-2-0-lite-260428,111154102002,111154102002,282,1.0,1.0,1.0,1.0,1.0,1.0,2.0,0.0,1.0
doubao-seed-2-0-lite-260428,334631301002,334631301002,283,1.25,1.6666666666666667,2.0,1.0,1.0,1.0,2.0,1.0,2.0
doubao-seed-2-0-lite-260428,295331110001,295331110001,284,1.5,1.6666666666666667,2.0,1.0,2.0,1.0,2.0,1.0,2.0
doubao-seed-2-0-lite-260428,14643125002,14643125002,285,1.5,1.6666666666666667,2.0,1.0,2.0,1.0,2.0,1.0,2.0
doubao-seed-2-0-lite-260428,151156304002,151156304002,286,2.0,1.0,2.0,2.0,2.0,2.0,0.0,1.0,2.0
doubao-seed-2-0-lite-260428,56059309001,56059309001,287,1.5,1.3333333333333333,2.0,1.0,2.0,1.0,1.0,1.0,2.0
doubao-seed-2-0-lite-260428,330131304001,330131304001,288,2.0,1.6666666666666667,2.0,2.0,2.0,2.0,2.0,1.0,2.0
doubao-seed-2-0-lite-260428,10451225001,10451225001,289,2.0,1.6666666666666667,2.0,2.0,2.0,2.0,2.0,1.0,2.0
doubao-seed-2-0-lite-260428,58202129002,58202129002,290,1.0,1.6666666666666667,1.0,1.0,1.0,1.0,2.0,1.0,2.0
doubao-seed-2-0-lite-260428,281104205001,281104205001,291,2.0,1.6666666666666667,2.0,2.0,2.0,2.0,2.0,1.0,2.0
doubao-seed-2-0-lite-260428,158278218002,158278218002,292,2.0,1.0,2.0,2.0,2.0,2.0,0.0,1.0,2.0
doubao-seed-2-0-lite-260428,285502117001,285502117001,293,2.0,2.0,2.0,2.0,2.0,2.0,2.0,2.0,2.0
doubao-seed-2-0-lite-260428,108259301002,108259301002,294,3.0,2.0,3.0,3.0,3.0,3.0,2.0,2.0,2.0
doubao-seed-2-0-lite-260428,105381315001,105381315001,295,1.0,1.3333333333333333,1.0,1.0,1.0,1.0,2.0,1.0,1.0
doubao-seed-2-0-lite-260428,30476138001,30476138001,296,2.0,1.0,2.0,2.0,2.0,2.0,0.0,1.0,2.0
doubao-seed-2-0-lite-260428,160104117002,160104117002,297,1.75,1.3333333333333333,1.0,2.0,2.0,2.0,2.0,0.0,2.0
doubao-seed-2-0-lite-260428,285502212002,285502212002,298,1.75,1.3333333333333333,2.0,2.0,2.0,1.0,1.0,1.0,2.0
doubao-seed-2-0-lite-260428,108259307002,108259307002,299,2.0,2.0,2.0,2.0,2.0,2.0,2.0,2.0,2.0
doubao-seed-2-0-lite-260428,138202231002,138202231002,300,2.0,2.0,2.0,2.0,2.0,2.0,2.0,2.0,2.0
doubao-seed-2-0-lite-260428,205304101002,205304101002,301,2.25,2.0,2.0,2.0,3.0,2.0,2.0,2.0,2.0
doubao-seed-2-0-lite-260428,345233328002,345233328002,302,2.0,0.6666666666666666,2.0,2.0,2.0,2.0,0.0,0.0,2.0
doubao-seed-2-0-lite-260428,330131305002,330131305002,303,1.25,1.0,1.0,1.0,2.0,1.0,1.0,1.0,1.0
doubao-seed-2-0-lite-260428,324681330001,324681330001,304,2.0,2.0,2.0,2.0,2.0,2.0,2.0,2.0,2.0
doubao-seed-2-0-lite-260428,151156111001,151156111001,305,1.0,1.3333333333333333,1.0,1.0,1.0,1.0,2.0,0.0,2.0
doubao-seed-2-0-lite-260428,158278204002,158278204002,306,2.0,1.3333333333333333,2.0,2.0,2.0,2.0,2.0,0.0,2.0
doubao-seed-2-0-lite-260428,108259326001,108259326001,307,2.5,2.0,2.0,2.0,3.0,3.0,2.0,2.0,2.0
doubao-seed-2-0-lite-260428,324681217002,324681217002,308,1.25,1.6666666666666667,1.0,1.0,2.0,1.0,2.0,2.0,1.0
doubao-seed-2-0-lite-260428,154628304003,154628304003,309,2.0,1.3333333333333333,2.0,2.0,2.0,2.0,0.0,2.0,2.0
doubao-seed-2-0-lite-260428,154628208001,154628208001,310,2.25,1.0,2.0,2.0,3.0,2.0,0.0,1.0,2.0
doubao-seed-2-0-lite-260428,34043303001,34043303001,311,2.0,1.3333333333333333,2.0,2.0,2.0,2.0,0.0,2.0,2.0
doubao-seed-2-0-lite-260428,347763209001,347763209001,312,1.5,2.0,2.0,2.0,1.0,1.0,2.0,2.0,2.0
doubao-seed-2-0-lite-260428,14051211001,14051211001,313,2.0,1.6666666666666667,2.0,2.0,2.0,2.0,2.0,1.0,2.0
doubao-seed-2-0-mini-260428,57457126001,57457126001,1,2.0,0.6666666666666666,2.0,2.0,2.0,2.0,0.0,0.0,2.0
doubao-seed-2-0-mini-260428,75376243001,75376243001,2,1.0,0.3333333333333333,1.0,1.0,1.0,1.0,0.0,0.0,1.0
doubao-seed-2-0-mini-260428,324078110002,324078110002,3,1.25,1.6666666666666667,1.0,1.0,1.0,2.0,2.0,1.0,2.0
doubao-seed-2-0-mini-260428,175531118001,175531118001,4,1.25,1.3333333333333333,1.0,1.0,1.0,2.0,0.0,2.0,2.0
doubao-seed-2-0-mini-260428,14643113001,14643113001,5,2.25,1.6666666666666667,2.0,2.0,2.0,3.0,2.0,1.0,2.0
doubao-seed-2-0-mini-260428,111154127001,111154127001,6,1.0,2.0,1.0,1.0,1.0,1.0,2.0,2.0,2.0
doubao-seed-2-0-mini-260428,338231328001,338231328001,7,1.5,1.0,2.0,1.0,1.0,2.0,0.0,1.0,2.0
doubao-seed-2-0-mini-260428,51606117001,51606117001,8,1.0,1.6666666666666667,1.0,1.0,1.0,1.0,2.0,1.0,2.0
doubao-seed-2-0-mini-260428,324045114001,324045114001,9,2.0,,2.0,2.0,2.0,2.0,,,
doubao-seed-2-0-mini-260428,281104130001,281104130001,13,1.0,0.6666666666666666,1.0,1.0,1.0,1.0,0.0,0.0,2.0
doubao-seed-2-0-mini-260428,134902123001,134902123001,14,1.0,1.6666666666666667,1.0,1.0,1.0,1.0,2.0,1.0,2.0
doubao-seed-2-0-mini-260428,122490220001,122490220001,15,1.75,1.3333333333333333,1.0,2.0,2.0,2.0,1.0,1.0,2.0
doubao-seed-2-0-mini-260428,56302330002,56302330002,16,1.0,0.6666666666666666,1.0,1.0,1.0,1.0,0.0,0.0,2.0
doubao-seed-2-0-mini-260428,291676308001,291676308001,17,1.25,1.6666666666666667,1.0,1.0,1.0,2.0,2.0,1.0,2.0
doubao-seed-2-0-mini-260428,75504213002,75504213002,18,1.0,1.3333333333333333,1.0,1.0,1.0,1.0,2.0,0.0,2.0
doubao-seed-2-0-mini-260428,184037213001,184037213001,19,1.75,1.6666666666666667,2.0,2.0,2.0,1.0,2.0,1.0,2.0
doubao-seed-2-0-mini-260428,154058307002,154058307002,20,1.0,0.6666666666666666,1.0,1.0,1.0,1.0,0.0,1.0,1.0
doubao-seed-2-0-mini-260428,207406312001,207406312001,21,2.0,2.0,2.0,2.0,2.0,2.0,2.0,2.0,2.0
doubao-seed-2-0-mini-260428,154044202001,154044202001,22,1.0,1.0,1.0,1.0,1.0,1.0,1.0,0.0,2.0
doubao-seed-2-0-mini-260428,266059222001,266059222001,23,1.0,1.3333333333333333,1.0,1.0,1.0,1.0,2.0,0.0,2.0
doubao-seed-2-0-mini-260428,30476124001,30476124001,24,1.0,1.6666666666666667,1.0,1.0,1.0,1.0,2.0,1.0,2.0
doubao-seed-2-0-mini-260428,135559225002,135559225002,25,1.75,1.3333333333333333,1.0,2.0,2.0,2.0,1.0,1.0,2.0
doubao-seed-2-0-mini-260428,211176334001,211176334001,26,1.0,1.3333333333333333,1.0,1.0,1.0,1.0,1.0,1.0,2.0
doubao-seed-2-0-mini-260428,14031307002,14031307002,27,1.75,2.0,1.0,2.0,2.0,2.0,2.0,2.0,2.0
doubao-seed-2-0-mini-260428,280154309002,280154309002,28,2.0,1.3333333333333333,2.0,2.0,2.0,2.0,1.0,1.0,2.0
doubao-seed-2-0-mini-260428,200104317001,200104317001,29,1.0,2.0,1.0,1.0,1.0,1.0,2.0,2.0,2.0
doubao-seed-2-0-mini-260428,34043224002,34043224002,30,1.25,1.6666666666666667,1.0,1.0,1.0,2.0,2.0,1.0,2.0
doubao-seed-2-0-mini-260428,105102322002,105102322002,31,2.0,1.6666666666666667,2.0,2.0,2.0,2.0,2.0,1.0,2.0
doubao-seed-2-0-mini-260428,105102306002,105102306002,32,1.25,1.0,1.0,1.0,1.0,2.0,0.0,1.0,2.0
doubao-seed-2-0-mini-260428,134902216001,134902216001,33,2.0,1.6666666666666667,2.0,2.0,2.0,2.0,2.0,1.0,2.0
doubao-seed-2-0-mini-260428,211176105002,211176105002,34,1.75,1.6666666666666667,2.0,2.0,1.0,2.0,2.0,1.0,2.0
doubao-seed-2-0-mini-260428,241116202002,241116202002,35,1.75,1.0,1.0,2.0,2.0,2.0,0.0,1.0,2.0
doubao-seed-2-0-mini-260428,64028317002,64028317002,36,1.25,2.0,1.0,1.0,1.0,2.0,2.0,2.0,2.0
doubao-seed-2-0-mini-260428,64028314002,64028314002,37,2.0,1.6666666666666667,2.0,2.0,2.0,2.0,2.0,1.0,2.0
doubao-seed-2-0-mini-260428,266306205002,266306205002,38,1.25,0.0,1.0,1.0,1.0,2.0,0.0,0.0,0.0
doubao-seed-2-0-mini-260428,57633243002,57633243002,39,1.0,1.3333333333333333,1.0,1.0,1.0,1.0,1.0,1.0,2.0
doubao-seed-2-0-mini-260428,202454131002,202454131002,40,1.0,1.0,1.0,1.0,1.0,1.0,1.0,1.0,1.0
doubao-seed-2-0-mini-260428,153859115002,153859115002,41,1.0,1.0,1.0,1.0,1.0,1.0,0.0,1.0,2.0
doubao-seed-2-0-mini-260428,64028310001,64028310001,42,1.25,2.0,1.0,1.0,1.0,2.0,2.0,2.0,2.0
doubao-seed-2-0-mini-260428,158278201002,158278201002,43,2.25,1.6666666666666667,2.0,2.0,2.0,3.0,2.0,1.0,2.0
doubao-seed-2-0-mini-260428,150478205001,150478205001,44,1.0,1.0,1.0,1.0,1.0,1.0,1.0,1.0,1.0
doubao-seed-2-0-mini-260428,281104122003,281104122003,45,1.5,2.0,1.0,1.0,2.0,2.0,2.0,2.0,2.0
doubao-seed-2-0-mini-260428,110131321002,110131321002,46,1.0,1.0,1.0,1.0,1.0,1.0,0.0,1.0,2.0
doubao-seed-2-0-mini-260428,298245106002,298245106002,47,1.0,1.6666666666666667,1.0,1.0,1.0,1.0,2.0,1.0,2.0
doubao-seed-2-0-mini-260428,266059305001,266059305001,48,1.0,1.6666666666666667,1.0,1.0,1.0,1.0,2.0,1.0,2.0
doubao-seed-2-0-mini-260428,54054110001,54054110001,49,1.25,1.3333333333333333,1.0,1.0,1.0,2.0,2.0,0.0,2.0
doubao-seed-2-0-mini-260428,338231202001,338231202001,50,1.0,1.3333333333333333,1.0,1.0,1.0,1.0,2.0,0.0,2.0
doubao-seed-2-0-mini-260428,10206118001,10206118001,51,1.75,1.0,1.0,2.0,2.0,2.0,1.0,1.0,1.0
doubao-seed-2-0-mini-260428,244676309001,244676309001,52,1.0,2.0,1.0,1.0,1.0,1.0,2.0,2.0,2.0
doubao-seed-2-0-mini-260428,10233105002,10233105002,53,1.0,2.0,1.0,1.0,1.0,1.0,2.0,2.0,2.0
doubao-seed-2-0-mini-260428,320146222002,320146222002,54,2.0,2.0,2.0,2.0,2.0,2.0,2.0,2.0,2.0
doubao-seed-2-0-mini-260428,280154108002,280154108002,55,1.0,1.3333333333333333,1.0,1.0,1.0,1.0,2.0,0.0,2.0
doubao-seed-2-0-mini-260428,294099132002,294099132002,56,1.5,2.0,1.0,1.0,2.0,2.0,2.0,2.0,2.0
doubao-seed-2-0-mini-260428,18206219002,18206219002,10,1.0,1.6666666666666667,1.0,1.0,1.0,1.0,2.0,1.0,2.0
doubao-seed-2-0-mini-260428,64604125002,64604125002,11,1.5,1.6666666666666667,1.0,1.0,2.0,2.0,2.0,1.0,2.0
doubao-seed-2-0-mini-260428,161159310001,161159310001,12,1.5,1.3333333333333333,1.0,2.0,1.0,2.0,2.0,0.0,2.0
doubao-seed-2-0-mini-260428,151156320002,151156320002,57,1.0,2.0,1.0,1.0,1.0,1.0,2.0,2.0,2.0
doubao-seed-2-0-mini-260428,296081302001,296081302001,58,1.5,1.3333333333333333,1.0,1.0,2.0,2.0,1.0,1.0,2.0
doubao-seed-2-0-mini-260428,65546103002,65546103002,59,2.25,1.6666666666666667,2.0,2.0,2.0,3.0,2.0,1.0,2.0
doubao-seed-2-0-mini-260428,154058321002,154058321002,60,1.0,2.0,1.0,1.0,1.0,1.0,2.0,2.0,2.0
doubao-seed-2-0-mini-260428,14051113002,14051113002,61,1.0,1.3333333333333333,1.0,1.0,1.0,1.0,2.0,1.0,1.0
doubao-seed-2-0-mini-260428,75504205002,75504205002,62,2.0,,2.0,2.0,2.0,2.0,,,
doubao-seed-2-0-mini-260428,154628117001,154628117001,63,1.5,1.0,1.0,2.0,1.0,2.0,0.0,1.0,2.0
doubao-seed-2-0-mini-260428,162431111003,162431111003,64,1.0,1.0,1.0,1.0,1.0,1.0,0.0,1.0,2.0
doubao-seed-2-0-mini-260428,320146132002,320146132002,65,1.0,1.3333333333333333,1.0,1.0,1.0,1.0,2.0,1.0,1.0
doubao-seed-2-0-mini-260428,104004221001,104004221001,66,2.0,1.6666666666666667,2.0,2.0,2.0,2.0,2.0,1.0,2.0
doubao-seed-2-0-mini-260428,205304214001,205304214001,67,1.0,1.3333333333333333,1.0,1.0,1.0,1.0,2.0,0.0,2.0
doubao-seed-2-0-mini-260428,204028208001,204028208001,68,1.25,1.3333333333333333,1.0,1.0,1.0,2.0,2.0,0.0,2.0
doubao-seed-2-0-mini-260428,122490104002,122490104002,69,1.75,1.6666666666666667,2.0,2.0,1.0,2.0,2.0,1.0,2.0
doubao-seed-2-0-mini-260428,30476203001,30476203001,70,1.0,1.6666666666666667,1.0,1.0,1.0,1.0,2.0,1.0,2.0
doubao-seed-2-0-mini-260428,280154302001,280154302001,71,2.0,1.3333333333333333,2.0,2.0,2.0,2.0,1.0,1.0,2.0
doubao-seed-2-0-mini-260428,108206101002,108206101002,72,1.0,2.0,1.0,1.0,1.0,1.0,2.0,2.0,2.0
doubao-seed-2-0-mini-260428,56346322001,56346322001,73,1.0,1.3333333333333333,1.0,1.0,1.0,1.0,1.0,1.0,2.0
doubao-seed-2-0-mini-260428,135559225002,135559225002,74,2.0,1.3333333333333333,2.0,2.0,2.0,2.0,1.0,1.0,2.0
doubao-seed-2-0-mini-260428,138202125002,138202125002,75,1.0,1.6666666666666667,1.0,1.0,1.0,1.0,2.0,1.0,2.0
doubao-seed-2-0-mini-260428,60440205001,60440205001,76,1.0,1.6666666666666667,1.0,1.0,1.0,1.0,2.0,1.0,2.0
doubao-seed-2-0-mini-260428,141154325001,141154325001,77,1.25,1.6666666666666667,1.0,1.0,1.0,2.0,2.0,1.0,2.0
doubao-seed-2-0-mini-260428,74631307001,74631307001,78,1.0,0.6666666666666666,1.0,1.0,1.0,1.0,0.0,0.0,2.0
doubao-seed-2-0-mini-260428,280154331001,280154331001,79,1.0,0.6666666666666666,1.0,1.0,1.0,1.0,0.0,0.0,2.0
doubao-seed-2-0-mini-260428,321116113001,321116113001,80,1.0,1.6666666666666667,1.0,1.0,1.0,1.0,2.0,1.0,2.0
doubao-seed-2-0-mini-260428,56604129001,56604129001,119,1.0,1.6666666666666667,1.0,1.0,1.0,1.0,2.0,1.0,2.0
doubao-seed-2-0-mini-260428,72428222002,72428222002,120,1.0,1.6666666666666667,1.0,1.0,1.0,1.0,2.0,1.0,2.0
doubao-seed-2-0-mini-260428,116006312001,116006312001,81,1.0,1.6666666666666667,1.0,1.0,1.0,1.0,2.0,2.0,1.0
doubao-seed-2-0-mini-260428,184037219001,184037219001,82,1.0,1.0,1.0,1.0,1.0,1.0,2.0,0.0,1.0
doubao-seed-2-0-mini-260428,64033334001,64033334001,83,1.25,2.0,1.0,1.0,1.0,2.0,2.0,2.0,2.0
doubao-seed-2-0-mini-260428,150478210001,150478210001,84,1.0,0.3333333333333333,1.0,1.0,1.0,1.0,0.0,0.0,1.0
doubao-seed-2-0-mini-260428,151156311001,151156311001,85,1.0,2.0,1.0,1.0,1.0,1.0,2.0,2.0,2.0
doubao-seed-2-0-mini-260428,271806118001,271806118001,86,1.25,2.0,1.0,1.0,1.0,2.0,2.0,2.0,2.0
doubao-seed-2-0-mini-260428,60481225002,60481225002,87,2.25,2.0,2.0,2.0,2.0,3.0,2.0,2.0,2.0
doubao-seed-2-0-mini-260428,141154206002,141154206002,88,1.0,2.0,1.0,1.0,1.0,1.0,2.0,2.0,2.0
doubao-seed-2-0-mini-260428,94004111001,94004111001,89,2.0,1.3333333333333333,2.0,2.0,2.0,2.0,1.0,1.0,2.0
doubao-seed-2-0-mini-260428,326359105002,326359105002,90,1.0,2.0,1.0,1.0,1.0,1.0,2.0,2.0,2.0
doubao-seed-2-0-mini-260428,202454134001,202454134001,91,1.5,2.0,1.0,1.0,2.0,2.0,2.0,2.0,2.0
doubao-seed-2-0-mini-260428,124099315002,124099315002,92,1.0,2.0,1.0,1.0,1.0,1.0,2.0,2.0,2.0
doubao-seed-2-0-mini-260428,134004112002,134004112002,93,1.75,1.0,1.0,2.0,2.0,2.0,0.0,1.0,2.0
doubao-seed-2-0-mini-260428,275559307001,275559307001,94,2.0,2.0,2.0,2.0,2.0,2.0,2.0,2.0,2.0
doubao-seed-2-0-mini-260428,271806130001,271806130001,95,1.75,1.6666666666666667,1.0,2.0,2.0,2.0,2.0,1.0,2.0
doubao-seed-2-0-mini-260428,64028102001,64028102001,96,1.25,0.3333333333333333,1.0,1.0,1.0,2.0,0.0,0.0,1.0
doubao-seed-2-0-mini-260428,281116308001,281116308001,97,1.25,1.6666666666666667,1.0,1.0,1.0,2.0,2.0,1.0,2.0
doubao-seed-2-0-mini-260428,275559318001,275559318001,98,1.0,2.0,1.0,1.0,1.0,1.0,2.0,2.0,2.0
doubao-seed-2-0-mini-260428,65546119001,65546119001,99,1.75,1.6666666666666667,1.0,2.0,2.0,2.0,2.0,1.0,2.0
doubao-seed-2-0-mini-260428,205304101002,205304101002,100,2.25,2.0,2.0,2.0,2.0,3.0,2.0,2.0,2.0
doubao-seed-2-0-mini-260428,241116332002,241116332002,101,2.25,1.6666666666666667,2.0,3.0,2.0,2.0,2.0,1.0,2.0
doubao-seed-2-0-mini-260428,64033129001,64033129001,102,1.0,0.6666666666666666,1.0,1.0,1.0,1.0,2.0,0.0,0.0
doubao-seed-2-0-mini-260428,110131213002,110131213002,103,1.0,0.6666666666666666,1.0,1.0,1.0,1.0,0.0,1.0,1.0
doubao-seed-2-0-mini-260428,262728314002,262728314002,104,1.0,2.0,1.0,1.0,1.0,1.0,2.0,2.0,2.0
doubao-seed-2-0-mini-260428,241116221001,241116221001,105,2.25,1.6666666666666667,2.0,2.0,2.0,3.0,2.0,1.0,2.0
doubao-seed-2-0-mini-260428,275559328001,275559328001,106,1.5,1.3333333333333333,1.0,2.0,2.0,1.0,0.0,2.0,2.0
doubao-seed-2-0-mini-260428,54054108002,54054108002,107,1.0,0.3333333333333333,1.0,1.0,1.0,1.0,0.0,0.0,1.0
doubao-seed-2-0-mini-260428,154044310001,154044310001,108,1.25,1.6666666666666667,1.0,1.0,1.0,2.0,2.0,1.0,2.0
doubao-seed-2-0-mini-260428,270402209001,270402209001,109,1.0,0.6666666666666666,1.0,1.0,1.0,1.0,0.0,0.0,2.0
doubao-seed-2-0-mini-260428,58202220001,58202220001,110,1.0,1.6666666666666667,1.0,1.0,1.0,1.0,2.0,1.0,2.0
doubao-seed-2-0-mini-260428,65546218001,65546218001,111,1.0,1.3333333333333333,1.0,1.0,1.0,1.0,2.0,0.0,2.0
doubao-seed-2-0-mini-260428,138202135001,138202135001,112,1.0,1.0,1.0,1.0,1.0,1.0,0.0,1.0,2.0
doubao-seed-2-0-mini-260428,112744316002,112744316002,113,1.0,1.6666666666666667,1.0,1.0,1.0,1.0,2.0,1.0,2.0
doubao-seed-2-0-mini-260428,74057123001,74057123001,114,1.25,0.6666666666666666,1.0,1.0,1.0,2.0,0.0,0.0,2.0
doubao-seed-2-0-mini-260428,10206323002,10206323002,115,1.0,1.6666666666666667,1.0,1.0,1.0,1.0,2.0,1.0,2.0
doubao-seed-2-0-mini-260428,74002116002,74002116002,116,1.25,0.6666666666666666,1.0,1.0,1.0,2.0,0.0,0.0,2.0
doubao-seed-2-0-mini-260428,241116304002,241116304002,117,1.0,1.3333333333333333,1.0,1.0,1.0,1.0,2.0,0.0,2.0
doubao-seed-2-0-mini-260428,142403341002,142403341002,118,1.0,2.0,1.0,1.0,1.0,1.0,2.0,2.0,2.0
doubao-seed-2-0-mini-260428,141154304002,141154304002,121,2.0,2.0,2.0,2.0,2.0,2.0,2.0,2.0,2.0
doubao-seed-2-0-mini-260428,294099231003,294099231003,122,2.25,0.6666666666666666,2.0,3.0,2.0,2.0,0.0,0.0,2.0
doubao-seed-2-0-mini-260428,34043123001,34043123001,123,1.0,1.3333333333333333,1.0,1.0,1.0,1.0,2.0,0.0,2.0
doubao-seed-2-0-mini-260428,274951110001,274951110001,124,1.0,1.3333333333333333,1.0,1.0,1.0,1.0,2.0,0.0,2.0
doubao-seed-2-0-mini-260428,34676116002,34676116002,125,1.75,1.3333333333333333,2.0,1.0,2.0,2.0,2.0,0.0,2.0
doubao-seed-2-0-mini-260428,175531321001,175531321001,126,1.0,1.6666666666666667,1.0,1.0,1.0,1.0,2.0,1.0,2.0
doubao-seed-2-0-mini-260428,321131210001,321131210001,127,1.0,1.3333333333333333,1.0,1.0,1.0,1.0,1.0,1.0,2.0
doubao-seed-2-0-mini-260428,241116320001,241116320001,128,1.5,1.6666666666666667,1.0,1.0,2.0,2.0,1.0,2.0,2.0
doubao-seed-2-0-mini-260428,244056227001,244056227001,129,1.0,1.3333333333333333,1.0,1.0,1.0,1.0,2.0,0.0,2.0
doubao-seed-2-0-mini-260428,74002112001,74002112001,130,1.0,0.6666666666666666,1.0,1.0,1.0,1.0,0.0,0.0,2.0
doubao-seed-2-0-mini-260428,154058310002,154058310002,131,2.0,2.0,2.0,2.0,2.0,2.0,2.0,2.0,2.0
doubao-seed-2-0-mini-260428,266059202002,266059202002,132,1.0,2.0,1.0,1.0,1.0,1.0,2.0,2.0,2.0
doubao-seed-2-0-mini-260428,184037201002,184037201002,133,1.0,1.6666666666666667,1.0,1.0,1.0,1.0,2.0,1.0,2.0
doubao-seed-2-0-mini-260428,211154232001,211154232001,134,1.0,2.0,1.0,1.0,1.0,1.0,2.0,2.0,2.0
doubao-seed-2-0-mini-260428,345233228002,345233228002,135,1.0,2.0,1.0,1.0,1.0,1.0,2.0,2.0,2.0
doubao-seed-2-0-mini-260428,116006116001,116006116001,136,1.0,0.6666666666666666,1.0,1.0,1.0,1.0,0.0,0.0,2.0
doubao-seed-2-0-mini-260428,266059204001,266059204001,137,2.0,1.6666666666666667,2.0,2.0,2.0,2.0,2.0,1.0,2.0
doubao-seed-2-0-mini-260428,10233105002,10233105002,138,1.25,1.6666666666666667,1.0,1.0,1.0,2.0,2.0,1.0,2.0
doubao-seed-2-0-mini-260428,298245316002,298245316002,139,1.25,0.3333333333333333,1.0,1.0,1.0,2.0,0.0,0.0,1.0
doubao-seed-2-0-mini-260428,296081233002,296081233002,140,1.0,1.3333333333333333,1.0,1.0,1.0,1.0,2.0,0.0,2.0
doubao-seed-2-0-mini-260428,296081115001,296081115001,141,1.0,1.0,1.0,1.0,1.0,1.0,0.0,1.0,2.0
doubao-seed-2-0-mini-260428,60440124001,60440124001,142,1.0,1.6666666666666667,1.0,1.0,1.0,1.0,1.0,2.0,2.0
doubao-seed-2-0-mini-260428,194037336001,194037336001,143,1.0,1.6666666666666667,1.0,1.0,1.0,1.0,2.0,2.0,1.0
doubao-seed-2-0-mini-260428,202454220001,202454220001,144,1.0,2.0,1.0,1.0,1.0,1.0,2.0,2.0,2.0
doubao-seed-2-0-mini-260428,153859111002,153859111002,145,1.0,1.3333333333333333,1.0,1.0,1.0,1.0,2.0,0.0,2.0
doubao-seed-2-0-mini-260428,14031322002,14031322002,146,1.0,1.3333333333333333,1.0,1.0,1.0,1.0,1.0,1.0,2.0
doubao-seed-2-0-mini-260428,347763115002,347763115002,147,1.0,1.3333333333333333,1.0,1.0,1.0,1.0,2.0,0.0,2.0
doubao-seed-2-0-mini-260428,347763302001,347763302001,148,1.0,1.0,1.0,1.0,1.0,1.0,1.0,1.0,1.0
doubao-seed-2-0-mini-260428,261676110002,261676110002,149,1.5,1.6666666666666667,1.0,1.0,2.0,2.0,2.0,1.0,2.0
doubao-seed-2-0-mini-260428,295331315002,295331315002,150,2.5,1.6666666666666667,2.0,3.0,2.0,3.0,2.0,1.0,2.0
doubao-seed-2-0-mini-260428,175531322002,175531322002,151,1.0,1.3333333333333333,1.0,1.0,1.0,1.0,1.0,1.0,2.0
doubao-seed-2-0-mini-260428,294028325002,294028325002,152,2.0,1.0,2.0,2.0,2.0,2.0,0.0,1.0,2.0
doubao-seed-2-0-mini-260428,244056210002,244056210002,153,1.0,0.0,1.0,1.0,1.0,1.0,0.0,0.0,0.0
doubao-seed-2-0-mini-260428,244056306002,244056306002,154,1.0,1.6666666666666667,1.0,1.0,1.0,1.0,2.0,1.0,2.0
doubao-seed-2-0-mini-260428,184037216001,184037216001,155,2.0,1.3333333333333333,2.0,2.0,2.0,2.0,0.0,2.0,2.0
doubao-seed-2-0-mini-260428,211176120002,211176120002,156,1.0,1.6666666666666667,1.0,1.0,1.0,1.0,2.0,1.0,2.0
doubao-seed-2-0-mini-260428,154058209001,154058209001,157,1.0,1.0,1.0,1.0,1.0,1.0,0.0,1.0,2.0
doubao-seed-2-0-mini-260428,151156109002,151156109002,158,1.0,1.3333333333333333,1.0,1.0,1.0,1.0,0.0,2.0,2.0
doubao-seed-2-0-mini-260428,288251231001,288251231001,159,1.0,1.3333333333333333,1.0,1.0,1.0,1.0,1.0,1.0,2.0
doubao-seed-2-0-mini-260428,150478113001,150478113001,160,1.75,2.0,1.0,2.0,2.0,2.0,2.0,2.0,2.0
doubao-seed-2-0-mini-260428,111154107001,111154107001,161,1.5,1.3333333333333333,1.0,1.0,2.0,2.0,2.0,0.0,2.0
doubao-seed-2-0-mini-260428,14643316002,14643316002,162,1.0,1.3333333333333333,1.0,1.0,1.0,1.0,2.0,1.0,1.0
doubao-seed-2-0-mini-260428,296331123002,296331123002,163,1.0,1.0,1.0,1.0,1.0,1.0,0.0,1.0,2.0
doubao-seed-2-0-mini-260428,134902222002,134902222002,164,1.75,1.6666666666666667,1.0,2.0,2.0,2.0,2.0,1.0,2.0
doubao-seed-2-0-mini-260428,134902306001,134902306001,165,1.0,2.0,1.0,1.0,1.0,1.0,2.0,2.0,2.0
doubao-seed-2-0-mini-260428,321116307002,321116307002,166,1.0,1.6666666666666667,1.0,1.0,1.0,1.0,2.0,1.0,2.0
doubao-seed-2-0-mini-260428,265359333002,265359333002,167,2.0,1.3333333333333333,2.0,2.0,2.0,2.0,1.0,1.0,2.0
doubao-seed-2-0-mini-260428,275559214002,275559214002,168,2.0,1.6666666666666667,2.0,2.0,2.0,2.0,2.0,1.0,2.0
doubao-seed-2-0-mini-260428,104004216002,104004216002,169,1.0,2.0,1.0,1.0,1.0,1.0,2.0,2.0,2.0
doubao-seed-2-0-mini-260428,58659336002,58659336002,170,1.0,0.6666666666666666,1.0,1.0,1.0,1.0,0.0,1.0,1.0
doubao-seed-2-0-mini-260428,174643308001,174643308001,171,1.0,2.0,1.0,1.0,1.0,1.0,2.0,2.0,2.0
doubao-seed-2-0-mini-260428,30476203002,30476203002,172,1.0,2.0,1.0,1.0,1.0,1.0,2.0,2.0,2.0
doubao-seed-2-0-mini-260428,161159216001,161159216001,173,1.0,2.0,1.0,1.0,1.0,1.0,2.0,2.0,2.0
doubao-seed-2-0-mini-260428,296081128002,296081128002,174,1.0,1.6666666666666667,1.0,1.0,1.0,1.0,2.0,1.0,2.0
doubao-seed-2-0-mini-260428,56043123001,56043123001,175,1.0,1.0,1.0,1.0,1.0,1.0,0.0,1.0,2.0
doubao-seed-2-0-mini-260428,334631128001,334631128001,176,1.0,1.3333333333333333,1.0,1.0,1.0,1.0,1.0,1.0,2.0
doubao-seed-2-0-mini-260428,175531212002,175531212002,177,1.25,0.0,1.0,1.0,2.0,1.0,0.0,0.0,0.0
doubao-seed-2-0-mini-260428,56302136001,56302136001,178,2.0,1.6666666666666667,2.0,2.0,2.0,2.0,2.0,1.0,2.0
doubao-seed-2-0-mini-260428,134902327001,134902327001,179,1.75,1.6666666666666667,2.0,2.0,2.0,1.0,2.0,1.0,2.0
doubao-seed-2-0-mini-260428,74981218001,74981218001,180,1.75,1.3333333333333333,1.0,2.0,2.0,2.0,1.0,1.0,2.0
doubao-seed-2-0-mini-260428,177402120001,177402120001,181,1.0,0.0,1.0,1.0,1.0,1.0,0.0,0.0,0.0
doubao-seed-2-0-mini-260428,154058322001,154058322001,182,1.0,1.3333333333333333,1.0,1.0,1.0,1.0,1.0,1.0,2.0
doubao-seed-2-0-mini-260428,177402135002,177402135002,183,1.0,1.0,1.0,1.0,1.0,1.0,2.0,0.0,1.0
doubao-seed-2-0-mini-260428,151156318001,151156318001,184,1.0,0.0,1.0,1.0,1.0,1.0,0.0,0.0,0.0
doubao-seed-2-0-mini-260428,347763304002,347763304002,185,1.0,1.3333333333333333,1.0,1.0,1.0,1.0,1.0,1.0,2.0
doubao-seed-2-0-mini-260428,65546132001,65546132001,186,1.0,1.0,1.0,1.0,1.0,1.0,0.0,1.0,2.0
doubao-seed-2-0-mini-260428,296081138001,296081138001,187,1.0,1.3333333333333333,1.0,1.0,1.0,1.0,2.0,0.0,2.0
doubao-seed-2-0-mini-260428,57633117002,57633117002,188,1.0,1.3333333333333333,1.0,1.0,1.0,1.0,2.0,0.0,2.0
doubao-seed-2-0-mini-260428,296006201002,296006201002,189,1.0,1.0,1.0,1.0,1.0,1.0,0.0,1.0,2.0
doubao-seed-2-0-mini-260428,112744211002,112744211002,190,1.25,1.3333333333333333,1.0,1.0,2.0,1.0,2.0,0.0,2.0
doubao-seed-2-0-mini-260428,162431228001,162431228001,191,1.0,1.6666666666666667,1.0,1.0,1.0,1.0,2.0,1.0,2.0
doubao-seed-2-0-mini-260428,241116116001,241116116001,192,1.0,1.3333333333333333,1.0,1.0,1.0,1.0,2.0,0.0,2.0
doubao-seed-2-0-mini-260428,168231321002,168231321002,193,1.0,1.3333333333333333,1.0,1.0,1.0,1.0,2.0,0.0,2.0
doubao-seed-2-0-mini-260428,330131314001,330131314001,194,1.0,1.3333333333333333,1.0,1.0,1.0,1.0,2.0,0.0,2.0
doubao-seed-2-0-mini-260428,64604310002,64604310002,195,1.25,0.6666666666666666,1.0,1.0,1.0,2.0,0.0,0.0,2.0
doubao-seed-2-0-mini-260428,324078327001,324078327001,196,1.0,2.0,1.0,1.0,1.0,1.0,2.0,2.0,2.0
doubao-seed-2-0-mini-260428,241116129001,241116129001,197,1.0,0.6666666666666666,1.0,1.0,1.0,1.0,0.0,1.0,1.0
doubao-seed-2-0-mini-260428,324045138002,324045138002,198,1.0,2.0,1.0,1.0,1.0,1.0,2.0,2.0,2.0
doubao-seed-2-0-mini-260428,175531317002,175531317002,199,1.0,1.0,1.0,1.0,1.0,1.0,2.0,0.0,1.0
doubao-seed-2-0-mini-260428,297439202001,297439202001,200,1.0,1.6666666666666667,1.0,1.0,1.0,1.0,2.0,1.0,2.0
doubao-seed-2-0-mini-260428,330102318002,330102318002,201,1.0,1.3333333333333333,1.0,1.0,1.0,1.0,2.0,0.0,2.0
doubao-seed-2-0-mini-260428,296081128001,296081128001,202,1.0,1.6666666666666667,1.0,1.0,1.0,1.0,2.0,1.0,2.0
doubao-seed-2-0-mini-260428,321116208002,321116208002,203,1.0,1.3333333333333333,1.0,1.0,1.0,1.0,2.0,0.0,2.0
doubao-seed-2-0-mini-260428,321659309002,321659309002,204,1.0,0.0,1.0,1.0,1.0,1.0,0.0,0.0,0.0
doubao-seed-2-0-mini-260428,261676239001,261676239001,205,1.0,1.0,1.0,1.0,1.0,1.0,0.0,1.0,2.0
doubao-seed-2-0-mini-260428,78233308001,78233308001,206,2.0,2.0,2.0,2.0,2.0,2.0,2.0,2.0,2.0
doubao-seed-2-0-mini-260428,117489210001,117489210001,207,1.0,2.0,1.0,1.0,1.0,1.0,2.0,2.0,2.0
doubao-seed-2-0-mini-260428,116006208001,116006208001,208,1.25,0.6666666666666666,1.0,1.0,1.0,2.0,0.0,1.0,1.0
doubao-seed-2-0-mini-260428,110131308002,110131308002,209,1.25,2.0,1.0,1.0,1.0,2.0,2.0,2.0,2.0
doubao-seed-2-0-mini-260428,204906235001,204906235001,210,1.75,1.6666666666666667,1.0,2.0,2.0,2.0,2.0,1.0,2.0
doubao-seed-2-0-mini-260428,122490107002,122490107002,211,2.0,1.6666666666666667,2.0,2.0,2.0,2.0,2.0,1.0,2.0
doubao-seed-2-0-mini-260428,202454119001,202454119001,212,2.0,1.6666666666666667,2.0,2.0,2.0,2.0,2.0,1.0,2.0
doubao-seed-2-0-mini-260428,60481225001,60481225001,214,1.0,2.0,1.0,1.0,1.0,1.0,2.0,2.0,2.0
doubao-seed-2-0-mini-260428,281104122001,281104122001,213,2.0,1.0,2.0,2.0,2.0,2.0,1.0,1.0,1.0
doubao-seed-2-0-mini-260428,184037316002,184037316002,215,2.0,2.0,2.0,2.0,2.0,2.0,2.0,2.0,2.0
doubao-seed-2-0-mini-260428,134004327001,134004327001,216,2.0,2.0,2.0,2.0,2.0,2.0,2.0,2.0,2.0
doubao-seed-2-0-mini-260428,326346326002,326346326002,217,2.0,1.6666666666666667,2.0,2.0,2.0,2.0,2.0,2.0,1.0
doubao-seed-2-0-mini-260428,56059316001,56059316001,218,2.0,1.6666666666666667,2.0,2.0,2.0,2.0,2.0,1.0,2.0
doubao-seed-2-0-mini-260428,158278316001,158278316001,219,1.5,,2.0,2.0,1.0,1.0,,,
doubao-seed-2-0-mini-260428,324681112001,324681112001,220,1.75,1.6666666666666667,2.0,1.0,2.0,2.0,2.0,1.0,2.0
doubao-seed-2-0-mini-260428,10451307002,10451307002,221,1.5,1.3333333333333333,1.0,1.0,2.0,2.0,2.0,0.0,2.0
doubao-seed-2-0-mini-260428,111154234001,111154234001,222,1.75,0.6666666666666666,2.0,1.0,2.0,2.0,0.0,1.0,1.0
doubao-seed-2-0-mini-260428,122490332001,122490332001,223,1.0,1.3333333333333333,1.0,1.0,1.0,1.0,2.0,1.0,1.0
doubao-seed-2-0-mini-260428,262728314002,262728314002,224,1.25,1.0,1.0,1.0,1.0,2.0,1.0,1.0,1.0
doubao-seed-2-0-mini-260428,57457105001,57457105001,225,1.0,0.6666666666666666,1.0,1.0,1.0,1.0,0.0,1.0,1.0
doubao-seed-2-0-mini-260428,184037118001,184037118001,226,2.0,1.3333333333333333,2.0,2.0,2.0,2.0,2.0,0.0,2.0
doubao-seed-2-0-mini-260428,294099321001,294099321001,227,2.0,1.3333333333333333,2.0,2.0,2.0,2.0,2.0,0.0,2.0
doubao-seed-2-0-mini-260428,265359305001,265359305001,228,1.0,1.6666666666666667,1.0,1.0,1.0,1.0,2.0,1.0,2.0
doubao-seed-2-0-mini-260428,162431203001,162431203001,229,1.75,1.6666666666666667,2.0,1.0,2.0,2.0,2.0,2.0,1.0
doubao-seed-2-0-mini-260428,10104310001,10104310001,230,2.0,1.6666666666666667,2.0,2.0,2.0,2.0,2.0,1.0,2.0
doubao-seed-2-0-mini-260428,271806309001,271806309001,231,1.5,2.0,1.0,1.0,2.0,2.0,2.0,2.0,2.0
doubao-seed-2-0-mini-260428,154676127001,154676127001,232,1.25,1.0,2.0,1.0,1.0,1.0,2.0,0.0,1.0
doubao-seed-2-0-mini-260428,265576234002,265576234002,233,2.0,2.0,2.0,2.0,2.0,2.0,2.0,2.0,2.0
doubao-seed-2-0-mini-260428,65546306002,65546306002,234,2.0,1.6666666666666667,2.0,2.0,2.0,2.0,2.0,1.0,2.0
doubao-seed-2-0-mini-260428,334002302001,334002302001,235,1.0,0.6666666666666666,1.0,1.0,1.0,1.0,0.0,1.0,1.0
doubao-seed-2-0-mini-260428,271806301002,271806301002,236,2.0,1.6666666666666667,2.0,2.0,2.0,2.0,2.0,1.0,2.0
doubao-seed-2-0-mini-260428,14643121001,14643121001,237,1.0,1.6666666666666667,1.0,1.0,1.0,1.0,2.0,1.0,2.0
doubao-seed-2-0-mini-260428,154058312001,154058312001,238,2.5,1.3333333333333333,2.0,2.0,3.0,3.0,1.0,1.0,2.0
doubao-seed-2-0-mini-260428,54054211001,54054211001,239,1.0,1.3333333333333333,1.0,1.0,1.0,1.0,1.0,1.0,2.0
doubao-seed-2-0-mini-260428,338231228001,338231228001,240,2.25,0.6666666666666666,2.0,2.0,2.0,3.0,0.0,0.0,2.0
doubao-seed-2-0-mini-260428,330102222003,330102222003,241,1.75,1.3333333333333333,2.0,2.0,2.0,1.0,2.0,0.0,2.0
doubao-seed-2-0-mini-260428,274951108001,274951108001,242,2.0,1.3333333333333333,2.0,2.0,2.0,2.0,1.0,1.0,2.0
doubao-seed-2-0-mini-260428,74981206001,74981206001,243,2.0,1.3333333333333333,2.0,2.0,2.0,2.0,1.0,1.0,2.0
doubao-seed-2-0-mini-260428,154044136002,154044136002,244,1.5,1.3333333333333333,1.0,1.0,2.0,2.0,2.0,0.0,2.0
doubao-seed-2-0-mini-260428,134902229001,134902229001,245,1.0,1.3333333333333333,1.0,1.0,1.0,1.0,2.0,1.0,1.0
doubao-seed-2-0-mini-260428,74004305001,74004305001,246,2.0,2.0,2.0,2.0,2.0,2.0,2.0,2.0,2.0
doubao-seed-2-0-mini-260428,296006236002,296006236002,247,1.25,1.6666666666666667,1.0,1.0,1.0,2.0,2.0,1.0,2.0
doubao-seed-2-0-mini-260428,64604120001,64604120001,248,1.75,1.6666666666666667,2.0,2.0,2.0,1.0,2.0,1.0,2.0
doubao-seed-2-0-mini-260428,292458229001,292458229001,249,2.0,0.6666666666666666,2.0,2.0,2.0,2.0,0.0,1.0,1.0
doubao-seed-2-0-mini-260428,296331223002,296331223002,250,1.75,1.3333333333333333,1.0,2.0,2.0,2.0,1.0,1.0,2.0
doubao-seed-2-0-mini-260428,104004124001,104004124001,251,2.0,0.6666666666666666,2.0,2.0,2.0,2.0,0.0,1.0,1.0
doubao-seed-2-0-mini-260428,320146209002,320146209002,252,1.5,1.6666666666666667,2.0,1.0,2.0,1.0,2.0,1.0,2.0
doubao-seed-2-0-mini-260428,58202217002,58202217002,253,2.0,1.6666666666666667,2.0,2.0,2.0,2.0,2.0,1.0,2.0
doubao-seed-2-0-mini-260428,56043320001,56043320001,254,2.0,1.0,2.0,2.0,2.0,2.0,2.0,0.0,1.0
doubao-seed-2-0-mini-260428,34676202001,34676202001,255,1.75,1.6666666666666667,2.0,1.0,2.0,2.0,2.0,1.0,2.0
doubao-seed-2-0-mini-260428,151156304001,151156304001,256,1.5,1.6666666666666667,1.0,1.0,2.0,2.0,2.0,1.0,2.0
doubao-seed-2-0-mini-260428,105381333002,105381333002,257,1.5,0.6666666666666666,1.0,1.0,2.0,2.0,0.0,1.0,1.0
doubao-seed-2-0-mini-260428,194037120001,194037120001,258,2.0,0.6666666666666666,2.0,2.0,2.0,2.0,0.0,0.0,2.0
doubao-seed-2-0-mini-260428,154676113001,154676113001,259,1.5,1.3333333333333333,1.0,1.0,2.0,2.0,2.0,0.0,2.0
doubao-seed-2-0-mini-260428,166006327001,166006327001,260,2.0,1.6666666666666667,2.0,2.0,2.0,2.0,2.0,1.0,2.0
doubao-seed-2-0-mini-260428,105102207001,105102207001,261,2.5,2.0,3.0,3.0,2.0,2.0,2.0,2.0,2.0
doubao-seed-2-0-mini-260428,56604114001,56604114001,262,1.25,1.6666666666666667,1.0,1.0,1.0,2.0,2.0,1.0,2.0
doubao-seed-2-0-mini-260428,151156309002,151156309002,263,1.5,1.0,2.0,1.0,2.0,1.0,1.0,1.0,1.0
doubao-seed-2-0-mini-260428,321131217001,321131217001,264,1.5,1.3333333333333333,1.0,1.0,2.0,2.0,2.0,0.0,2.0
doubao-seed-2-0-mini-260428,202454324002,202454324002,265,1.25,1.6666666666666667,1.0,1.0,2.0,1.0,2.0,1.0,2.0
doubao-seed-2-0-mini-260428,288251116001,288251116001,266,1.75,1.6666666666666667,1.0,2.0,2.0,2.0,2.0,1.0,2.0
doubao-seed-2-0-mini-260428,94004216001,94004216001,267,2.0,1.6666666666666667,2.0,2.0,2.0,2.0,2.0,1.0,2.0
doubao-seed-2-0-mini-260428,54054234001,54054234001,268,2.0,1.6666666666666667,2.0,2.0,2.0,2.0,2.0,1.0,2.0
doubao-seed-2-0-mini-260428,275559211001,275559211001,269,2.75,1.6666666666666667,3.0,3.0,3.0,2.0,2.0,1.0,2.0
doubao-seed-2-0-mini-260428,244604211001,244604211001,270,1.5,1.0,1.0,1.0,2.0,2.0,2.0,0.0,1.0
doubao-seed-2-0-mini-260428,117489216001,117489216001,271,2.0,1.3333333333333333,2.0,2.0,2.0,2.0,2.0,0.0,2.0
doubao-seed-2-0-mini-260428,184037317001,184037317001,272,1.25,1.3333333333333333,2.0,1.0,1.0,1.0,2.0,1.0,1.0
doubao-seed-2-0-mini-260428,151156304002,151156304002,273,1.5,1.0,1.0,2.0,1.0,2.0,0.0,1.0,2.0
doubao-seed-2-0-mini-260428,330102216002,330102216002,274,1.0,1.3333333333333333,1.0,1.0,1.0,1.0,2.0,0.0,2.0
doubao-seed-2-0-mini-260428,54249319001,54249319001,275,2.0,1.6666666666666667,2.0,2.0,2.0,2.0,2.0,1.0,2.0
doubao-seed-2-0-mini-260428,280154119002,280154119002,276,1.75,2.0,2.0,2.0,2.0,1.0,2.0,2.0,2.0
doubao-seed-2-0-mini-260428,74631115001,74631115001,277,2.0,1.6666666666666667,2.0,2.0,2.0,2.0,2.0,1.0,2.0
doubao-seed-2-0-mini-260428,268606121002,268606121002,278,2.0,1.0,2.0,2.0,2.0,2.0,1.0,1.0,1.0
doubao-seed-2-0-mini-260428,274951126001,274951126001,279,2.0,1.3333333333333333,2.0,2.0,2.0,2.0,2.0,1.0,1.0
doubao-seed-2-0-mini-260428,205304104002,205304104002,280,2.0,,2.0,2.0,2.0,2.0,,,
doubao-seed-2-0-mini-260428,75504303001,75504303001,281,1.5,1.3333333333333333,1.0,2.0,2.0,1.0,1.0,1.0,2.0
doubao-seed-2-0-mini-260428,111154102002,111154102002,282,1.0,1.0,1.0,1.0,1.0,1.0,2.0,0.0,1.0
doubao-seed-2-0-mini-260428,334631301002,334631301002,283,2.0,1.6666666666666667,2.0,2.0,2.0,2.0,2.0,1.0,2.0
doubao-seed-2-0-mini-260428,295331110001,295331110001,284,2.0,1.3333333333333333,2.0,2.0,2.0,2.0,2.0,1.0,1.0
doubao-seed-2-0-mini-260428,14643125002,14643125002,285,1.75,1.6666666666666667,2.0,2.0,2.0,1.0,2.0,1.0,2.0
doubao-seed-2-0-mini-260428,151156304002,151156304002,286,2.0,1.0,2.0,2.0,2.0,2.0,0.0,1.0,2.0
doubao-seed-2-0-mini-260428,56059309001,56059309001,287,2.0,2.0,2.0,2.0,2.0,2.0,2.0,2.0,2.0
doubao-seed-2-0-mini-260428,330131304001,330131304001,288,2.0,1.6666666666666667,2.0,2.0,2.0,2.0,2.0,1.0,2.0
doubao-seed-2-0-mini-260428,10451225001,10451225001,289,1.5,1.3333333333333333,1.0,1.0,2.0,2.0,2.0,1.0,1.0
doubao-seed-2-0-mini-260428,58202129002,58202129002,290,1.0,1.3333333333333333,1.0,1.0,1.0,1.0,2.0,1.0,1.0
doubao-seed-2-0-mini-260428,281104205001,281104205001,291,1.75,0.6666666666666666,2.0,2.0,2.0,1.0,0.0,0.0,2.0
doubao-seed-2-0-mini-260428,158278218002,158278218002,292,1.5,,2.0,1.0,2.0,1.0,,,
doubao-seed-2-0-mini-260428,285502117001,285502117001,293,1.0,1.3333333333333333,1.0,1.0,1.0,1.0,2.0,1.0,1.0
doubao-seed-2-0-mini-260428,108259301002,108259301002,294,2.0,1.6666666666666667,2.0,2.0,2.0,2.0,2.0,1.0,2.0
doubao-seed-2-0-mini-260428,105381315001,105381315001,295,1.25,0.3333333333333333,1.0,2.0,1.0,1.0,0.0,0.0,1.0
doubao-seed-2-0-mini-260428,30476138001,30476138001,296,2.0,0.6666666666666666,2.0,2.0,2.0,2.0,0.0,1.0,1.0
doubao-seed-2-0-mini-260428,160104117002,160104117002,297,1.5,1.3333333333333333,1.0,1.0,2.0,2.0,2.0,0.0,2.0
doubao-seed-2-0-mini-260428,285502212002,285502212002,298,1.75,1.3333333333333333,1.0,2.0,2.0,2.0,1.0,1.0,2.0
doubao-seed-2-0-mini-260428,108259307002,108259307002,299,1.5,1.6666666666666667,1.0,1.0,2.0,2.0,2.0,2.0,1.0
doubao-seed-2-0-mini-260428,138202231002,138202231002,300,1.75,1.6666666666666667,2.0,2.0,2.0,1.0,2.0,1.0,2.0
doubao-seed-2-0-mini-260428,205304101002,205304101002,301,1.0,1.3333333333333333,1.0,1.0,1.0,1.0,2.0,1.0,1.0
doubao-seed-2-0-mini-260428,345233328002,345233328002,302,1.25,1.3333333333333333,1.0,1.0,1.0,2.0,1.0,1.0,2.0
doubao-seed-2-0-mini-260428,330131305002,330131305002,303,1.25,1.0,1.0,1.0,1.0,2.0,1.0,1.0,1.0
doubao-seed-2-0-mini-260428,324681330001,324681330001,304,2.75,1.6666666666666667,3.0,3.0,3.0,2.0,1.0,2.0,2.0
doubao-seed-2-0-mini-260428,151156111001,151156111001,305,2.0,1.3333333333333333,2.0,2.0,2.0,2.0,2.0,0.0,2.0
doubao-seed-2-0-mini-260428,158278204002,158278204002,306,2.0,1.3333333333333333,2.0,2.0,2.0,2.0,2.0,0.0,2.0
doubao-seed-2-0-mini-260428,108259326001,108259326001,307,1.5,0.0,1.0,1.0,2.0,2.0,0.0,0.0,0.0
doubao-seed-2-0-mini-260428,324681217002,324681217002,308,1.25,1.0,1.0,1.0,2.0,1.0,1.0,1.0,1.0
doubao-seed-2-0-mini-260428,154628304003,154628304003,309,2.0,1.6666666666666667,2.0,2.0,2.0,2.0,1.0,2.0,2.0
doubao-seed-2-0-mini-260428,154628208001,154628208001,310,2.0,1.0,2.0,2.0,2.0,2.0,0.0,1.0,2.0
doubao-seed-2-0-mini-260428,34043303001,34043303001,311,1.0,0.6666666666666666,1.0,1.0,1.0,1.0,0.0,1.0,1.0
doubao-seed-2-0-mini-260428,347763209001,347763209001,312,1.0,1.3333333333333333,1.0,1.0,1.0,1.0,2.0,1.0,1.0
doubao-seed-2-0-mini-260428,14051211001,14051211001,313,2.0,1.6666666666666667,2.0,2.0,2.0,2.0,2.0,1.0,2.0
doubao-seed-2-0-mini-260428,202454131001,202454131001,314,1.75,1.3333333333333333,2.0,1.0,2.0,2.0,2.0,1.0,1.0
doubao-seed-character-260628,57457126001,57457126001,1,1.0,0.3333333333333333,1.0,1.0,1.0,1.0,0.0,0.0,1.0
doubao-seed-character-260628,75376243001,75376243001,2,1.0,0.0,1.0,1.0,1.0,1.0,0.0,0.0,0.0
doubao-seed-character-260628,324078110002,324078110002,3,1.0,1.6666666666666667,1.0,1.0,1.0,1.0,2.0,1.0,2.0
doubao-seed-character-260628,175531118001,175531118001,4,1.25,1.0,1.0,1.0,1.0,2.0,0.0,1.0,2.0
doubao-seed-character-260628,14643113001,14643113001,5,1.75,1.6666666666666667,1.0,2.0,2.0,2.0,2.0,1.0,2.0
doubao-seed-character-260628,111154127001,111154127001,6,2.0,1.6666666666666667,2.0,2.0,2.0,2.0,2.0,1.0,2.0
doubao-seed-character-260628,338231328001,338231328001,7,1.75,0.6666666666666666,1.0,2.0,2.0,2.0,0.0,0.0,2.0
doubao-seed-character-260628,51606117001,51606117001,8,2.0,1.6666666666666667,2.0,2.0,2.0,2.0,1.0,2.0,2.0
doubao-seed-character-260628,324045114001,324045114001,9,1.0,2.0,1.0,1.0,1.0,1.0,2.0,2.0,2.0
doubao-seed-character-260628,18206219002,18206219002,10,2.25,1.0,2.0,2.0,2.0,3.0,0.0,1.0,2.0
doubao-seed-character-260628,64604125002,64604125002,11,1.25,1.3333333333333333,1.0,1.0,1.0,2.0,1.0,1.0,2.0
doubao-seed-character-260628,161159310001,161159310001,12,1.0,0.0,1.0,1.0,1.0,1.0,0.0,0.0,0.0
doubao-seed-character-260628,281104130001,281104130001,13,1.0,0.6666666666666666,1.0,1.0,1.0,1.0,0.0,1.0,1.0
doubao-seed-character-260628,134902123001,134902123001,14,1.75,2.0,2.0,2.0,1.0,2.0,2.0,2.0,2.0
doubao-seed-character-260628,122490220001,122490220001,15,2.25,1.3333333333333333,2.0,2.0,2.0,3.0,1.0,1.0,2.0
doubao-seed-character-260628,56302330002,56302330002,16,2.25,1.6666666666666667,2.0,2.0,2.0,3.0,2.0,1.0,2.0
doubao-seed-character-260628,291676308001,291676308001,17,1.75,2.0,1.0,2.0,2.0,2.0,2.0,2.0,2.0
doubao-seed-character-260628,75504213002,75504213002,18,1.5,1.0,1.0,1.0,2.0,2.0,0.0,1.0,2.0
doubao-seed-character-260628,184037213001,184037213001,19,2.0,1.6666666666666667,2.0,2.0,2.0,2.0,2.0,1.0,2.0
doubao-seed-character-260628,154058307002,154058307002,20,1.25,1.0,1.0,1.0,1.0,2.0,0.0,1.0,2.0
doubao-seed-character-260628,207406312001,207406312001,21,1.5,1.3333333333333333,1.0,2.0,1.0,2.0,2.0,1.0,1.0
doubao-seed-character-260628,154044202001,154044202001,22,1.0,1.0,1.0,1.0,1.0,1.0,0.0,1.0,2.0
doubao-seed-character-260628,266059222001,266059222001,23,1.0,0.6666666666666666,1.0,1.0,1.0,1.0,0.0,1.0,1.0
doubao-seed-character-260628,30476124001,30476124001,24,1.0,1.6666666666666667,1.0,1.0,1.0,1.0,2.0,1.0,2.0
doubao-seed-character-260628,135559225002,135559225002,25,2.25,2.0,2.0,2.0,2.0,3.0,2.0,2.0,2.0
doubao-seed-character-260628,211176334001,211176334001,26,1.0,2.0,1.0,1.0,1.0,1.0,2.0,2.0,2.0
doubao-seed-character-260628,14031307002,14031307002,27,2.0,2.0,2.0,2.0,2.0,2.0,2.0,2.0,2.0
doubao-seed-character-260628,105102322002,105102322002,31,1.0,2.0,1.0,1.0,1.0,1.0,2.0,2.0,2.0
doubao-seed-character-260628,105102306002,105102306002,32,2.0,0.6666666666666666,2.0,2.0,2.0,2.0,0.0,0.0,2.0
doubao-seed-character-260628,134902216001,134902216001,33,2.0,2.0,2.0,2.0,2.0,2.0,2.0,2.0,2.0
doubao-seed-character-260628,211176105002,211176105002,34,1.25,1.6666666666666667,1.0,1.0,1.0,2.0,2.0,1.0,2.0
doubao-seed-character-260628,280154309002,280154309002,28,2.0,2.0,2.0,2.0,2.0,2.0,2.0,2.0,2.0
doubao-seed-character-260628,200104317001,200104317001,29,1.0,2.0,1.0,1.0,1.0,1.0,2.0,2.0,2.0
doubao-seed-character-260628,34043224002,34043224002,30,1.5,1.0,1.0,1.0,2.0,2.0,0.0,1.0,2.0
doubao-seed-character-260628,241116202002,241116202002,35,1.0,2.0,1.0,1.0,1.0,1.0,2.0,2.0,2.0
doubao-seed-character-260628,64028317002,64028317002,36,2.5,1.6666666666666667,2.0,3.0,2.0,3.0,1.0,2.0,2.0
doubao-seed-character-260628,64028314002,64028314002,37,1.0,1.6666666666666667,1.0,1.0,1.0,1.0,2.0,1.0,2.0
doubao-seed-character-260628,266306205002,266306205002,38,1.75,1.3333333333333333,2.0,1.0,2.0,2.0,0.0,2.0,2.0
doubao-seed-character-260628,57633243002,57633243002,39,2.25,2.0,2.0,2.0,2.0,3.0,2.0,2.0,2.0
doubao-seed-character-260628,202454131002,202454131002,40,1.5,1.3333333333333333,1.0,1.0,2.0,2.0,2.0,1.0,1.0
doubao-seed-character-260628,153859115002,153859115002,41,1.75,1.0,2.0,2.0,1.0,2.0,0.0,1.0,2.0
doubao-seed-character-260628,64028310001,64028310001,42,2.0,0.6666666666666666,2.0,2.0,2.0,2.0,0.0,0.0,2.0
doubao-seed-character-260628,158278201002,158278201002,43,2.0,1.6666666666666667,2.0,2.0,2.0,2.0,2.0,1.0,2.0
doubao-seed-character-260628,150478205001,150478205001,44,1.25,1.6666666666666667,1.0,1.0,1.0,2.0,2.0,1.0,2.0
doubao-seed-character-260628,281104122003,281104122003,45,1.0,1.6666666666666667,1.0,1.0,1.0,1.0,2.0,1.0,2.0
doubao-seed-character-260628,110131321002,110131321002,46,2.0,1.3333333333333333,2.0,2.0,2.0,2.0,2.0,0.0,2.0
doubao-seed-character-260628,298245106002,298245106002,47,1.75,2.0,2.0,1.0,2.0,2.0,2.0,2.0,2.0
doubao-seed-character-260628,266059305001,266059305001,48,2.25,1.6666666666666667,2.0,2.0,2.0,3.0,2.0,1.0,2.0
doubao-seed-character-260628,54054110001,54054110001,49,1.0,1.3333333333333333,1.0,1.0,1.0,1.0,2.0,0.0,2.0
doubao-seed-character-260628,338231202001,338231202001,50,1.0,1.3333333333333333,1.0,1.0,1.0,1.0,2.0,0.0,2.0
doubao-seed-character-260628,10206118001,10206118001,51,1.0,1.3333333333333333,1.0,1.0,1.0,1.0,1.0,1.0,2.0
doubao-seed-character-260628,244676309001,244676309001,52,2.5,2.0,2.0,2.0,3.0,3.0,2.0,2.0,2.0
doubao-seed-character-260628,10233105002,10233105002,53,1.5,2.0,1.0,1.0,2.0,2.0,2.0,2.0,2.0
doubao-seed-character-260628,320146222002,320146222002,54,1.75,2.0,2.0,2.0,1.0,2.0,2.0,2.0,2.0
doubao-seed-character-260628,280154108002,280154108002,55,1.5,0.0,1.0,1.0,2.0,2.0,0.0,0.0,0.0
doubao-seed-character-260628,294099132002,294099132002,56,1.0,0.6666666666666666,1.0,1.0,1.0,1.0,0.0,0.0,2.0
doubao-seed-character-260628,151156320002,151156320002,57,1.5,2.0,1.0,1.0,2.0,2.0,2.0,2.0,2.0
doubao-seed-character-260628,296081302001,296081302001,58,1.0,1.3333333333333333,1.0,1.0,1.0,1.0,1.0,1.0,2.0
doubao-seed-character-260628,65546103002,65546103002,59,2.0,1.6666666666666667,2.0,2.0,2.0,2.0,1.0,2.0,2.0
doubao-seed-character-260628,154058321002,154058321002,60,1.25,1.6666666666666667,1.0,1.0,1.0,2.0,2.0,1.0,2.0
doubao-seed-character-260628,14051113002,14051113002,61,2.0,1.6666666666666667,2.0,2.0,2.0,2.0,2.0,1.0,2.0
doubao-seed-character-260628,75504205002,75504205002,62,2.0,1.6666666666666667,2.0,2.0,2.0,2.0,2.0,1.0,2.0
doubao-seed-character-260628,154628117001,154628117001,63,1.75,1.0,1.0,2.0,2.0,2.0,0.0,1.0,2.0
doubao-seed-character-260628,162431111003,162431111003,64,2.0,0.0,2.0,2.0,2.0,2.0,0.0,0.0,0.0
doubao-seed-character-260628,320146132002,320146132002,65,1.75,1.6666666666666667,2.0,2.0,1.0,2.0,2.0,1.0,2.0
doubao-seed-character-260628,104004221001,104004221001,66,1.25,1.0,1.0,1.0,1.0,2.0,2.0,1.0,0.0
doubao-seed-character-260628,205304214001,205304214001,67,1.0,1.0,1.0,1.0,1.0,1.0,0.0,1.0,2.0
doubao-seed-character-260628,204028208001,204028208001,68,1.0,1.3333333333333333,1.0,1.0,1.0,1.0,2.0,0.0,2.0
doubao-seed-character-260628,122490104002,122490104002,69,1.75,1.6666666666666667,2.0,2.0,1.0,2.0,2.0,1.0,2.0
doubao-seed-character-260628,30476203001,30476203001,70,1.0,2.0,1.0,1.0,1.0,1.0,2.0,2.0,2.0
doubao-seed-character-260628,280154302001,280154302001,71,1.0,1.6666666666666667,1.0,1.0,1.0,1.0,1.0,2.0,2.0
doubao-seed-character-260628,108206101002,108206101002,72,1.5,1.3333333333333333,1.0,2.0,1.0,2.0,1.0,1.0,2.0
doubao-seed-character-260628,56346322001,56346322001,73,2.0,2.0,1.0,2.0,2.0,3.0,2.0,2.0,2.0
doubao-seed-character-260628,135559225002,135559225002,74,1.0,1.3333333333333333,1.0,1.0,1.0,1.0,1.0,1.0,2.0
doubao-seed-character-260628,138202125002,138202125002,75,1.0,1.6666666666666667,1.0,1.0,1.0,1.0,2.0,1.0,2.0
doubao-seed-character-260628,60440205001,60440205001,76,1.0,1.3333333333333333,1.0,1.0,1.0,1.0,2.0,1.0,1.0
doubao-seed-character-260628,141154325001,141154325001,77,1.5,1.6666666666666667,1.0,1.0,2.0,2.0,2.0,1.0,2.0
doubao-seed-character-260628,74631307001,74631307001,78,1.0,1.6666666666666667,1.0,1.0,1.0,1.0,2.0,1.0,2.0
doubao-seed-character-260628,280154331001,280154331001,79,1.0,1.6666666666666667,1.0,1.0,1.0,1.0,1.0,2.0,2.0
doubao-seed-character-260628,321116113001,321116113001,80,1.75,1.6666666666666667,2.0,2.0,1.0,2.0,2.0,1.0,2.0
doubao-seed-character-260628,116006312001,116006312001,81,1.5,1.6666666666666667,1.0,1.0,2.0,2.0,2.0,1.0,2.0
doubao-seed-character-260628,184037219001,184037219001,82,1.0,1.3333333333333333,1.0,1.0,1.0,1.0,2.0,0.0,2.0
doubao-seed-character-260628,64033334001,64033334001,83,1.75,2.0,2.0,2.0,1.0,2.0,2.0,2.0,2.0
doubao-seed-character-260628,150478210001,150478210001,84,1.0,1.3333333333333333,1.0,1.0,1.0,1.0,1.0,1.0,2.0
doubao-seed-character-260628,151156311001,151156311001,85,1.0,1.6666666666666667,1.0,1.0,1.0,1.0,2.0,1.0,2.0
doubao-seed-character-260628,271806118001,271806118001,86,1.0,1.6666666666666667,1.0,1.0,1.0,1.0,2.0,1.0,2.0
doubao-seed-character-260628,60481225002,60481225002,87,1.0,1.6666666666666667,1.0,1.0,1.0,1.0,2.0,1.0,2.0
doubao-seed-character-260628,94004111001,94004111001,89,2.25,2.0,2.0,2.0,2.0,3.0,2.0,2.0,2.0
doubao-seed-character-260628,326359105002,326359105002,90,1.0,0.3333333333333333,1.0,1.0,1.0,1.0,0.0,1.0,0.0
doubao-seed-character-260628,202454134001,202454134001,91,2.0,2.0,2.0,2.0,2.0,2.0,2.0,2.0,2.0
doubao-seed-character-260628,124099315002,124099315002,92,1.25,2.0,1.0,1.0,1.0,2.0,2.0,2.0,2.0
doubao-seed-character-260628,134004112002,134004112002,93,1.0,2.0,1.0,1.0,1.0,1.0,2.0,2.0,2.0
doubao-seed-character-260628,275559307001,275559307001,94,1.0,1.0,1.0,1.0,1.0,1.0,1.0,1.0,1.0
doubao-seed-character-260628,271806130001,271806130001,95,1.5,1.6666666666666667,1.0,2.0,1.0,2.0,2.0,1.0,2.0
doubao-seed-character-260628,64028102001,64028102001,96,1.75,1.0,1.0,2.0,2.0,2.0,0.0,1.0,2.0
doubao-seed-character-260628,281116308001,281116308001,97,1.5,1.3333333333333333,1.0,2.0,1.0,2.0,0.0,2.0,2.0
doubao-seed-character-260628,275559318001,275559318001,98,1.5,0.3333333333333333,1.0,1.0,2.0,2.0,0.0,0.0,1.0
doubao-seed-character-260628,65546119001,65546119001,99,2.0,2.0,2.0,2.0,2.0,2.0,2.0,2.0,2.0
doubao-seed-character-260628,205304101002,205304101002,100,1.25,2.0,1.0,1.0,1.0,2.0,2.0,2.0,2.0
doubao-seed-character-260628,241116332002,241116332002,101,1.75,1.6666666666666667,2.0,1.0,2.0,2.0,2.0,1.0,2.0
doubao-seed-character-260628,64033129001,64033129001,102,1.0,0.0,1.0,1.0,1.0,1.0,0.0,0.0,0.0
doubao-seed-character-260628,110131213002,110131213002,103,1.75,1.6666666666666667,1.0,2.0,2.0,2.0,2.0,1.0,2.0
doubao-seed-character-260628,294028325002,294028325002,152,1.0,1.0,1.0,1.0,1.0,1.0,0.0,1.0,2.0
doubao-seed-character-260628,244056210002,244056210002,153,1.5,2.0,1.0,1.0,2.0,2.0,2.0,2.0,2.0
doubao-seed-character-260628,244056306002,244056306002,154,1.25,2.0,1.0,2.0,1.0,1.0,2.0,2.0,2.0
doubao-seed-character-260628,184037216001,184037216001,155,2.0,1.6666666666666667,1.0,2.0,2.0,3.0,2.0,1.0,2.0
doubao-seed-character-260628,141154206002,141154206002,88,1.0,0.3333333333333333,1.0,1.0,1.0,1.0,0.0,0.0,1.0
doubao-seed-character-260628,262728314002,262728314002,104,2.0,1.6666666666666667,2.0,2.0,2.0,2.0,2.0,1.0,2.0
doubao-seed-character-260628,241116221001,241116221001,105,1.25,2.0,1.0,1.0,1.0,2.0,2.0,2.0,2.0
doubao-seed-character-260628,275559328001,275559328001,106,2.0,1.6666666666666667,2.0,2.0,2.0,2.0,2.0,1.0,2.0
doubao-seed-character-260628,54054108002,54054108002,107,2.0,1.0,2.0,2.0,2.0,2.0,0.0,1.0,2.0
doubao-seed-character-260628,154044310001,154044310001,108,2.0,1.6666666666666667,2.0,2.0,2.0,2.0,2.0,1.0,2.0
doubao-seed-character-260628,270402209001,270402209001,109,1.25,1.3333333333333333,1.0,1.0,1.0,2.0,1.0,1.0,2.0
doubao-seed-character-260628,58202220001,58202220001,110,1.0,0.6666666666666666,1.0,1.0,1.0,1.0,0.0,1.0,1.0
doubao-seed-character-260628,65546218001,65546218001,111,1.5,0.3333333333333333,1.0,1.0,2.0,2.0,0.0,0.0,1.0
doubao-seed-character-260628,138202135001,138202135001,112,1.25,1.0,1.0,1.0,1.0,2.0,0.0,1.0,2.0
doubao-seed-character-260628,112744316002,112744316002,113,2.0,1.6666666666666667,2.0,2.0,2.0,2.0,2.0,1.0,2.0
doubao-seed-character-260628,74057123001,74057123001,114,1.75,1.0,2.0,2.0,1.0,2.0,0.0,1.0,2.0
doubao-seed-character-260628,10206323002,10206323002,115,1.0,1.6666666666666667,1.0,1.0,1.0,1.0,1.0,2.0,2.0
doubao-seed-character-260628,74002116002,74002116002,116,1.0,2.0,1.0,1.0,1.0,1.0,2.0,2.0,2.0
doubao-seed-character-260628,241116304002,241116304002,117,1.0,0.3333333333333333,1.0,1.0,1.0,1.0,0.0,1.0,0.0
doubao-seed-character-260628,142403341002,142403341002,118,1.0,1.3333333333333333,1.0,1.0,1.0,1.0,2.0,0.0,2.0
doubao-seed-character-260628,56604129001,56604129001,119,1.0,1.3333333333333333,1.0,1.0,1.0,1.0,2.0,1.0,1.0
doubao-seed-character-260628,72428222002,72428222002,120,2.5,2.0,2.0,3.0,2.0,3.0,2.0,2.0,2.0
doubao-seed-character-260628,141154304002,141154304002,121,1.0,2.0,1.0,1.0,1.0,1.0,2.0,2.0,2.0
doubao-seed-character-260628,294099231003,294099231003,122,1.75,1.0,2.0,2.0,1.0,2.0,0.0,1.0,2.0
doubao-seed-character-260628,34043123001,34043123001,123,1.0,0.3333333333333333,1.0,1.0,1.0,1.0,0.0,0.0,1.0
doubao-seed-character-260628,274951110001,274951110001,124,2.75,0.6666666666666666,3.0,2.0,3.0,3.0,0.0,0.0,2.0
doubao-seed-character-260628,34676116002,34676116002,125,1.75,0.0,1.0,2.0,2.0,2.0,0.0,0.0,0.0
doubao-seed-character-260628,175531321001,175531321001,126,2.0,1.6666666666666667,2.0,2.0,2.0,2.0,2.0,1.0,2.0
doubao-seed-character-260628,321131210001,321131210001,127,1.75,1.0,1.0,2.0,2.0,2.0,0.0,1.0,2.0
doubao-seed-character-260628,241116320001,241116320001,128,2.0,2.0,2.0,2.0,2.0,2.0,2.0,2.0,2.0
doubao-seed-character-260628,244056227001,244056227001,129,1.0,0.0,1.0,1.0,1.0,1.0,0.0,0.0,0.0
doubao-seed-character-260628,74002112001,74002112001,130,1.25,2.0,1.0,1.0,1.0,2.0,2.0,2.0,2.0
doubao-seed-character-260628,154058310002,154058310002,131,1.5,1.3333333333333333,1.0,1.0,2.0,2.0,2.0,0.0,2.0
doubao-seed-character-260628,266059202002,266059202002,132,1.5,1.3333333333333333,1.0,1.0,2.0,2.0,2.0,0.0,2.0
doubao-seed-character-260628,184037201002,184037201002,133,1.0,1.6666666666666667,1.0,1.0,1.0,1.0,2.0,1.0,2.0
doubao-seed-character-260628,211154232001,211154232001,134,2.0,1.6666666666666667,2.0,2.0,1.0,3.0,2.0,1.0,2.0
doubao-seed-character-260628,345233228002,345233228002,135,1.25,2.0,1.0,1.0,1.0,2.0,2.0,2.0,2.0
doubao-seed-character-260628,116006116001,116006116001,136,2.0,1.3333333333333333,2.0,2.0,2.0,2.0,0.0,2.0,2.0
doubao-seed-character-260628,266059204001,266059204001,137,1.0,2.0,1.0,1.0,1.0,1.0,2.0,2.0,2.0
doubao-seed-character-260628,10233105002,10233105002,138,1.0,1.0,1.0,1.0,1.0,1.0,1.0,1.0,1.0
doubao-seed-character-260628,298245316002,298245316002,139,1.75,1.0,1.0,2.0,2.0,2.0,0.0,1.0,2.0
doubao-seed-character-260628,296081233002,296081233002,140,1.0,1.0,1.0,1.0,1.0,1.0,0.0,1.0,2.0
doubao-seed-character-260628,296081115001,296081115001,141,1.0,0.6666666666666666,1.0,1.0,1.0,1.0,0.0,0.0,2.0
doubao-seed-character-260628,60440124001,60440124001,142,1.0,2.0,1.0,1.0,1.0,1.0,2.0,2.0,2.0
doubao-seed-character-260628,194037336001,194037336001,143,1.25,1.0,1.0,1.0,1.0,2.0,0.0,1.0,2.0
doubao-seed-character-260628,202454220001,202454220001,144,1.0,1.6666666666666667,1.0,1.0,1.0,1.0,2.0,1.0,2.0
doubao-seed-character-260628,153859111002,153859111002,145,1.5,0.0,1.0,1.0,2.0,2.0,0.0,0.0,0.0
doubao-seed-character-260628,14031322002,14031322002,146,1.75,1.6666666666666667,2.0,2.0,2.0,1.0,2.0,1.0,2.0
doubao-seed-character-260628,347763115002,347763115002,147,1.5,0.6666666666666666,1.0,2.0,2.0,1.0,0.0,1.0,1.0
doubao-seed-character-260628,347763302001,347763302001,148,1.0,,1.0,1.0,1.0,1.0,,,
doubao-seed-character-260628,261676110002,261676110002,149,2.0,1.6666666666666667,2.0,2.0,2.0,2.0,2.0,1.0,2.0
doubao-seed-character-260628,295331315002,295331315002,150,2.25,0.6666666666666666,2.0,2.0,2.0,3.0,0.0,0.0,2.0
doubao-seed-character-260628,175531322002,175531322002,151,1.0,1.3333333333333333,1.0,1.0,1.0,1.0,1.0,1.0,2.0
doubao-seed-character-260628,211176120002,211176120002,156,2.0,1.6666666666666667,2.0,2.0,2.0,2.0,2.0,1.0,2.0
doubao-seed-character-260628,154058209001,154058209001,157,1.25,1.0,1.0,1.0,1.0,2.0,0.0,1.0,2.0
doubao-seed-character-260628,151156109002,151156109002,158,2.0,0.6666666666666666,2.0,2.0,2.0,2.0,0.0,0.0,2.0
doubao-seed-character-260628,288251231001,288251231001,159,1.0,1.6666666666666667,1.0,1.0,1.0,1.0,2.0,1.0,2.0
doubao-seed-character-260628,150478113001,150478113001,160,1.75,1.6666666666666667,2.0,2.0,1.0,2.0,2.0,1.0,2.0
doubao-seed-character-260628,111154107001,111154107001,161,1.25,2.0,1.0,1.0,1.0,2.0,2.0,2.0,2.0
doubao-seed-character-260628,14643316002,14643316002,162,2.0,1.0,2.0,2.0,2.0,2.0,1.0,1.0,1.0
doubao-seed-character-260628,296331123002,296331123002,163,1.5,2.0,1.0,1.0,2.0,2.0,2.0,2.0,2.0
doubao-seed-character-260628,134902222002,134902222002,164,1.75,1.6666666666666667,1.0,2.0,2.0,2.0,2.0,1.0,2.0
doubao-seed-character-260628,134902306001,134902306001,165,2.0,0.3333333333333333,2.0,2.0,2.0,2.0,0.0,0.0,1.0
doubao-seed-character-260628,321116307002,321116307002,166,1.0,1.3333333333333333,1.0,1.0,1.0,1.0,1.0,1.0,2.0
doubao-seed-character-260628,265359333002,265359333002,167,1.0,0.6666666666666666,1.0,1.0,1.0,1.0,0.0,0.0,2.0
doubao-seed-character-260628,275559214002,275559214002,168,1.25,1.3333333333333333,1.0,1.0,1.0,2.0,1.0,1.0,2.0
doubao-seed-character-260628,104004216002,104004216002,169,1.0,1.3333333333333333,1.0,1.0,1.0,1.0,2.0,1.0,1.0
doubao-seed-character-260628,58659336002,58659336002,170,1.25,1.3333333333333333,1.0,1.0,1.0,2.0,0.0,2.0,2.0
doubao-seed-character-260628,174643308001,174643308001,171,1.0,1.6666666666666667,1.0,1.0,1.0,1.0,2.0,1.0,2.0
doubao-seed-character-260628,30476203002,30476203002,172,1.0,2.0,1.0,1.0,1.0,1.0,2.0,2.0,2.0
doubao-seed-character-260628,161159216001,161159216001,173,1.0,2.0,1.0,1.0,1.0,1.0,2.0,2.0,2.0
doubao-seed-character-260628,296081128002,296081128002,174,2.0,1.3333333333333333,2.0,2.0,2.0,2.0,2.0,1.0,1.0
doubao-seed-character-260628,56043123001,56043123001,175,1.0,0.3333333333333333,1.0,1.0,1.0,1.0,0.0,1.0,0.0
doubao-seed-character-260628,334631128001,334631128001,176,1.0,1.6666666666666667,1.0,1.0,1.0,1.0,2.0,1.0,2.0
doubao-seed-character-260628,175531212002,175531212002,177,1.75,1.3333333333333333,2.0,2.0,1.0,2.0,2.0,0.0,2.0
doubao-seed-character-260628,56302136001,56302136001,178,2.0,1.6666666666666667,2.0,2.0,2.0,2.0,2.0,1.0,2.0
doubao-seed-character-260628,134902327001,134902327001,179,1.75,1.6666666666666667,2.0,2.0,1.0,2.0,2.0,1.0,2.0
doubao-seed-character-260628,74981218001,74981218001,180,1.0,1.3333333333333333,1.0,1.0,1.0,1.0,1.0,1.0,2.0
doubao-seed-character-260628,177402120001,177402120001,181,2.75,0.6666666666666666,2.0,3.0,3.0,3.0,0.0,0.0,2.0
doubao-seed-character-260628,154058322001,154058322001,182,2.0,1.0,2.0,2.0,2.0,2.0,1.0,1.0,1.0
doubao-seed-character-260628,177402135002,177402135002,183,1.0,0.0,1.0,1.0,1.0,1.0,0.0,0.0,0.0
doubao-seed-character-260628,151156318001,151156318001,184,2.0,1.0,2.0,2.0,2.0,2.0,0.0,1.0,2.0
doubao-seed-character-260628,347763304002,347763304002,185,1.0,1.6666666666666667,1.0,1.0,1.0,1.0,2.0,1.0,2.0
doubao-seed-character-260628,65546132001,65546132001,186,1.0,0.0,1.0,1.0,1.0,1.0,0.0,0.0,0.0
doubao-seed-character-260628,296081138001,296081138001,187,2.0,0.3333333333333333,2.0,2.0,2.0,2.0,0.0,0.0,1.0
doubao-seed-character-260628,57633117002,57633117002,188,2.0,0.0,2.0,2.0,2.0,2.0,0.0,0.0,0.0
doubao-seed-character-260628,296006201002,296006201002,189,1.25,0.6666666666666666,1.0,1.0,1.0,2.0,0.0,0.0,2.0
doubao-seed-character-260628,112744211002,112744211002,190,1.5,1.0,1.0,2.0,2.0,1.0,0.0,1.0,2.0
doubao-seed-character-260628,162431228001,162431228001,191,1.0,1.6666666666666667,1.0,1.0,1.0,1.0,2.0,1.0,2.0
doubao-seed-character-260628,241116116001,241116116001,192,2.5,0.6666666666666666,2.0,3.0,3.0,2.0,0.0,0.0,2.0
doubao-seed-character-260628,168231321002,168231321002,193,1.0,0.0,1.0,1.0,1.0,1.0,0.0,0.0,0.0
doubao-seed-character-260628,330131314001,330131314001,194,1.0,1.0,1.0,1.0,1.0,1.0,0.0,1.0,2.0
doubao-seed-character-260628,64604310002,64604310002,195,1.0,0.3333333333333333,1.0,1.0,1.0,1.0,0.0,0.0,1.0
doubao-seed-character-260628,324078327001,324078327001,196,2.0,1.6666666666666667,2.0,2.0,2.0,2.0,2.0,1.0,2.0
doubao-seed-character-260628,241116129001,241116129001,197,1.5,0.0,1.0,1.0,2.0,2.0,0.0,0.0,0.0
doubao-seed-character-260628,324045138002,324045138002,198,1.25,1.0,1.0,1.0,1.0,2.0,0.0,1.0,2.0
doubao-seed-character-260628,175531317002,175531317002,199,1.0,1.3333333333333333,1.0,1.0,1.0,1.0,2.0,0.0,2.0
doubao-seed-character-260628,297439202001,297439202001,200,2.0,1.6666666666666667,1.0,2.0,2.0,3.0,2.0,1.0,2.0
doubao-seed-character-260628,330102318002,330102318002,201,1.25,1.6666666666666667,1.0,1.0,1.0,2.0,2.0,1.0,2.0
doubao-seed-character-260628,296081128001,296081128001,202,1.0,1.6666666666666667,1.0,1.0,1.0,1.0,2.0,1.0,2.0
doubao-seed-character-260628,321116208002,321116208002,203,3.0,1.3333333333333333,3.0,3.0,3.0,3.0,2.0,0.0,2.0
doubao-seed-character-260628,321659309002,321659309002,204,2.0,2.0,2.0,2.0,2.0,2.0,2.0,2.0,2.0
doubao-seed-character-260628,261676239001,261676239001,205,1.5,0.3333333333333333,1.0,2.0,1.0,2.0,0.0,0.0,1.0
doubao-seed-character-260628,78233308001,78233308001,206,1.0,2.0,1.0,1.0,1.0,1.0,2.0,2.0,2.0
doubao-seed-character-260628,117489210001,117489210001,207,1.0,0.3333333333333333,1.0,1.0,1.0,1.0,0.0,0.0,1.0
doubao-seed-character-260628,116006208001,116006208001,208,1.0,1.3333333333333333,1.0,1.0,1.0,1.0,2.0,1.0,1.0
doubao-seed-character-260628,110131308002,110131308002,209,1.25,0.3333333333333333,1.0,1.0,1.0,2.0,0.0,1.0,0.0
doubao-seed-character-260628,204906235001,204906235001,210,1.75,1.3333333333333333,1.0,2.0,2.0,2.0,1.0,1.0,2.0
doubao-seed-character-260628,122490107002,122490107002,211,1.25,1.6666666666666667,1.0,1.0,1.0,2.0,2.0,1.0,2.0
doubao-seed-character-260628,202454119001,202454119001,212,1.5,1.6666666666666667,1.0,1.0,2.0,2.0,2.0,1.0,2.0
doubao-seed-character-260628,281104122001,281104122001,213,1.25,1.6666666666666667,1.0,1.0,1.0,2.0,2.0,1.0,2.0
doubao-seed-character-260628,60481225001,60481225001,214,1.0,2.0,1.0,1.0,1.0,1.0,2.0,2.0,2.0
doubao-seed-character-260628,184037316002,184037316002,215,2.0,2.0,2.0,2.0,1.0,3.0,2.0,2.0,2.0
doubao-seed-character-260628,134004327001,134004327001,216,1.25,2.0,1.0,1.0,1.0,2.0,2.0,2.0,2.0
doubao-seed-character-260628,326346326002,326346326002,217,1.0,1.6666666666666667,1.0,1.0,1.0,1.0,2.0,1.0,2.0
doubao-seed-character-260628,56059316001,56059316001,218,2.75,1.6666666666666667,2.0,3.0,3.0,3.0,2.0,1.0,2.0
doubao-seed-character-260628,158278316001,158278316001,219,1.0,2.0,1.0,1.0,1.0,1.0,2.0,2.0,2.0
doubao-seed-character-260628,324681112001,324681112001,220,2.0,2.0,2.0,2.0,2.0,2.0,2.0,2.0,2.0
doubao-seed-character-260628,10451307002,10451307002,221,2.0,1.0,2.0,2.0,2.0,2.0,0.0,1.0,2.0
doubao-seed-character-260628,111154234001,111154234001,222,1.0,0.6666666666666666,1.0,1.0,1.0,1.0,0.0,0.0,2.0
doubao-seed-character-260628,122490332001,122490332001,223,2.0,2.0,2.0,2.0,2.0,2.0,2.0,2.0,2.0
doubao-seed-character-260628,262728314002,262728314002,224,2.0,1.6666666666666667,2.0,2.0,2.0,2.0,2.0,1.0,2.0
doubao-seed-character-260628,57457105001,57457105001,225,1.0,0.6666666666666666,1.0,1.0,1.0,1.0,0.0,0.0,2.0
doubao-seed-character-260628,184037118001,184037118001,226,2.25,0.6666666666666666,2.0,2.0,2.0,3.0,0.0,0.0,2.0
doubao-seed-character-260628,294099321001,294099321001,227,1.0,1.3333333333333333,1.0,1.0,1.0,1.0,2.0,0.0,2.0
doubao-seed-character-260628,265359305001,265359305001,228,2.0,2.0,2.0,2.0,2.0,2.0,2.0,2.0,2.0
doubao-seed-character-260628,162431203001,162431203001,229,2.0,2.0,2.0,2.0,2.0,2.0,2.0,2.0,2.0
doubao-seed-character-260628,10104310001,10104310001,230,1.75,2.0,2.0,1.0,2.0,2.0,2.0,2.0,2.0
doubao-seed-character-260628,271806309001,271806309001,231,2.0,1.6666666666666667,2.0,2.0,2.0,2.0,2.0,1.0,2.0
doubao-seed-character-260628,154676127001,154676127001,232,1.5,1.3333333333333333,2.0,2.0,1.0,1.0,2.0,0.0,2.0
doubao-seed-character-260628,265576234002,265576234002,233,2.5,1.6666666666666667,2.0,3.0,2.0,3.0,2.0,1.0,2.0
doubao-seed-character-260628,65546306002,65546306002,234,2.0,1.6666666666666667,2.0,2.0,2.0,2.0,2.0,1.0,2.0
doubao-seed-character-260628,334002302001,334002302001,235,2.0,0.3333333333333333,2.0,2.0,2.0,2.0,0.0,0.0,1.0
doubao-seed-character-260628,271806301002,271806301002,236,1.0,1.6666666666666667,1.0,1.0,1.0,1.0,2.0,1.0,2.0
doubao-seed-character-260628,14643121001,14643121001,237,1.25,1.3333333333333333,1.0,1.0,1.0,2.0,1.0,1.0,2.0
doubao-seed-character-260628,154058312001,154058312001,238,1.0,0.6666666666666666,1.0,1.0,1.0,1.0,0.0,0.0,2.0
doubao-seed-character-260628,54054211001,54054211001,239,1.0,2.0,1.0,1.0,1.0,1.0,2.0,2.0,2.0
doubao-seed-character-260628,338231228001,338231228001,240,1.0,1.6666666666666667,1.0,1.0,1.0,1.0,2.0,1.0,2.0
doubao-seed-character-260628,330102222003,330102222003,241,1.0,1.3333333333333333,1.0,1.0,1.0,1.0,2.0,0.0,2.0
doubao-seed-character-260628,274951108001,274951108001,242,2.0,1.6666666666666667,2.0,2.0,2.0,2.0,2.0,1.0,2.0
doubao-seed-character-260628,74981206001,74981206001,243,2.75,1.6666666666666667,2.0,3.0,3.0,3.0,2.0,1.0,2.0
doubao-seed-character-260628,154044136002,154044136002,244,1.0,0.6666666666666666,1.0,1.0,1.0,1.0,0.0,0.0,2.0
doubao-seed-character-260628,134902229001,134902229001,245,1.0,1.6666666666666667,1.0,1.0,1.0,1.0,2.0,1.0,2.0
doubao-seed-character-260628,74004305001,74004305001,246,2.0,2.0,2.0,2.0,2.0,2.0,2.0,2.0,2.0
doubao-seed-character-260628,296006236002,296006236002,247,1.0,1.0,1.0,1.0,1.0,1.0,0.0,1.0,2.0
doubao-seed-character-260628,64604120001,64604120001,248,1.0,2.0,1.0,1.0,1.0,1.0,2.0,2.0,2.0
doubao-seed-character-260628,292458229001,292458229001,249,2.5,0.6666666666666666,2.0,2.0,3.0,3.0,0.0,0.0,2.0
doubao-seed-character-260628,296331223002,296331223002,250,1.0,1.3333333333333333,1.0,1.0,1.0,1.0,1.0,1.0,2.0
doubao-seed-character-260628,104004124001,104004124001,251,1.0,0.0,1.0,1.0,1.0,1.0,0.0,0.0,0.0
doubao-seed-character-260628,320146209002,320146209002,252,1.25,1.3333333333333333,1.0,1.0,1.0,2.0,1.0,1.0,2.0
doubao-seed-character-260628,58202217002,58202217002,253,2.0,2.0,2.0,2.0,2.0,2.0,2.0,2.0,2.0
doubao-seed-character-260628,56043320001,56043320001,254,2.0,1.3333333333333333,2.0,2.0,2.0,2.0,2.0,0.0,2.0
doubao-seed-character-260628,34676202001,34676202001,255,2.0,1.6666666666666667,2.0,2.0,2.0,2.0,2.0,1.0,2.0
doubao-seed-character-260628,151156304001,151156304001,256,1.0,1.6666666666666667,1.0,1.0,1.0,1.0,2.0,1.0,2.0
doubao-seed-character-260628,105381333002,105381333002,257,1.25,0.6666666666666666,1.0,1.0,1.0,2.0,0.0,0.0,2.0
doubao-seed-character-260628,194037120001,194037120001,258,1.5,2.0,1.0,2.0,1.0,2.0,2.0,2.0,2.0
doubao-seed-character-260628,154676113001,154676113001,259,1.0,,1.0,1.0,1.0,1.0,,,
doubao-seed-character-260628,166006327001,166006327001,260,2.25,2.0,3.0,2.0,2.0,2.0,2.0,2.0,2.0
doubao-seed-character-260628,105102207001,105102207001,261,2.0,2.0,2.0,2.0,2.0,2.0,2.0,2.0,2.0
doubao-seed-character-260628,56604114001,56604114001,262,1.25,1.3333333333333333,1.0,1.0,2.0,1.0,2.0,1.0,1.0
doubao-seed-character-260628,151156309002,151156309002,263,2.0,1.3333333333333333,2.0,2.0,2.0,2.0,2.0,0.0,2.0
doubao-seed-character-260628,321131217001,321131217001,264,1.75,1.3333333333333333,1.0,2.0,2.0,2.0,2.0,0.0,2.0
doubao-seed-character-260628,202454324002,202454324002,265,1.5,1.3333333333333333,1.0,1.0,2.0,2.0,2.0,1.0,1.0
doubao-seed-character-260628,288251116001,288251116001,266,1.5,1.3333333333333333,1.0,1.0,2.0,2.0,2.0,0.0,2.0
doubao-seed-character-260628,94004216001,94004216001,267,2.0,1.6666666666666667,2.0,2.0,2.0,2.0,2.0,1.0,2.0
doubao-seed-character-260628,54054234001,54054234001,268,1.25,1.3333333333333333,1.0,1.0,1.0,2.0,2.0,1.0,1.0
doubao-seed-character-260628,275559211001,275559211001,269,2.0,1.3333333333333333,2.0,2.0,2.0,2.0,2.0,1.0,1.0
doubao-seed-character-260628,244604211001,244604211001,270,2.0,0.6666666666666666,2.0,2.0,2.0,2.0,0.0,1.0,1.0
doubao-seed-character-260628,117489216001,117489216001,271,2.0,0.6666666666666666,2.0,2.0,2.0,2.0,0.0,1.0,1.0
doubao-seed-character-260628,184037317001,184037317001,272,1.75,1.6666666666666667,2.0,2.0,1.0,2.0,2.0,1.0,2.0
doubao-seed-character-260628,151156304002,151156304002,273,2.0,1.0,2.0,2.0,2.0,2.0,0.0,1.0,2.0
doubao-seed-character-260628,330102216002,330102216002,274,1.75,1.3333333333333333,2.0,1.0,2.0,2.0,2.0,0.0,2.0
doubao-seed-character-260628,54249319001,54249319001,275,1.75,1.6666666666666667,2.0,2.0,1.0,2.0,2.0,1.0,2.0
doubao-seed-character-260628,280154119002,280154119002,276,1.5,1.6666666666666667,1.0,1.0,2.0,2.0,2.0,1.0,2.0
doubao-seed-character-260628,74631115001,74631115001,277,2.25,1.3333333333333333,2.0,2.0,2.0,3.0,1.0,1.0,2.0
doubao-seed-character-260628,268606121002,268606121002,278,2.0,1.0,2.0,2.0,2.0,2.0,1.0,1.0,1.0
doubao-seed-character-260628,274951126001,274951126001,279,2.0,1.6666666666666667,2.0,2.0,2.0,2.0,2.0,1.0,2.0
doubao-seed-character-260628,205304104002,205304104002,280,2.0,1.3333333333333333,2.0,2.0,2.0,2.0,1.0,1.0,2.0
doubao-seed-character-260628,75504303001,75504303001,281,2.0,1.0,2.0,2.0,2.0,2.0,0.0,1.0,2.0
doubao-seed-character-260628,111154102002,111154102002,282,1.0,1.0,1.0,1.0,1.0,1.0,2.0,0.0,1.0
doubao-seed-character-260628,334631301002,334631301002,283,2.0,1.0,2.0,2.0,2.0,2.0,1.0,1.0,1.0
doubao-seed-character-260628,295331110001,295331110001,284,1.75,1.6666666666666667,2.0,1.0,2.0,2.0,2.0,1.0,2.0
doubao-seed-character-260628,14643125002,14643125002,285,1.75,1.0,2.0,1.0,2.0,2.0,1.0,1.0,1.0
doubao-seed-character-260628,151156304002,151156304002,286,1.75,1.0,2.0,1.0,2.0,2.0,0.0,1.0,2.0
doubao-seed-character-260628,56059309001,56059309001,287,1.75,1.3333333333333333,2.0,1.0,2.0,2.0,2.0,1.0,1.0
doubao-seed-character-260628,330131304001,330131304001,288,1.75,1.6666666666666667,2.0,1.0,2.0,2.0,2.0,1.0,2.0
doubao-seed-character-260628,10451225001,10451225001,289,1.0,1.3333333333333333,1.0,1.0,1.0,1.0,2.0,1.0,1.0
doubao-seed-character-260628,58202129002,58202129002,290,1.25,0.3333333333333333,1.0,1.0,1.0,2.0,0.0,0.0,1.0
doubao-seed-character-260628,281104205001,281104205001,291,1.75,1.6666666666666667,2.0,1.0,2.0,2.0,2.0,1.0,2.0
doubao-seed-character-260628,158278218002,158278218002,292,2.0,0.6666666666666666,2.0,2.0,2.0,2.0,0.0,1.0,1.0
doubao-seed-character-260628,285502117001,285502117001,293,1.0,1.3333333333333333,1.0,1.0,1.0,1.0,2.0,1.0,1.0
doubao-seed-character-260628,108259301002,108259301002,294,1.75,1.3333333333333333,2.0,1.0,2.0,2.0,2.0,1.0,1.0
doubao-seed-character-260628,105381315001,105381315001,295,1.75,1.6666666666666667,2.0,1.0,2.0,2.0,1.0,2.0,2.0
doubao-seed-character-260628,30476138001,30476138001,296,2.0,1.0,2.0,2.0,2.0,2.0,0.0,1.0,2.0
doubao-seed-character-260628,160104117002,160104117002,297,1.5,1.3333333333333333,1.0,1.0,2.0,2.0,2.0,0.0,2.0
doubao-seed-character-260628,285502212002,285502212002,298,1.5,0.6666666666666666,2.0,1.0,1.0,2.0,0.0,1.0,1.0
doubao-seed-character-260628,108259307002,108259307002,299,1.25,1.6666666666666667,1.0,1.0,1.0,2.0,2.0,1.0,2.0
doubao-seed-character-260628,138202231002,138202231002,300,2.0,1.6666666666666667,2.0,2.0,2.0,2.0,2.0,1.0,2.0
doubao-seed-character-260628,205304101002,205304101002,301,2.0,1.6666666666666667,2.0,2.0,2.0,2.0,2.0,1.0,2.0
doubao-seed-character-260628,345233328002,345233328002,302,1.25,0.3333333333333333,1.0,1.0,1.0,2.0,0.0,1.0,0.0
doubao-seed-character-260628,330131305002,330131305002,303,1.0,1.0,1.0,1.0,1.0,1.0,1.0,1.0,1.0
doubao-seed-character-260628,324681330001,324681330001,304,2.25,1.0,2.0,2.0,2.0,3.0,1.0,1.0,1.0
doubao-seed-character-260628,151156111001,151156111001,305,1.75,0.6666666666666666,2.0,2.0,1.0,2.0,0.0,1.0,1.0
doubao-seed-character-260628,158278204002,158278204002,306,2.0,1.3333333333333333,2.0,2.0,2.0,2.0,2.0,0.0,2.0
doubao-seed-character-260628,108259326001,108259326001,307,1.25,0.6666666666666666,1.0,1.0,1.0,2.0,0.0,0.0,2.0
doubao-seed-character-260628,324681217002,324681217002,308,1.5,1.0,1.0,1.0,2.0,2.0,1.0,1.0,1.0
doubao-seed-character-260628,154628304003,154628304003,309,1.75,1.0,2.0,2.0,2.0,1.0,0.0,1.0,2.0
doubao-seed-character-260628,154628208001,154628208001,310,2.0,1.0,2.0,2.0,2.0,2.0,0.0,1.0,2.0
doubao-seed-character-260628,34043303001,34043303001,311,2.0,1.0,2.0,2.0,2.0,2.0,0.0,1.0,2.0
doubao-seed-character-260628,347763209001,347763209001,312,2.0,1.3333333333333333,2.0,2.0,2.0,2.0,2.0,1.0,1.0
doubao-seed-character-260628,14051211001,14051211001,313,2.0,1.6666666666666667,2.0,2.0,2.0,2.0,2.0,1.0,2.0
doubao-seed-character-260628,202454131001,202454131001,314,1.25,1.6666666666666667,2.0,1.0,1.0,1.0,2.0,1.0,2.0
doubao-seed-character-260628,154044315002,154044315002,315,1.75,1.0,2.0,2.0,2.0,1.0,0.0,1.0,2.0
doubao-seed-character-260628,204906310002,204906310002,316,1.75,0.6666666666666666,2.0,1.0,2.0,2.0,0.0,1.0,1.0
doubao-seed-character-260628,124099317001,124099317001,317,1.5,1.6666666666666667,1.0,1.0,2.0,2.0,2.0,1.0,2.0
doubao-seed-character-260628,151156318001,151156318001,318,2.0,1.0,2.0,2.0,2.0,2.0,0.0,1.0,2.0
doubao-seed-character-260628,10206206003,10206206003,319,1.5,1.3333333333333333,2.0,2.0,1.0,1.0,1.0,1.0,2.0
doubao-seed-character-260628,155676204001,155676204001,320,1.75,1.6666666666666667,2.0,1.0,2.0,2.0,2.0,1.0,2.0
doubao-seed-character-260628,288251228002,288251228002,321,1.0,1.3333333333333333,1.0,1.0,1.0,1.0,2.0,1.0,1.0
doubao-seed-character-260628,324045101002,324045101002,322,1.5,1.0,1.0,1.0,2.0,2.0,1.0,1.0,1.0
doubao-seed-character-260628,65546111001,65546111001,323,1.5,1.0,2.0,1.0,1.0,2.0,1.0,1.0,1.0
doubao-seed-character-260628,135559315002,135559315002,324,1.5,1.0,2.0,1.0,1.0,2.0,1.0,1.0,1.0
doubao-seed-character-260628,162431326001,162431326001,325,1.0,1.0,1.0,1.0,1.0,1.0,1.0,1.0,1.0
doubao-seed-character-260628,168231120002,168231120002,326,2.0,1.0,2.0,2.0,2.0,2.0,0.0,1.0,2.0
doubao-seed-character-260628,324078206002,324078206002,327,2.0,1.0,2.0,2.0,2.0,2.0,0.0,1.0,2.0
doubao-seed-character-260628,297439127002,297439127002,328,1.75,1.6666666666666667,2.0,1.0,2.0,2.0,2.0,2.0,1.0
doubao-seed-character-260628,330102129002,330102129002,329,1.75,1.6666666666666667,2.0,2.0,1.0,2.0,2.0,1.0,2.0
doubao-seed-character-260628,94004313001,94004313001,330,2.0,1.6666666666666667,2.0,2.0,2.0,2.0,2.0,1.0,2.0
doubao-seed-character-260628,57633324002,57633324002,331,1.5,1.0,1.0,1.0,2.0,2.0,1.0,1.0,1.0
doubao-seed-character-260628,46746309002,46746309002,332,2.0,1.6666666666666667,2.0,2.0,2.0,2.0,2.0,1.0,2.0
doubao-seed-character-260628,298245113001,298245113001,333,1.0,1.3333333333333333,1.0,1.0,1.0,1.0,2.0,0.0,2.0
doubao-seed-character-260628,175531208002,175531208002,334,1.5,1.6666666666666667,1.0,1.0,2.0,2.0,2.0,1.0,2.0
doubao-seed-character-260628,56604137002,56604137002,335,2.0,1.6666666666666667,2.0,2.0,2.0,2.0,2.0,1.0,2.0
doubao-seed-character-260628,110131312002,110131312002,336,1.25,1.3333333333333333,1.0,1.0,1.0,2.0,2.0,0.0,2.0
doubao-seed-character-260628,75376227001,75376227001,337,1.25,0.3333333333333333,1.0,1.0,1.0,2.0,0.0,0.0,1.0
doubao-seed-character-260628,116006209001,116006209001,338,1.75,1.6666666666666667,2.0,1.0,2.0,2.0,2.0,1.0,2.0
doubao-seed-character-260628,134902225002,134902225002,339,1.5,1.3333333333333333,1.0,1.0,2.0,2.0,2.0,1.0,1.0
doubao-seed-character-260628,285502324001,285502324001,340,2.0,2.0,2.0,2.0,2.0,2.0,2.0,2.0,2.0
doubao-seed-character-260628,271806112003,271806112003,341,1.75,1.0,2.0,1.0,2.0,2.0,1.0,1.0,1.0
doubao-seed-character-260628,60481327002,60481327002,342,1.75,1.6666666666666667,2.0,1.0,2.0,2.0,2.0,1.0,2.0
doubao-seed-character-260628,94004119002,94004119002,343,1.5,1.6666666666666667,2.0,1.0,1.0,2.0,2.0,1.0,2.0
doubao-seed-character-260628,261676215002,261676215002,344,1.5,1.3333333333333333,2.0,1.0,1.0,2.0,2.0,1.0,1.0
doubao-seed-character-260628,138202207001,138202207001,345,1.0,1.0,1.0,1.0,1.0,1.0,1.0,1.0,1.0
doubao-seed-character-260628,31106120001,31106120001,346,2.0,1.0,2.0,2.0,2.0,2.0,0.0,1.0,2.0
doubao-seed-character-260628,114604106001,114604106001,347,2.0,0.6666666666666666,2.0,2.0,2.0,2.0,0.0,1.0,1.0
doubao-seed-character-260628,166006334002,166006334002,348,2.0,1.6666666666666667,2.0,2.0,2.0,2.0,2.0,1.0,2.0
doubao-seed-character-260628,271806315002,271806315002,349,2.0,0.6666666666666666,2.0,2.0,2.0,2.0,0.0,1.0,1.0
doubao-seed-character-260628,244604313002,244604313002,350,1.0,1.0,1.0,1.0,1.0,1.0,1.0,1.0,1.0
doubao-seed-character-260628,194037118002,194037118002,351,1.0,1.0,1.0,1.0,1.0,1.0,1.0,1.0,1.0
doubao-seed-character-260628,211176203002,211176203002,352,2.0,1.3333333333333333,2.0,2.0,2.0,2.0,1.0,1.0,2.0
doubao-seed-character-260628,194037347002,194037347002,353,2.0,1.0,2.0,2.0,2.0,2.0,1.0,1.0,1.0
doubao-seed-character-260628,275559312001,275559312001,354,2.0,1.6666666666666667,2.0,2.0,2.0,2.0,2.0,1.0,2.0
doubao-seed-character-260628,74004306002,74004306002,355,1.25,1.0,1.0,1.0,1.0,2.0,1.0,1.0,1.0
doubao-seed-character-260628,265576222001,265576222001,356,2.25,1.0,2.0,2.0,2.0,3.0,0.0,1.0,2.0
doubao-seed-character-260628,58659203002,58659203002,357,1.5,1.3333333333333333,2.0,1.0,1.0,2.0,2.0,1.0,1.0
doubao-seed-character-260628,294099315001,294099315001,358,1.25,1.3333333333333333,2.0,1.0,1.0,1.0,2.0,1.0,1.0
doubao-seed-character-260628,60440137001,60440137001,359,1.75,1.3333333333333333,2.0,1.0,2.0,2.0,2.0,1.0,1.0
doubao-seed-character-260628,244056322001,244056322001,360,1.5,1.0,1.0,1.0,2.0,2.0,0.0,1.0,2.0
doubao-seed-character-260628,160104239002,160104239002,361,2.0,1.3333333333333333,2.0,2.0,2.0,2.0,1.0,1.0,2.0
doubao-seed-character-260628,298245314002,298245314002,362,1.5,1.0,1.0,1.0,2.0,2.0,2.0,0.0,1.0
doubao-seed-character-260628,292458304001,292458304001,363,1.75,0.6666666666666666,2.0,1.0,2.0,2.0,0.0,1.0,1.0
doubao-seed-character-260628,338231120001,338231120001,364,2.0,,2.0,2.0,2.0,2.0,,,
doubao-seed-character-260628,134004214001,134004214001,365,1.0,0.3333333333333333,1.0,1.0,1.0,1.0,0.0,1.0,0.0
doubao-seed-character-260628,330404223001,330404223001,366,1.5,1.3333333333333333,1.0,1.0,2.0,2.0,2.0,0.0,2.0
doubao-seed-character-260628,297439120001,297439120001,367,1.25,1.3333333333333333,1.0,1.0,1.0,2.0,2.0,1.0,1.0
doubao-seed-character-260628,134902301002,134902301002,368,1.5,0.3333333333333333,1.0,1.0,2.0,2.0,0.0,0.0,1.0
doubao-seed-character-260628,177402110001,177402110001,369,2.0,1.6666666666666667,2.0,2.0,2.0,2.0,2.0,1.0,2.0
doubao-seed-character-260628,298245222002,298245222002,370,1.5,0.6666666666666666,2.0,2.0,1.0,1.0,0.0,1.0,1.0
doubao-seed-character-260628,294028105001,294028105001,371,2.0,1.0,2.0,2.0,2.0,2.0,0.0,1.0,2.0
doubao-seed-character-260628,244676316002,244676316002,372,2.0,1.0,2.0,2.0,2.0,2.0,0.0,1.0,2.0
doubao-seed-character-260628,296006223002,296006223002,373,2.0,2.0,2.0,2.0,2.0,2.0,2.0,2.0,2.0
doubao-seed-character-260628,10233221001,10233221001,374,1.75,2.0,2.0,1.0,2.0,2.0,2.0,2.0,2.0
doubao-seed-character-260628,18206210001,18206210001,375,1.5,0.3333333333333333,1.0,1.0,2.0,2.0,0.0,0.0,1.0
doubao-seed-character-260628,10206205002,10206205002,376,1.5,0.0,1.0,1.0,2.0,2.0,0.0,0.0,0.0
doubao-seed-character-260628,297439126002,297439126002,377,1.25,0.3333333333333333,1.0,1.0,1.0,2.0,0.0,0.0,1.0
doubao-seed-character-260628,324681101001,324681101001,378,2.0,1.0,2.0,2.0,2.0,2.0,0.0,1.0,2.0
doubao-seed-character-260628,330131326001,330131326001,379,1.0,1.0,1.0,1.0,1.0,1.0,1.0,1.0,1.0
doubao-seed-character-260628,60481236001,60481236001,380,1.5,1.6666666666666667,1.0,1.0,2.0,2.0,2.0,1.0,2.0
doubao-seed-character-260628,54054203002,54054203002,381,1.5,0.0,1.0,1.0,2.0,2.0,0.0,0.0,0.0
doubao-seed-character-260628,111154235001,111154235001,382,1.75,2.0,2.0,2.0,1.0,2.0,2.0,2.0,2.0
doubao-seed-character-260628,116006110002,116006110002,383,1.0,1.6666666666666667,1.0,1.0,1.0,1.0,2.0,1.0,2.0
doubao-seed-character-260628,56346114002,56346114002,384,1.0,1.3333333333333333,1.0,1.0,1.0,1.0,1.0,1.0,2.0
doubao-seed-character-260628,144016306002,144016306002,385,1.25,0.6666666666666666,1.0,1.0,1.0,2.0,0.0,1.0,1.0
doubao-seed-character-260628,324681329002,324681329002,386,2.0,1.6666666666666667,2.0,2.0,2.0,2.0,2.0,1.0,2.0
doubao-seed-character-260628,241116324002,241116324002,387,2.25,1.3333333333333333,3.0,2.0,2.0,2.0,2.0,0.0,2.0
doubao-seed-character-260628,334631311001,334631311001,388,1.5,1.6666666666666667,1.0,1.0,2.0,2.0,2.0,1.0,2.0
doubao-seed-character-260628,211176308001,211176308001,389,1.0,1.3333333333333333,1.0,1.0,1.0,1.0,2.0,1.0,1.0
doubao-seed-character-260628,204906334002,204906334002,390,1.5,2.0,1.0,2.0,1.0,2.0,2.0,2.0,2.0
doubao-seed-character-260628,244056227002,244056227002,391,1.25,0.6666666666666666,1.0,1.0,1.0,2.0,0.0,0.0,2.0
doubao-seed-character-260628,104004224001,104004224001,392,1.75,1.3333333333333333,1.0,2.0,2.0,2.0,2.0,0.0,2.0
doubao-seed-character-260628,326346306002,326346306002,393,1.75,1.3333333333333333,2.0,1.0,2.0,2.0,1.0,2.0,1.0
doubao-seed-character-260628,10206213003,10206213003,394,1.75,1.6666666666666667,2.0,2.0,1.0,2.0,2.0,1.0,2.0
doubao-seed-character-260628,31106228001,31106228001,395,1.5,2.0,2.0,1.0,1.0,2.0,2.0,2.0,2.0
doubao-seed-character-260628,321116108002,321116108002,396,2.0,1.0,2.0,2.0,2.0,2.0,1.0,1.0,1.0
doubao-seed-character-260628,114604309002,114604309002,397,2.0,0.6666666666666666,2.0,2.0,2.0,2.0,0.0,1.0,1.0
doubao-seed-character-260628,150478101002,150478101002,398,1.0,0.0,1.0,1.0,1.0,1.0,0.0,0.0,0.0
doubao-seed-character-260628,34043312001,34043312001,399,1.5,1.0,1.0,1.0,2.0,2.0,0.0,1.0,2.0
doubao-seed-character-260628,74631201001,74631201001,400,1.75,1.6666666666666667,2.0,1.0,2.0,2.0,2.0,1.0,2.0
doubao-seed-character-260628,207406110001,207406110001,401,1.0,0.3333333333333333,1.0,1.0,1.0,1.0,0.0,1.0,0.0
doubao-seed-character-260628,166006108001,166006108001,402,1.75,0.6666666666666666,2.0,1.0,2.0,2.0,0.0,1.0,1.0
doubao-seed-character-260628,14051307002,14051307002,403,1.5,2.0,1.0,1.0,2.0,2.0,2.0,2.0,2.0
doubao-seed-character-260628,104004202002,104004202002,404,2.0,0.6666666666666666,2.0,2.0,2.0,2.0,0.0,0.0,2.0
doubao-seed-character-260628,116006304001,116006304001,405,2.0,1.6666666666666667,2.0,2.0,2.0,2.0,2.0,1.0,2.0
doubao-seed-character-260628,111154122002,111154122002,406,2.0,1.0,2.0,2.0,2.0,2.0,0.0,1.0,2.0
doubao-seed-character-260628,14643112001,14643112001,407,1.5,1.0,1.0,1.0,2.0,2.0,1.0,1.0,1.0
doubao-seed-character-260628,138202322002,138202322002,408,1.25,2.0,1.0,1.0,1.0,2.0,2.0,2.0,2.0
doubao-seed-character-260628,144016323002,144016323002,409,2.0,1.3333333333333333,2.0,2.0,2.0,2.0,2.0,0.0,2.0
doubao-seed-character-260628,57457114002,57457114002,410,2.25,0.0,2.0,2.0,2.0,3.0,0.0,0.0,0.0
doubao-seed-character-260628,138202230002,138202230002,411,2.0,1.6666666666666667,2.0,2.0,2.0,2.0,2.0,1.0,2.0
doubao-seed-character-260628,161159216001,161159216001,412,2.0,2.0,2.0,2.0,2.0,2.0,2.0,2.0,2.0
doubao-seed-character-260628,74631201001,74631201001,413,1.0,2.0,1.0,1.0,1.0,1.0,2.0,2.0,2.0
doubao-seed-character-260628,75376119002,75376119002,414,2.0,0.6666666666666666,2.0,2.0,2.0,2.0,0.0,0.0,2.0
doubao-seed-character-260628,155676222003,155676222003,415,2.0,2.0,2.0,2.0,2.0,2.0,2.0,2.0,2.0
doubao-seed-character-260628,105381114001,105381114001,416,2.5,2.0,2.0,2.0,3.0,3.0,2.0,2.0,2.0
doubao-seed-character-260628,124099233001,124099233001,417,2.0,2.0,2.0,2.0,2.0,2.0,2.0,2.0,2.0
doubao-seed-character-260628,296081209001,296081209001,418,2.0,1.3333333333333333,2.0,2.0,2.0,2.0,1.0,1.0,2.0
doubao-seed-character-260628,204028216001,204028216001,419,2.0,1.6666666666666667,2.0,2.0,2.0,2.0,2.0,1.0,2.0
doubao-seed-character-260628,202454122001,202454122001,420,2.0,2.0,2.0,2.0,2.0,2.0,2.0,2.0,2.0
doubao-seed-character-260628,155676207001,155676207001,421,2.0,1.3333333333333333,2.0,2.0,2.0,2.0,1.0,1.0,2.0
doubao-seed-character-260628,74981222001,74981222001,422,2.25,1.6666666666666667,2.0,2.0,2.0,3.0,2.0,1.0,2.0
doubao-seed-character-260628,334631224002,334631224002,423,1.75,1.0,2.0,1.0,2.0,2.0,1.0,1.0,1.0
doubao-seed-character-260628,154058321002,154058321002,424,1.75,2.0,2.0,1.0,2.0,2.0,2.0,2.0,2.0
doubao-seed-character-260628,212428224002,212428224002,425,2.25,1.3333333333333333,2.0,2.0,2.0,3.0,1.0,1.0,2.0
doubao-seed-character-260628,154044323002,154044323002,426,2.0,2.0,2.0,2.0,2.0,2.0,2.0,2.0,2.0
doubao-seed-character-260628,325306114001,325306114001,427,2.0,1.0,2.0,2.0,2.0,2.0,0.0,1.0,2.0
doubao-seed-character-260628,64033109002,64033109002,428,2.0,2.0,2.0,2.0,2.0,2.0,2.0,2.0,2.0
doubao-seed-character-260628,108206123001,108206123001,429,2.0,1.6666666666666667,2.0,2.0,2.0,2.0,2.0,1.0,2.0
doubao-seed-character-260628,294028112001,294028112001,430,2.0,0.6666666666666666,2.0,2.0,2.0,2.0,0.0,0.0,2.0
doubao-seed-character-260628,75376226001,75376226001,431,2.0,0.3333333333333333,2.0,2.0,2.0,2.0,0.0,0.0,1.0
doubao-seed-character-260628,154044230001,154044230001,432,2.0,1.3333333333333333,2.0,2.0,2.0,2.0,1.0,1.0,2.0
doubao-seed-character-260628,58202217002,58202217002,433,1.0,2.0,1.0,1.0,1.0,1.0,2.0,2.0,2.0
doubao-seed-character-260628,285502305001,285502305001,434,2.0,1.6666666666666667,2.0,2.0,2.0,2.0,2.0,1.0,2.0
doubao-seed-character-260628,65546126002,65546126002,435,2.0,2.0,2.0,2.0,2.0,2.0,2.0,2.0,2.0
doubao-seed-character-260628,150478318001,150478318001,436,1.75,1.0,2.0,1.0,2.0,2.0,0.0,1.0,2.0
doubao-seed-character-260628,64028206001,64028206001,437,2.0,0.6666666666666666,2.0,2.0,2.0,2.0,0.0,0.0,2.0
doubao-seed-character-260628,154676331002,154676331002,438,1.75,2.0,2.0,1.0,2.0,2.0,2.0,2.0,2.0
doubao-seed-character-260628,154676204002,154676204002,439,2.0,1.3333333333333333,2.0,2.0,2.0,2.0,2.0,0.0,2.0
doubao-seed-character-260628,153859106001,153859106001,440,1.0,1.3333333333333333,1.0,1.0,1.0,1.0,2.0,1.0,1.0
doubao-seed-character-260628,138202241001,138202241001,441,1.5,1.0,1.0,1.0,2.0,2.0,1.0,1.0,1.0
doubao-seed-character-260628,204906231001,204906231001,442,1.75,1.6666666666666667,2.0,1.0,2.0,2.0,2.0,1.0,2.0
doubao-seed-character-260628,104004212001,104004212001,443,2.0,1.6666666666666667,2.0,2.0,2.0,2.0,2.0,1.0,2.0
doubao-seed-character-260628,151156309001,151156309001,444,2.0,2.0,2.0,2.0,2.0,2.0,2.0,2.0,2.0
doubao-seed-character-260628,270402326002,270402326002,445,1.0,1.0,1.0,1.0,1.0,1.0,1.0,1.0,1.0
doubao-seed-character-260628,295331310001,295331310001,446,2.0,1.6666666666666667,2.0,2.0,2.0,2.0,2.0,1.0,2.0
doubao-seed-character-260628,60481310001,60481310001,447,2.0,1.6666666666666667,2.0,2.0,2.0,2.0,2.0,1.0,2.0
doubao-seed-character-260628,174643231001,174643231001,448,2.0,2.0,2.0,2.0,2.0,2.0,2.0,2.0,2.0
doubao-seed-character-260628,138202231002,138202231002,449,1.5,2.0,2.0,1.0,2.0,1.0,2.0,2.0,2.0
doubao-seed-character-260628,142403117002,142403117002,450,1.5,2.0,2.0,1.0,1.0,2.0,2.0,2.0,2.0
doubao-seed-character-260628,134902328001,134902328001,451,2.0,1.6666666666666667,2.0,2.0,2.0,2.0,2.0,1.0,2.0
doubao-seed-character-260628,212428332001,212428332001,452,1.5,1.6666666666666667,2.0,1.0,1.0,2.0,2.0,1.0,2.0
doubao-seed-character-260628,154058305001,154058305001,453,1.25,0.0,2.0,1.0,1.0,1.0,0.0,0.0,0.0
glm-4-plus,57457126001,57457126001,1,1.0,0.0,1.0,1.0,1.0,1.0,0.0,0.0,0.0
glm-4-plus,75376243001,75376243001,2,1.0,0.6666666666666666,1.0,1.0,1.0,1.0,0.0,1.0,1.0
glm-4-plus,324078110002,324078110002,3,1.75,1.6666666666666667,2.0,2.0,1.0,2.0,2.0,1.0,2.0
glm-4-plus,338231328001,338231328001,7,2.0,0.6666666666666666,2.0,2.0,2.0,2.0,0.0,0.0,2.0
glm-4-plus,51606117001,51606117001,8,2.0,1.6666666666666667,2.0,2.0,2.0,2.0,2.0,1.0,2.0
glm-4-plus,18206219002,18206219002,10,1.0,0.3333333333333333,1.0,1.0,1.0,1.0,0.0,0.0,1.0
glm-4-plus,14643113001,14643113001,5,1.0,1.6666666666666667,1.0,1.0,1.0,1.0,2.0,1.0,2.0
glm-4-plus,111154127001,111154127001,6,1.0,1.6666666666666667,1.0,1.0,1.0,1.0,2.0,1.0,2.0
glm-4-plus,281104130001,281104130001,13,2.0,1.0,2.0,2.0,2.0,2.0,0.0,1.0,2.0
glm-4-plus,56302330002,56302330002,16,1.0,1.6666666666666667,1.0,1.0,1.0,1.0,2.0,1.0,2.0
glm-4-plus,175531118001,175531118001,4,2.0,1.3333333333333333,2.0,2.0,2.0,2.0,0.0,2.0,2.0
glm-4-plus,64604125002,64604125002,11,1.25,1.3333333333333333,1.0,1.0,1.0,2.0,1.0,1.0,2.0
glm-4-plus,122490220001,122490220001,15,1.5,1.3333333333333333,1.0,2.0,2.0,1.0,1.0,1.0,2.0
glm-4-plus,161159310001,161159310001,12,1.75,1.0,1.0,2.0,2.0,2.0,0.0,1.0,2.0
glm-4-plus,184037213001,184037213001,19,2.0,1.6666666666666667,2.0,2.0,2.0,2.0,2.0,1.0,2.0
glm-4-plus,154044202001,154044202001,22,1.0,1.0,1.0,1.0,1.0,1.0,0.0,1.0,2.0
glm-4-plus,266059222001,266059222001,23,1.0,0.6666666666666666,1.0,1.0,1.0,1.0,2.0,0.0,0.0
glm-4-plus,324045114001,324045114001,9,1.0,1.3333333333333333,1.0,1.0,1.0,1.0,2.0,1.0,1.0
glm-4-plus,75504213002,75504213002,18,1.0,0.6666666666666666,1.0,1.0,1.0,1.0,0.0,1.0,1.0
glm-4-plus,154058307002,154058307002,20,1.0,1.3333333333333333,1.0,1.0,1.0,1.0,1.0,1.0,2.0
glm-4-plus,135559225002,135559225002,25,1.0,1.0,1.0,1.0,1.0,1.0,1.0,1.0,1.0
glm-4-plus,134902123001,134902123001,14,1.0,1.3333333333333333,1.0,1.0,1.0,1.0,2.0,1.0,1.0
glm-4-plus,291676308001,291676308001,17,1.0,,1.0,1.0,1.0,1.0,,,
glm-4-plus,207406312001,207406312001,21,1.0,2.0,1.0,1.0,1.0,1.0,2.0,2.0,2.0
glm-4-plus,211176334001,211176334001,26,1.25,1.0,1.0,1.0,1.0,2.0,1.0,1.0,1.0
glm-4-plus,14031307002,14031307002,27,1.0,1.6666666666666667,1.0,1.0,1.0,1.0,1.0,2.0,2.0
glm-4-plus,280154309002,280154309002,28,1.0,1.6666666666666667,1.0,1.0,1.0,1.0,2.0,1.0,2.0
glm-4-plus,200104317001,200104317001,29,1.0,1.3333333333333333,1.0,1.0,1.0,1.0,1.0,1.0,2.0
glm-4-plus,34043224002,34043224002,30,1.5,1.3333333333333333,1.0,2.0,1.0,2.0,1.0,1.0,2.0
glm-4-plus,105102322002,105102322002,31,1.0,2.0,1.0,1.0,1.0,1.0,2.0,2.0,2.0
glm-4-plus,30476124001,30476124001,24,1.0,1.3333333333333333,1.0,1.0,1.0,1.0,2.0,1.0,1.0
glm-4-plus,134902216001,134902216001,33,1.0,1.0,1.0,1.0,1.0,1.0,0.0,1.0,2.0
glm-4-plus,211176105002,211176105002,34,1.0,0.6666666666666666,1.0,1.0,1.0,1.0,1.0,1.0,0.0
glm-4-plus,241116202002,241116202002,35,1.5,1.6666666666666667,2.0,2.0,1.0,1.0,1.0,2.0,2.0
glm-4-plus,64028317002,64028317002,36,1.0,1.0,1.0,1.0,1.0,1.0,0.0,1.0,2.0
glm-4-plus,64028314002,64028314002,37,1.0,1.6666666666666667,1.0,1.0,1.0,1.0,2.0,1.0,2.0
glm-4-plus,266306205002,266306205002,38,1.0,0.0,1.0,1.0,1.0,1.0,0.0,0.0,0.0
glm-4-plus,202454131002,202454131002,40,1.0,1.3333333333333333,1.0,1.0,1.0,1.0,2.0,1.0,1.0
glm-4-plus,105102306002,105102306002,32,1.0,0.6666666666666666,1.0,1.0,1.0,1.0,0.0,1.0,1.0
glm-4-plus,57633243002,57633243002,39,1.0,1.3333333333333333,1.0,1.0,1.0,1.0,1.0,1.0,2.0
glm-4-plus,153859115002,153859115002,41,1.5,0.6666666666666666,1.0,1.0,2.0,2.0,0.0,0.0,2.0
glm-4-plus,64028310001,64028310001,42,1.0,0.0,1.0,1.0,1.0,1.0,0.0,0.0,0.0
glm-4-plus,158278201002,158278201002,43,2.0,2.0,2.0,2.0,2.0,2.0,2.0,2.0,2.0
glm-4-plus,150478205001,150478205001,44,1.75,1.3333333333333333,2.0,2.0,1.0,2.0,1.0,1.0,2.0
glm-4-plus,281104122003,281104122003,45,1.0,1.6666666666666667,1.0,1.0,1.0,1.0,2.0,1.0,2.0
glm-4-plus,110131321002,110131321002,46,1.0,1.0,1.0,1.0,1.0,1.0,0.0,1.0,2.0
glm-4-plus,298245106002,298245106002,47,2.0,1.3333333333333333,2.0,2.0,2.0,2.0,2.0,1.0,1.0
glm-4-plus,266059305001,266059305001,48,1.25,1.6666666666666667,1.0,1.0,1.0,2.0,2.0,1.0,2.0
glm-4-plus,54054110001,54054110001,49,1.25,1.3333333333333333,1.0,1.0,1.0,2.0,2.0,0.0,2.0
glm-4-plus,338231202001,338231202001,50,1.0,0.0,1.0,1.0,1.0,1.0,0.0,0.0,0.0
glm-4-plus,10206118001,10206118001,51,1.25,1.0,1.0,2.0,1.0,1.0,1.0,1.0,1.0
glm-4-plus,244676309001,244676309001,52,1.0,2.0,1.0,1.0,1.0,1.0,2.0,2.0,2.0
glm-4-plus,10233105002,10233105002,53,1.0,2.0,1.0,1.0,1.0,1.0,2.0,2.0,2.0
glm-4-plus,320146222002,320146222002,54,1.75,1.3333333333333333,1.0,2.0,2.0,2.0,1.0,1.0,2.0
glm-4-plus,280154108002,280154108002,55,1.0,0.0,1.0,1.0,1.0,1.0,0.0,0.0,0.0
glm-4-plus,294099132002,294099132002,56,1.0,0.6666666666666666,1.0,1.0,1.0,1.0,0.0,1.0,1.0
glm-4-plus,151156320002,151156320002,57,1.75,1.6666666666666667,1.0,2.0,2.0,2.0,2.0,1.0,2.0
glm-4-plus,296081302001,296081302001,58,2.0,1.3333333333333333,2.0,2.0,2.0,2.0,1.0,1.0,2.0
glm-4-plus,65546103002,65546103002,59,1.0,1.6666666666666667,1.0,1.0,1.0,1.0,2.0,1.0,2.0
glm-4-plus,154058321002,154058321002,60,1.5,1.6666666666666667,1.0,2.0,1.0,2.0,2.0,1.0,2.0
glm-4-plus,14051113002,14051113002,61,1.0,1.0,1.0,1.0,1.0,1.0,1.0,1.0,1.0
glm-4-plus,75504205002,75504205002,62,1.0,1.6666666666666667,1.0,1.0,1.0,1.0,2.0,1.0,2.0
glm-4-plus,154628117001,154628117001,63,1.0,0.0,1.0,1.0,1.0,1.0,0.0,0.0,0.0
glm-4-plus,162431111003,162431111003,64,1.0,0.3333333333333333,1.0,1.0,1.0,1.0,0.0,0.0,1.0
glm-4-plus,320146132002,320146132002,65,1.0,1.6666666666666667,1.0,1.0,1.0,1.0,2.0,1.0,2.0
glm-4-plus,104004221001,104004221001,66,1.5,0.6666666666666666,1.0,1.0,2.0,2.0,1.0,1.0,0.0
glm-4-plus,205304214001,205304214001,67,1.0,1.3333333333333333,1.0,1.0,1.0,1.0,2.0,0.0,2.0
glm-4-plus,204028208001,204028208001,68,1.25,1.3333333333333333,1.0,1.0,1.0,2.0,2.0,0.0,2.0
glm-4-plus,122490104002,122490104002,69,1.5,1.6666666666666667,1.0,2.0,1.0,2.0,2.0,1.0,2.0
glm-4-plus,30476203001,30476203001,70,1.0,0.3333333333333333,1.0,1.0,1.0,1.0,0.0,0.0,1.0
glm-4-plus,108206101002,108206101002,72,1.0,1.0,1.0,1.0,1.0,1.0,1.0,1.0,1.0
glm-4-plus,56346322001,56346322001,73,1.75,1.6666666666666667,2.0,2.0,2.0,1.0,1.0,2.0,2.0
glm-4-plus,135559225002,135559225002,74,1.0,1.3333333333333333,1.0,1.0,1.0,1.0,1.0,1.0,2.0
glm-4-plus,138202125002,138202125002,75,1.0,0.6666666666666666,1.0,1.0,1.0,1.0,0.0,1.0,1.0
glm-4-plus,60440205001,60440205001,76,1.0,1.0,1.0,1.0,1.0,1.0,1.0,1.0,1.0
glm-4-plus,141154325001,141154325001,77,1.0,1.6666666666666667,1.0,1.0,1.0,1.0,2.0,2.0,1.0
glm-4-plus,74631307001,74631307001,78,2.0,2.0,2.0,2.0,2.0,2.0,2.0,2.0,2.0
glm-4-plus,280154331001,280154331001,79,1.75,2.0,2.0,2.0,1.0,2.0,2.0,2.0,2.0
glm-4-plus,321116113001,321116113001,80,1.25,1.6666666666666667,1.0,1.0,1.0,2.0,2.0,1.0,2.0
glm-4-plus,116006312001,116006312001,81,1.0,1.6666666666666667,1.0,1.0,1.0,1.0,2.0,1.0,2.0
glm-4-plus,184037219001,184037219001,82,1.0,1.3333333333333333,1.0,1.0,1.0,1.0,2.0,0.0,2.0
glm-4-plus,64033334001,64033334001,83,1.0,1.3333333333333333,1.0,1.0,1.0,1.0,2.0,1.0,1.0
glm-4-plus,150478210001,150478210001,84,1.0,0.0,1.0,1.0,1.0,1.0,0.0,0.0,0.0
glm-4-plus,151156311001,151156311001,85,2.0,1.3333333333333333,2.0,2.0,2.0,2.0,2.0,1.0,1.0
glm-4-plus,271806118001,271806118001,86,1.0,1.6666666666666667,1.0,1.0,1.0,1.0,2.0,2.0,1.0
glm-4-plus,60481225002,60481225002,87,2.0,1.6666666666666667,2.0,2.0,2.0,2.0,2.0,1.0,2.0
glm-4-plus,141154206002,141154206002,88,1.0,1.6666666666666667,1.0,1.0,1.0,1.0,2.0,1.0,2.0
glm-4-plus,94004111001,94004111001,89,1.0,2.0,1.0,1.0,1.0,1.0,2.0,2.0,2.0
glm-4-plus,326359105002,326359105002,90,1.0,0.0,1.0,1.0,1.0,1.0,0.0,0.0,0.0
glm-4-plus,202454134001,202454134001,91,1.0,1.6666666666666667,1.0,1.0,1.0,1.0,2.0,2.0,1.0
glm-4-plus,134004112002,134004112002,93,1.25,0.3333333333333333,1.0,1.0,1.0,2.0,0.0,0.0,1.0
glm-4-plus,275559307001,275559307001,94,1.0,1.6666666666666667,1.0,1.0,1.0,1.0,2.0,1.0,2.0
glm-4-plus,271806130001,271806130001,95,1.0,1.3333333333333333,1.0,1.0,1.0,1.0,2.0,1.0,1.0
glm-4-plus,64028102001,64028102001,96,1.0,1.0,1.0,1.0,1.0,1.0,0.0,1.0,2.0
glm-4-plus,280154302001,280154302001,71,1.0,0.6666666666666666,1.0,1.0,1.0,1.0,0.0,1.0,1.0
glm-4-plus,124099315002,124099315002,92,1.0,1.0,1.0,1.0,1.0,1.0,1.0,1.0,1.0
glm-4-plus,281116308001,281116308001,97,1.0,0.0,1.0,1.0,1.0,1.0,0.0,0.0,0.0
glm-4-plus,275559318001,275559318001,98,1.0,1.0,1.0,1.0,1.0,1.0,2.0,0.0,1.0
glm-4-plus,65546119001,65546119001,99,1.0,1.6666666666666667,1.0,1.0,1.0,1.0,2.0,1.0,2.0
glm-4-plus,205304101002,205304101002,100,1.0,1.6666666666666667,1.0,1.0,1.0,1.0,2.0,2.0,1.0
glm-4-plus,241116332002,241116332002,101,1.25,1.0,1.0,1.0,1.0,2.0,1.0,1.0,1.0
glm-4-plus,110131213002,110131213002,103,1.0,1.0,1.0,1.0,1.0,1.0,1.0,1.0,1.0
glm-4-plus,241116221001,241116221001,105,2.5,1.6666666666666667,2.0,2.0,3.0,3.0,1.0,2.0,2.0
glm-4-plus,275559328001,275559328001,106,2.0,1.0,2.0,2.0,2.0,2.0,1.0,1.0,1.0
glm-4-plus,54054108002,54054108002,107,1.5,0.0,1.0,1.0,2.0,2.0,0.0,0.0,0.0
glm-4-plus,154044310001,154044310001,108,2.0,1.0,2.0,2.0,2.0,2.0,1.0,1.0,1.0
glm-4-plus,270402209001,270402209001,109,1.0,1.0,1.0,1.0,1.0,1.0,1.0,0.0,2.0
glm-4-plus,58202220001,58202220001,110,1.0,1.6666666666666667,1.0,1.0,1.0,1.0,2.0,2.0,1.0
glm-4-plus,65546218001,65546218001,111,1.25,0.0,1.0,2.0,1.0,1.0,0.0,0.0,0.0
glm-4-plus,138202135001,138202135001,112,1.0,1.0,1.0,1.0,1.0,1.0,0.0,1.0,2.0
glm-4-plus,112744316002,112744316002,113,,1.3333333333333333,,,,,1.0,1.0,2.0
glm-4-plus,74057123001,74057123001,114,1.0,1.0,1.0,1.0,1.0,1.0,0.0,1.0,2.0
glm-4-plus,10206323002,10206323002,115,0.5,1.0,1.0,1.0,0.0,0.0,1.0,1.0,1.0
glm-4-plus,74002116002,74002116002,116,1.25,1.6666666666666667,1.0,1.0,1.0,2.0,2.0,2.0,1.0
glm-4-plus,241116304002,241116304002,117,1.0,0.3333333333333333,1.0,1.0,1.0,1.0,0.0,1.0,0.0
glm-4-plus,142403341002,142403341002,118,1.0,0.0,1.0,1.0,1.0,1.0,0.0,0.0,0.0
glm-4-plus,56604129001,56604129001,119,1.0,1.3333333333333333,1.0,1.0,1.0,1.0,1.0,2.0,1.0
glm-4-plus,72428222002,72428222002,120,1.25,1.6666666666666667,1.0,1.0,1.0,2.0,2.0,1.0,2.0
glm-4-plus,141154304002,141154304002,121,1.75,1.6666666666666667,1.0,2.0,2.0,2.0,2.0,1.0,2.0
glm-4-plus,294099231003,294099231003,122,1.0,0.3333333333333333,1.0,1.0,1.0,1.0,0.0,0.0,1.0
glm-5-2-260617,57457126001,57457126001,1,1.0,1.3333333333333333,1.0,1.0,1.0,1.0,1.0,1.0,2.0
glm-5-2-260617,75376243001,75376243001,2,1.0,0.0,1.0,1.0,1.0,1.0,0.0,0.0,0.0
glm-5-2-260617,324078110002,324078110002,3,1.0,2.0,1.0,1.0,1.0,1.0,2.0,2.0,2.0
glm-5-2-260617,175531118001,175531118001,4,1.75,1.0,1.0,2.0,2.0,2.0,0.0,1.0,2.0
glm-5-2-260617,14643113001,14643113001,5,1.25,2.0,1.0,1.0,1.0,2.0,2.0,2.0,2.0
glm-5-2-260617,111154127001,111154127001,6,1.25,1.3333333333333333,1.0,1.0,1.0,2.0,0.0,2.0,2.0
glm-5-2-260617,338231328001,338231328001,7,1.0,0.0,1.0,1.0,1.0,1.0,0.0,0.0,0.0
glm-5-2-260617,51606117001,51606117001,8,1.75,2.0,1.0,2.0,2.0,2.0,2.0,2.0,2.0
glm-5-2-260617,324045114001,324045114001,9,2.0,2.0,2.0,2.0,2.0,2.0,2.0,2.0,2.0
glm-5-2-260617,18206219002,18206219002,10,2.0,0.3333333333333333,2.0,2.0,2.0,2.0,0.0,0.0,1.0
glm-5-2-260617,64604125002,64604125002,11,2.0,1.6666666666666667,2.0,2.0,2.0,2.0,1.0,2.0,2.0
glm-5-2-260617,161159310001,161159310001,12,1.0,1.0,1.0,1.0,1.0,1.0,0.0,1.0,2.0
glm-5-2-260617,281104130001,281104130001,13,1.25,0.0,1.0,2.0,1.0,1.0,0.0,0.0,0.0
glm-5-2-260617,134902123001,134902123001,14,1.0,2.0,1.0,1.0,1.0,1.0,2.0,2.0,2.0
glm-5-2-260617,122490220001,122490220001,15,1.75,2.0,2.0,2.0,1.0,2.0,2.0,2.0,2.0
glm-5-2-260617,56302330002,56302330002,16,2.0,2.0,2.0,2.0,2.0,2.0,2.0,2.0,2.0
glm-5-2-260617,291676308001,291676308001,17,1.0,2.0,1.0,1.0,1.0,1.0,2.0,2.0,2.0
glm-5-2-260617,75504213002,75504213002,18,1.25,1.0,1.0,1.0,1.0,2.0,0.0,1.0,2.0
glm-5-2-260617,184037213001,184037213001,19,2.0,2.0,2.0,2.0,2.0,2.0,2.0,2.0,2.0
glm-5-2-260617,154058307002,154058307002,20,1.75,1.6666666666666667,2.0,1.0,2.0,2.0,1.0,2.0,2.0
glm-5-2-260617,207406312001,207406312001,21,2.0,2.0,2.0,2.0,2.0,2.0,2.0,2.0,2.0
glm-5-2-260617,154044202001,154044202001,22,1.25,1.0,1.0,1.0,1.0,2.0,0.0,1.0,2.0
glm-5-2-260617,266059222001,266059222001,23,2.5,1.3333333333333333,2.0,2.0,3.0,3.0,0.0,2.0,2.0
glm-5-2-260617,30476124001,30476124001,24,2.0,2.0,2.0,2.0,2.0,2.0,2.0,2.0,2.0
glm-5-2-260617,135559225002,135559225002,25,2.0,2.0,2.0,2.0,2.0,2.0,2.0,2.0,2.0
glm-5-2-260617,211176334001,211176334001,26,1.25,2.0,1.0,1.0,1.0,2.0,2.0,2.0,2.0
glm-5-2-260617,14031307002,14031307002,27,2.5,1.3333333333333333,2.0,2.0,3.0,3.0,0.0,2.0,2.0
glm-5-2-260617,280154309002,280154309002,28,2.0,1.0,2.0,2.0,2.0,2.0,0.0,1.0,2.0
glm-5-2-260617,200104317001,200104317001,29,1.25,2.0,1.0,1.0,1.0,2.0,2.0,2.0,2.0
glm-5-2-260617,34043224002,34043224002,30,2.0,1.0,2.0,2.0,2.0,2.0,0.0,1.0,2.0
glm-5-2-260617,105102322002,105102322002,31,2.25,1.0,2.0,2.0,2.0,3.0,0.0,1.0,2.0
glm-5-2-260617,105102306002,105102306002,32,2.25,0.0,2.0,2.0,2.0,3.0,0.0,0.0,0.0
glm-5-2-260617,134902216001,134902216001,33,1.0,2.0,1.0,1.0,1.0,1.0,2.0,2.0,2.0
glm-5-2-260617,211176105002,211176105002,34,1.25,1.6666666666666667,1.0,1.0,1.0,2.0,2.0,1.0,2.0
glm-5-2-260617,241116202002,241116202002,35,1.0,1.0,1.0,1.0,1.0,1.0,0.0,1.0,2.0
glm-5-2-260617,64028317002,64028317002,36,1.75,2.0,1.0,2.0,2.0,2.0,2.0,2.0,2.0
glm-5-2-260617,64028314002,64028314002,37,2.0,1.6666666666666667,2.0,2.0,2.0,2.0,1.0,2.0,2.0
glm-5-2-260617,14051113002,14051113002,61,1.0,2.0,1.0,1.0,1.0,1.0,2.0,2.0,2.0
glm-5-2-260617,266306205002,266306205002,38,1.25,0.0,1.0,1.0,1.0,2.0,0.0,0.0,0.0
glm-5-2-260617,57633243002,57633243002,39,2.0,2.0,2.0,2.0,2.0,2.0,2.0,2.0,2.0
glm-5-2-260617,202454131002,202454131002,40,1.5,1.6666666666666667,1.0,1.0,2.0,2.0,2.0,1.0,2.0
glm-5-2-260617,153859115002,153859115002,41,1.25,0.0,1.0,1.0,1.0,2.0,0.0,0.0,0.0
glm-5-2-260617,64028310001,64028310001,42,2.0,0.0,2.0,2.0,2.0,2.0,0.0,0.0,0.0
glm-5-2-260617,158278201002,158278201002,43,2.0,1.3333333333333333,2.0,2.0,2.0,2.0,0.0,2.0,2.0
glm-5-2-260617,150478205001,150478205001,44,2.0,1.0,2.0,2.0,2.0,2.0,0.0,1.0,2.0
glm-5-2-260617,281104122003,281104122003,45,2.25,1.0,2.0,2.0,3.0,2.0,0.0,1.0,2.0
glm-5-2-260617,110131321002,110131321002,46,2.0,1.3333333333333333,2.0,2.0,2.0,2.0,0.0,2.0,2.0
glm-5-2-260617,298245106002,298245106002,47,2.0,2.0,2.0,2.0,2.0,2.0,2.0,2.0,2.0
glm-5-2-260617,266059305001,266059305001,48,1.75,1.6666666666666667,1.0,2.0,2.0,2.0,2.0,1.0,2.0
glm-5-2-260617,54054110001,54054110001,49,1.0,1.3333333333333333,1.0,1.0,1.0,1.0,2.0,0.0,2.0
glm-5-2-260617,338231202001,338231202001,50,2.75,0.0,2.0,3.0,3.0,3.0,0.0,0.0,0.0
glm-5-2-260617,10206118001,10206118001,51,2.0,1.0,2.0,2.0,2.0,2.0,0.0,1.0,2.0
glm-5-2-260617,244676309001,244676309001,52,3.0,2.0,3.0,3.0,3.0,3.0,2.0,2.0,2.0
glm-5-2-260617,10233105002,10233105002,53,2.0,1.6666666666666667,2.0,2.0,2.0,2.0,2.0,1.0,2.0
glm-5-2-260617,320146222002,320146222002,54,1.75,2.0,2.0,1.0,2.0,2.0,2.0,2.0,2.0
glm-5-2-260617,280154108002,280154108002,55,2.0,0.0,2.0,2.0,2.0,2.0,0.0,0.0,0.0
glm-5-2-260617,294099132002,294099132002,56,1.0,0.0,1.0,1.0,1.0,1.0,0.0,0.0,0.0
glm-5-2-260617,151156320002,151156320002,57,1.0,1.6666666666666667,1.0,1.0,1.0,1.0,2.0,1.0,2.0
glm-5-2-260617,296081302001,296081302001,58,1.0,1.3333333333333333,1.0,1.0,1.0,1.0,1.0,1.0,2.0
glm-5-2-260617,65546103002,65546103002,59,2.0,2.0,2.0,2.0,2.0,2.0,2.0,2.0,2.0
glm-5-2-260617,154058321002,154058321002,60,2.25,0.6666666666666666,2.0,2.0,2.0,3.0,0.0,1.0,1.0
glm-5-2-260617,75504205002,75504205002,62,1.0,2.0,1.0,1.0,1.0,1.0,2.0,2.0,2.0
glm-5-2-260617,154628117001,154628117001,63,1.0,1.6666666666666667,1.0,1.0,1.0,1.0,1.0,2.0,2.0
glm-5-2-260617,162431111003,162431111003,64,1.0,1.0,1.0,1.0,1.0,1.0,0.0,1.0,2.0
glm-5-2-260617,320146132002,320146132002,65,1.0,1.6666666666666667,1.0,1.0,1.0,1.0,2.0,1.0,2.0
glm-5-2-260617,205304214001,205304214001,67,2.25,0.0,2.0,2.0,2.0,3.0,0.0,0.0,0.0
glm-5-2-260617,204028208001,204028208001,68,1.5,1.3333333333333333,1.0,1.0,2.0,2.0,0.0,2.0,2.0
glm-5-2-260617,122490104002,122490104002,69,2.75,,2.0,3.0,3.0,3.0,,,
glm-5-2-260617,30476203001,30476203001,70,2.25,0.6666666666666666,2.0,2.0,2.0,3.0,0.0,0.0,2.0
glm-5-2-260617,280154302001,280154302001,71,1.75,2.0,2.0,1.0,2.0,2.0,2.0,2.0,2.0
glm-5-2-260617,108206101002,108206101002,72,1.0,1.6666666666666667,1.0,1.0,1.0,1.0,1.0,2.0,2.0
glm-5-2-260617,56346322001,56346322001,73,3.0,1.0,3.0,3.0,3.0,3.0,0.0,2.0,1.0
glm-5-2-260617,135559225002,135559225002,74,1.75,2.0,2.0,1.0,2.0,2.0,2.0,2.0,2.0
glm-5-2-260617,138202125002,138202125002,75,1.0,1.3333333333333333,1.0,1.0,1.0,1.0,0.0,2.0,2.0
glm-5-2-260617,60440205001,60440205001,76,1.5,0.6666666666666666,1.0,1.0,2.0,2.0,0.0,1.0,1.0
glm-5-2-260617,141154325001,141154325001,77,1.0,1.3333333333333333,1.0,1.0,1.0,1.0,1.0,1.0,2.0
glm-5-2-260617,74631307001,74631307001,78,2.0,1.6666666666666667,2.0,2.0,2.0,2.0,1.0,2.0,2.0
glm-5-2-260617,280154331001,280154331001,79,1.75,2.0,2.0,2.0,1.0,2.0,2.0,2.0,2.0
glm-5-2-260617,321116113001,321116113001,80,2.0,1.6666666666666667,2.0,2.0,2.0,2.0,2.0,1.0,2.0
glm-5-2-260617,116006312001,116006312001,81,2.0,2.0,2.0,2.0,2.0,2.0,2.0,2.0,2.0
glm-5-2-260617,184037219001,184037219001,82,1.5,0.0,1.0,1.0,2.0,2.0,0.0,0.0,0.0
glm-5-2-260617,64033334001,64033334001,83,2.0,2.0,2.0,2.0,2.0,2.0,2.0,2.0,2.0
glm-5-2-260617,150478210001,150478210001,84,2.0,0.6666666666666666,2.0,2.0,2.0,2.0,0.0,0.0,2.0
glm-5-2-260617,151156311001,151156311001,85,1.75,2.0,1.0,2.0,2.0,2.0,2.0,2.0,2.0
glm-5-2-260617,271806118001,271806118001,86,1.0,0.0,1.0,1.0,1.0,1.0,0.0,0.0,0.0
glm-5-2-260617,60481225002,60481225002,87,1.25,1.6666666666666667,1.0,1.0,1.0,2.0,1.0,2.0,2.0
glm-5-2-260617,141154206002,141154206002,88,2.25,2.0,2.0,2.0,2.0,3.0,2.0,2.0,2.0
glm-5-2-260617,104004221001,104004221001,66,1.0,0.6666666666666666,1.0,1.0,1.0,1.0,0.0,1.0,1.0
glm-5-2-260617,94004111001,94004111001,89,2.25,2.0,2.0,2.0,2.0,3.0,2.0,2.0,2.0
glm-5-2-260617,326359105002,326359105002,90,1.0,0.0,1.0,1.0,1.0,1.0,0.0,0.0,0.0
glm-5-2-260617,202454134001,202454134001,91,2.25,2.0,2.0,2.0,2.0,3.0,2.0,2.0,2.0
glm-5-2-260617,124099315002,124099315002,92,1.0,2.0,1.0,1.0,1.0,1.0,2.0,2.0,2.0
glm-5-2-260617,134004112002,134004112002,93,1.25,0.0,1.0,1.0,1.0,2.0,0.0,0.0,0.0
glm-5-2-260617,275559307001,275559307001,94,2.75,2.0,2.0,3.0,3.0,3.0,2.0,2.0,2.0
glm-5-2-260617,271806130001,271806130001,95,1.25,2.0,1.0,1.0,1.0,2.0,2.0,2.0,2.0
glm-5-2-260617,64028102001,64028102001,96,2.0,1.0,2.0,2.0,2.0,2.0,0.0,1.0,2.0
glm-5-2-260617,281116308001,281116308001,97,2.5,0.6666666666666666,2.0,2.0,3.0,3.0,0.0,0.0,2.0
glm-5-2-260617,275559318001,275559318001,98,1.0,0.0,1.0,1.0,1.0,1.0,0.0,0.0,0.0
glm-5-2-260617,65546119001,65546119001,99,1.0,1.0,1.0,1.0,1.0,1.0,0.0,1.0,2.0
glm-5-2-260617,205304101002,205304101002,100,2.5,2.0,2.0,2.0,3.0,3.0,2.0,2.0,2.0
glm-5-2-260617,241116332002,241116332002,101,3.0,1.6666666666666667,3.0,3.0,3.0,3.0,2.0,1.0,2.0
glm-5-2-260617,64033129001,64033129001,102,2.0,0.6666666666666666,2.0,2.0,2.0,2.0,0.0,1.0,1.0
glm-5-2-260617,110131213002,110131213002,103,1.75,1.0,2.0,1.0,2.0,2.0,1.0,1.0,1.0
glm-5-2-260617,262728314002,262728314002,104,2.0,1.6666666666666667,2.0,2.0,2.0,2.0,1.0,2.0,2.0
glm-5-2-260617,241116221001,241116221001,105,2.75,2.0,3.0,3.0,3.0,2.0,2.0,2.0,2.0
glm-5-2-260617,275559328001,275559328001,106,2.0,2.0,2.0,2.0,2.0,2.0,2.0,2.0,2.0
glm-5-2-260617,54054108002,54054108002,107,2.0,0.6666666666666666,2.0,2.0,2.0,2.0,0.0,1.0,1.0
glm-5-2-260617,154044310001,154044310001,108,2.75,1.6666666666666667,3.0,2.0,3.0,3.0,1.0,2.0,2.0
glm-5-2-260617,270402209001,270402209001,109,2.75,1.6666666666666667,3.0,2.0,3.0,3.0,2.0,1.0,2.0
glm-5-2-260617,58202220001,58202220001,110,2.5,2.0,2.0,2.0,3.0,3.0,2.0,2.0,2.0
glm-5-2-260617,65546218001,65546218001,111,1.5,0.3333333333333333,1.0,1.0,2.0,2.0,0.0,1.0,0.0
glm-5-2-260617,138202135001,138202135001,112,1.75,0.6666666666666666,2.0,2.0,2.0,1.0,0.0,1.0,1.0
glm-5-2-260617,112744316002,112744316002,113,2.0,2.0,2.0,2.0,2.0,2.0,2.0,2.0,2.0
glm-5-2-260617,74057123001,74057123001,114,2.0,0.6666666666666666,2.0,2.0,2.0,2.0,0.0,1.0,1.0
glm-5-2-260617,10206323002,10206323002,115,2.0,0.6666666666666666,2.0,2.0,2.0,2.0,0.0,1.0,1.0
glm-5-2-260617,74002116002,74002116002,116,2.5,1.3333333333333333,3.0,2.0,3.0,2.0,1.0,1.0,2.0
glm-5-2-260617,241116304002,241116304002,117,2.0,0.3333333333333333,2.0,2.0,2.0,2.0,0.0,1.0,0.0
glm-5-2-260617,142403341002,142403341002,118,2.0,0.0,2.0,2.0,2.0,2.0,0.0,0.0,0.0
glm-5-2-260617,56604129001,56604129001,119,2.0,1.3333333333333333,2.0,2.0,2.0,2.0,1.0,1.0,2.0
glm-5-2-260617,72428222002,72428222002,120,2.0,2.0,2.0,2.0,2.0,2.0,2.0,2.0,2.0
glm-5-2-260617,141154304002,141154304002,121,2.0,2.0,2.0,2.0,2.0,2.0,2.0,2.0,2.0
glm-5-2-260617,294099231003,294099231003,122,2.25,1.3333333333333333,3.0,2.0,2.0,2.0,1.0,1.0,2.0
glm-5-2-260617,34043123001,34043123001,123,3.0,,3.0,3.0,3.0,3.0,,,
glm-5-2-260617,274951110001,274951110001,124,2.0,0.6666666666666666,2.0,2.0,2.0,2.0,0.0,1.0,1.0
glm-5-2-260617,34676116002,34676116002,125,2.0,,2.0,2.0,2.0,2.0,,,
glm-5-2-260617,175531321001,175531321001,126,2.25,2.0,2.0,2.0,3.0,2.0,2.0,2.0,2.0
glm-5-2-260617,321131210001,321131210001,127,1.75,0.0,2.0,2.0,2.0,1.0,0.0,0.0,0.0
glm-5-2-260617,241116320001,241116320001,128,2.5,1.6666666666666667,3.0,2.0,2.0,3.0,1.0,2.0,2.0
glm-5-2-260617,244056227001,244056227001,129,2.0,0.0,2.0,2.0,2.0,2.0,0.0,0.0,0.0
glm-5-2-260617,74002112001,74002112001,130,2.0,0.0,2.0,2.0,2.0,2.0,0.0,0.0,0.0
glm-5-2-260617,154058310002,154058310002,131,2.0,0.3333333333333333,2.0,2.0,2.0,2.0,0.0,0.0,1.0
glm-5-2-260617,266059202002,266059202002,132,2.0,0.0,2.0,2.0,2.0,2.0,0.0,0.0,0.0
glm-5-2-260617,184037201002,184037201002,133,2.5,2.0,3.0,2.0,3.0,2.0,2.0,2.0,2.0
glm-5-2-260617,211154232001,211154232001,134,2.25,2.0,3.0,2.0,2.0,2.0,2.0,2.0,2.0
glm-5-2-260617,345233228002,345233228002,135,2.75,2.0,3.0,2.0,3.0,3.0,2.0,2.0,2.0
glm-5-2-260617,116006116001,116006116001,136,3.0,0.0,3.0,3.0,3.0,3.0,0.0,0.0,0.0
glm-5-2-260617,266059204001,266059204001,137,2.75,2.0,3.0,2.0,3.0,3.0,2.0,2.0,2.0
glm-5-2-260617,10233105002,10233105002,138,2.0,1.3333333333333333,2.0,2.0,2.0,2.0,1.0,1.0,2.0
glm-5-2-260617,298245316002,298245316002,139,2.0,0.3333333333333333,2.0,2.0,2.0,2.0,0.0,0.0,1.0
glm-5-2-260617,296081233002,296081233002,140,1.0,1.0,1.0,1.0,1.0,1.0,2.0,0.0,1.0
glm-5-2-260617,296081115001,296081115001,141,2.0,1.0,2.0,2.0,2.0,2.0,0.0,2.0,1.0
glm-5-2-260617,60440124001,60440124001,142,2.75,1.6666666666666667,3.0,2.0,3.0,3.0,1.0,2.0,2.0
glm-5-2-260617,194037336001,194037336001,143,2.0,2.0,2.0,2.0,2.0,2.0,2.0,2.0,2.0
glm-5-2-260617,202454220001,202454220001,144,2.0,2.0,2.0,2.0,2.0,2.0,2.0,2.0,2.0
glm-5-2-260617,153859111002,153859111002,145,2.0,1.0,2.0,2.0,2.0,2.0,0.0,1.0,2.0
glm-5-2-260617,14031322002,14031322002,146,1.25,1.3333333333333333,2.0,1.0,1.0,1.0,2.0,1.0,1.0
glm-5-2-260617,347763115002,347763115002,147,2.25,1.3333333333333333,3.0,2.0,2.0,2.0,0.0,2.0,2.0
glm-5-2-260617,347763302001,347763302001,148,2.0,1.6666666666666667,2.0,2.0,2.0,2.0,2.0,2.0,1.0
glm-5-2-260617,261676110002,261676110002,149,2.75,2.0,3.0,2.0,3.0,3.0,2.0,2.0,2.0
glm-5-2-260617,295331315002,295331315002,150,2.0,1.6666666666666667,2.0,2.0,2.0,2.0,2.0,1.0,2.0
glm-5-2-260617,175531322002,175531322002,151,2.0,1.0,2.0,2.0,2.0,2.0,0.0,1.0,2.0
glm-5-2-260617,294028325002,294028325002,152,3.0,0.6666666666666666,3.0,3.0,3.0,3.0,0.0,1.0,1.0
glm-5-2-260617,244056210002,244056210002,153,1.5,0.3333333333333333,1.0,1.0,2.0,2.0,0.0,1.0,0.0
glm-5-2-260617,244056306002,244056306002,154,1.75,2.0,2.0,1.0,2.0,2.0,2.0,2.0,2.0
glm-5-2-260617,184037216001,184037216001,155,2.0,1.6666666666666667,2.0,2.0,2.0,2.0,1.0,2.0,2.0
glm-5-2-260617,211176120002,211176120002,156,2.0,2.0,2.0,2.0,2.0,2.0,2.0,2.0,2.0
glm-5-2-260617,154058209001,154058209001,157,2.0,,2.0,2.0,2.0,2.0,,,
glm-5-2-260617,151156109002,151156109002,158,2.0,2.0,2.0,2.0,2.0,2.0,2.0,2.0,2.0
glm-5-2-260617,288251231001,288251231001,159,1.75,1.6666666666666667,2.0,1.0,2.0,2.0,1.0,2.0,2.0
glm-5-2-260617,150478113001,150478113001,160,2.25,2.0,3.0,2.0,2.0,2.0,2.0,2.0,2.0
glm-5-2-260617,111154107001,111154107001,161,2.5,0.0,2.0,2.0,3.0,3.0,0.0,0.0,0.0
glm-5-2-260617,14643316002,14643316002,162,1.5,1.0,2.0,1.0,2.0,1.0,0.0,1.0,2.0
glm-5-2-260617,296331123002,296331123002,163,2.75,1.0,3.0,2.0,3.0,3.0,0.0,1.0,2.0
glm-5-2-260617,134902222002,134902222002,164,2.0,2.0,2.0,2.0,2.0,2.0,2.0,2.0,2.0
glm-5-2-260617,134902306001,134902306001,165,2.75,0.0,3.0,2.0,3.0,3.0,0.0,0.0,0.0
glm-5-2-260617,321116307002,321116307002,166,2.0,1.0,2.0,2.0,2.0,2.0,0.0,1.0,2.0
glm-5-2-260617,265359333002,265359333002,167,2.0,1.3333333333333333,2.0,2.0,2.0,2.0,0.0,2.0,2.0
glm-5-2-260617,275559214002,275559214002,168,2.75,2.0,3.0,2.0,3.0,3.0,2.0,2.0,2.0
glm-5-2-260617,104004216002,104004216002,169,2.0,2.0,2.0,2.0,2.0,2.0,2.0,2.0,2.0
glm-5-2-260617,58659336002,58659336002,170,1.25,0.3333333333333333,1.0,1.0,1.0,2.0,0.0,1.0,0.0
glm-5-2-260617,174643308001,174643308001,171,2.25,2.0,2.0,2.0,3.0,2.0,2.0,2.0,2.0
glm-5-2-260617,30476203002,30476203002,172,2.25,0.0,2.0,2.0,3.0,2.0,0.0,0.0,0.0
glm-5-2-260617,161159216001,161159216001,173,2.5,1.6666666666666667,3.0,2.0,3.0,2.0,1.0,2.0,2.0
glm-5-2-260617,296081128002,296081128002,174,2.0,1.6666666666666667,2.0,2.0,2.0,2.0,1.0,2.0,2.0
glm-5-2-260617,56043123001,56043123001,175,1.5,0.3333333333333333,1.0,1.0,2.0,2.0,0.0,0.0,1.0
glm-5-2-260617,334631128001,334631128001,176,2.75,1.0,3.0,2.0,3.0,3.0,1.0,1.0,1.0
glm-5-2-260617,175531212002,175531212002,177,2.0,0.3333333333333333,2.0,2.0,2.0,2.0,0.0,0.0,1.0
glm-5-2-260617,56302136001,56302136001,178,2.0,2.0,2.0,2.0,2.0,2.0,2.0,2.0,2.0
glm-5-2-260617,134902327001,134902327001,179,2.75,2.0,3.0,2.0,3.0,3.0,2.0,2.0,2.0
glm-5-2-260617,74981218001,74981218001,180,2.0,1.3333333333333333,2.0,2.0,2.0,2.0,1.0,1.0,2.0
glm-5-2-260617,177402120001,177402120001,181,1.75,0.3333333333333333,2.0,1.0,2.0,2.0,0.0,0.0,1.0
glm-5-2-260617,154058322001,154058322001,182,2.0,2.0,2.0,2.0,2.0,2.0,2.0,2.0,2.0
glm-5-2-260617,177402135002,177402135002,183,1.75,0.0,1.0,2.0,2.0,2.0,0.0,0.0,0.0
glm-5-2-260617,151156318001,151156318001,184,2.5,0.0,3.0,2.0,3.0,2.0,0.0,0.0,0.0
glm-5-2-260617,347763304002,347763304002,185,1.0,0.0,1.0,1.0,1.0,1.0,0.0,0.0,0.0
glm-5-2-260617,65546132001,65546132001,186,1.5,0.0,1.0,1.0,2.0,2.0,0.0,0.0,0.0
glm-5-2-260617,296081138001,296081138001,187,2.0,0.6666666666666666,2.0,2.0,2.0,2.0,0.0,0.0,2.0
glm-5-2-260617,57633117002,57633117002,188,1.5,0.3333333333333333,2.0,1.0,2.0,1.0,0.0,0.0,1.0
glm-5-2-260617,296006201002,296006201002,189,1.25,,2.0,1.0,1.0,1.0,,,
glm-5-2-260617,112744211002,112744211002,190,2.0,0.6666666666666666,2.0,2.0,2.0,2.0,0.0,1.0,1.0
moonshot-v1-8k,57457126001,57457126001,1,1.0,1.0,1.0,1.0,1.0,1.0,1.0,1.0,1.0
moonshot-v1-8k,75376243001,75376243001,2,1.0,0.3333333333333333,1.0,1.0,1.0,1.0,0.0,0.0,1.0
moonshot-v1-8k,324078110002,324078110002,3,1.0,1.0,1.0,1.0,1.0,1.0,1.0,1.0,1.0
moonshot-v1-8k,175531118001,175531118001,4,1.75,0.6666666666666666,2.0,2.0,2.0,1.0,0.0,1.0,1.0
moonshot-v1-8k,14643113001,14643113001,5,1.0,1.6666666666666667,1.0,1.0,1.0,1.0,2.0,2.0,1.0
moonshot-v1-8k,111154127001,111154127001,6,1.0,1.3333333333333333,1.0,1.0,1.0,1.0,2.0,1.0,1.0
moonshot-v1-8k,338231328001,338231328001,7,1.0,0.0,1.0,1.0,1.0,1.0,0.0,0.0,0.0
moonshot-v1-8k,51606117001,51606117001,8,1.5,1.0,1.0,2.0,1.0,2.0,1.0,1.0,1.0
moonshot-v1-8k,324045114001,324045114001,9,1.0,1.6666666666666667,1.0,1.0,1.0,1.0,2.0,2.0,1.0
moonshot-v1-8k,18206219002,18206219002,10,1.0,0.6666666666666666,1.0,1.0,1.0,1.0,0.0,1.0,1.0
moonshot-v1-8k,64604125002,64604125002,11,1.0,1.0,1.0,1.0,1.0,1.0,1.0,1.0,1.0
moonshot-v1-8k,161159310001,161159310001,12,1.0,0.6666666666666666,1.0,1.0,1.0,1.0,0.0,1.0,1.0
moonshot-v1-8k,281104130001,281104130001,13,1.0,0.0,1.0,1.0,1.0,1.0,0.0,0.0,0.0
moonshot-v1-8k,134902123001,134902123001,14,1.75,1.3333333333333333,2.0,2.0,1.0,2.0,2.0,1.0,1.0
moonshot-v1-8k,122490220001,122490220001,15,1.25,1.3333333333333333,1.0,2.0,1.0,1.0,2.0,1.0,1.0
moonshot-v1-8k,56302330002,56302330002,16,1.0,0.0,1.0,1.0,1.0,1.0,0.0,0.0,0.0
moonshot-v1-8k,291676308001,291676308001,17,1.0,1.3333333333333333,1.0,1.0,1.0,1.0,2.0,1.0,1.0
moonshot-v1-8k,75504213002,75504213002,18,1.0,0.0,1.0,1.0,1.0,1.0,0.0,0.0,0.0
moonshot-v1-8k,184037213001,184037213001,19,1.0,1.6666666666666667,1.0,1.0,1.0,1.0,2.0,1.0,2.0
moonshot-v1-8k,154058307002,154058307002,20,1.0,1.0,1.0,1.0,1.0,1.0,1.0,1.0,1.0
moonshot-v1-8k,207406312001,207406312001,21,1.0,1.3333333333333333,1.0,1.0,1.0,1.0,2.0,1.0,1.0
moonshot-v1-8k,154044202001,154044202001,22,1.0,0.0,1.0,1.0,1.0,1.0,0.0,0.0,0.0
moonshot-v1-8k,266059222001,266059222001,23,1.0,0.0,1.0,1.0,1.0,1.0,0.0,0.0,0.0
moonshot-v1-8k,30476124001,30476124001,24,1.0,1.3333333333333333,1.0,1.0,1.0,1.0,2.0,1.0,1.0
moonshot-v1-8k,135559225002,135559225002,25,1.0,1.3333333333333333,1.0,1.0,1.0,1.0,2.0,1.0,1.0
moonshot-v1-8k,211176334001,211176334001,26,1.0,1.3333333333333333,1.0,1.0,1.0,1.0,2.0,1.0,1.0
moonshot-v1-8k,14031307002,14031307002,27,1.0,1.6666666666666667,1.0,1.0,1.0,1.0,2.0,2.0,1.0
moonshot-v1-8k,280154309002,280154309002,28,1.0,1.3333333333333333,1.0,1.0,1.0,1.0,1.0,2.0,1.0
moonshot-v1-8k,200104317001,200104317001,29,1.0,1.6666666666666667,1.0,1.0,1.0,1.0,2.0,1.0,2.0
moonshot-v1-8k,34043224002,34043224002,30,1.0,1.0,1.0,1.0,1.0,1.0,1.0,1.0,1.0
moonshot-v1-8k,105102322002,105102322002,31,1.0,1.0,1.0,1.0,1.0,1.0,1.0,1.0,1.0
moonshot-v1-8k,105102306002,105102306002,32,1.25,0.3333333333333333,1.0,1.0,1.0,2.0,0.0,0.0,1.0
moonshot-v1-8k,134902216001,134902216001,33,1.0,1.3333333333333333,1.0,1.0,1.0,1.0,1.0,1.0,2.0
moonshot-v1-8k,64028314002,64028314002,37,1.5,1.6666666666666667,1.0,2.0,1.0,2.0,2.0,1.0,2.0
moonshot-v1-8k,266306205002,266306205002,38,1.5,0.3333333333333333,1.0,2.0,1.0,2.0,0.0,0.0,1.0
moonshot-v1-8k,57633243002,57633243002,39,1.0,1.3333333333333333,1.0,1.0,1.0,1.0,2.0,1.0,1.0
moonshot-v1-8k,202454131002,202454131002,40,1.0,1.6666666666666667,1.0,1.0,1.0,1.0,2.0,1.0,2.0
moonshot-v1-8k,153859115002,153859115002,41,1.25,0.0,1.0,2.0,1.0,1.0,0.0,0.0,0.0
moonshot-v1-8k,64028310001,64028310001,42,1.0,0.0,1.0,1.0,1.0,1.0,0.0,0.0,0.0
moonshot-v1-8k,158278201002,158278201002,43,1.0,1.0,1.0,1.0,1.0,1.0,1.0,1.0,1.0
moonshot-v1-8k,150478205001,150478205001,44,1.0,1.0,1.0,1.0,1.0,1.0,1.0,1.0,1.0
moonshot-v1-8k,281104122003,281104122003,45,1.5,1.6666666666666667,1.0,2.0,1.0,2.0,2.0,1.0,2.0
moonshot-v1-8k,110131321002,110131321002,46,1.0,0.3333333333333333,1.0,1.0,1.0,1.0,0.0,1.0,0.0
moonshot-v1-8k,266059305001,266059305001,48,1.25,1.3333333333333333,1.0,1.0,1.0,2.0,2.0,1.0,1.0
moonshot-v1-8k,54054110001,54054110001,49,1.0,1.0,1.0,1.0,1.0,1.0,2.0,0.0,1.0
moonshot-v1-8k,338231202001,338231202001,50,1.0,0.6666666666666666,1.0,1.0,1.0,1.0,2.0,0.0,0.0
moonshot-v1-8k,10206118001,10206118001,51,1.5,0.6666666666666666,1.0,2.0,1.0,2.0,1.0,1.0,0.0
moonshot-v1-8k,244676309001,244676309001,52,1.0,1.3333333333333333,1.0,1.0,1.0,1.0,2.0,1.0,1.0
moonshot-v1-8k,10233105002,10233105002,53,1.0,0.3333333333333333,1.0,1.0,1.0,1.0,0.0,0.0,1.0
moonshot-v1-8k,320146222002,320146222002,54,1.0,1.6666666666666667,1.0,1.0,1.0,1.0,2.0,2.0,1.0
moonshot-v1-8k,280154108002,280154108002,55,1.0,0.6666666666666666,1.0,1.0,1.0,1.0,0.0,0.0,2.0
moonshot-v1-8k,294099132002,294099132002,56,1.0,0.0,1.0,1.0,1.0,1.0,0.0,0.0,0.0
moonshot-v1-8k,151156320002,151156320002,57,1.25,1.6666666666666667,1.0,1.0,1.0,2.0,2.0,2.0,1.0
moonshot-v1-8k,211176105002,211176105002,34,1.0,1.0,1.0,1.0,1.0,1.0,2.0,1.0,0.0
moonshot-v1-8k,241116202002,241116202002,35,1.75,1.3333333333333333,2.0,2.0,1.0,2.0,1.0,2.0,1.0
moonshot-v1-8k,64028317002,64028317002,36,1.0,1.0,1.0,1.0,1.0,1.0,1.0,1.0,1.0
moonshot-v1-8k,298245106002,298245106002,47,1.0,1.3333333333333333,1.0,1.0,1.0,1.0,2.0,1.0,1.0
moonshot-v1-8k,296081302001,296081302001,58,1.75,0.3333333333333333,1.0,2.0,2.0,2.0,0.0,0.0,1.0
moonshot-v1-8k,65546103002,65546103002,59,1.0,1.3333333333333333,1.0,1.0,1.0,1.0,2.0,1.0,1.0
moonshot-v1-8k,154058321002,154058321002,60,1.0,,1.0,1.0,1.0,1.0,,,
moonshot-v1-8k,14051113002,14051113002,61,1.0,1.0,1.0,1.0,1.0,1.0,2.0,1.0,0.0
moonshot-v1-8k,75504205002,75504205002,62,1.0,1.3333333333333333,1.0,1.0,1.0,1.0,2.0,1.0,1.0
moonshot-v1-8k,154628117001,154628117001,63,1.0,0.6666666666666666,1.0,1.0,1.0,1.0,0.0,1.0,1.0
moonshot-v1-8k,162431111003,162431111003,64,1.0,0.3333333333333333,1.0,1.0,1.0,1.0,0.0,0.0,1.0
moonshot-v1-8k,108206101002,108206101002,72,1.0,0.3333333333333333,1.0,1.0,1.0,1.0,0.0,1.0,0.0
moonshot-v1-8k,56346322001,56346322001,73,1.25,1.0,1.0,1.0,1.0,2.0,1.0,1.0,1.0
moonshot-v1-8k,135559225002,135559225002,74,1.0,1.0,1.0,1.0,1.0,1.0,1.0,1.0,1.0
moonshot-v1-8k,138202125002,138202125002,75,1.0,1.0,1.0,1.0,1.0,1.0,1.0,1.0,1.0
moonshot-v1-8k,60440205001,60440205001,76,1.0,1.3333333333333333,1.0,1.0,1.0,1.0,2.0,1.0,1.0
moonshot-v1-8k,141154325001,141154325001,77,1.0,1.3333333333333333,1.0,1.0,1.0,1.0,2.0,1.0,1.0
moonshot-v1-8k,74631307001,74631307001,78,1.0,0.0,1.0,1.0,1.0,1.0,0.0,0.0,0.0
moonshot-v1-8k,280154331001,280154331001,79,1.0,1.3333333333333333,1.0,1.0,1.0,1.0,2.0,1.0,1.0
moonshot-v1-8k,321116113001,321116113001,80,1.0,0.6666666666666666,1.0,1.0,1.0,1.0,1.0,0.0,1.0
moonshot-v1-8k,116006312001,116006312001,81,1.0,1.0,1.0,1.0,1.0,1.0,2.0,1.0,0.0
moonshot-v1-8k,184037219001,184037219001,82,1.0,1.3333333333333333,1.0,1.0,1.0,1.0,2.0,0.0,2.0
moonshot-v1-8k,64033334001,64033334001,83,1.0,1.3333333333333333,1.0,1.0,1.0,1.0,2.0,1.0,1.0
moonshot-v1-8k,150478210001,150478210001,84,1.0,0.3333333333333333,1.0,1.0,1.0,1.0,0.0,1.0,0.0
moonshot-v1-8k,151156311001,151156311001,85,1.0,1.0,1.0,1.0,1.0,1.0,1.0,1.0,1.0
moonshot-v1-8k,271806118001,271806118001,86,1.0,1.0,1.0,1.0,1.0,1.0,1.0,1.0,1.0
moonshot-v1-8k,60481225002,60481225002,87,1.0,0.6666666666666666,1.0,1.0,1.0,1.0,1.0,0.0,1.0
moonshot-v1-8k,141154206002,141154206002,88,1.0,1.3333333333333333,1.0,1.0,1.0,1.0,2.0,1.0,1.0
moonshot-v1-8k,94004111001,94004111001,89,1.0,1.0,1.0,1.0,1.0,1.0,1.0,1.0,1.0
moonshot-v1-8k,326359105002,326359105002,90,1.0,,1.0,1.0,1.0,1.0,,,
moonshot-v1-8k,202454134001,202454134001,91,2.0,1.6666666666666667,2.0,2.0,2.0,2.0,2.0,2.0,1.0
moonshot-v1-8k,124099315002,124099315002,92,1.0,1.0,1.0,1.0,1.0,1.0,1.0,1.0,1.0
moonshot-v1-8k,134004112002,134004112002,93,,0.3333333333333333,,,,,0.0,0.0,1.0
moonshot-v1-8k,275559307001,275559307001,94,1.0,1.3333333333333333,1.0,1.0,1.0,1.0,2.0,1.0,1.0
moonshot-v1-8k,271806130001,271806130001,95,1.0,1.3333333333333333,1.0,1.0,1.0,1.0,2.0,1.0,1.0
moonshot-v1-8k,64028102001,64028102001,96,1.0,0.6666666666666666,1.0,1.0,1.0,1.0,0.0,0.0,2.0
moonshot-v1-8k,281116308001,281116308001,97,1.0,0.0,1.0,1.0,1.0,1.0,0.0,0.0,0.0
moonshot-v1-8k,275559318001,275559318001,98,1.5,1.3333333333333333,1.0,2.0,1.0,2.0,2.0,0.0,2.0
moonshot-v1-8k,65546119001,65546119001,99,1.25,0.3333333333333333,1.0,2.0,1.0,1.0,0.0,1.0,0.0
moonshot-v1-8k,205304101002,205304101002,100,1.0,1.6666666666666667,1.0,1.0,1.0,1.0,2.0,1.0,2.0
moonshot-v1-8k,241116332002,241116332002,101,1.0,1.3333333333333333,1.0,1.0,1.0,1.0,2.0,1.0,1.0
moonshot-v1-8k,320146132002,320146132002,65,1.0,1.3333333333333333,1.0,1.0,1.0,1.0,1.0,1.0,2.0
moonshot-v1-8k,104004221001,104004221001,66,1.0,0.6666666666666666,1.0,1.0,1.0,1.0,1.0,0.0,1.0
moonshot-v1-8k,205304214001,205304214001,67,1.0,1.0,1.0,1.0,1.0,1.0,2.0,0.0,1.0
moonshot-v1-8k,204028208001,204028208001,68,1.0,0.6666666666666666,1.0,1.0,1.0,1.0,0.0,2.0,0.0
moonshot-v1-8k,122490104002,122490104002,69,1.0,1.6666666666666667,1.0,1.0,1.0,1.0,2.0,1.0,2.0
moonshot-v1-8k,30476203001,30476203001,70,1.0,1.0,1.0,1.0,1.0,1.0,2.0,0.0,1.0
moonshot-v1-8k,280154302001,280154302001,71,1.25,1.3333333333333333,1.0,2.0,1.0,1.0,1.0,1.0,2.0
moonshot-v1-8k,64033129001,64033129001,102,1.0,0.0,1.0,1.0,1.0,1.0,0.0,0.0,0.0
moonshot-v1-8k,110131213002,110131213002,103,1.0,0.6666666666666666,1.0,1.0,1.0,1.0,1.0,1.0,0.0
moonshot-v1-8k,262728314002,262728314002,104,1.0,0.6666666666666666,1.0,1.0,1.0,1.0,1.0,1.0,0.0
moonshot-v1-8k,241116221001,241116221001,105,2.0,1.3333333333333333,2.0,2.0,2.0,2.0,1.0,1.0,2.0
moonshot-v1-8k,275559328001,275559328001,106,1.0,1.3333333333333333,1.0,1.0,1.0,1.0,1.0,1.0,2.0
moonshot-v1-8k,54054108002,54054108002,107,1.0,0.0,1.0,1.0,1.0,1.0,0.0,0.0,0.0
moonshot-v1-8k,154044310001,154044310001,108,1.0,1.0,1.0,1.0,1.0,1.0,1.0,1.0,1.0
moonshot-v1-8k,270402209001,270402209001,109,1.0,0.0,1.0,1.0,1.0,1.0,0.0,0.0,0.0
moonshot-v1-8k,58202220001,58202220001,110,1.0,1.3333333333333333,1.0,1.0,1.0,1.0,2.0,1.0,1.0
moonshot-v1-8k,65546218001,65546218001,111,1.0,0.3333333333333333,1.0,1.0,1.0,1.0,0.0,0.0,1.0
moonshot-v1-8k,138202135001,138202135001,112,1.0,0.3333333333333333,1.0,1.0,1.0,1.0,0.0,0.0,1.0
moonshot-v1-8k,112744316002,112744316002,113,1.0,1.3333333333333333,1.0,1.0,1.0,1.0,2.0,1.0,1.0
moonshot-v1-8k,74057123001,74057123001,114,1.25,1.0,1.0,1.0,1.0,2.0,0.0,1.0,2.0
moonshot-v1-8k,10206323002,10206323002,115,1.25,1.0,1.0,1.0,1.0,2.0,1.0,1.0,1.0
moonshot-v1-8k,74002116002,74002116002,116,1.0,0.0,1.0,1.0,1.0,1.0,0.0,0.0,0.0
moonshot-v1-8k,241116304002,241116304002,117,1.0,0.3333333333333333,1.0,1.0,1.0,1.0,0.0,1.0,0.0
moonshot-v1-8k,142403341002,142403341002,118,1.0,1.0,1.0,1.0,1.0,1.0,2.0,0.0,1.0
moonshot-v1-8k,56604129001,56604129001,119,1.0,1.0,1.0,1.0,1.0,1.0,1.0,1.0,1.0
moonshot-v1-8k,72428222002,72428222002,120,1.0,1.6666666666666667,1.0,1.0,1.0,1.0,2.0,1.0,2.0
moonshot-v1-8k,141154304002,141154304002,121,1.0,1.6666666666666667,1.0,1.0,1.0,1.0,2.0,2.0,1.0
moonshot-v1-8k,294099231003,294099231003,122,1.0,1.0,1.0,1.0,1.0,1.0,0.0,1.0,2.0
moonshot-v1-8k,34043123001,34043123001,123,1.0,0.0,1.0,1.0,1.0,1.0,0.0,0.0,0.0
moonshot-v1-8k,274951110001,274951110001,124,1.0,0.6666666666666666,1.0,1.0,1.0,1.0,0.0,1.0,1.0
moonshot-v1-8k,34676116002,34676116002,125,1.0,0.0,1.0,1.0,1.0,1.0,0.0,0.0,0.0
moonshot-v1-8k,175531321001,175531321001,126,1.0,1.3333333333333333,1.0,1.0,1.0,1.0,2.0,1.0,1.0
moonshot-v1-8k,321131210001,321131210001,127,1.0,1.3333333333333333,1.0,1.0,1.0,1.0,2.0,0.0,2.0
moonshot-v1-8k,241116320001,241116320001,128,0.75,1.3333333333333333,1.0,1.0,1.0,0.0,2.0,1.0,1.0
moonshot-v1-8k,244056227001,244056227001,129,1.0,0.0,1.0,1.0,1.0,1.0,0.0,0.0,0.0
moonshot-v1-8k,74002112001,74002112001,130,1.0,0.0,1.0,1.0,1.0,1.0,0.0,0.0,0.0
moonshot-v1-8k,154058310002,154058310002,131,1.5,0.3333333333333333,1.0,2.0,2.0,1.0,0.0,1.0,0.0
moonshot-v1-8k,266059202002,266059202002,132,1.0,1.3333333333333333,1.0,1.0,1.0,1.0,2.0,0.0,2.0
moonshot-v1-8k,184037201002,184037201002,133,1.0,1.0,1.0,1.0,1.0,1.0,1.0,1.0,1.0
moonshot-v1-8k,211154232001,211154232001,134,1.0,1.6666666666666667,1.0,1.0,1.0,1.0,2.0,1.0,2.0
moonshot-v1-8k,345233228002,345233228002,135,1.5,1.6666666666666667,1.0,2.0,1.0,2.0,2.0,1.0,2.0
moonshot-v1-8k,116006116001,116006116001,136,1.0,0.6666666666666666,1.0,1.0,1.0,1.0,0.0,0.0,2.0
moonshot-v1-8k,266059204001,266059204001,137,1.0,1.3333333333333333,1.0,1.0,1.0,1.0,2.0,1.0,1.0
moonshot-v1-8k,10233105002,10233105002,138,1.0,1.3333333333333333,1.0,1.0,1.0,1.0,1.0,2.0,1.0
moonshot-v1-8k,296081115001,296081115001,141,1.0,0.0,1.0,1.0,1.0,1.0,0.0,0.0,0.0
moonshot-v1-8k,60440124001,60440124001,142,1.0,1.3333333333333333,1.0,1.0,1.0,1.0,2.0,1.0,1.0
moonshot-v1-8k,194037336001,194037336001,143,1.0,1.3333333333333333,1.0,1.0,1.0,1.0,2.0,1.0,1.0
moonshot-v1-8k,202454220001,202454220001,144,1.0,1.3333333333333333,1.0,1.0,1.0,1.0,2.0,1.0,1.0
moonshot-v1-8k,153859111002,153859111002,145,1.0,0.0,1.0,1.0,1.0,1.0,0.0,0.0,0.0
moonshot-v1-8k,14031322002,14031322002,146,1.0,1.0,1.0,1.0,1.0,1.0,2.0,1.0,0.0
moonshot-v1-8k,347763115002,347763115002,147,1.0,0.0,1.0,1.0,1.0,1.0,0.0,0.0,0.0
moonshot-v1-8k,347763302001,347763302001,148,1.0,1.0,1.0,1.0,1.0,1.0,2.0,1.0,0.0
moonshot-v1-8k,261676110002,261676110002,149,1.0,1.3333333333333333,1.0,1.0,1.0,1.0,2.0,1.0,1.0
moonshot-v1-8k,295331315002,295331315002,150,1.0,1.0,1.0,1.0,1.0,1.0,1.0,1.0,1.0
moonshot-v1-8k,175531322002,175531322002,151,1.0,0.3333333333333333,1.0,1.0,1.0,1.0,0.0,0.0,1.0
moonshot-v1-8k,294028325002,294028325002,152,1.0,0.0,1.0,1.0,1.0,1.0,0.0,0.0,0.0
moonshot-v1-8k,244056210002,244056210002,153,1.0,1.0,1.0,1.0,1.0,1.0,0.0,1.0,2.0
moonshot-v1-8k,244056306002,244056306002,154,1.25,,1.0,2.0,1.0,1.0,,,
moonshot-v1-8k,184037216001,184037216001,155,1.25,1.3333333333333333,1.0,1.0,1.0,2.0,2.0,1.0,1.0
moonshot-v1-8k,211176120002,211176120002,156,1.0,1.6666666666666667,1.0,1.0,1.0,1.0,2.0,1.0,2.0
moonshot-v1-8k,154058209001,154058209001,157,1.0,1.0,1.0,1.0,1.0,1.0,1.0,1.0,1.0
moonshot-v1-8k,151156109002,151156109002,158,1.0,1.3333333333333333,1.0,1.0,1.0,1.0,2.0,1.0,1.0
moonshot-v1-8k,288251231001,288251231001,159,2.0,1.6666666666666667,2.0,2.0,2.0,2.0,2.0,1.0,2.0
moonshot-v1-8k,150478113001,150478113001,160,1.0,1.6666666666666667,1.0,1.0,1.0,1.0,2.0,1.0,2.0
moonshot-v1-8k,111154107001,111154107001,161,1.0,1.6666666666666667,1.0,1.0,1.0,1.0,2.0,2.0,1.0
moonshot-v1-8k,14643316002,14643316002,162,1.0,0.3333333333333333,1.0,1.0,1.0,1.0,0.0,1.0,0.0
moonshot-v1-8k,296331123002,296331123002,163,1.0,1.0,1.0,1.0,1.0,1.0,1.0,1.0,1.0
moonshot-v1-8k,134902222002,134902222002,164,1.0,1.0,1.0,1.0,1.0,1.0,2.0,1.0,0.0
moonshot-v1-8k,134902306001,134902306001,165,1.0,1.3333333333333333,1.0,1.0,1.0,1.0,2.0,1.0,1.0
moonshot-v1-8k,321116307002,321116307002,166,1.0,1.0,1.0,1.0,1.0,1.0,1.0,1.0,1.0
moonshot-v1-8k,265359333002,265359333002,167,1.0,1.0,1.0,1.0,1.0,1.0,0.0,1.0,2.0
moonshot-v1-8k,58659336002,58659336002,170,1.0,0.0,1.0,1.0,1.0,1.0,0.0,0.0,0.0
moonshot-v1-8k,174643308001,174643308001,171,1.25,1.3333333333333333,1.0,1.0,1.0,2.0,2.0,1.0,1.0
moonshot-v1-8k,30476203002,30476203002,172,1.0,0.0,1.0,1.0,1.0,1.0,0.0,0.0,0.0
moonshot-v1-8k,161159216001,161159216001,173,1.0,1.0,1.0,1.0,1.0,1.0,2.0,1.0,0.0
moonshot-v1-8k,296081128002,296081128002,174,1.0,1.0,1.0,1.0,1.0,1.0,1.0,1.0,1.0
moonshot-v1-8k,56043123001,56043123001,175,1.0,0.0,1.0,1.0,1.0,1.0,0.0,0.0,0.0
moonshot-v1-8k,334631128001,334631128001,176,1.0,1.3333333333333333,1.0,1.0,1.0,1.0,2.0,1.0,1.0
moonshot-v1-8k,175531212002,175531212002,177,1.0,1.6666666666666667,1.0,1.0,1.0,1.0,2.0,1.0,2.0
moonshot-v1-8k,56302136001,56302136001,178,2.0,1.6666666666666667,2.0,2.0,2.0,2.0,2.0,1.0,2.0
moonshot-v1-8k,134902327001,134902327001,179,1.0,1.3333333333333333,1.0,1.0,1.0,1.0,2.0,1.0,1.0
moonshot-v1-8k,298245316002,298245316002,139,1.0,0.0,1.0,1.0,1.0,1.0,0.0,0.0,0.0
moonshot-v1-8k,296081233002,296081233002,140,1.0,0.0,1.0,1.0,1.0,1.0,0.0,0.0,0.0
moonshot-v1-8k,275559214002,275559214002,168,1.0,1.3333333333333333,1.0,1.0,1.0,1.0,2.0,1.0,1.0
moonshot-v1-8k,104004216002,104004216002,169,1.0,1.3333333333333333,1.0,1.0,1.0,1.0,2.0,1.0,1.0
moonshot-v1-8k,74981218001,74981218001,180,1.0,1.3333333333333333,1.0,1.0,1.0,1.0,2.0,1.0,1.0
moonshot-v1-8k,177402120001,177402120001,181,1.0,0.3333333333333333,1.0,1.0,1.0,1.0,0.0,0.0,1.0
moonshot-v1-8k,154058322001,154058322001,182,1.5,1.3333333333333333,2.0,2.0,1.0,1.0,2.0,1.0,1.0
moonshot-v1-8k,177402135002,177402135002,183,1.0,0.0,1.0,1.0,1.0,1.0,0.0,0.0,0.0
moonshot-v1-8k,151156318001,151156318001,184,1.0,0.0,1.0,1.0,1.0,1.0,0.0,0.0,0.0
moonshot-v1-8k,347763304002,347763304002,185,1.0,1.0,1.0,1.0,1.0,1.0,2.0,0.0,1.0
moonshot-v1-8k,65546132001,65546132001,186,1.0,0.0,1.0,1.0,1.0,1.0,0.0,0.0,0.0
moonshot-v1-8k,296081138001,296081138001,187,1.0,1.0,1.0,1.0,1.0,1.0,1.0,1.0,1.0
moonshot-v1-8k,261676239001,261676239001,205,1.0,0.6666666666666666,1.0,1.0,1.0,1.0,0.0,1.0,1.0
moonshot-v1-8k,78233308001,78233308001,206,2.0,1.3333333333333333,2.0,2.0,2.0,2.0,2.0,1.0,1.0
moonshot-v1-8k,117489210001,117489210001,207,1.0,1.3333333333333333,1.0,1.0,1.0,1.0,2.0,1.0,1.0
moonshot-v1-8k,116006208001,116006208001,208,1.0,1.3333333333333333,1.0,1.0,1.0,1.0,2.0,1.0,1.0
moonshot-v1-8k,122490107002,122490107002,211,1.25,0.6666666666666666,1.0,2.0,1.0,1.0,0.0,1.0,1.0
moonshot-v1-8k,202454119001,202454119001,212,1.0,0.6666666666666666,1.0,1.0,1.0,1.0,1.0,0.0,1.0
moonshot-v1-8k,281104122001,281104122001,213,1.5,1.3333333333333333,2.0,2.0,1.0,1.0,1.0,1.0,2.0
moonshot-v1-8k,60481225001,60481225001,214,1.0,1.3333333333333333,1.0,1.0,1.0,1.0,2.0,1.0,1.0
moonshot-v1-8k,184037316002,184037316002,215,1.0,1.0,1.0,1.0,1.0,1.0,1.0,1.0,1.0
moonshot-v1-8k,134004327001,134004327001,216,1.0,1.0,1.0,1.0,1.0,1.0,1.0,1.0,1.0
moonshot-v1-8k,265359305001,265359305001,228,1.75,1.3333333333333333,2.0,2.0,1.0,2.0,2.0,1.0,1.0
moonshot-v1-8k,162431203001,162431203001,229,1.0,1.3333333333333333,1.0,1.0,1.0,1.0,2.0,1.0,1.0
moonshot-v1-8k,296331223002,296331223002,250,1.0,1.0,1.0,1.0,1.0,1.0,1.0,1.0,1.0
moonshot-v1-8k,320146209002,320146209002,252,1.0,1.0,1.0,1.0,1.0,1.0,1.0,1.0,1.0
moonshot-v1-8k,162431228001,162431228001,191,,1.0,,,,,1.0,1.0,1.0
moonshot-v1-8k,241116116001,241116116001,192,1.0,0.0,1.0,1.0,1.0,1.0,0.0,0.0,0.0
moonshot-v1-8k,321116208002,321116208002,203,1.0,1.0,1.0,1.0,1.0,1.0,1.0,1.0,1.0
moonshot-v1-8k,56059316001,56059316001,218,1.75,1.0,2.0,2.0,1.0,2.0,1.0,1.0,1.0
moonshot-v1-8k,271806309001,271806309001,231,1.5,1.3333333333333333,2.0,2.0,1.0,1.0,2.0,1.0,1.0
moonshot-v1-8k,154058312001,154058312001,238,2.0,0.6666666666666666,2.0,2.0,2.0,2.0,0.0,1.0,1.0
moonshot-v1-8k,54054211001,54054211001,239,1.0,1.3333333333333333,1.0,1.0,1.0,1.0,2.0,1.0,1.0
moonshot-v1-8k,338231228001,338231228001,240,1.0,1.3333333333333333,1.0,1.0,1.0,1.0,2.0,1.0,1.0
moonshot-v1-8k,74981206001,74981206001,243,1.0,1.0,1.0,1.0,1.0,1.0,1.0,1.0,1.0
moonshot-v1-8k,151156309002,151156309002,263,1.5,0.6666666666666666,2.0,2.0,1.0,1.0,0.0,1.0,1.0
moonshot-v1-8k,58202129002,58202129002,290,1.0,1.3333333333333333,1.0,1.0,1.0,1.0,2.0,1.0,1.0
moonshot-v1-8k,281104205001,281104205001,291,1.0,1.3333333333333333,1.0,1.0,1.0,1.0,2.0,1.0,1.0
moonshot-v1-8k,158278218002,158278218002,292,1.25,1.3333333333333333,1.0,2.0,1.0,1.0,1.0,2.0,1.0
moonshot-v1-8k,285502117001,285502117001,293,1.0,1.3333333333333333,1.0,1.0,1.0,1.0,2.0,1.0,1.0
moonshot-v1-8k,108259301002,108259301002,294,1.25,1.0,1.0,2.0,1.0,1.0,1.0,1.0,1.0
moonshot-v1-8k,105381315001,105381315001,295,1.25,1.0,1.0,2.0,1.0,1.0,1.0,1.0,1.0
moonshot-v1-8k,30476138001,30476138001,296,1.0,0.6666666666666666,1.0,1.0,1.0,1.0,0.0,1.0,1.0
moonshot-v1-8k,138202231002,138202231002,300,1.0,1.3333333333333333,1.0,1.0,1.0,1.0,2.0,1.0,1.0
moonshot-v1-8k,65546306002,65546306002,234,1.0,0.6666666666666666,1.0,1.0,1.0,1.0,0.0,1.0,1.0
moonshot-v1-8k,56604114001,56604114001,262,1.0,1.0,1.0,1.0,1.0,1.0,2.0,1.0,0.0
moonshot-v1-8k,151156111001,151156111001,305,1.0,1.3333333333333333,1.0,1.0,1.0,1.0,2.0,1.0,1.0
moonshot-v1-8k,158278204002,158278204002,306,1.0,0.0,1.0,1.0,1.0,1.0,0.0,0.0,0.0
moonshot-v1-8k,347763209001,347763209001,312,1.0,1.0,1.0,1.0,1.0,1.0,1.0,1.0,1.0
