模型名称,ID,标准化ID,sample_pick_order,烦恼类别,主观平均分,客观平均分
deepseek_v4_flash,57457126001,57457126001,1,对身体健康的担忧,1.0,1.3333333333333333
deepseek_v4_flash,75376243001,75376243001,2,无明显生活烦恼,2.0,1.0
deepseek_v4_flash,324078110002,324078110002,3,无法适应新事物或自我价值感下降,2.0,1.6666666666666667
deepseek_v4_flash,175531118001,175531118001,4,无明显生活烦恼,2.5,0.6666666666666666
deepseek_v4_flash,14643113001,14643113001,5,孤独/人际交往缺失,2.5,1.6666666666666667
deepseek_v4_flash,111154127001,111154127001,6,对身体健康的担忧,2.0,1.6666666666666667
deepseek_v4_flash,338231328001,338231328001,7,无明显生活烦恼,2.25,0.6666666666666666
deepseek_v4_flash,51606117001,51606117001,8,对身体健康的担忧,1.0,2.0
deepseek_v4_flash,324045114001,324045114001,9,孤独/人际交往缺失,2.5,2.0
deepseek_v4_flash,18206219002,18206219002,10,无明显生活烦恼,2.0,1.0
deepseek_v4_flash,64604125002,64604125002,11,对身体健康的担忧,1.0,1.3333333333333333
deepseek_v4_flash,161159310001,161159310001,12,无明显生活烦恼,1.5,1.0
deepseek_v4_flash,281104130001,281104130001,13,无明显生活烦恼,1.25,0.6666666666666666
deepseek_v4_flash,134902123001,134902123001,14,孤独/人际交往缺失,2.0,1.6666666666666667
deepseek_v4_flash,122490220001,122490220001,15,家庭关系或陪伴困扰,2.0,2.0
deepseek_v4_flash,56302330002,56302330002,16,无法适应新事物或自我价值感下降,1.25,1.6666666666666667
deepseek_v4_flash,291676308001,291676308001,17,孤独/人际交往缺失,2.0,1.6666666666666667
deepseek_v4_flash,75504213002,75504213002,18,无明显生活烦恼,2.0,1.3333333333333333
deepseek_v4_flash,184037213001,184037213001,19,家庭关系或陪伴困扰,2.0,2.0
deepseek_v4_flash,154058307002,154058307002,20,对身体健康的担忧,2.75,2.0
deepseek_v4_flash,207406312001,207406312001,21,家庭关系或陪伴困扰,1.75,2.0
deepseek_v4_flash,154044202001,154044202001,22,无明显生活烦恼,1.5,1.0
deepseek_v4_flash,266059222001,266059222001,23,无明显生活烦恼,2.0,1.3333333333333333
deepseek_v4_flash,30476124001,30476124001,24,孤独/人际交往缺失,1.5,2.0
deepseek_v4_flash,135559225002,135559225002,25,家庭关系或陪伴困扰,1.5,1.0
deepseek_v4_flash,211176334001,211176334001,26,家庭关系或陪伴困扰,2.0,1.6666666666666667
deepseek_v4_flash,14031307002,14031307002,27,对身体健康的担忧,2.5,2.0
deepseek_v4_flash,280154309002,280154309002,28,对身体健康的担忧,2.0,2.0
deepseek_v4_flash,200104317001,200104317001,29,对身体健康的担忧,2.0,1.0
deepseek_v4_flash,34043224002,34043224002,30,对身体健康的担忧,2.0,1.6666666666666667
deepseek_v4_flash,105102322002,105102322002,31,对身体健康的担忧,1.75,1.0
deepseek_v4_flash,105102306002,105102306002,32,无明显生活烦恼,2.0,0.3333333333333333
deepseek_v4_flash,134902216001,134902216001,33,对身体健康的担忧,2.0,1.3333333333333333
deepseek_v4_flash,211176105002,211176105002,34,家庭关系或陪伴困扰,1.25,1.0
deepseek_v4_flash,241116202002,241116202002,35,对身体健康的担忧,1.25,0.6666666666666666
deepseek_v4_flash,64028317002,64028317002,36,家庭关系或陪伴困扰,2.0,1.3333333333333333
deepseek_v4_flash,64028314002,64028314002,37,家庭关系或陪伴困扰,2.0,1.6666666666666667
deepseek_v4_flash,266306205002,266306205002,38,无明显生活烦恼,1.0,1.0
deepseek_v4_flash,57633243002,57633243002,39,家庭关系或陪伴困扰,1.5,1.6666666666666667
deepseek_v4_flash,202454131002,202454131002,40,家庭关系或陪伴困扰,1.0,1.0
deepseek_v4_flash,153859115002,153859115002,41,无明显生活烦恼,2.0,0.6666666666666666
deepseek_v4_flash,64028310001,64028310001,42,无明显生活烦恼,1.0,1.3333333333333333
deepseek_v4_flash,158278201002,158278201002,43,对身体健康的担忧,2.0,1.6666666666666667
deepseek_v4_flash,150478205001,150478205001,44,家庭关系或陪伴困扰,2.25,1.6666666666666667
deepseek_v4_flash,281104122003,281104122003,45,对身体健康的担忧,1.75,1.6666666666666667
deepseek_v4_flash,110131321002,110131321002,46,无明显生活烦恼,1.5,1.0
deepseek_v4_flash,298245106002,298245106002,47,孤独/人际交往缺失,2.0,1.6666666666666667
deepseek_v4_flash,266059305001,266059305001,48,家庭关系或陪伴困扰,2.0,1.3333333333333333
deepseek_v4_flash,54054110001,54054110001,49,无明显生活烦恼,2.5,1.3333333333333333
deepseek_v4_flash,338231202001,338231202001,50,无明显生活烦恼,2.0,1.3333333333333333
deepseek_v4_flash,10206118001,10206118001,51,对身体健康的担忧,2.0,1.3333333333333333
deepseek_v4_flash,244676309001,244676309001,52,无法适应新事物或自我价值感下降,2.75,2.0
deepseek_v4_flash,10233105002,10233105002,53,对身体健康的担忧,2.25,2.0
deepseek_v4_flash,320146222002,320146222002,54,家庭关系或陪伴困扰,2.0,1.6666666666666667
deepseek_v4_flash,280154108002,280154108002,55,无明显生活烦恼,2.0,0.6666666666666666
deepseek_v4_flash,294099132002,294099132002,56,无明显生活烦恼,1.5,1.3333333333333333
deepseek_v4_flash,151156320002,151156320002,57,对身体健康的担忧,2.0,1.6666666666666667
deepseek_v4_flash,296081302001,296081302001,58,对身体健康的担忧,2.25,1.6666666666666667
deepseek_v4_flash,65546103002,65546103002,59,对身体健康的担忧,2.0,2.0
deepseek_v4_flash,154058321002,154058321002,60,对身体健康的担忧,2.0,1.6666666666666667
deepseek_v4_flash,14051113002,14051113002,61,家庭关系或陪伴困扰,1.25,1.6666666666666667
deepseek_v4_flash,75504205002,75504205002,62,家庭关系或陪伴困扰,2.0,2.0
deepseek_v4_flash,154628117001,154628117001,63,无明显生活烦恼,2.0,2.0
deepseek_v4_flash,162431111003,162431111003,64,无明显生活烦恼,1.75,1.6666666666666667
deepseek_v4_flash,320146132002,320146132002,65,家庭关系或陪伴困扰,2.5,2.0
deepseek_v4_flash,104004221001,104004221001,66,对身体健康的担忧,2.0,1.3333333333333333
deepseek_v4_flash,205304214001,205304214001,67,无明显生活烦恼,1.75,1.3333333333333333
deepseek_v4_flash,204028208001,204028208001,68,无明显生活烦恼,2.0,1.0
deepseek_v4_flash,122490104002,122490104002,69,孤独/人际交往缺失,2.0,2.0
deepseek_v4_flash,30476203001,30476203001,70,无明显生活烦恼,2.0,1.0
deepseek_v4_flash,280154302001,280154302001,71,家庭关系或陪伴困扰,2.0,1.3333333333333333
deepseek_v4_flash,108206101002,108206101002,72,对身体健康的担忧,2.0,2.0
deepseek_v4_flash,56346322001,56346322001,73,对身体健康的担忧,1.0,2.0
deepseek_v4_flash,135559225002,135559225002,74,家庭关系或陪伴困扰,2.5,2.0
deepseek_v4_flash,138202125002,138202125002,75,对身体健康的担忧,2.0,1.6666666666666667
deepseek_v4_flash,60440205001,60440205001,76,对身体健康的担忧,2.0,1.0
deepseek_v4_flash,141154325001,141154325001,77,家庭关系或陪伴困扰,2.5,1.6666666666666667
deepseek_v4_flash,74631307001,74631307001,78,对身体健康的担忧,1.5,1.6666666666666667
deepseek_v4_flash,280154331001,280154331001,79,家庭关系或陪伴困扰,2.0,1.6666666666666667
deepseek_v4_flash,321116113001,321116113001,80,家庭关系或陪伴困扰,2.0,2.0
deepseek_v4_flash,116006312001,116006312001,81,孤独/人际交往缺失,2.0,1.6666666666666667
deepseek_v4_flash,184037219001,184037219001,82,无明显生活烦恼,2.0,1.3333333333333333
deepseek_v4_flash,64033334001,64033334001,83,孤独/人际交往缺失,2.0,2.0
deepseek_v4_flash,150478210001,150478210001,84,无明显生活烦恼,2.0,0.6666666666666666
deepseek_v4_flash,151156311001,151156311001,85,无法适应新事物或自我价值感下降,2.0,1.6666666666666667
deepseek_v4_flash,271806118001,271806118001,86,对身体健康的担忧,2.0,1.0
deepseek_v4_flash,60481225002,60481225002,87,家庭关系或陪伴困扰,2.0,1.3333333333333333
deepseek_v4_flash,141154206002,141154206002,88,对身体健康的担忧,1.75,1.6666666666666667
deepseek_v4_flash,94004111001,94004111001,89,家庭关系或陪伴困扰,2.25,2.0
deepseek_v4_flash,326359105002,326359105002,90,对身体健康的担忧,1.0,1.0
deepseek_v4_flash,202454134001,202454134001,91,对身体健康的担忧,2.0,2.0
deepseek_v4_flash,124099315002,124099315002,92,家庭关系或陪伴困扰,1.5,1.3333333333333333
deepseek_v4_flash,134004112002,134004112002,93,无明显生活烦恼,2.0,1.3333333333333333
deepseek_v4_flash,275559307001,275559307001,94,家庭关系或陪伴困扰,1.75,1.6666666666666667
deepseek_v4_flash,271806130001,271806130001,95,孤独/人际交往缺失,2.75,2.0
deepseek_v4_flash,64028102001,64028102001,96,无明显生活烦恼,2.0,1.3333333333333333
deepseek_v4_flash,281116308001,281116308001,97,无明显生活烦恼,2.25,2.0
deepseek_v4_flash,275559318001,275559318001,98,无明显生活烦恼,2.0,1.6666666666666667
deepseek_v4_flash,65546119001,65546119001,99,对身体健康的担忧,1.75,2.0
deepseek_v4_flash,205304101002,205304101002,100,无法适应新事物或自我价值感下降,2.0,2.0
deepseek_v4_flash,241116332002,241116332002,101,家庭关系或陪伴困扰,2.5,2.0
deepseek_v4_flash,64033129001,64033129001,102,无明显生活烦恼,1.5,0.6666666666666666
deepseek_v4_flash,110131213002,110131213002,103,对身体健康的担忧,1.0,0.0
deepseek_v4_flash,262728314002,262728314002,104,对身体健康的担忧,1.5,1.6666666666666667
deepseek_v4_flash,241116221001,241116221001,105,家庭关系或陪伴困扰,2.5,2.0
deepseek_v4_flash,275559328001,275559328001,106,家庭关系或陪伴困扰,1.75,2.0
deepseek_v4_flash,54054108002,54054108002,107,无明显生活烦恼,3.0,0.0
deepseek_v4_flash,154044310001,154044310001,108,家庭关系或陪伴困扰,2.0,2.0
deepseek_v4_flash,270402209001,270402209001,109,对身体健康的担忧,2.5,2.0
deepseek_v4_flash,58202220001,58202220001,110,对身体健康的担忧,2.0,1.3333333333333333
deepseek_v4_flash,65546218001,65546218001,111,无明显生活烦恼,2.25,1.6666666666666667
deepseek_v4_flash,138202135001,138202135001,112,无明显生活烦恼,2.75,0.6666666666666666
deepseek_v4_flash,112744316002,112744316002,113,家庭关系或陪伴困扰,2.0,2.0
deepseek_v4_flash,74057123001,74057123001,114,无明显生活烦恼,1.5,1.0
deepseek_v4_flash,10206323002,10206323002,115,对身体健康的担忧,2.0,2.0
deepseek_v4_flash,74002116002,74002116002,116,对身体健康的担忧,2.0,1.6666666666666667
deepseek_v4_flash,241116304002,241116304002,117,无明显生活烦恼,2.0,1.0
deepseek_v4_flash,142403341002,142403341002,118,无明显生活烦恼,2.0,1.3333333333333333
deepseek_v4_flash,56604129001,56604129001,119,家庭关系或陪伴困扰,2.0,1.6666666666666667
deepseek_v4_flash,72428222002,72428222002,120,家庭关系或陪伴困扰,2.25,2.0
deepseek_v4_flash,141154304002,141154304002,121,家庭关系或陪伴困扰,2.0,2.0
deepseek_v4_flash,294099231003,294099231003,122,无明显生活烦恼,2.0,0.6666666666666666
deepseek_v4_flash,34043123001,34043123001,123,无明显生活烦恼,2.0,1.3333333333333333
deepseek_v4_flash,274951110001,274951110001,124,无明显生活烦恼,1.5,0.0
deepseek_v4_flash,34676116002,34676116002,125,无明显生活烦恼,1.75,1.0
deepseek_v4_flash,175531321001,175531321001,126,孤独/人际交往缺失,2.0,2.0
deepseek_v4_flash,321131210001,321131210001,127,无明显生活烦恼,1.75,1.0
deepseek_v4_flash,241116320001,241116320001,128,家庭关系或陪伴困扰,2.25,2.0
deepseek_v4_flash,244056227001,244056227001,129,无明显生活烦恼,1.0,0.0
deepseek_v4_flash,74002112001,74002112001,130,无明显生活烦恼,2.0,1.3333333333333333
deepseek_v4_flash,154058310002,154058310002,131,无明显生活烦恼,1.25,1.3333333333333333
deepseek_v4_flash,266059202002,266059202002,132,无明显生活烦恼,2.0,0.3333333333333333
deepseek_v4_flash,184037201002,184037201002,133,家庭关系或陪伴困扰,2.0,1.6666666666666667
deepseek_v4_flash,211154232001,211154232001,134,孤独/人际交往缺失,2.5,2.0
deepseek_v4_flash,345233228002,345233228002,135,孤独/人际交往缺失,2.25,2.0
deepseek_v4_flash,116006116001,116006116001,136,无明显生活烦恼,2.0,0.0
deepseek_v4_flash,266059204001,266059204001,137,无法适应新事物或自我价值感下降,2.0,2.0
deepseek_v4_flash,10233105002,10233105002,138,对身体健康的担忧,1.5,1.6666666666666667
deepseek_v4_flash,298245316002,298245316002,139,无明显生活烦恼,1.5,0.0
deepseek_v4_flash,296081233002,296081233002,140,无明显生活烦恼,2.0,2.0
deepseek_v4_flash,296081115001,296081115001,141,无明显生活烦恼,1.0,1.3333333333333333
deepseek_v4_flash,60440124001,60440124001,142,对身体健康的担忧,3.0,1.6666666666666667
deepseek_v4_flash,194037336001,194037336001,143,对身体健康的担忧,2.0,2.0
deepseek_v4_flash,202454220001,202454220001,144,孤独/人际交往缺失,2.0,2.0
deepseek_v4_flash,153859111002,153859111002,145,无明显生活烦恼,1.75,0.0
deepseek_v4_flash,14031322002,14031322002,146,家庭关系或陪伴困扰,1.5,1.6666666666666667
deepseek_v4_flash,347763115002,347763115002,147,无明显生活烦恼,2.0,0.6666666666666666
deepseek_v4_flash,347763302001,347763302001,148,家庭关系或陪伴困扰,1.75,2.0
deepseek_v4_flash,261676110002,261676110002,149,孤独/人际交往缺失,2.0,2.0
deepseek_v4_flash,295331315002,295331315002,150,无明显生活烦恼,2.25,1.3333333333333333
deepseek_v4_flash,175531322002,175531322002,151,无明显生活烦恼,2.75,0.6666666666666666
deepseek_v4_flash,294028325002,294028325002,152,无明显生活烦恼,2.0,1.6666666666666667
deepseek_v4_flash,244056210002,244056210002,153,无明显生活烦恼,1.0,1.0
deepseek_v4_flash,244056306002,244056306002,154,无法适应新事物或自我价值感下降,1.25,1.6666666666666667
deepseek_v4_flash,184037216001,184037216001,155,对身体健康的担忧,2.0,1.3333333333333333
deepseek_v4_flash,211176120002,211176120002,156,孤独/人际交往缺失,2.0,2.0
deepseek_v4_flash,154058209001,154058209001,157,无明显生活烦恼,2.0,1.3333333333333333
deepseek_v4_flash,151156109002,151156109002,158,家庭关系或陪伴困扰,2.0,1.6666666666666667
deepseek_v4_flash,288251231001,288251231001,159,对身体健康的担忧,2.0,1.6666666666666667
deepseek_v4_flash,150478113001,150478113001,160,孤独/人际交往缺失,1.75,2.0
deepseek_v4_flash,111154107001,111154107001,161,无明显生活烦恼,2.0,0.3333333333333333
deepseek_v4_flash,14643316002,14643316002,162,对身体健康的担忧,1.75,2.0
deepseek_v4_flash,296331123002,296331123002,163,对身体健康的担忧,2.5,2.0
deepseek_v4_flash,134902222002,134902222002,164,家庭关系或陪伴困扰,2.0,2.0
deepseek_v4_flash,134902306001,134902306001,165,无明显生活烦恼,2.0,1.3333333333333333
deepseek_v4_flash,321116307002,321116307002,166,对身体健康的担忧,2.25,2.0
deepseek_v4_flash,265359333002,265359333002,167,无明显生活烦恼,2.75,1.0
deepseek_v4_flash,275559214002,275559214002,168,孤独/人际交往缺失,2.0,2.0
deepseek_v4_flash,104004216002,104004216002,169,家庭关系或陪伴困扰,3.0,2.0
deepseek_v4_flash,58659336002,58659336002,170,无明显生活烦恼,1.0,1.0
deepseek_v4_flash,174643308001,174643308001,171,孤独/人际交往缺失,2.0,1.3333333333333333
deepseek_v4_flash,30476203002,30476203002,172,无明显生活烦恼,2.0,1.3333333333333333
deepseek_v4_flash,161159216001,161159216001,173,孤独/人际交往缺失,2.25,1.6666666666666667
deepseek_v4_flash,296081128002,296081128002,174,家庭关系或陪伴困扰,2.5,2.0
deepseek_v4_flash,56043123001,56043123001,175,无明显生活烦恼,1.0,1.3333333333333333
deepseek_v4_flash,334631128001,334631128001,176,对身体健康的担忧,2.0,1.3333333333333333
deepseek_v4_flash,175531212002,175531212002,177,无明显生活烦恼,2.75,1.0
deepseek_v4_flash,56302136001,56302136001,178,家庭关系或陪伴困扰,2.0,2.0
deepseek_v4_flash,134902327001,134902327001,179,孤独/人际交往缺失,2.5,2.0
deepseek_v4_flash,74981218001,74981218001,180,对身体健康的担忧,1.0,0.6666666666666666
deepseek_v4_flash,177402120001,177402120001,181,无明显生活烦恼,2.0,1.0
deepseek_v4_flash,154058322001,154058322001,182,家庭关系或陪伴困扰,2.0,2.0
deepseek_v4_flash,177402135002,177402135002,183,无明显生活烦恼,2.0,0.0
deepseek_v4_flash,151156318001,151156318001,184,无明显生活烦恼,2.0,1.6666666666666667
deepseek_v4_flash,347763304002,347763304002,185,无明显生活烦恼,2.25,1.3333333333333333
deepseek_v4_flash,65546132001,65546132001,186,无明显生活烦恼,2.0,1.3333333333333333
deepseek_v4_flash,296081138001,296081138001,187,无明显生活烦恼,2.0,2.0
deepseek_v4_flash,57633117002,57633117002,188,无明显生活烦恼,1.75,1.3333333333333333
deepseek_v4_flash,296006201002,296006201002,189,无明显生活烦恼,2.25,0.0
deepseek_v4_flash,112744211002,112744211002,190,无明显生活烦恼,2.75,1.0
deepseek_v4_flash,162431228001,162431228001,191,家庭关系或陪伴困扰,2.0,2.0
deepseek_v4_flash,241116116001,241116116001,192,无明显生活烦恼,2.0,0.6666666666666666
deepseek_v4_flash,168231321002,168231321002,193,无明显生活烦恼,1.75,1.3333333333333333
deepseek_v4_flash,330131314001,330131314001,194,无明显生活烦恼,1.75,1.3333333333333333
deepseek_v4_flash,64604310002,64604310002,195,无明显生活烦恼,2.0,1.3333333333333333
deepseek_v4_flash,324078327001,324078327001,196,家庭关系或陪伴困扰,2.0,2.0
deepseek_v4_flash,241116129001,241116129001,197,无明显生活烦恼,2.0,1.6666666666666667
deepseek_v4_flash,324045138002,324045138002,198,无明显生活烦恼,2.0,1.0
deepseek_v4_flash,175531317002,175531317002,199,无明显生活烦恼,2.0,0.6666666666666666
deepseek_v4_flash,297439202001,297439202001,200,孤独/人际交往缺失,2.0,2.0
deepseek_v4_flash,330102318002,330102318002,201,孤独/人际交往缺失,2.0,2.0
deepseek_v4_flash,296081128001,296081128001,202,孤独/人际交往缺失,2.0,2.0
deepseek_v4_flash,321116208002,321116208002,203,无明显生活烦恼,3.0,0.6666666666666666
deepseek_v4_flash,321659309002,321659309002,204,家庭关系或陪伴困扰,1.25,2.0
deepseek_v4_flash,261676239001,261676239001,205,无明显生活烦恼,2.0,0.6666666666666666
deepseek_v4_flash,78233308001,78233308001,206,对身体健康的担忧,1.0,0.6666666666666666
deepseek_v4_flash,117489210001,117489210001,207,无明显生活烦恼,1.0,0.0
deepseek_v4_flash,116006208001,116006208001,208,对身体健康的担忧,1.0,1.6666666666666667
deepseek_v4_flash,110131308002,110131308002,209,无明显生活烦恼,2.0,1.3333333333333333
deepseek_v4_flash,204906235001,204906235001,210,对身体健康的担忧,1.25,1.0
deepseek_v4_flash,122490107002,122490107002,211,对身体健康的担忧,2.25,2.0
deepseek_v4_flash,202454119001,202454119001,212,对身体健康的担忧,1.0,0.6666666666666666
deepseek_v4_flash,281104122001,281104122001,213,家庭关系或陪伴困扰,1.0,2.0
deepseek_v4_flash,60481225001,60481225001,214,对身体健康的担忧,1.0,2.0
deepseek_v4_flash,184037316002,184037316002,215,家庭关系或陪伴困扰,1.5,2.0
deepseek_v4_flash,134004327001,134004327001,216,无法适应新事物或自我价值感下降,2.0,2.0
deepseek_v4_flash,326346326002,326346326002,217,对身体健康的担忧,2.0,2.0
deepseek_v4_flash,56059316001,56059316001,218,对身体健康的担忧,1.0,1.3333333333333333
deepseek_v4_flash,158278316001,158278316001,219,对身体健康的担忧,1.0,2.0
deepseek_v4_flash,324681112001,324681112001,220,对身体健康的担忧,,2.0
deepseek_v4_flash,10451307002,10451307002,221,无明显生活烦恼,,1.3333333333333333
deepseek_v4_flash,111154234001,111154234001,222,无明显生活烦恼,,1.0
deepseek_v4_flash,122490332001,122490332001,223,家庭关系或陪伴困扰,1.0,2.0
deepseek_v4_flash,262728314002,262728314002,224,对身体健康的担忧,1.0,1.0
deepseek_v4_flash,57457105001,57457105001,225,无明显生活烦恼,1.0,0.3333333333333333
deepseek_v4_flash,184037118001,184037118001,226,无明显生活烦恼,,0.3333333333333333
deepseek_v4_flash,294099321001,294099321001,227,无明显生活烦恼,1.5,1.0
deepseek_v4_flash,265359305001,265359305001,228,对身体健康的担忧,1.0,1.3333333333333333
deepseek_v4_flash,162431203001,162431203001,229,孤独/人际交往缺失,1.0,2.0
deepseek_v4_pro,57457126001,57457126001,1,对身体健康的担忧,1.75,1.3333333333333333
deepseek_v4_pro,75376243001,75376243001,2,无明显生活烦恼,1.0,0.0
deepseek_v4_pro,324078110002,324078110002,3,无法适应新事物或自我价值感下降,1.0,2.0
deepseek_v4_pro,175531118001,175531118001,4,无明显生活烦恼,2.0,1.0
deepseek_v4_pro,14643113001,14643113001,5,孤独/人际交往缺失,2.0,2.0
deepseek_v4_pro,111154127001,111154127001,6,对身体健康的担忧,2.0,2.0
deepseek_v4_pro,338231328001,338231328001,7,无明显生活烦恼,2.5,0.6666666666666666
deepseek_v4_pro,51606117001,51606117001,8,对身体健康的担忧,3.0,2.0
deepseek_v4_pro,324045114001,324045114001,9,孤独/人际交往缺失,1.25,2.0
deepseek_v4_pro,18206219002,18206219002,10,无明显生活烦恼,3.0,1.3333333333333333
deepseek_v4_pro,64604125002,64604125002,11,对身体健康的担忧,1.25,0.0
deepseek_v4_pro,161159310001,161159310001,12,无明显生活烦恼,2.0,1.0
deepseek_v4_pro,281104130001,281104130001,13,无明显生活烦恼,2.5,0.0
deepseek_v4_pro,134902123001,134902123001,14,孤独/人际交往缺失,1.0,2.0
deepseek_v4_pro,122490220001,122490220001,15,家庭关系或陪伴困扰,2.0,1.3333333333333333
deepseek_v4_pro,56302330002,56302330002,16,无法适应新事物或自我价值感下降,2.0,1.6666666666666667
deepseek_v4_pro,291676308001,291676308001,17,孤独/人际交往缺失,2.0,2.0
deepseek_v4_pro,75504213002,75504213002,18,无明显生活烦恼,2.0,1.3333333333333333
deepseek_v4_pro,184037213001,184037213001,19,家庭关系或陪伴困扰,2.0,2.0
deepseek_v4_pro,154058307002,154058307002,20,对身体健康的担忧,2.5,1.6666666666666667
deepseek_v4_pro,207406312001,207406312001,21,家庭关系或陪伴困扰,1.5,1.6666666666666667
deepseek_v4_pro,154044202001,154044202001,22,无明显生活烦恼,1.5,1.0
deepseek_v4_pro,266059222001,266059222001,23,无明显生活烦恼,1.0,0.3333333333333333
deepseek_v4_pro,30476124001,30476124001,24,孤独/人际交往缺失,2.0,2.0
deepseek_v4_pro,135559225002,135559225002,25,家庭关系或陪伴困扰,1.25,1.6666666666666667
deepseek_v4_pro,211176334001,211176334001,26,家庭关系或陪伴困扰,1.0,1.6666666666666667
deepseek_v4_pro,14031307002,14031307002,27,对身体健康的担忧,2.0,2.0
deepseek_v4_pro,280154309002,280154309002,28,对身体健康的担忧,3.0,1.3333333333333333
deepseek_v4_pro,200104317001,200104317001,29,对身体健康的担忧,2.75,2.0
deepseek_v4_pro,34043224002,34043224002,30,对身体健康的担忧,1.5,1.0
deepseek_v4_pro,105102322002,105102322002,31,对身体健康的担忧,1.25,1.0
deepseek_v4_pro,105102306002,105102306002,32,无明显生活烦恼,2.25,0.6666666666666666
deepseek_v4_pro,134902216001,134902216001,33,对身体健康的担忧,1.75,2.0
deepseek_v4_pro,211176105002,211176105002,34,家庭关系或陪伴困扰,2.25,1.6666666666666667
deepseek_v4_pro,241116202002,241116202002,35,对身体健康的担忧,2.0,1.3333333333333333
deepseek_v4_pro,64028317002,64028317002,36,家庭关系或陪伴困扰,2.0,2.0
deepseek_v4_pro,64028314002,64028314002,37,家庭关系或陪伴困扰,2.25,2.0
deepseek_v4_pro,266306205002,266306205002,38,无明显生活烦恼,2.0,0.0
deepseek_v4_pro,57633243002,57633243002,39,家庭关系或陪伴困扰,2.0,1.6666666666666667
deepseek_v4_pro,202454131002,202454131002,40,家庭关系或陪伴困扰,2.0,1.6666666666666667
deepseek_v4_pro,153859115002,153859115002,41,无明显生活烦恼,1.0,
deepseek_v4_pro,64028310001,64028310001,42,无明显生活烦恼,1.0,1.0
deepseek_v4_pro,158278201002,158278201002,43,对身体健康的担忧,1.75,2.0
deepseek_v4_pro,150478205001,150478205001,44,家庭关系或陪伴困扰,2.0,1.6666666666666667
deepseek_v4_pro,281104122003,281104122003,45,对身体健康的担忧,2.75,2.0
deepseek_v4_pro,110131321002,110131321002,46,无明显生活烦恼,2.5,1.0
deepseek_v4_pro,298245106002,298245106002,47,孤独/人际交往缺失,2.25,1.6666666666666667
deepseek_v4_pro,266059305001,266059305001,48,家庭关系或陪伴困扰,2.0,1.3333333333333333
deepseek_v4_pro,54054110001,54054110001,49,无明显生活烦恼,1.25,1.3333333333333333
deepseek_v4_pro,338231202001,338231202001,50,无明显生活烦恼,1.75,1.3333333333333333
deepseek_v4_pro,10206118001,10206118001,51,对身体健康的担忧,2.25,1.6666666666666667
deepseek_v4_pro,244676309001,244676309001,52,无法适应新事物或自我价值感下降,2.0,2.0
deepseek_v4_pro,10233105002,10233105002,53,对身体健康的担忧,2.0,2.0
deepseek_v4_pro,320146222002,320146222002,54,家庭关系或陪伴困扰,2.0,2.0
deepseek_v4_pro,280154108002,280154108002,55,无明显生活烦恼,2.25,0.3333333333333333
deepseek_v4_pro,294099132002,294099132002,56,无明显生活烦恼,3.0,0.0
deepseek_v4_pro,151156320002,151156320002,57,对身体健康的担忧,1.0,2.0
deepseek_v4_pro,296081302001,296081302001,58,对身体健康的担忧,2.75,1.6666666666666667
deepseek_v4_pro,104004221001,104004221001,66,对身体健康的担忧,2.0,2.0
deepseek_v4_pro,205304214001,205304214001,67,无明显生活烦恼,1.25,0.0
deepseek_v4_pro,204028208001,204028208001,68,无明显生活烦恼,2.25,1.0
deepseek_v4_pro,122490104002,122490104002,69,孤独/人际交往缺失,3.0,2.0
deepseek_v4_pro,30476203001,30476203001,70,无明显生活烦恼,2.0,0.0
deepseek_v4_pro,280154302001,280154302001,71,家庭关系或陪伴困扰,1.25,1.0
deepseek_v4_pro,108206101002,108206101002,72,对身体健康的担忧,1.0,2.0
deepseek_v4_pro,56346322001,56346322001,73,对身体健康的担忧,2.0,2.0
deepseek_v4_pro,135559225002,135559225002,74,家庭关系或陪伴困扰,1.0,1.6666666666666667
deepseek_v4_pro,138202125002,138202125002,75,对身体健康的担忧,1.0,1.3333333333333333
deepseek_v4_pro,60440205001,60440205001,76,对身体健康的担忧,2.0,2.0
deepseek_v4_pro,141154325001,141154325001,77,家庭关系或陪伴困扰,2.75,2.0
deepseek_v4_pro,74631307001,74631307001,78,对身体健康的担忧,1.0,1.3333333333333333
deepseek_v4_pro,280154331001,280154331001,79,家庭关系或陪伴困扰,2.0,2.0
deepseek_v4_pro,321116113001,321116113001,80,家庭关系或陪伴困扰,1.0,1.6666666666666667
deepseek_v4_pro,116006312001,116006312001,81,孤独/人际交往缺失,2.0,1.6666666666666667
deepseek_v4_pro,184037219001,184037219001,82,无明显生活烦恼,1.5,1.3333333333333333
deepseek_v4_pro,64033334001,64033334001,83,孤独/人际交往缺失,1.75,2.0
deepseek_v4_pro,65546103002,65546103002,59,对身体健康的担忧,1.0,2.0
deepseek_v4_pro,154058321002,154058321002,60,对身体健康的担忧,1.25,2.0
deepseek_v4_pro,14051113002,14051113002,61,家庭关系或陪伴困扰,1.75,1.6666666666666667
deepseek_v4_pro,75504205002,75504205002,62,家庭关系或陪伴困扰,1.0,1.6666666666666667
deepseek_v4_pro,154628117001,154628117001,63,无明显生活烦恼,2.0,1.3333333333333333
deepseek_v4_pro,162431111003,162431111003,64,无明显生活烦恼,2.0,1.3333333333333333
deepseek_v4_pro,320146132002,320146132002,65,家庭关系或陪伴困扰,1.0,1.6666666666666667
deepseek_v4_pro,150478210001,150478210001,84,无明显生活烦恼,1.75,0.0
deepseek_v4_pro,151156311001,151156311001,85,无法适应新事物或自我价值感下降,2.0,2.0
deepseek_v4_pro,271806118001,271806118001,86,对身体健康的担忧,2.0,1.6666666666666667
deepseek_v4_pro,60481225002,60481225002,87,家庭关系或陪伴困扰,2.25,1.6666666666666667
deepseek_v4_pro,141154206002,141154206002,88,对身体健康的担忧,2.75,2.0
deepseek_v4_pro,94004111001,94004111001,89,家庭关系或陪伴困扰,2.0,2.0
deepseek_v4_pro,326359105002,326359105002,90,对身体健康的担忧,1.0,0.3333333333333333
deepseek_v4_pro,202454134001,202454134001,91,对身体健康的担忧,2.5,1.6666666666666667
deepseek_v4_pro,124099315002,124099315002,92,家庭关系或陪伴困扰,2.25,1.3333333333333333
deepseek_v4_pro,134004112002,134004112002,93,无明显生活烦恼,2.25,1.3333333333333333
deepseek_v4_pro,275559307001,275559307001,94,家庭关系或陪伴困扰,1.5,2.0
deepseek_v4_pro,271806130001,271806130001,95,孤独/人际交往缺失,2.0,1.6666666666666667
deepseek_v4_pro,64028102001,64028102001,96,无明显生活烦恼,2.0,0.6666666666666666
deepseek_v4_pro,281116308001,281116308001,97,无明显生活烦恼,2.25,1.3333333333333333
deepseek_v4_pro,275559318001,275559318001,98,无明显生活烦恼,1.0,1.0
deepseek_v4_pro,65546119001,65546119001,99,对身体健康的担忧,2.0,1.3333333333333333
deepseek_v4_pro,205304101002,205304101002,100,无法适应新事物或自我价值感下降,2.75,1.6666666666666667
deepseek_v4_pro,241116332002,241116332002,101,家庭关系或陪伴困扰,2.5,2.0
deepseek_v4_pro,64033129001,64033129001,102,无明显生活烦恼,1.25,0.6666666666666666
deepseek_v4_pro,110131213002,110131213002,103,对身体健康的担忧,2.25,1.0
deepseek_v4_pro,262728314002,262728314002,104,对身体健康的担忧,1.25,2.0
deepseek_v4_pro,241116221001,241116221001,105,家庭关系或陪伴困扰,3.0,2.0
deepseek_v4_pro,275559328001,275559328001,106,家庭关系或陪伴困扰,1.0,1.6666666666666667
deepseek_v4_pro,54054108002,54054108002,107,无明显生活烦恼,2.25,0.0
deepseek_v4_pro,154044310001,154044310001,108,家庭关系或陪伴困扰,2.5,1.0
deepseek_v4_pro,270402209001,270402209001,109,对身体健康的担忧,2.25,0.6666666666666666
deepseek_v4_pro,58202220001,58202220001,110,对身体健康的担忧,2.5,1.0
deepseek_v4_pro,65546218001,65546218001,111,无明显生活烦恼,1.25,1.3333333333333333
deepseek_v4_pro,138202135001,138202135001,112,无明显生活烦恼,2.5,1.0
deepseek_v4_pro,112744316002,112744316002,113,家庭关系或陪伴困扰,1.25,2.0
deepseek_v4_pro,74057123001,74057123001,114,无明显生活烦恼,3.0,0.6666666666666666
deepseek_v4_pro,10206323002,10206323002,115,对身体健康的担忧,1.0,1.0
deepseek_v4_pro,241116304002,241116304002,117,无明显生活烦恼,2.0,1.3333333333333333
deepseek_v4_pro,142403341002,142403341002,118,无明显生活烦恼,1.0,1.0
deepseek_v4_pro,56604129001,56604129001,119,家庭关系或陪伴困扰,3.0,2.0
deepseek_v4_pro,72428222002,72428222002,120,家庭关系或陪伴困扰,2.0,2.0
deepseek_v4_pro,141154304002,141154304002,121,家庭关系或陪伴困扰,1.75,2.0
deepseek_v4_pro,294099231003,294099231003,122,无明显生活烦恼,1.0,0.3333333333333333
deepseek_v4_pro,34043123001,34043123001,123,无明显生活烦恼,2.0,0.0
deepseek_v4_pro,274951110001,274951110001,124,无明显生活烦恼,3.0,0.3333333333333333
deepseek_v4_pro,34676116002,34676116002,125,无明显生活烦恼,2.0,1.3333333333333333
deepseek_v4_pro,175531321001,175531321001,126,孤独/人际交往缺失,3.0,2.0
deepseek_v4_pro,321131210001,321131210001,127,无明显生活烦恼,2.0,0.0
deepseek_v4_pro,241116320001,241116320001,128,家庭关系或陪伴困扰,1.75,2.0
deepseek_v4_pro,244056227001,244056227001,129,无明显生活烦恼,1.0,0.3333333333333333
deepseek_v4_pro,74002112001,74002112001,130,无明显生活烦恼,2.25,1.3333333333333333
deepseek_v4_pro,154058310002,154058310002,131,无明显生活烦恼,1.75,1.3333333333333333
deepseek_v4_pro,266059202002,266059202002,132,无明显生活烦恼,1.25,1.3333333333333333
deepseek_v4_pro,184037201002,184037201002,133,家庭关系或陪伴困扰,1.25,2.0
deepseek_v4_pro,211154232001,211154232001,134,孤独/人际交往缺失,2.0,2.0
deepseek_v4_pro,345233228002,345233228002,135,孤独/人际交往缺失,2.5,2.0
deepseek_v4_pro,116006116001,116006116001,136,无明显生活烦恼,2.0,2.0
deepseek_v4_pro,266059204001,266059204001,137,无法适应新事物或自我价值感下降,1.25,2.0
deepseek_v4_pro,10233105002,10233105002,138,对身体健康的担忧,1.0,1.6666666666666667
deepseek_v4_pro,298245316002,298245316002,139,无明显生活烦恼,1.0,0.0
deepseek_v4_pro,296081233002,296081233002,140,无明显生活烦恼,2.0,1.3333333333333333
deepseek_v4_pro,296081115001,296081115001,141,无明显生活烦恼,1.0,0.6666666666666666
deepseek_v4_pro,60440124001,60440124001,142,对身体健康的担忧,2.0,1.3333333333333333
deepseek_v4_pro,194037336001,194037336001,143,对身体健康的担忧,2.0,1.0
deepseek_v4_pro,202454220001,202454220001,144,孤独/人际交往缺失,1.75,2.0
deepseek_v4_pro,153859111002,153859111002,145,无明显生活烦恼,1.75,0.6666666666666666
deepseek_v4_pro,14031322002,14031322002,146,家庭关系或陪伴困扰,1.25,1.6666666666666667
deepseek_v4_pro,347763115002,347763115002,147,无明显生活烦恼,1.0,1.3333333333333333
deepseek_v4_pro,347763302001,347763302001,148,家庭关系或陪伴困扰,2.5,2.0
deepseek_v4_pro,261676110002,261676110002,149,孤独/人际交往缺失,1.5,2.0
deepseek_v4_pro,295331315002,295331315002,150,无明显生活烦恼,1.5,2.0
deepseek_v4_pro,175531322002,175531322002,151,无明显生活烦恼,2.0,0.6666666666666666
deepseek_v4_pro,74002116002,74002116002,116,对身体健康的担忧,1.0,0.6666666666666666
deepseek_v4_pro,294028325002,294028325002,152,无明显生活烦恼,2.0,0.6666666666666666
deepseek_v4_pro,244056210002,244056210002,153,无明显生活烦恼,1.0,1.6666666666666667
deepseek_v4_pro,244056306002,244056306002,154,无法适应新事物或自我价值感下降,1.0,2.0
deepseek_v4_pro,184037216001,184037216001,155,对身体健康的担忧,1.0,2.0
deepseek_v4_pro,211176120002,211176120002,156,孤独/人际交往缺失,1.25,2.0
deepseek_v4_pro,154058209001,154058209001,157,无明显生活烦恼,2.0,0.6666666666666666
deepseek_v4_pro,151156109002,151156109002,158,家庭关系或陪伴困扰,2.0,1.3333333333333333
deepseek_v4_pro,288251231001,288251231001,159,对身体健康的担忧,2.25,2.0
deepseek_v4_pro,150478113001,150478113001,160,孤独/人际交往缺失,1.75,2.0
deepseek_v4_pro,111154107001,111154107001,161,无明显生活烦恼,2.25,1.0
deepseek_v4_pro,14643316002,14643316002,162,对身体健康的担忧,1.25,1.3333333333333333
deepseek_v4_pro,296331123002,296331123002,163,对身体健康的担忧,2.0,2.0
deepseek_v4_pro,134902222002,134902222002,164,家庭关系或陪伴困扰,1.0,1.0
deepseek_v4_pro,134902306001,134902306001,165,无明显生活烦恼,2.0,0.6666666666666666
deepseek_v4_pro,321116307002,321116307002,166,对身体健康的担忧,1.75,2.0
deepseek_v4_pro,265359333002,265359333002,167,无明显生活烦恼,1.0,1.0
deepseek_v4_pro,275559214002,275559214002,168,孤独/人际交往缺失,1.25,1.0
deepseek_v4_pro,104004216002,104004216002,169,家庭关系或陪伴困扰,1.75,1.6666666666666667
deepseek_v4_pro,58659336002,58659336002,170,无明显生活烦恼,2.0,1.3333333333333333
deepseek_v4_pro,174643308001,174643308001,171,孤独/人际交往缺失,2.0,2.0
deepseek_v4_pro,294099321001,294099321001,227,无明显生活烦恼,3.0,1.3333333333333333
deepseek_v4_pro,265359305001,265359305001,228,对身体健康的担忧,2.0,0.3333333333333333
deepseek_v4_pro,30476203002,30476203002,172,无明显生活烦恼,2.0,1.3333333333333333
deepseek_v4_pro,56043123001,56043123001,175,无明显生活烦恼,2.0,1.3333333333333333
deepseek_v4_pro,334631128001,334631128001,176,对身体健康的担忧,2.0,1.3333333333333333
deepseek_v4_pro,175531212002,175531212002,177,无明显生活烦恼,2.25,0.6666666666666666
deepseek_v4_pro,56302136001,56302136001,178,家庭关系或陪伴困扰,2.0,2.0
deepseek_v4_pro,134902327001,134902327001,179,孤独/人际交往缺失,2.0,1.6666666666666667
deepseek_v4_pro,74981218001,74981218001,180,对身体健康的担忧,2.0,1.0
deepseek_v4_pro,177402120001,177402120001,181,无明显生活烦恼,2.0,1.0
deepseek_v4_pro,154058322001,154058322001,182,家庭关系或陪伴困扰,2.0,1.6666666666666667
deepseek_v4_pro,177402135002,177402135002,183,无明显生活烦恼,1.5,0.6666666666666666
deepseek_v4_pro,151156318001,151156318001,184,无明显生活烦恼,2.0,1.0
deepseek_v4_pro,347763304002,347763304002,185,无明显生活烦恼,2.0,
deepseek_v4_pro,65546132001,65546132001,186,无明显生活烦恼,2.0,2.0
deepseek_v4_pro,296081138001,296081138001,187,无明显生活烦恼,3.0,1.0
deepseek_v4_pro,57633117002,57633117002,188,无明显生活烦恼,2.25,0.3333333333333333
deepseek_v4_pro,296006201002,296006201002,189,无明显生活烦恼,2.0,1.3333333333333333
deepseek_v4_pro,112744211002,112744211002,190,无明显生活烦恼,2.75,1.3333333333333333
deepseek_v4_pro,162431228001,162431228001,191,家庭关系或陪伴困扰,2.0,2.0
deepseek_v4_pro,241116116001,241116116001,192,无明显生活烦恼,2.0,1.0
deepseek_v4_pro,168231321002,168231321002,193,无明显生活烦恼,2.0,1.3333333333333333
deepseek_v4_pro,330131314001,330131314001,194,无明显生活烦恼,2.0,1.3333333333333333
deepseek_v4_pro,64604310002,64604310002,195,无明显生活烦恼,2.0,0.6666666666666666
deepseek_v4_pro,324078327001,324078327001,196,家庭关系或陪伴困扰,2.0,2.0
deepseek_v4_pro,241116129001,241116129001,197,无明显生活烦恼,2.0,1.3333333333333333
deepseek_v4_pro,324045138002,324045138002,198,无明显生活烦恼,3.0,1.3333333333333333
deepseek_v4_pro,175531317002,175531317002,199,无明显生活烦恼,2.0,1.0
deepseek_v4_pro,297439202001,297439202001,200,孤独/人际交往缺失,2.0,1.6666666666666667
deepseek_v4_pro,330102318002,330102318002,201,孤独/人际交往缺失,2.0,1.6666666666666667
deepseek_v4_pro,296081128001,296081128001,202,孤独/人际交往缺失,2.0,2.0
deepseek_v4_pro,321116208002,321116208002,203,无明显生活烦恼,2.75,1.0
deepseek_v4_pro,321659309002,321659309002,204,家庭关系或陪伴困扰,1.75,
deepseek_v4_pro,261676239001,261676239001,205,无明显生活烦恼,1.75,1.6666666666666667
deepseek_v4_pro,78233308001,78233308001,206,对身体健康的担忧,2.0,2.0
deepseek_v4_pro,117489210001,117489210001,207,无明显生活烦恼,1.75,1.0
deepseek_v4_pro,116006208001,116006208001,208,对身体健康的担忧,2.0,1.0
deepseek_v4_pro,110131308002,110131308002,209,无明显生活烦恼,2.0,2.0
deepseek_v4_pro,204906235001,204906235001,210,对身体健康的担忧,2.25,1.6666666666666667
deepseek_v4_pro,122490107002,122490107002,211,对身体健康的担忧,1.5,1.6666666666666667
deepseek_v4_pro,202454119001,202454119001,212,对身体健康的担忧,2.0,2.0
deepseek_v4_pro,281104122001,281104122001,213,家庭关系或陪伴困扰,2.0,2.0
deepseek_v4_pro,60481225001,60481225001,214,对身体健康的担忧,2.0,2.0
deepseek_v4_pro,184037316002,184037316002,215,家庭关系或陪伴困扰,2.5,2.0
deepseek_v4_pro,134004327001,134004327001,216,无法适应新事物或自我价值感下降,2.5,2.0
deepseek_v4_pro,326346326002,326346326002,217,对身体健康的担忧,2.25,2.0
deepseek_v4_pro,56059316001,56059316001,218,对身体健康的担忧,2.0,2.0
deepseek_v4_pro,158278316001,158278316001,219,对身体健康的担忧,2.0,2.0
deepseek_v4_pro,324681112001,324681112001,220,对身体健康的担忧,1.75,1.3333333333333333
deepseek_v4_pro,10451307002,10451307002,221,无明显生活烦恼,2.0,0.6666666666666666
deepseek_v4_pro,111154234001,111154234001,222,无明显生活烦恼,2.0,0.6666666666666666
deepseek_v4_pro,122490332001,122490332001,223,家庭关系或陪伴困扰,2.0,2.0
deepseek_v4_pro,262728314002,262728314002,224,对身体健康的担忧,2.75,2.0
deepseek_v4_pro,57457105001,57457105001,225,无明显生活烦恼,2.0,0.3333333333333333
deepseek_v4_pro,184037118001,184037118001,226,无明显生活烦恼,2.0,
deepseek_v4_pro,162431203001,162431203001,229,孤独/人际交往缺失,2.0,2.0
deepseek_v4_pro,10104310001,10104310001,230,孤独/人际交往缺失,2.0,2.0
deepseek_v4_pro,271806309001,271806309001,231,对身体健康的担忧,2.0,1.3333333333333333
deepseek_v4_pro,154676127001,154676127001,232,无明显生活烦恼,1.75,1.3333333333333333
deepseek_v4_pro,265576234002,265576234002,233,对身体健康的担忧,3.0,2.0
deepseek_v4_pro,65546306002,65546306002,234,对身体健康的担忧,2.0,2.0
deepseek_v4_pro,334002302001,334002302001,235,无明显生活烦恼,2.0,0.6666666666666666
deepseek_v4_pro,271806301002,271806301002,236,对身体健康的担忧,2.75,2.0
deepseek_v4_pro,14643121001,14643121001,237,对身体健康的担忧,2.5,1.6666666666666667
deepseek_v4_pro,154058312001,154058312001,238,无明显生活烦恼,3.0,1.3333333333333333
deepseek_v4_pro,54054211001,54054211001,239,无法适应新事物或自我价值感下降,2.25,2.0
deepseek_v4_pro,338231228001,338231228001,240,对身体健康的担忧,2.5,1.6666666666666667
deepseek_v4_pro,330102222003,330102222003,241,无明显生活烦恼,2.0,1.3333333333333333
deepseek_v4_pro,274951108001,274951108001,242,家庭关系或陪伴困扰,2.0,2.0
deepseek_v4_pro,74981206001,74981206001,243,家庭关系或陪伴困扰,1.75,2.0
deepseek_v4_pro,154044136002,154044136002,244,无明显生活烦恼,2.5,0.6666666666666666
deepseek_v4_pro,134902229001,134902229001,245,无法适应新事物或自我价值感下降,1.5,2.0
deepseek_v4_pro,74004305001,74004305001,246,孤独/人际交往缺失,2.0,2.0
deepseek_v4_pro,296006236002,296006236002,247,无明显生活烦恼,2.0,0.6666666666666666
deepseek_v4_pro,64604120001,64604120001,248,孤独/人际交往缺失,2.5,2.0
deepseek_v4_pro,292458229001,292458229001,249,无明显生活烦恼,2.0,1.3333333333333333
deepseek_v4_pro,296331223002,296331223002,250,对身体健康的担忧,2.0,1.6666666666666667
deepseek_v4_pro,104004124001,104004124001,251,无明显生活烦恼,2.0,0.6666666666666666
deepseek_v4_pro,320146209002,320146209002,252,对身体健康的担忧,2.25,2.0
deepseek_v4_pro,58202217002,58202217002,253,家庭关系或陪伴困扰,2.0,2.0
deepseek_v4_pro,56043320001,56043320001,254,无明显生活烦恼,2.0,1.3333333333333333
deepseek_v4_pro,34676202001,34676202001,255,无法适应新事物或自我价值感下降,2.0,2.0
deepseek_v4_pro,151156304001,151156304001,256,对身体健康的担忧,2.75,2.0
deepseek_v4_pro,105381333002,105381333002,257,无明显生活烦恼,2.0,0.3333333333333333
deepseek_v4_pro,194037120001,194037120001,258,对身体健康的担忧,3.0,2.0
deepseek_v4_pro,154676113001,154676113001,259,无明显生活烦恼,2.75,2.0
deepseek_v4_pro,166006327001,166006327001,260,家庭关系或陪伴困扰,2.0,1.3333333333333333
deepseek_v4_pro,105102207001,105102207001,261,对身体健康的担忧,1.75,2.0
deepseek_v4_pro,56604114001,56604114001,262,家庭关系或陪伴困扰,2.0,2.0
deepseek_v4_pro,151156309002,151156309002,263,无明显生活烦恼,2.0,1.3333333333333333
deepseek_v4_pro,321131217001,321131217001,264,无明显生活烦恼,2.5,1.3333333333333333
deepseek_v4_pro,202454324002,202454324002,265,对身体健康的担忧,1.75,1.0
deepseek_v4_pro,288251116001,288251116001,266,无明显生活烦恼,2.25,0.6666666666666666
deepseek_v4_pro,94004216001,94004216001,267,家庭关系或陪伴困扰,2.75,2.0
deepseek_v4_pro,54054234001,54054234001,268,对身体健康的担忧,1.75,1.6666666666666667
deepseek_v4_pro,275559211001,275559211001,269,对身体健康的担忧,2.0,1.6666666666666667
deepseek_v4_pro,244604211001,244604211001,270,无明显生活烦恼,2.5,0.6666666666666666
deepseek_v4_pro,117489216001,117489216001,271,无明显生活烦恼,2.0,1.0
deepseek_v4_pro,184037317001,184037317001,272,对身体健康的担忧,2.0,2.0
deepseek_v4_pro,151156304002,151156304002,273,无明显生活烦恼,2.0,1.0
deepseek_v4_pro,330102216002,330102216002,274,无明显生活烦恼,2.0,1.3333333333333333
deepseek_v4_pro,54249319001,54249319001,275,对身体健康的担忧,2.0,2.0
deepseek_v4_pro,280154119002,280154119002,276,对身体健康的担忧,2.0,2.0
deepseek_v4_pro,74631115001,74631115001,277,家庭关系或陪伴困扰,2.0,1.6666666666666667
deepseek_v4_pro,268606121002,268606121002,278,无法适应新事物或自我价值感下降,2.0,1.3333333333333333
deepseek_v4_pro,274951126001,274951126001,279,对身体健康的担忧,2.0,2.0
deepseek_v4_pro,205304104002,205304104002,280,家庭关系或陪伴困扰,2.75,2.0
deepseek_v4_pro,75504303001,75504303001,281,无明显生活烦恼,2.0,1.3333333333333333
deepseek_v4_pro,111154102002,111154102002,282,无明显生活烦恼,2.5,0.3333333333333333
deepseek_v4_pro,334631301002,334631301002,283,无明显生活烦恼,2.0,1.0
deepseek_v4_pro,295331110001,295331110001,284,对身体健康的担忧,2.0,1.6666666666666667
deepseek_v4_pro,14643125002,14643125002,285,家庭关系或陪伴困扰,1.0,1.3333333333333333
deepseek_v4_pro,151156304002,151156304002,286,无明显生活烦恼,2.0,0.6666666666666666
deepseek_v4_pro,56059309001,56059309001,287,孤独/人际交往缺失,1.25,2.0
deepseek_v4_pro,330131304001,330131304001,288,家庭关系或陪伴困扰,2.25,2.0
deepseek_v4_pro,10451225001,10451225001,289,孤独/人际交往缺失,1.25,1.3333333333333333
deepseek_v4_pro,58202129002,58202129002,290,孤独/人际交往缺失,2.0,1.6666666666666667
deepseek_v4_pro,281104205001,281104205001,291,对身体健康的担忧,2.0,2.0
deepseek_v4_pro,158278218002,158278218002,292,无明显生活烦恼,2.0,1.0
deepseek_v4_pro,285502117001,285502117001,293,家庭关系或陪伴困扰,2.75,2.0
deepseek_v4_pro,108259301002,108259301002,294,对身体健康的担忧,2.0,2.0
deepseek_v4_pro,105381315001,105381315001,295,家庭关系或陪伴困扰,2.0,2.0
deepseek_v4_pro,30476138001,30476138001,296,无明显生活烦恼,2.5,1.3333333333333333
deepseek_v4_pro,160104117002,160104117002,297,无明显生活烦恼,1.75,0.6666666666666666
deepseek_v4_pro,285502212002,285502212002,298,无明显生活烦恼,2.0,0.3333333333333333
deepseek_v4_pro,108259307002,108259307002,299,对身体健康的担忧,2.0,2.0
deepseek_v4_pro,138202231002,138202231002,300,对身体健康的担忧,1.75,2.0
deepseek_v4_pro,205304101002,205304101002,301,无法适应新事物或自我价值感下降,2.0,2.0
deepseek_v4_pro,345233328002,345233328002,302,无明显生活烦恼,2.5,1.0
deepseek_v4_pro,330131305002,330131305002,303,无明显生活烦恼,2.5,1.3333333333333333
deepseek_v4_pro,324681330001,324681330001,304,对身体健康的担忧,2.5,0.6666666666666666
deepseek_v4_pro,151156111001,151156111001,305,无明显生活烦恼,2.25,1.3333333333333333
deepseek_v4_pro,158278204002,158278204002,306,无明显生活烦恼,2.0,0.6666666666666666
deepseek_v4_pro,108259326001,108259326001,307,对身体健康的担忧,2.0,2.0
deepseek_v4_pro,324681217002,324681217002,308,对身体健康的担忧,1.5,1.0
deepseek_v4_pro,154628304003,154628304003,309,无明显生活烦恼,2.75,1.0
deepseek_v4_pro,154628208001,154628208001,310,无明显生活烦恼,2.75,0.0
deepseek_v4_pro,34043303001,34043303001,311,无明显生活烦恼,,1.3333333333333333
deepseek_v4_pro,347763209001,347763209001,312,家庭关系或陪伴困扰,2.0,2.0
deepseek_v4_pro,14051211001,14051211001,313,孤独/人际交往缺失,2.5,2.0
deepseek_v4_pro,202454131001,202454131001,314,家庭关系或陪伴困扰,2.0,1.6666666666666667
deepseek_v4_pro,154044315002,154044315002,315,无明显生活烦恼,1.0,0.6666666666666666
deepseek_v4_pro,204906310002,204906310002,316,无明显生活烦恼,1.0,1.3333333333333333
deepseek_v4_pro,124099317001,124099317001,317,孤独/人际交往缺失,1.0,2.0
deepseek_v4_pro,151156318001,151156318001,318,无明显生活烦恼,2.0,1.0
deepseek_v4_pro,10206206003,10206206003,319,对身体健康的担忧,1.0,2.0
deepseek_v4_pro,155676204001,155676204001,320,对身体健康的担忧,2.0,2.0
deepseek_v4_pro,288251228002,288251228002,321,孤独/人际交往缺失,2.0,2.0
deepseek_v4_pro,324045101002,324045101002,322,无明显生活烦恼,1.0,1.0
deepseek_v4_pro,65546111001,65546111001,323,家庭关系或陪伴困扰,1.0,1.3333333333333333
doubao-seed-2-0-lite-260428,57457126001,57457126001,1,对身体健康的担忧,2.25,1.3333333333333333
doubao-seed-2-0-lite-260428,75376243001,75376243001,2,无明显生活烦恼,1.0,0.0
doubao-seed-2-0-lite-260428,324078110002,324078110002,3,无法适应新事物或自我价值感下降,2.0,1.6666666666666667
doubao-seed-2-0-lite-260428,175531118001,175531118001,4,无明显生活烦恼,2.0,1.0
doubao-seed-2-0-lite-260428,14643113001,14643113001,5,孤独/人际交往缺失,1.75,1.6666666666666667
doubao-seed-2-0-lite-260428,111154127001,111154127001,6,对身体健康的担忧,1.5,2.0
doubao-seed-2-0-lite-260428,338231328001,338231328001,7,无明显生活烦恼,2.0,1.0
doubao-seed-2-0-lite-260428,51606117001,51606117001,8,对身体健康的担忧,1.0,2.0
doubao-seed-2-0-lite-260428,324045114001,324045114001,9,孤独/人际交往缺失,1.75,2.0
doubao-seed-2-0-lite-260428,18206219002,18206219002,10,无明显生活烦恼,2.25,1.0
doubao-seed-2-0-lite-260428,64604125002,64604125002,11,对身体健康的担忧,1.0,1.6666666666666667
doubao-seed-2-0-lite-260428,161159310001,161159310001,12,无明显生活烦恼,2.0,1.3333333333333333
doubao-seed-2-0-lite-260428,281104130001,281104130001,13,无明显生活烦恼,1.25,1.0
doubao-seed-2-0-lite-260428,134902123001,134902123001,14,孤独/人际交往缺失,1.0,1.6666666666666667
doubao-seed-2-0-lite-260428,122490220001,122490220001,15,家庭关系或陪伴困扰,1.5,1.6666666666666667
doubao-seed-2-0-lite-260428,56302330002,56302330002,16,无法适应新事物或自我价值感下降,1.75,1.6666666666666667
doubao-seed-2-0-lite-260428,291676308001,291676308001,17,孤独/人际交往缺失,2.0,1.6666666666666667
doubao-seed-2-0-lite-260428,266059222001,266059222001,23,无明显生活烦恼,1.75,1.0
doubao-seed-2-0-lite-260428,30476124001,30476124001,24,孤独/人际交往缺失,1.0,1.6666666666666667
doubao-seed-2-0-lite-260428,135559225002,135559225002,25,家庭关系或陪伴困扰,1.0,1.6666666666666667
doubao-seed-2-0-lite-260428,211176334001,211176334001,26,家庭关系或陪伴困扰,1.75,0.6666666666666666
doubao-seed-2-0-lite-260428,14031307002,14031307002,27,对身体健康的担忧,1.25,2.0
doubao-seed-2-0-lite-260428,280154309002,280154309002,28,对身体健康的担忧,2.75,1.3333333333333333
doubao-seed-2-0-lite-260428,200104317001,200104317001,29,对身体健康的担忧,1.0,2.0
doubao-seed-2-0-lite-260428,34043224002,34043224002,30,对身体健康的担忧,2.75,1.3333333333333333
doubao-seed-2-0-lite-260428,105102322002,105102322002,31,对身体健康的担忧,2.5,2.0
doubao-seed-2-0-lite-260428,105102306002,105102306002,32,无明显生活烦恼,1.5,1.3333333333333333
doubao-seed-2-0-lite-260428,134902216001,134902216001,33,对身体健康的担忧,2.5,1.6666666666666667
doubao-seed-2-0-lite-260428,211176105002,211176105002,34,家庭关系或陪伴困扰,2.0,1.3333333333333333
doubao-seed-2-0-lite-260428,241116202002,241116202002,35,对身体健康的担忧,2.75,2.0
doubao-seed-2-0-lite-260428,64028317002,64028317002,36,家庭关系或陪伴困扰,1.5,2.0
doubao-seed-2-0-lite-260428,64028314002,64028314002,37,家庭关系或陪伴困扰,1.0,2.0
doubao-seed-2-0-lite-260428,75504213002,75504213002,18,无明显生活烦恼,1.0,1.0
doubao-seed-2-0-lite-260428,184037213001,184037213001,19,家庭关系或陪伴困扰,1.5,2.0
doubao-seed-2-0-lite-260428,154058307002,154058307002,20,对身体健康的担忧,1.0,1.6666666666666667
doubao-seed-2-0-lite-260428,207406312001,207406312001,21,家庭关系或陪伴困扰,1.0,1.6666666666666667
doubao-seed-2-0-lite-260428,154044202001,154044202001,22,无明显生活烦恼,2.0,0.6666666666666666
doubao-seed-2-0-lite-260428,266306205002,266306205002,38,无明显生活烦恼,1.0,0.6666666666666666
doubao-seed-2-0-lite-260428,57633243002,57633243002,39,家庭关系或陪伴困扰,2.25,1.3333333333333333
doubao-seed-2-0-lite-260428,202454131002,202454131002,40,家庭关系或陪伴困扰,2.0,1.0
doubao-seed-2-0-lite-260428,153859115002,153859115002,41,无明显生活烦恼,1.0,1.0
doubao-seed-2-0-lite-260428,64028310001,64028310001,42,无明显生活烦恼,1.75,1.3333333333333333
doubao-seed-2-0-lite-260428,158278201002,158278201002,43,对身体健康的担忧,2.0,1.6666666666666667
doubao-seed-2-0-lite-260428,150478205001,150478205001,44,家庭关系或陪伴困扰,2.0,1.6666666666666667
doubao-seed-2-0-lite-260428,281104122003,281104122003,45,对身体健康的担忧,2.0,1.3333333333333333
doubao-seed-2-0-lite-260428,110131321002,110131321002,46,无明显生活烦恼,2.75,0.6666666666666666
doubao-seed-2-0-lite-260428,298245106002,298245106002,47,孤独/人际交往缺失,1.0,1.6666666666666667
doubao-seed-2-0-lite-260428,266059305001,266059305001,48,家庭关系或陪伴困扰,1.75,1.6666666666666667
doubao-seed-2-0-lite-260428,54054110001,54054110001,49,无明显生活烦恼,1.0,1.3333333333333333
doubao-seed-2-0-lite-260428,338231202001,338231202001,50,无明显生活烦恼,1.0,1.6666666666666667
doubao-seed-2-0-lite-260428,10206118001,10206118001,51,对身体健康的担忧,2.5,1.3333333333333333
doubao-seed-2-0-lite-260428,244676309001,244676309001,52,无法适应新事物或自我价值感下降,2.75,2.0
doubao-seed-2-0-lite-260428,10233105002,10233105002,53,对身体健康的担忧,1.0,1.6666666666666667
doubao-seed-2-0-lite-260428,320146222002,320146222002,54,家庭关系或陪伴困扰,2.0,2.0
doubao-seed-2-0-lite-260428,280154108002,280154108002,55,无明显生活烦恼,1.25,0.3333333333333333
doubao-seed-2-0-lite-260428,294099132002,294099132002,56,无明显生活烦恼,1.0,0.6666666666666666
doubao-seed-2-0-lite-260428,151156320002,151156320002,57,对身体健康的担忧,2.25,2.0
doubao-seed-2-0-lite-260428,296081302001,296081302001,58,对身体健康的担忧,1.5,1.6666666666666667
doubao-seed-2-0-lite-260428,65546103002,65546103002,59,对身体健康的担忧,1.25,2.0
doubao-seed-2-0-lite-260428,154058321002,154058321002,60,对身体健康的担忧,2.0,2.0
doubao-seed-2-0-lite-260428,14051113002,14051113002,61,家庭关系或陪伴困扰,1.0,1.6666666666666667
doubao-seed-2-0-lite-260428,135559225002,135559225002,74,家庭关系或陪伴困扰,1.5,0.6666666666666666
doubao-seed-2-0-lite-260428,138202125002,138202125002,75,对身体健康的担忧,1.75,1.3333333333333333
doubao-seed-2-0-lite-260428,60440205001,60440205001,76,对身体健康的担忧,2.25,2.0
doubao-seed-2-0-lite-260428,141154325001,141154325001,77,家庭关系或陪伴困扰,1.0,1.6666666666666667
doubao-seed-2-0-lite-260428,75504205002,75504205002,62,家庭关系或陪伴困扰,1.75,1.6666666666666667
doubao-seed-2-0-lite-260428,154628117001,154628117001,63,无明显生活烦恼,1.5,1.0
doubao-seed-2-0-lite-260428,162431111003,162431111003,64,无明显生活烦恼,1.0,1.0
doubao-seed-2-0-lite-260428,320146132002,320146132002,65,家庭关系或陪伴困扰,2.0,1.6666666666666667
doubao-seed-2-0-lite-260428,104004221001,104004221001,66,对身体健康的担忧,1.25,1.6666666666666667
doubao-seed-2-0-lite-260428,205304214001,205304214001,67,无明显生活烦恼,1.0,1.3333333333333333
doubao-seed-2-0-lite-260428,204028208001,204028208001,68,无明显生活烦恼,1.0,1.3333333333333333
doubao-seed-2-0-lite-260428,122490104002,122490104002,69,孤独/人际交往缺失,2.5,1.6666666666666667
doubao-seed-2-0-lite-260428,30476203001,30476203001,70,无明显生活烦恼,1.0,1.3333333333333333
doubao-seed-2-0-lite-260428,280154302001,280154302001,71,家庭关系或陪伴困扰,1.0,2.0
doubao-seed-2-0-lite-260428,108206101002,108206101002,72,对身体健康的担忧,1.0,2.0
doubao-seed-2-0-lite-260428,56346322001,56346322001,73,对身体健康的担忧,1.5,2.0
doubao-seed-2-0-lite-260428,74631307001,74631307001,78,对身体健康的担忧,2.25,2.0
doubao-seed-2-0-lite-260428,280154331001,280154331001,79,家庭关系或陪伴困扰,1.0,2.0
doubao-seed-2-0-lite-260428,321116113001,321116113001,80,家庭关系或陪伴困扰,2.0,1.6666666666666667
doubao-seed-2-0-lite-260428,116006312001,116006312001,81,孤独/人际交往缺失,1.0,1.6666666666666667
doubao-seed-2-0-lite-260428,184037219001,184037219001,82,无明显生活烦恼,1.0,2.0
doubao-seed-2-0-lite-260428,64033334001,64033334001,83,孤独/人际交往缺失,2.0,1.6666666666666667
doubao-seed-2-0-lite-260428,150478210001,150478210001,84,无明显生活烦恼,1.5,1.3333333333333333
doubao-seed-2-0-lite-260428,151156311001,151156311001,85,无法适应新事物或自我价值感下降,1.5,1.6666666666666667
doubao-seed-2-0-lite-260428,271806118001,271806118001,86,对身体健康的担忧,1.5,2.0
doubao-seed-2-0-lite-260428,60481225002,60481225002,87,家庭关系或陪伴困扰,1.0,1.6666666666666667
doubao-seed-2-0-lite-260428,141154206002,141154206002,88,对身体健康的担忧,1.25,2.0
doubao-seed-2-0-lite-260428,94004111001,94004111001,89,家庭关系或陪伴困扰,1.5,2.0
doubao-seed-2-0-lite-260428,326359105002,326359105002,90,对身体健康的担忧,1.0,1.0
doubao-seed-2-0-lite-260428,202454134001,202454134001,91,对身体健康的担忧,1.0,2.0
doubao-seed-2-0-lite-260428,124099315002,124099315002,92,家庭关系或陪伴困扰,1.0,1.6666666666666667
doubao-seed-2-0-lite-260428,134004112002,134004112002,93,无明显生活烦恼,2.25,0.6666666666666666
doubao-seed-2-0-lite-260428,275559307001,275559307001,94,家庭关系或陪伴困扰,1.0,1.6666666666666667
doubao-seed-2-0-lite-260428,271806130001,271806130001,95,孤独/人际交往缺失,1.25,2.0
doubao-seed-2-0-lite-260428,64028102001,64028102001,96,无明显生活烦恼,2.0,0.6666666666666666
doubao-seed-2-0-lite-260428,281116308001,281116308001,97,无明显生活烦恼,1.0,1.3333333333333333
doubao-seed-2-0-lite-260428,275559318001,275559318001,98,无明显生活烦恼,2.0,1.3333333333333333
doubao-seed-2-0-lite-260428,65546119001,65546119001,99,对身体健康的担忧,2.0,2.0
doubao-seed-2-0-lite-260428,205304101002,205304101002,100,无法适应新事物或自我价值感下降,2.75,2.0
doubao-seed-2-0-lite-260428,241116332002,241116332002,101,家庭关系或陪伴困扰,1.0,2.0
doubao-seed-2-0-lite-260428,64033129001,64033129001,102,无明显生活烦恼,1.0,0.0
doubao-seed-2-0-lite-260428,110131213002,110131213002,103,对身体健康的担忧,1.0,1.3333333333333333
doubao-seed-2-0-lite-260428,262728314002,262728314002,104,对身体健康的担忧,2.0,2.0
doubao-seed-2-0-lite-260428,241116221001,241116221001,105,家庭关系或陪伴困扰,2.25,1.6666666666666667
doubao-seed-2-0-lite-260428,275559328001,275559328001,106,家庭关系或陪伴困扰,1.25,2.0
doubao-seed-2-0-lite-260428,54054108002,54054108002,107,无明显生活烦恼,1.25,0.6666666666666666
doubao-seed-2-0-lite-260428,154044310001,154044310001,108,家庭关系或陪伴困扰,2.0,2.0
doubao-seed-2-0-lite-260428,270402209001,270402209001,109,对身体健康的担忧,1.0,1.6666666666666667
doubao-seed-2-0-lite-260428,58202220001,58202220001,110,对身体健康的担忧,2.5,1.0
doubao-seed-2-0-lite-260428,65546218001,65546218001,111,无明显生活烦恼,1.0,1.3333333333333333
doubao-seed-2-0-lite-260428,138202135001,138202135001,112,无明显生活烦恼,1.0,1.3333333333333333
doubao-seed-2-0-lite-260428,112744316002,112744316002,113,家庭关系或陪伴困扰,2.5,1.6666666666666667
doubao-seed-2-0-lite-260428,74057123001,74057123001,114,无明显生活烦恼,1.25,1.6666666666666667
doubao-seed-2-0-lite-260428,10206323002,10206323002,115,对身体健康的担忧,1.75,1.6666666666666667
doubao-seed-2-0-lite-260428,74002116002,74002116002,116,对身体健康的担忧,3.0,2.0
doubao-seed-2-0-lite-260428,241116304002,241116304002,117,无明显生活烦恼,1.0,1.0
doubao-seed-2-0-lite-260428,142403341002,142403341002,118,无明显生活烦恼,1.0,0.6666666666666666
doubao-seed-2-0-lite-260428,56604129001,56604129001,119,家庭关系或陪伴困扰,1.0,1.0
doubao-seed-2-0-lite-260428,72428222002,72428222002,120,家庭关系或陪伴困扰,2.25,1.6666666666666667
doubao-seed-2-0-lite-260428,141154304002,141154304002,121,家庭关系或陪伴困扰,1.0,2.0
doubao-seed-2-0-lite-260428,294099231003,294099231003,122,无明显生活烦恼,1.25,0.6666666666666666
doubao-seed-2-0-lite-260428,34043123001,34043123001,123,无明显生活烦恼,1.5,0.6666666666666666
doubao-seed-2-0-lite-260428,274951110001,274951110001,124,无明显生活烦恼,2.75,0.3333333333333333
doubao-seed-2-0-lite-260428,34676116002,34676116002,125,无明显生活烦恼,1.25,0.6666666666666666
doubao-seed-2-0-lite-260428,175531321001,175531321001,126,孤独/人际交往缺失,1.0,1.6666666666666667
doubao-seed-2-0-lite-260428,321131210001,321131210001,127,无明显生活烦恼,2.75,1.0
doubao-seed-2-0-lite-260428,241116320001,241116320001,128,家庭关系或陪伴困扰,2.0,1.6666666666666667
doubao-seed-2-0-lite-260428,244056227001,244056227001,129,无明显生活烦恼,1.25,1.6666666666666667
doubao-seed-2-0-lite-260428,74002112001,74002112001,130,无明显生活烦恼,3.0,1.0
doubao-seed-2-0-lite-260428,154058310002,154058310002,131,无明显生活烦恼,2.25,1.0
doubao-seed-2-0-lite-260428,266059202002,266059202002,132,无明显生活烦恼,1.5,1.3333333333333333
doubao-seed-2-0-lite-260428,184037201002,184037201002,133,家庭关系或陪伴困扰,1.75,1.6666666666666667
doubao-seed-2-0-lite-260428,211154232001,211154232001,134,孤独/人际交往缺失,1.75,1.6666666666666667
doubao-seed-2-0-lite-260428,345233228002,345233228002,135,孤独/人际交往缺失,1.0,2.0
doubao-seed-2-0-lite-260428,116006116001,116006116001,136,无明显生活烦恼,2.0,0.6666666666666666
doubao-seed-2-0-lite-260428,266059204001,266059204001,137,无法适应新事物或自我价值感下降,1.25,2.0
doubao-seed-2-0-lite-260428,10233105002,10233105002,138,对身体健康的担忧,2.0,1.6666666666666667
doubao-seed-2-0-lite-260428,298245316002,298245316002,139,无明显生活烦恼,2.0,0.6666666666666666
doubao-seed-2-0-lite-260428,14643316002,14643316002,162,对身体健康的担忧,1.5,2.0
doubao-seed-2-0-lite-260428,296081233002,296081233002,140,无明显生活烦恼,2.0,0.6666666666666666
doubao-seed-2-0-lite-260428,296081115001,296081115001,141,无明显生活烦恼,1.5,1.3333333333333333
doubao-seed-2-0-lite-260428,60440124001,60440124001,142,对身体健康的担忧,2.75,1.3333333333333333
doubao-seed-2-0-lite-260428,194037336001,194037336001,143,对身体健康的担忧,1.0,1.3333333333333333
doubao-seed-2-0-lite-260428,202454220001,202454220001,144,孤独/人际交往缺失,2.0,2.0
doubao-seed-2-0-lite-260428,153859111002,153859111002,145,无明显生活烦恼,2.25,1.3333333333333333
doubao-seed-2-0-lite-260428,14031322002,14031322002,146,家庭关系或陪伴困扰,1.25,1.6666666666666667
doubao-seed-2-0-lite-260428,347763115002,347763115002,147,无明显生活烦恼,1.0,1.3333333333333333
doubao-seed-2-0-lite-260428,347763302001,347763302001,148,家庭关系或陪伴困扰,1.0,1.0
doubao-seed-2-0-lite-260428,261676110002,261676110002,149,孤独/人际交往缺失,1.25,1.6666666666666667
doubao-seed-2-0-lite-260428,295331315002,295331315002,150,无明显生活烦恼,1.75,1.0
doubao-seed-2-0-lite-260428,175531322002,175531322002,151,无明显生活烦恼,1.0,1.0
doubao-seed-2-0-lite-260428,294028325002,294028325002,152,无明显生活烦恼,1.0,0.3333333333333333
doubao-seed-2-0-lite-260428,244056210002,244056210002,153,无明显生活烦恼,2.25,1.0
doubao-seed-2-0-lite-260428,244056306002,244056306002,154,无法适应新事物或自我价值感下降,1.0,1.6666666666666667
doubao-seed-2-0-lite-260428,184037216001,184037216001,155,对身体健康的担忧,2.0,1.3333333333333333
doubao-seed-2-0-lite-260428,211176120002,211176120002,156,孤独/人际交往缺失,2.0,1.6666666666666667
doubao-seed-2-0-lite-260428,154058209001,154058209001,157,无明显生活烦恼,1.25,0.6666666666666666
doubao-seed-2-0-lite-260428,151156109002,151156109002,158,家庭关系或陪伴困扰,1.25,1.6666666666666667
doubao-seed-2-0-lite-260428,288251231001,288251231001,159,对身体健康的担忧,1.0,1.6666666666666667
doubao-seed-2-0-lite-260428,150478113001,150478113001,160,孤独/人际交往缺失,2.5,2.0
doubao-seed-2-0-lite-260428,111154107001,111154107001,161,无明显生活烦恼,1.25,1.3333333333333333
doubao-seed-2-0-lite-260428,296331123002,296331123002,163,对身体健康的担忧,2.75,2.0
doubao-seed-2-0-lite-260428,134902222002,134902222002,164,家庭关系或陪伴困扰,1.0,1.3333333333333333
doubao-seed-2-0-lite-260428,134902306001,134902306001,165,无明显生活烦恼,1.0,1.3333333333333333
doubao-seed-2-0-lite-260428,321116307002,321116307002,166,对身体健康的担忧,1.75,1.3333333333333333
doubao-seed-2-0-lite-260428,265359333002,265359333002,167,无明显生活烦恼,1.25,1.0
doubao-seed-2-0-lite-260428,275559214002,275559214002,168,孤独/人际交往缺失,2.5,1.6666666666666667
doubao-seed-2-0-lite-260428,104004216002,104004216002,169,家庭关系或陪伴困扰,1.0,2.0
doubao-seed-2-0-lite-260428,58659336002,58659336002,170,无明显生活烦恼,1.5,1.3333333333333333
doubao-seed-2-0-lite-260428,174643308001,174643308001,171,孤独/人际交往缺失,1.75,2.0
doubao-seed-2-0-lite-260428,30476203002,30476203002,172,无明显生活烦恼,1.0,1.3333333333333333
doubao-seed-2-0-lite-260428,161159216001,161159216001,173,孤独/人际交往缺失,1.0,1.3333333333333333
doubao-seed-2-0-lite-260428,296081128002,296081128002,174,家庭关系或陪伴困扰,2.25,
doubao-seed-2-0-lite-260428,56043123001,56043123001,175,无明显生活烦恼,1.0,0.0
doubao-seed-2-0-lite-260428,334631128001,334631128001,176,对身体健康的担忧,2.0,1.0
doubao-seed-2-0-lite-260428,175531212002,175531212002,177,无明显生活烦恼,2.25,0.0
doubao-seed-2-0-lite-260428,56302136001,56302136001,178,家庭关系或陪伴困扰,1.0,2.0
doubao-seed-2-0-lite-260428,134902327001,134902327001,179,孤独/人际交往缺失,1.0,1.6666666666666667
doubao-seed-2-0-lite-260428,74981218001,74981218001,180,对身体健康的担忧,1.25,1.6666666666666667
doubao-seed-2-0-lite-260428,177402120001,177402120001,181,无明显生活烦恼,1.25,1.6666666666666667
doubao-seed-2-0-lite-260428,154058322001,154058322001,182,家庭关系或陪伴困扰,1.25,2.0
doubao-seed-2-0-lite-260428,177402135002,177402135002,183,无明显生活烦恼,1.75,0.3333333333333333
doubao-seed-2-0-lite-260428,151156318001,151156318001,184,无明显生活烦恼,2.0,1.0
doubao-seed-2-0-lite-260428,347763304002,347763304002,185,无明显生活烦恼,1.75,0.6666666666666666
doubao-seed-2-0-lite-260428,65546132001,65546132001,186,无明显生活烦恼,1.5,0.6666666666666666
doubao-seed-2-0-lite-260428,296081138001,296081138001,187,无明显生活烦恼,1.75,1.0
doubao-seed-2-0-lite-260428,57633117002,57633117002,188,无明显生活烦恼,1.0,1.0
doubao-seed-2-0-lite-260428,296006201002,296006201002,189,无明显生活烦恼,2.75,1.0
doubao-seed-2-0-lite-260428,112744211002,112744211002,190,无明显生活烦恼,1.25,2.0
doubao-seed-2-0-lite-260428,162431228001,162431228001,191,家庭关系或陪伴困扰,2.5,1.6666666666666667
doubao-seed-2-0-lite-260428,241116116001,241116116001,192,无明显生活烦恼,2.0,1.3333333333333333
doubao-seed-2-0-lite-260428,168231321002,168231321002,193,无明显生活烦恼,1.0,1.0
doubao-seed-2-0-lite-260428,330131314001,330131314001,194,无明显生活烦恼,1.0,1.3333333333333333
doubao-seed-2-0-lite-260428,64604310002,64604310002,195,无明显生活烦恼,1.0,1.6666666666666667
doubao-seed-2-0-lite-260428,324078327001,324078327001,196,家庭关系或陪伴困扰,2.0,1.6666666666666667
doubao-seed-2-0-lite-260428,241116129001,241116129001,197,无明显生活烦恼,1.0,1.0
doubao-seed-2-0-lite-260428,324045138002,324045138002,198,无明显生活烦恼,1.0,1.0
doubao-seed-2-0-lite-260428,175531317002,175531317002,199,无明显生活烦恼,1.0,1.0
doubao-seed-2-0-lite-260428,297439202001,297439202001,200,孤独/人际交往缺失,1.0,1.6666666666666667
doubao-seed-2-0-lite-260428,330102318002,330102318002,201,孤独/人际交往缺失,2.0,1.6666666666666667
doubao-seed-2-0-lite-260428,296081128001,296081128001,202,孤独/人际交往缺失,1.0,2.0
doubao-seed-2-0-lite-260428,321116208002,321116208002,203,无明显生活烦恼,2.5,1.0
doubao-seed-2-0-lite-260428,321659309002,321659309002,204,家庭关系或陪伴困扰,1.5,1.6666666666666667
doubao-seed-2-0-lite-260428,261676239001,261676239001,205,无明显生活烦恼,1.5,0.6666666666666666
doubao-seed-2-0-lite-260428,78233308001,78233308001,206,对身体健康的担忧,1.0,2.0
doubao-seed-2-0-lite-260428,117489210001,117489210001,207,无明显生活烦恼,2.0,0.6666666666666666
doubao-seed-2-0-lite-260428,116006208001,116006208001,208,对身体健康的担忧,2.5,1.6666666666666667
doubao-seed-2-0-lite-260428,110131308002,110131308002,209,无明显生活烦恼,1.5,1.3333333333333333
doubao-seed-2-0-lite-260428,204906235001,204906235001,210,对身体健康的担忧,1.0,1.3333333333333333
doubao-seed-2-0-lite-260428,122490107002,122490107002,211,对身体健康的担忧,1.0,2.0
doubao-seed-2-0-lite-260428,202454119001,202454119001,212,对身体健康的担忧,1.75,1.6666666666666667
doubao-seed-2-0-lite-260428,281104122001,281104122001,213,家庭关系或陪伴困扰,2.0,1.3333333333333333
doubao-seed-2-0-lite-260428,60481225001,60481225001,214,对身体健康的担忧,2.0,1.6666666666666667
doubao-seed-2-0-lite-260428,184037316002,184037316002,215,家庭关系或陪伴困扰,2.0,1.6666666666666667
doubao-seed-2-0-lite-260428,134004327001,134004327001,216,无法适应新事物或自我价值感下降,1.5,2.0
doubao-seed-2-0-lite-260428,326346326002,326346326002,217,对身体健康的担忧,1.75,1.6666666666666667
doubao-seed-2-0-lite-260428,56059316001,56059316001,218,对身体健康的担忧,2.5,2.0
doubao-seed-2-0-lite-260428,158278316001,158278316001,219,对身体健康的担忧,1.5,1.6666666666666667
doubao-seed-2-0-lite-260428,324681112001,324681112001,220,对身体健康的担忧,2.0,2.0
doubao-seed-2-0-lite-260428,10451307002,10451307002,221,无明显生活烦恼,2.0,1.3333333333333333
doubao-seed-2-0-lite-260428,111154234001,111154234001,222,无明显生活烦恼,2.0,0.6666666666666666
doubao-seed-2-0-lite-260428,122490332001,122490332001,223,家庭关系或陪伴困扰,1.5,1.3333333333333333
doubao-seed-2-0-lite-260428,262728314002,262728314002,224,对身体健康的担忧,1.5,1.6666666666666667
doubao-seed-2-0-lite-260428,57457105001,57457105001,225,无明显生活烦恼,1.75,1.0
doubao-seed-2-0-lite-260428,184037118001,184037118001,226,无明显生活烦恼,1.75,1.0
doubao-seed-2-0-lite-260428,294099321001,294099321001,227,无明显生活烦恼,2.25,1.3333333333333333
doubao-seed-2-0-lite-260428,265359305001,265359305001,228,对身体健康的担忧,1.5,2.0
doubao-seed-2-0-lite-260428,162431203001,162431203001,229,孤独/人际交往缺失,2.0,1.6666666666666667
doubao-seed-2-0-lite-260428,10104310001,10104310001,230,孤独/人际交往缺失,2.0,2.0
doubao-seed-2-0-lite-260428,271806309001,271806309001,231,对身体健康的担忧,1.75,2.0
doubao-seed-2-0-lite-260428,154676127001,154676127001,232,无明显生活烦恼,1.25,1.0
doubao-seed-2-0-lite-260428,265576234002,265576234002,233,对身体健康的担忧,2.0,1.6666666666666667
doubao-seed-2-0-lite-260428,65546306002,65546306002,234,对身体健康的担忧,2.0,2.0
doubao-seed-2-0-lite-260428,334002302001,334002302001,235,无明显生活烦恼,1.5,0.6666666666666666
doubao-seed-2-0-lite-260428,271806301002,271806301002,236,对身体健康的担忧,2.0,1.6666666666666667
doubao-seed-2-0-lite-260428,14643121001,14643121001,237,对身体健康的担忧,2.0,2.0
doubao-seed-2-0-lite-260428,154058312001,154058312001,238,无明显生活烦恼,2.0,1.3333333333333333
doubao-seed-2-0-lite-260428,54054211001,54054211001,239,无法适应新事物或自我价值感下降,2.0,1.6666666666666667
doubao-seed-2-0-lite-260428,338231228001,338231228001,240,对身体健康的担忧,2.0,1.6666666666666667
doubao-seed-2-0-lite-260428,330102222003,330102222003,241,无明显生活烦恼,1.0,1.3333333333333333
doubao-seed-2-0-lite-260428,274951108001,274951108001,242,家庭关系或陪伴困扰,3.0,1.6666666666666667
doubao-seed-2-0-lite-260428,74981206001,74981206001,243,家庭关系或陪伴困扰,2.0,1.6666666666666667
doubao-seed-2-0-lite-260428,154044136002,154044136002,244,无明显生活烦恼,2.0,0.6666666666666666
doubao-seed-2-0-lite-260428,134902229001,134902229001,245,无法适应新事物或自我价值感下降,2.0,1.6666666666666667
doubao-seed-2-0-lite-260428,74004305001,74004305001,246,孤独/人际交往缺失,2.0,2.0
doubao-seed-2-0-lite-260428,296006236002,296006236002,247,无明显生活烦恼,2.0,0.6666666666666666
doubao-seed-2-0-lite-260428,64604120001,64604120001,248,孤独/人际交往缺失,2.0,1.3333333333333333
doubao-seed-2-0-lite-260428,292458229001,292458229001,249,无明显生活烦恼,1.75,1.0
doubao-seed-2-0-lite-260428,296331223002,296331223002,250,对身体健康的担忧,2.0,1.6666666666666667
doubao-seed-2-0-lite-260428,104004124001,104004124001,251,无明显生活烦恼,2.0,1.0
doubao-seed-2-0-lite-260428,320146209002,320146209002,252,对身体健康的担忧,1.5,1.0
doubao-seed-2-0-lite-260428,58202217002,58202217002,253,家庭关系或陪伴困扰,2.0,1.6666666666666667
doubao-seed-2-0-lite-260428,56043320001,56043320001,254,无明显生活烦恼,1.75,1.0
doubao-seed-2-0-lite-260428,34676202001,34676202001,255,无法适应新事物或自我价值感下降,2.0,1.6666666666666667
doubao-seed-2-0-lite-260428,151156304001,151156304001,256,对身体健康的担忧,2.0,1.6666666666666667
doubao-seed-2-0-lite-260428,105381333002,105381333002,257,无明显生活烦恼,1.25,1.0
doubao-seed-2-0-lite-260428,194037120001,194037120001,258,对身体健康的担忧,3.0,2.0
doubao-seed-2-0-lite-260428,154676113001,154676113001,259,无明显生活烦恼,1.75,1.6666666666666667
doubao-seed-2-0-lite-260428,166006327001,166006327001,260,家庭关系或陪伴困扰,1.5,1.0
doubao-seed-2-0-lite-260428,105102207001,105102207001,261,对身体健康的担忧,2.75,2.0
doubao-seed-2-0-lite-260428,56604114001,56604114001,262,家庭关系或陪伴困扰,2.0,1.6666666666666667
doubao-seed-2-0-lite-260428,151156309002,151156309002,263,无明显生活烦恼,2.0,1.3333333333333333
doubao-seed-2-0-lite-260428,321131217001,321131217001,264,无明显生活烦恼,1.5,1.3333333333333333
doubao-seed-2-0-lite-260428,202454324002,202454324002,265,对身体健康的担忧,1.0,1.3333333333333333
doubao-seed-2-0-lite-260428,288251116001,288251116001,266,无明显生活烦恼,2.0,1.0
doubao-seed-2-0-lite-260428,94004216001,94004216001,267,家庭关系或陪伴困扰,2.0,1.6666666666666667
doubao-seed-2-0-lite-260428,54054234001,54054234001,268,对身体健康的担忧,2.0,
doubao-seed-2-0-lite-260428,275559211001,275559211001,269,对身体健康的担忧,2.0,1.6666666666666667
doubao-seed-2-0-lite-260428,244604211001,244604211001,270,无明显生活烦恼,2.0,1.6666666666666667
doubao-seed-2-0-lite-260428,117489216001,117489216001,271,无明显生活烦恼,2.0,1.3333333333333333
doubao-seed-2-0-lite-260428,184037317001,184037317001,272,对身体健康的担忧,1.75,2.0
doubao-seed-2-0-lite-260428,151156304002,151156304002,273,无明显生活烦恼,2.25,1.3333333333333333
doubao-seed-2-0-lite-260428,330102216002,330102216002,274,无明显生活烦恼,2.0,1.3333333333333333
doubao-seed-2-0-lite-260428,54249319001,54249319001,275,对身体健康的担忧,1.0,2.0
doubao-seed-2-0-lite-260428,280154119002,280154119002,276,对身体健康的担忧,2.5,2.0
doubao-seed-2-0-lite-260428,74631115001,74631115001,277,家庭关系或陪伴困扰,2.0,2.0
doubao-seed-2-0-lite-260428,268606121002,268606121002,278,无法适应新事物或自我价值感下降,1.5,0.6666666666666666
doubao-seed-2-0-lite-260428,274951126001,274951126001,279,对身体健康的担忧,2.0,2.0
doubao-seed-2-0-lite-260428,205304104002,205304104002,280,家庭关系或陪伴困扰,2.75,2.0
doubao-seed-2-0-lite-260428,75504303001,75504303001,281,无明显生活烦恼,2.0,2.0
doubao-seed-2-0-lite-260428,111154102002,111154102002,282,无明显生活烦恼,1.0,1.0
doubao-seed-2-0-lite-260428,334631301002,334631301002,283,无明显生活烦恼,1.25,1.6666666666666667
doubao-seed-2-0-lite-260428,295331110001,295331110001,284,对身体健康的担忧,1.5,1.6666666666666667
doubao-seed-2-0-lite-260428,14643125002,14643125002,285,家庭关系或陪伴困扰,1.5,1.6666666666666667
doubao-seed-2-0-lite-260428,151156304002,151156304002,286,无明显生活烦恼,2.0,1.0
doubao-seed-2-0-lite-260428,56059309001,56059309001,287,孤独/人际交往缺失,1.5,1.3333333333333333
doubao-seed-2-0-lite-260428,330131304001,330131304001,288,家庭关系或陪伴困扰,2.0,1.6666666666666667
doubao-seed-2-0-lite-260428,10451225001,10451225001,289,孤独/人际交往缺失,2.0,1.6666666666666667
doubao-seed-2-0-lite-260428,58202129002,58202129002,290,孤独/人际交往缺失,1.0,1.6666666666666667
doubao-seed-2-0-lite-260428,281104205001,281104205001,291,对身体健康的担忧,2.0,1.6666666666666667
doubao-seed-2-0-lite-260428,158278218002,158278218002,292,无明显生活烦恼,2.0,1.0
doubao-seed-2-0-lite-260428,285502117001,285502117001,293,家庭关系或陪伴困扰,2.0,2.0
doubao-seed-2-0-lite-260428,108259301002,108259301002,294,对身体健康的担忧,3.0,2.0
doubao-seed-2-0-lite-260428,105381315001,105381315001,295,家庭关系或陪伴困扰,1.0,1.3333333333333333
doubao-seed-2-0-lite-260428,30476138001,30476138001,296,无明显生活烦恼,2.0,1.0
doubao-seed-2-0-lite-260428,160104117002,160104117002,297,无明显生活烦恼,1.75,1.3333333333333333
doubao-seed-2-0-lite-260428,285502212002,285502212002,298,无明显生活烦恼,1.75,1.3333333333333333
doubao-seed-2-0-lite-260428,108259307002,108259307002,299,对身体健康的担忧,2.0,2.0
doubao-seed-2-0-lite-260428,138202231002,138202231002,300,对身体健康的担忧,2.0,2.0
doubao-seed-2-0-lite-260428,205304101002,205304101002,301,无法适应新事物或自我价值感下降,2.25,2.0
doubao-seed-2-0-lite-260428,345233328002,345233328002,302,无明显生活烦恼,2.0,0.6666666666666666
doubao-seed-2-0-lite-260428,330131305002,330131305002,303,无明显生活烦恼,1.25,1.0
doubao-seed-2-0-lite-260428,324681330001,324681330001,304,对身体健康的担忧,2.0,2.0
doubao-seed-2-0-lite-260428,151156111001,151156111001,305,无明显生活烦恼,1.0,1.3333333333333333
doubao-seed-2-0-lite-260428,158278204002,158278204002,306,无明显生活烦恼,2.0,1.3333333333333333
doubao-seed-2-0-lite-260428,108259326001,108259326001,307,对身体健康的担忧,2.5,2.0
doubao-seed-2-0-lite-260428,324681217002,324681217002,308,对身体健康的担忧,1.25,1.6666666666666667
doubao-seed-2-0-lite-260428,154628304003,154628304003,309,无明显生活烦恼,2.0,1.3333333333333333
doubao-seed-2-0-lite-260428,154628208001,154628208001,310,无明显生活烦恼,2.25,1.0
doubao-seed-2-0-lite-260428,34043303001,34043303001,311,无明显生活烦恼,2.0,1.3333333333333333
doubao-seed-2-0-lite-260428,347763209001,347763209001,312,家庭关系或陪伴困扰,1.5,2.0
doubao-seed-2-0-lite-260428,14051211001,14051211001,313,孤独/人际交往缺失,2.0,1.6666666666666667
doubao-seed-2-0-mini-260428,57457126001,57457126001,1,对身体健康的担忧,2.0,0.6666666666666666
doubao-seed-2-0-mini-260428,75376243001,75376243001,2,无明显生活烦恼,1.0,0.3333333333333333
doubao-seed-2-0-mini-260428,324078110002,324078110002,3,无法适应新事物或自我价值感下降,1.25,1.6666666666666667
doubao-seed-2-0-mini-260428,175531118001,175531118001,4,无明显生活烦恼,1.25,1.3333333333333333
doubao-seed-2-0-mini-260428,14643113001,14643113001,5,孤独/人际交往缺失,2.25,1.6666666666666667
doubao-seed-2-0-mini-260428,111154127001,111154127001,6,对身体健康的担忧,1.0,2.0
doubao-seed-2-0-mini-260428,338231328001,338231328001,7,无明显生活烦恼,1.5,1.0
doubao-seed-2-0-mini-260428,51606117001,51606117001,8,对身体健康的担忧,1.0,1.6666666666666667
doubao-seed-2-0-mini-260428,324045114001,324045114001,9,孤独/人际交往缺失,2.0,
doubao-seed-2-0-mini-260428,281104130001,281104130001,13,无明显生活烦恼,1.0,0.6666666666666666
doubao-seed-2-0-mini-260428,134902123001,134902123001,14,孤独/人际交往缺失,1.0,1.6666666666666667
doubao-seed-2-0-mini-260428,122490220001,122490220001,15,家庭关系或陪伴困扰,1.75,1.3333333333333333
doubao-seed-2-0-mini-260428,56302330002,56302330002,16,无法适应新事物或自我价值感下降,1.0,0.6666666666666666
doubao-seed-2-0-mini-260428,291676308001,291676308001,17,孤独/人际交往缺失,1.25,1.6666666666666667
doubao-seed-2-0-mini-260428,75504213002,75504213002,18,无明显生活烦恼,1.0,1.3333333333333333
doubao-seed-2-0-mini-260428,184037213001,184037213001,19,家庭关系或陪伴困扰,1.75,1.6666666666666667
doubao-seed-2-0-mini-260428,154058307002,154058307002,20,对身体健康的担忧,1.0,0.6666666666666666
doubao-seed-2-0-mini-260428,207406312001,207406312001,21,家庭关系或陪伴困扰,2.0,2.0
doubao-seed-2-0-mini-260428,154044202001,154044202001,22,无明显生活烦恼,1.0,1.0
doubao-seed-2-0-mini-260428,266059222001,266059222001,23,无明显生活烦恼,1.0,1.3333333333333333
doubao-seed-2-0-mini-260428,30476124001,30476124001,24,孤独/人际交往缺失,1.0,1.6666666666666667
doubao-seed-2-0-mini-260428,135559225002,135559225002,25,家庭关系或陪伴困扰,1.75,1.3333333333333333
doubao-seed-2-0-mini-260428,211176334001,211176334001,26,家庭关系或陪伴困扰,1.0,1.3333333333333333
doubao-seed-2-0-mini-260428,14031307002,14031307002,27,对身体健康的担忧,1.75,2.0
doubao-seed-2-0-mini-260428,280154309002,280154309002,28,对身体健康的担忧,2.0,1.3333333333333333
doubao-seed-2-0-mini-260428,200104317001,200104317001,29,对身体健康的担忧,1.0,2.0
doubao-seed-2-0-mini-260428,34043224002,34043224002,30,对身体健康的担忧,1.25,1.6666666666666667
doubao-seed-2-0-mini-260428,105102322002,105102322002,31,对身体健康的担忧,2.0,1.6666666666666667
doubao-seed-2-0-mini-260428,105102306002,105102306002,32,无明显生活烦恼,1.25,1.0
doubao-seed-2-0-mini-260428,134902216001,134902216001,33,对身体健康的担忧,2.0,1.6666666666666667
doubao-seed-2-0-mini-260428,211176105002,211176105002,34,家庭关系或陪伴困扰,1.75,1.6666666666666667
doubao-seed-2-0-mini-260428,241116202002,241116202002,35,对身体健康的担忧,1.75,1.0
doubao-seed-2-0-mini-260428,64028317002,64028317002,36,家庭关系或陪伴困扰,1.25,2.0
doubao-seed-2-0-mini-260428,64028314002,64028314002,37,家庭关系或陪伴困扰,2.0,1.6666666666666667
doubao-seed-2-0-mini-260428,266306205002,266306205002,38,无明显生活烦恼,1.25,0.0
doubao-seed-2-0-mini-260428,57633243002,57633243002,39,家庭关系或陪伴困扰,1.0,1.3333333333333333
doubao-seed-2-0-mini-260428,202454131002,202454131002,40,家庭关系或陪伴困扰,1.0,1.0
doubao-seed-2-0-mini-260428,153859115002,153859115002,41,无明显生活烦恼,1.0,1.0
doubao-seed-2-0-mini-260428,64028310001,64028310001,42,无明显生活烦恼,1.25,2.0
doubao-seed-2-0-mini-260428,158278201002,158278201002,43,对身体健康的担忧,2.25,1.6666666666666667
doubao-seed-2-0-mini-260428,150478205001,150478205001,44,家庭关系或陪伴困扰,1.0,1.0
doubao-seed-2-0-mini-260428,281104122003,281104122003,45,对身体健康的担忧,1.5,2.0
doubao-seed-2-0-mini-260428,110131321002,110131321002,46,无明显生活烦恼,1.0,1.0
doubao-seed-2-0-mini-260428,298245106002,298245106002,47,孤独/人际交往缺失,1.0,1.6666666666666667
doubao-seed-2-0-mini-260428,266059305001,266059305001,48,家庭关系或陪伴困扰,1.0,1.6666666666666667
doubao-seed-2-0-mini-260428,54054110001,54054110001,49,无明显生活烦恼,1.25,1.3333333333333333
doubao-seed-2-0-mini-260428,338231202001,338231202001,50,无明显生活烦恼,1.0,1.3333333333333333
doubao-seed-2-0-mini-260428,10206118001,10206118001,51,对身体健康的担忧,1.75,1.0
doubao-seed-2-0-mini-260428,244676309001,244676309001,52,无法适应新事物或自我价值感下降,1.0,2.0
doubao-seed-2-0-mini-260428,10233105002,10233105002,53,对身体健康的担忧,1.0,2.0
doubao-seed-2-0-mini-260428,320146222002,320146222002,54,家庭关系或陪伴困扰,2.0,2.0
doubao-seed-2-0-mini-260428,280154108002,280154108002,55,无明显生活烦恼,1.0,1.3333333333333333
doubao-seed-2-0-mini-260428,294099132002,294099132002,56,无明显生活烦恼,1.5,2.0
doubao-seed-2-0-mini-260428,18206219002,18206219002,10,无明显生活烦恼,1.0,1.6666666666666667
doubao-seed-2-0-mini-260428,64604125002,64604125002,11,对身体健康的担忧,1.5,1.6666666666666667
doubao-seed-2-0-mini-260428,161159310001,161159310001,12,无明显生活烦恼,1.5,1.3333333333333333
doubao-seed-2-0-mini-260428,151156320002,151156320002,57,对身体健康的担忧,1.0,2.0
doubao-seed-2-0-mini-260428,296081302001,296081302001,58,对身体健康的担忧,1.5,1.3333333333333333
doubao-seed-2-0-mini-260428,65546103002,65546103002,59,对身体健康的担忧,2.25,1.6666666666666667
doubao-seed-2-0-mini-260428,154058321002,154058321002,60,对身体健康的担忧,1.0,2.0
doubao-seed-2-0-mini-260428,14051113002,14051113002,61,家庭关系或陪伴困扰,1.0,1.3333333333333333
doubao-seed-2-0-mini-260428,75504205002,75504205002,62,家庭关系或陪伴困扰,2.0,
doubao-seed-2-0-mini-260428,154628117001,154628117001,63,无明显生活烦恼,1.5,1.0
doubao-seed-2-0-mini-260428,162431111003,162431111003,64,无明显生活烦恼,1.0,1.0
doubao-seed-2-0-mini-260428,320146132002,320146132002,65,家庭关系或陪伴困扰,1.0,1.3333333333333333
doubao-seed-2-0-mini-260428,104004221001,104004221001,66,对身体健康的担忧,2.0,1.6666666666666667
doubao-seed-2-0-mini-260428,205304214001,205304214001,67,无明显生活烦恼,1.0,1.3333333333333333
doubao-seed-2-0-mini-260428,204028208001,204028208001,68,无明显生活烦恼,1.25,1.3333333333333333
doubao-seed-2-0-mini-260428,122490104002,122490104002,69,孤独/人际交往缺失,1.75,1.6666666666666667
doubao-seed-2-0-mini-260428,30476203001,30476203001,70,无明显生活烦恼,1.0,1.6666666666666667
doubao-seed-2-0-mini-260428,280154302001,280154302001,71,家庭关系或陪伴困扰,2.0,1.3333333333333333
doubao-seed-2-0-mini-260428,108206101002,108206101002,72,对身体健康的担忧,1.0,2.0
doubao-seed-2-0-mini-260428,56346322001,56346322001,73,对身体健康的担忧,1.0,1.3333333333333333
doubao-seed-2-0-mini-260428,135559225002,135559225002,74,家庭关系或陪伴困扰,2.0,1.3333333333333333
doubao-seed-2-0-mini-260428,138202125002,138202125002,75,对身体健康的担忧,1.0,1.6666666666666667
doubao-seed-2-0-mini-260428,60440205001,60440205001,76,对身体健康的担忧,1.0,1.6666666666666667
doubao-seed-2-0-mini-260428,141154325001,141154325001,77,家庭关系或陪伴困扰,1.25,1.6666666666666667
doubao-seed-2-0-mini-260428,74631307001,74631307001,78,对身体健康的担忧,1.0,0.6666666666666666
doubao-seed-2-0-mini-260428,280154331001,280154331001,79,家庭关系或陪伴困扰,1.0,0.6666666666666666
doubao-seed-2-0-mini-260428,321116113001,321116113001,80,家庭关系或陪伴困扰,1.0,1.6666666666666667
doubao-seed-2-0-mini-260428,56604129001,56604129001,119,家庭关系或陪伴困扰,1.0,1.6666666666666667
doubao-seed-2-0-mini-260428,72428222002,72428222002,120,家庭关系或陪伴困扰,1.0,1.6666666666666667
doubao-seed-2-0-mini-260428,116006312001,116006312001,81,孤独/人际交往缺失,1.0,1.6666666666666667
doubao-seed-2-0-mini-260428,184037219001,184037219001,82,无明显生活烦恼,1.0,1.0
doubao-seed-2-0-mini-260428,64033334001,64033334001,83,孤独/人际交往缺失,1.25,2.0
doubao-seed-2-0-mini-260428,150478210001,150478210001,84,无明显生活烦恼,1.0,0.3333333333333333
doubao-seed-2-0-mini-260428,151156311001,151156311001,85,无法适应新事物或自我价值感下降,1.0,2.0
doubao-seed-2-0-mini-260428,271806118001,271806118001,86,对身体健康的担忧,1.25,2.0
doubao-seed-2-0-mini-260428,60481225002,60481225002,87,家庭关系或陪伴困扰,2.25,2.0
doubao-seed-2-0-mini-260428,141154206002,141154206002,88,对身体健康的担忧,1.0,2.0
doubao-seed-2-0-mini-260428,94004111001,94004111001,89,家庭关系或陪伴困扰,2.0,1.3333333333333333
doubao-seed-2-0-mini-260428,326359105002,326359105002,90,对身体健康的担忧,1.0,2.0
doubao-seed-2-0-mini-260428,202454134001,202454134001,91,对身体健康的担忧,1.5,2.0
doubao-seed-2-0-mini-260428,124099315002,124099315002,92,家庭关系或陪伴困扰,1.0,2.0
doubao-seed-2-0-mini-260428,134004112002,134004112002,93,无明显生活烦恼,1.75,1.0
doubao-seed-2-0-mini-260428,275559307001,275559307001,94,家庭关系或陪伴困扰,2.0,2.0
doubao-seed-2-0-mini-260428,271806130001,271806130001,95,孤独/人际交往缺失,1.75,1.6666666666666667
doubao-seed-2-0-mini-260428,64028102001,64028102001,96,无明显生活烦恼,1.25,0.3333333333333333
doubao-seed-2-0-mini-260428,281116308001,281116308001,97,无明显生活烦恼,1.25,1.6666666666666667
doubao-seed-2-0-mini-260428,275559318001,275559318001,98,无明显生活烦恼,1.0,2.0
doubao-seed-2-0-mini-260428,65546119001,65546119001,99,对身体健康的担忧,1.75,1.6666666666666667
doubao-seed-2-0-mini-260428,205304101002,205304101002,100,无法适应新事物或自我价值感下降,2.25,2.0
doubao-seed-2-0-mini-260428,241116332002,241116332002,101,家庭关系或陪伴困扰,2.25,1.6666666666666667
doubao-seed-2-0-mini-260428,64033129001,64033129001,102,无明显生活烦恼,1.0,0.6666666666666666
doubao-seed-2-0-mini-260428,110131213002,110131213002,103,对身体健康的担忧,1.0,0.6666666666666666
doubao-seed-2-0-mini-260428,262728314002,262728314002,104,对身体健康的担忧,1.0,2.0
doubao-seed-2-0-mini-260428,241116221001,241116221001,105,家庭关系或陪伴困扰,2.25,1.6666666666666667
doubao-seed-2-0-mini-260428,275559328001,275559328001,106,家庭关系或陪伴困扰,1.5,1.3333333333333333
doubao-seed-2-0-mini-260428,54054108002,54054108002,107,无明显生活烦恼,1.0,0.3333333333333333
doubao-seed-2-0-mini-260428,154044310001,154044310001,108,家庭关系或陪伴困扰,1.25,1.6666666666666667
doubao-seed-2-0-mini-260428,270402209001,270402209001,109,对身体健康的担忧,1.0,0.6666666666666666
doubao-seed-2-0-mini-260428,58202220001,58202220001,110,对身体健康的担忧,1.0,1.6666666666666667
doubao-seed-2-0-mini-260428,65546218001,65546218001,111,无明显生活烦恼,1.0,1.3333333333333333
doubao-seed-2-0-mini-260428,138202135001,138202135001,112,无明显生活烦恼,1.0,1.0
doubao-seed-2-0-mini-260428,112744316002,112744316002,113,家庭关系或陪伴困扰,1.0,1.6666666666666667
doubao-seed-2-0-mini-260428,74057123001,74057123001,114,无明显生活烦恼,1.25,0.6666666666666666
doubao-seed-2-0-mini-260428,10206323002,10206323002,115,对身体健康的担忧,1.0,1.6666666666666667
doubao-seed-2-0-mini-260428,74002116002,74002116002,116,对身体健康的担忧,1.25,0.6666666666666666
doubao-seed-2-0-mini-260428,241116304002,241116304002,117,无明显生活烦恼,1.0,1.3333333333333333
doubao-seed-2-0-mini-260428,142403341002,142403341002,118,无明显生活烦恼,1.0,2.0
doubao-seed-2-0-mini-260428,141154304002,141154304002,121,家庭关系或陪伴困扰,2.0,2.0
doubao-seed-2-0-mini-260428,294099231003,294099231003,122,无明显生活烦恼,2.25,0.6666666666666666
doubao-seed-2-0-mini-260428,34043123001,34043123001,123,无明显生活烦恼,1.0,1.3333333333333333
doubao-seed-2-0-mini-260428,274951110001,274951110001,124,无明显生活烦恼,1.0,1.3333333333333333
doubao-seed-2-0-mini-260428,34676116002,34676116002,125,无明显生活烦恼,1.75,1.3333333333333333
doubao-seed-2-0-mini-260428,175531321001,175531321001,126,孤独/人际交往缺失,1.0,1.6666666666666667
doubao-seed-2-0-mini-260428,321131210001,321131210001,127,无明显生活烦恼,1.0,1.3333333333333333
doubao-seed-2-0-mini-260428,241116320001,241116320001,128,家庭关系或陪伴困扰,1.5,1.6666666666666667
doubao-seed-2-0-mini-260428,244056227001,244056227001,129,无明显生活烦恼,1.0,1.3333333333333333
doubao-seed-2-0-mini-260428,74002112001,74002112001,130,无明显生活烦恼,1.0,0.6666666666666666
doubao-seed-2-0-mini-260428,154058310002,154058310002,131,无明显生活烦恼,2.0,2.0
doubao-seed-2-0-mini-260428,266059202002,266059202002,132,无明显生活烦恼,1.0,2.0
doubao-seed-2-0-mini-260428,184037201002,184037201002,133,家庭关系或陪伴困扰,1.0,1.6666666666666667
doubao-seed-2-0-mini-260428,211154232001,211154232001,134,孤独/人际交往缺失,1.0,2.0
doubao-seed-2-0-mini-260428,345233228002,345233228002,135,孤独/人际交往缺失,1.0,2.0
doubao-seed-2-0-mini-260428,116006116001,116006116001,136,无明显生活烦恼,1.0,0.6666666666666666
doubao-seed-2-0-mini-260428,266059204001,266059204001,137,无法适应新事物或自我价值感下降,2.0,1.6666666666666667
doubao-seed-2-0-mini-260428,10233105002,10233105002,138,对身体健康的担忧,1.25,1.6666666666666667
doubao-seed-2-0-mini-260428,298245316002,298245316002,139,无明显生活烦恼,1.25,0.3333333333333333
doubao-seed-2-0-mini-260428,296081233002,296081233002,140,无明显生活烦恼,1.0,1.3333333333333333
doubao-seed-2-0-mini-260428,296081115001,296081115001,141,无明显生活烦恼,1.0,1.0
doubao-seed-2-0-mini-260428,60440124001,60440124001,142,对身体健康的担忧,1.0,1.6666666666666667
doubao-seed-2-0-mini-260428,194037336001,194037336001,143,对身体健康的担忧,1.0,1.6666666666666667
doubao-seed-2-0-mini-260428,202454220001,202454220001,144,孤独/人际交往缺失,1.0,2.0
doubao-seed-2-0-mini-260428,153859111002,153859111002,145,无明显生活烦恼,1.0,1.3333333333333333
doubao-seed-2-0-mini-260428,14031322002,14031322002,146,家庭关系或陪伴困扰,1.0,1.3333333333333333
doubao-seed-2-0-mini-260428,347763115002,347763115002,147,无明显生活烦恼,1.0,1.3333333333333333
doubao-seed-2-0-mini-260428,347763302001,347763302001,148,家庭关系或陪伴困扰,1.0,1.0
doubao-seed-2-0-mini-260428,261676110002,261676110002,149,孤独/人际交往缺失,1.5,1.6666666666666667
doubao-seed-2-0-mini-260428,295331315002,295331315002,150,无明显生活烦恼,2.5,1.6666666666666667
doubao-seed-2-0-mini-260428,175531322002,175531322002,151,无明显生活烦恼,1.0,1.3333333333333333
doubao-seed-2-0-mini-260428,294028325002,294028325002,152,无明显生活烦恼,2.0,1.0
doubao-seed-2-0-mini-260428,244056210002,244056210002,153,无明显生活烦恼,1.0,0.0
doubao-seed-2-0-mini-260428,244056306002,244056306002,154,无法适应新事物或自我价值感下降,1.0,1.6666666666666667
doubao-seed-2-0-mini-260428,184037216001,184037216001,155,对身体健康的担忧,2.0,1.3333333333333333
doubao-seed-2-0-mini-260428,211176120002,211176120002,156,孤独/人际交往缺失,1.0,1.6666666666666667
doubao-seed-2-0-mini-260428,154058209001,154058209001,157,无明显生活烦恼,1.0,1.0
doubao-seed-2-0-mini-260428,151156109002,151156109002,158,家庭关系或陪伴困扰,1.0,1.3333333333333333
doubao-seed-2-0-mini-260428,288251231001,288251231001,159,对身体健康的担忧,1.0,1.3333333333333333
doubao-seed-2-0-mini-260428,150478113001,150478113001,160,孤独/人际交往缺失,1.75,2.0
doubao-seed-2-0-mini-260428,111154107001,111154107001,161,无明显生活烦恼,1.5,1.3333333333333333
doubao-seed-2-0-mini-260428,14643316002,14643316002,162,对身体健康的担忧,1.0,1.3333333333333333
doubao-seed-2-0-mini-260428,296331123002,296331123002,163,对身体健康的担忧,1.0,1.0
doubao-seed-2-0-mini-260428,134902222002,134902222002,164,家庭关系或陪伴困扰,1.75,1.6666666666666667
doubao-seed-2-0-mini-260428,134902306001,134902306001,165,无明显生活烦恼,1.0,2.0
doubao-seed-2-0-mini-260428,321116307002,321116307002,166,对身体健康的担忧,1.0,1.6666666666666667
doubao-seed-2-0-mini-260428,265359333002,265359333002,167,无明显生活烦恼,2.0,1.3333333333333333
doubao-seed-2-0-mini-260428,275559214002,275559214002,168,孤独/人际交往缺失,2.0,1.6666666666666667
doubao-seed-2-0-mini-260428,104004216002,104004216002,169,家庭关系或陪伴困扰,1.0,2.0
doubao-seed-2-0-mini-260428,58659336002,58659336002,170,无明显生活烦恼,1.0,0.6666666666666666
doubao-seed-2-0-mini-260428,174643308001,174643308001,171,孤独/人际交往缺失,1.0,2.0
doubao-seed-2-0-mini-260428,30476203002,30476203002,172,无明显生活烦恼,1.0,2.0
doubao-seed-2-0-mini-260428,161159216001,161159216001,173,孤独/人际交往缺失,1.0,2.0
doubao-seed-2-0-mini-260428,296081128002,296081128002,174,家庭关系或陪伴困扰,1.0,1.6666666666666667
doubao-seed-2-0-mini-260428,56043123001,56043123001,175,无明显生活烦恼,1.0,1.0
doubao-seed-2-0-mini-260428,334631128001,334631128001,176,对身体健康的担忧,1.0,1.3333333333333333
doubao-seed-2-0-mini-260428,175531212002,175531212002,177,无明显生活烦恼,1.25,0.0
doubao-seed-2-0-mini-260428,56302136001,56302136001,178,家庭关系或陪伴困扰,2.0,1.6666666666666667
doubao-seed-2-0-mini-260428,134902327001,134902327001,179,孤独/人际交往缺失,1.75,1.6666666666666667
doubao-seed-2-0-mini-260428,74981218001,74981218001,180,对身体健康的担忧,1.75,1.3333333333333333
doubao-seed-2-0-mini-260428,177402120001,177402120001,181,无明显生活烦恼,1.0,0.0
doubao-seed-2-0-mini-260428,154058322001,154058322001,182,家庭关系或陪伴困扰,1.0,1.3333333333333333
doubao-seed-2-0-mini-260428,177402135002,177402135002,183,无明显生活烦恼,1.0,1.0
doubao-seed-2-0-mini-260428,151156318001,151156318001,184,无明显生活烦恼,1.0,0.0
doubao-seed-2-0-mini-260428,347763304002,347763304002,185,无明显生活烦恼,1.0,1.3333333333333333
doubao-seed-2-0-mini-260428,65546132001,65546132001,186,无明显生活烦恼,1.0,1.0
doubao-seed-2-0-mini-260428,296081138001,296081138001,187,无明显生活烦恼,1.0,1.3333333333333333
doubao-seed-2-0-mini-260428,57633117002,57633117002,188,无明显生活烦恼,1.0,1.3333333333333333
doubao-seed-2-0-mini-260428,296006201002,296006201002,189,无明显生活烦恼,1.0,1.0
doubao-seed-2-0-mini-260428,112744211002,112744211002,190,无明显生活烦恼,1.25,1.3333333333333333
doubao-seed-2-0-mini-260428,162431228001,162431228001,191,家庭关系或陪伴困扰,1.0,1.6666666666666667
doubao-seed-2-0-mini-260428,241116116001,241116116001,192,无明显生活烦恼,1.0,1.3333333333333333
doubao-seed-2-0-mini-260428,168231321002,168231321002,193,无明显生活烦恼,1.0,1.3333333333333333
doubao-seed-2-0-mini-260428,330131314001,330131314001,194,无明显生活烦恼,1.0,1.3333333333333333
doubao-seed-2-0-mini-260428,64604310002,64604310002,195,无明显生活烦恼,1.25,0.6666666666666666
doubao-seed-2-0-mini-260428,324078327001,324078327001,196,家庭关系或陪伴困扰,1.0,2.0
doubao-seed-2-0-mini-260428,241116129001,241116129001,197,无明显生活烦恼,1.0,0.6666666666666666
doubao-seed-2-0-mini-260428,324045138002,324045138002,198,无明显生活烦恼,1.0,2.0
doubao-seed-2-0-mini-260428,175531317002,175531317002,199,无明显生活烦恼,1.0,1.0
doubao-seed-2-0-mini-260428,297439202001,297439202001,200,孤独/人际交往缺失,1.0,1.6666666666666667
doubao-seed-2-0-mini-260428,330102318002,330102318002,201,孤独/人际交往缺失,1.0,1.3333333333333333
doubao-seed-2-0-mini-260428,296081128001,296081128001,202,孤独/人际交往缺失,1.0,1.6666666666666667
doubao-seed-2-0-mini-260428,321116208002,321116208002,203,无明显生活烦恼,1.0,1.3333333333333333
doubao-seed-2-0-mini-260428,321659309002,321659309002,204,家庭关系或陪伴困扰,1.0,0.0
doubao-seed-2-0-mini-260428,261676239001,261676239001,205,无明显生活烦恼,1.0,1.0
doubao-seed-2-0-mini-260428,78233308001,78233308001,206,对身体健康的担忧,2.0,2.0
doubao-seed-2-0-mini-260428,117489210001,117489210001,207,无明显生活烦恼,1.0,2.0
doubao-seed-2-0-mini-260428,116006208001,116006208001,208,对身体健康的担忧,1.25,0.6666666666666666
doubao-seed-2-0-mini-260428,110131308002,110131308002,209,无明显生活烦恼,1.25,2.0
doubao-seed-2-0-mini-260428,204906235001,204906235001,210,对身体健康的担忧,1.75,1.6666666666666667
doubao-seed-2-0-mini-260428,122490107002,122490107002,211,对身体健康的担忧,2.0,1.6666666666666667
doubao-seed-2-0-mini-260428,202454119001,202454119001,212,对身体健康的担忧,2.0,1.6666666666666667
doubao-seed-2-0-mini-260428,60481225001,60481225001,214,对身体健康的担忧,1.0,2.0
doubao-seed-2-0-mini-260428,281104122001,281104122001,213,家庭关系或陪伴困扰,2.0,1.0
doubao-seed-2-0-mini-260428,184037316002,184037316002,215,家庭关系或陪伴困扰,2.0,2.0
doubao-seed-2-0-mini-260428,134004327001,134004327001,216,无法适应新事物或自我价值感下降,2.0,2.0
doubao-seed-2-0-mini-260428,326346326002,326346326002,217,对身体健康的担忧,2.0,1.6666666666666667
doubao-seed-2-0-mini-260428,56059316001,56059316001,218,对身体健康的担忧,2.0,1.6666666666666667
doubao-seed-2-0-mini-260428,158278316001,158278316001,219,对身体健康的担忧,1.5,
doubao-seed-2-0-mini-260428,324681112001,324681112001,220,对身体健康的担忧,1.75,1.6666666666666667
doubao-seed-2-0-mini-260428,10451307002,10451307002,221,无明显生活烦恼,1.5,1.3333333333333333
doubao-seed-2-0-mini-260428,111154234001,111154234001,222,无明显生活烦恼,1.75,0.6666666666666666
doubao-seed-2-0-mini-260428,122490332001,122490332001,223,家庭关系或陪伴困扰,1.0,1.3333333333333333
doubao-seed-2-0-mini-260428,262728314002,262728314002,224,对身体健康的担忧,1.25,1.0
doubao-seed-2-0-mini-260428,57457105001,57457105001,225,无明显生活烦恼,1.0,0.6666666666666666
doubao-seed-2-0-mini-260428,184037118001,184037118001,226,无明显生活烦恼,2.0,1.3333333333333333
doubao-seed-2-0-mini-260428,294099321001,294099321001,227,无明显生活烦恼,2.0,1.3333333333333333
doubao-seed-2-0-mini-260428,265359305001,265359305001,228,对身体健康的担忧,1.0,1.6666666666666667
doubao-seed-2-0-mini-260428,162431203001,162431203001,229,孤独/人际交往缺失,1.75,1.6666666666666667
doubao-seed-2-0-mini-260428,10104310001,10104310001,230,孤独/人际交往缺失,2.0,1.6666666666666667
doubao-seed-2-0-mini-260428,271806309001,271806309001,231,对身体健康的担忧,1.5,2.0
doubao-seed-2-0-mini-260428,154676127001,154676127001,232,无明显生活烦恼,1.25,1.0
doubao-seed-2-0-mini-260428,265576234002,265576234002,233,对身体健康的担忧,2.0,2.0
doubao-seed-2-0-mini-260428,65546306002,65546306002,234,对身体健康的担忧,2.0,1.6666666666666667
doubao-seed-2-0-mini-260428,334002302001,334002302001,235,无明显生活烦恼,1.0,0.6666666666666666
doubao-seed-2-0-mini-260428,271806301002,271806301002,236,对身体健康的担忧,2.0,1.6666666666666667
doubao-seed-2-0-mini-260428,14643121001,14643121001,237,对身体健康的担忧,1.0,1.6666666666666667
doubao-seed-2-0-mini-260428,154058312001,154058312001,238,无明显生活烦恼,2.5,1.3333333333333333
doubao-seed-2-0-mini-260428,54054211001,54054211001,239,无法适应新事物或自我价值感下降,1.0,1.3333333333333333
doubao-seed-2-0-mini-260428,338231228001,338231228001,240,对身体健康的担忧,2.25,0.6666666666666666
doubao-seed-2-0-mini-260428,330102222003,330102222003,241,无明显生活烦恼,1.75,1.3333333333333333
doubao-seed-2-0-mini-260428,274951108001,274951108001,242,家庭关系或陪伴困扰,2.0,1.3333333333333333
doubao-seed-2-0-mini-260428,74981206001,74981206001,243,家庭关系或陪伴困扰,2.0,1.3333333333333333
doubao-seed-2-0-mini-260428,154044136002,154044136002,244,无明显生活烦恼,1.5,1.3333333333333333
doubao-seed-2-0-mini-260428,134902229001,134902229001,245,无法适应新事物或自我价值感下降,1.0,1.3333333333333333
doubao-seed-2-0-mini-260428,74004305001,74004305001,246,孤独/人际交往缺失,2.0,2.0
doubao-seed-2-0-mini-260428,296006236002,296006236002,247,无明显生活烦恼,1.25,1.6666666666666667
doubao-seed-2-0-mini-260428,64604120001,64604120001,248,孤独/人际交往缺失,1.75,1.6666666666666667
doubao-seed-2-0-mini-260428,292458229001,292458229001,249,无明显生活烦恼,2.0,0.6666666666666666
doubao-seed-2-0-mini-260428,296331223002,296331223002,250,对身体健康的担忧,1.75,1.3333333333333333
doubao-seed-2-0-mini-260428,104004124001,104004124001,251,无明显生活烦恼,2.0,0.6666666666666666
doubao-seed-2-0-mini-260428,320146209002,320146209002,252,对身体健康的担忧,1.5,1.6666666666666667
doubao-seed-2-0-mini-260428,58202217002,58202217002,253,家庭关系或陪伴困扰,2.0,1.6666666666666667
doubao-seed-2-0-mini-260428,56043320001,56043320001,254,无明显生活烦恼,2.0,1.0
doubao-seed-2-0-mini-260428,34676202001,34676202001,255,无法适应新事物或自我价值感下降,1.75,1.6666666666666667
doubao-seed-2-0-mini-260428,151156304001,151156304001,256,对身体健康的担忧,1.5,1.6666666666666667
doubao-seed-2-0-mini-260428,105381333002,105381333002,257,无明显生活烦恼,1.5,0.6666666666666666
doubao-seed-2-0-mini-260428,194037120001,194037120001,258,对身体健康的担忧,2.0,0.6666666666666666
doubao-seed-2-0-mini-260428,154676113001,154676113001,259,无明显生活烦恼,1.5,1.3333333333333333
doubao-seed-2-0-mini-260428,166006327001,166006327001,260,家庭关系或陪伴困扰,2.0,1.6666666666666667
doubao-seed-2-0-mini-260428,105102207001,105102207001,261,对身体健康的担忧,2.5,2.0
doubao-seed-2-0-mini-260428,56604114001,56604114001,262,家庭关系或陪伴困扰,1.25,1.6666666666666667
doubao-seed-2-0-mini-260428,151156309002,151156309002,263,无明显生活烦恼,1.5,1.0
doubao-seed-2-0-mini-260428,321131217001,321131217001,264,无明显生活烦恼,1.5,1.3333333333333333
doubao-seed-2-0-mini-260428,202454324002,202454324002,265,对身体健康的担忧,1.25,1.6666666666666667
doubao-seed-2-0-mini-260428,288251116001,288251116001,266,无明显生活烦恼,1.75,1.6666666666666667
doubao-seed-2-0-mini-260428,94004216001,94004216001,267,家庭关系或陪伴困扰,2.0,1.6666666666666667
doubao-seed-2-0-mini-260428,54054234001,54054234001,268,对身体健康的担忧,2.0,1.6666666666666667
doubao-seed-2-0-mini-260428,275559211001,275559211001,269,对身体健康的担忧,2.75,1.6666666666666667
doubao-seed-2-0-mini-260428,244604211001,244604211001,270,无明显生活烦恼,1.5,1.0
doubao-seed-2-0-mini-260428,117489216001,117489216001,271,无明显生活烦恼,2.0,1.3333333333333333
doubao-seed-2-0-mini-260428,184037317001,184037317001,272,对身体健康的担忧,1.25,1.3333333333333333
doubao-seed-2-0-mini-260428,151156304002,151156304002,273,无明显生活烦恼,1.5,1.0
doubao-seed-2-0-mini-260428,330102216002,330102216002,274,无明显生活烦恼,1.0,1.3333333333333333
doubao-seed-2-0-mini-260428,54249319001,54249319001,275,对身体健康的担忧,2.0,1.6666666666666667
doubao-seed-2-0-mini-260428,280154119002,280154119002,276,对身体健康的担忧,1.75,2.0
doubao-seed-2-0-mini-260428,74631115001,74631115001,277,家庭关系或陪伴困扰,2.0,1.6666666666666667
doubao-seed-2-0-mini-260428,268606121002,268606121002,278,无法适应新事物或自我价值感下降,2.0,1.0
doubao-seed-2-0-mini-260428,274951126001,274951126001,279,对身体健康的担忧,2.0,1.3333333333333333
doubao-seed-2-0-mini-260428,205304104002,205304104002,280,家庭关系或陪伴困扰,2.0,
doubao-seed-2-0-mini-260428,75504303001,75504303001,281,无明显生活烦恼,1.5,1.3333333333333333
doubao-seed-2-0-mini-260428,111154102002,111154102002,282,无明显生活烦恼,1.0,1.0
doubao-seed-2-0-mini-260428,334631301002,334631301002,283,无明显生活烦恼,2.0,1.6666666666666667
doubao-seed-2-0-mini-260428,295331110001,295331110001,284,对身体健康的担忧,2.0,1.3333333333333333
doubao-seed-2-0-mini-260428,14643125002,14643125002,285,家庭关系或陪伴困扰,1.75,1.6666666666666667
doubao-seed-2-0-mini-260428,151156304002,151156304002,286,无明显生活烦恼,2.0,1.0
doubao-seed-2-0-mini-260428,56059309001,56059309001,287,孤独/人际交往缺失,2.0,2.0
doubao-seed-2-0-mini-260428,330131304001,330131304001,288,家庭关系或陪伴困扰,2.0,1.6666666666666667
doubao-seed-2-0-mini-260428,10451225001,10451225001,289,孤独/人际交往缺失,1.5,1.3333333333333333
doubao-seed-2-0-mini-260428,58202129002,58202129002,290,孤独/人际交往缺失,1.0,1.3333333333333333
doubao-seed-2-0-mini-260428,281104205001,281104205001,291,对身体健康的担忧,1.75,0.6666666666666666
doubao-seed-2-0-mini-260428,158278218002,158278218002,292,无明显生活烦恼,1.5,
doubao-seed-2-0-mini-260428,285502117001,285502117001,293,家庭关系或陪伴困扰,1.0,1.3333333333333333
doubao-seed-2-0-mini-260428,108259301002,108259301002,294,对身体健康的担忧,2.0,1.6666666666666667
doubao-seed-2-0-mini-260428,105381315001,105381315001,295,家庭关系或陪伴困扰,1.25,0.3333333333333333
doubao-seed-2-0-mini-260428,30476138001,30476138001,296,无明显生活烦恼,2.0,0.6666666666666666
doubao-seed-2-0-mini-260428,160104117002,160104117002,297,无明显生活烦恼,1.5,1.3333333333333333
doubao-seed-2-0-mini-260428,285502212002,285502212002,298,无明显生活烦恼,1.75,1.3333333333333333
doubao-seed-2-0-mini-260428,108259307002,108259307002,299,对身体健康的担忧,1.5,1.6666666666666667
doubao-seed-2-0-mini-260428,138202231002,138202231002,300,对身体健康的担忧,1.75,1.6666666666666667
doubao-seed-2-0-mini-260428,205304101002,205304101002,301,无法适应新事物或自我价值感下降,1.0,1.3333333333333333
doubao-seed-2-0-mini-260428,345233328002,345233328002,302,无明显生活烦恼,1.25,1.3333333333333333
doubao-seed-2-0-mini-260428,330131305002,330131305002,303,无明显生活烦恼,1.25,1.0
doubao-seed-2-0-mini-260428,324681330001,324681330001,304,对身体健康的担忧,2.75,1.6666666666666667
doubao-seed-2-0-mini-260428,151156111001,151156111001,305,无明显生活烦恼,2.0,1.3333333333333333
doubao-seed-2-0-mini-260428,158278204002,158278204002,306,无明显生活烦恼,2.0,1.3333333333333333
doubao-seed-2-0-mini-260428,108259326001,108259326001,307,对身体健康的担忧,1.5,0.0
doubao-seed-2-0-mini-260428,324681217002,324681217002,308,对身体健康的担忧,1.25,1.0
doubao-seed-2-0-mini-260428,154628304003,154628304003,309,无明显生活烦恼,2.0,1.6666666666666667
doubao-seed-2-0-mini-260428,154628208001,154628208001,310,无明显生活烦恼,2.0,1.0
doubao-seed-2-0-mini-260428,34043303001,34043303001,311,无明显生活烦恼,1.0,0.6666666666666666
doubao-seed-2-0-mini-260428,347763209001,347763209001,312,家庭关系或陪伴困扰,1.0,1.3333333333333333
doubao-seed-2-0-mini-260428,14051211001,14051211001,313,孤独/人际交往缺失,2.0,1.6666666666666667
doubao-seed-2-0-mini-260428,202454131001,202454131001,314,家庭关系或陪伴困扰,1.75,1.3333333333333333
doubao-seed-character-260628,57457126001,57457126001,1,对身体健康的担忧,1.0,0.3333333333333333
doubao-seed-character-260628,75376243001,75376243001,2,无明显生活烦恼,1.0,0.0
doubao-seed-character-260628,324078110002,324078110002,3,无法适应新事物或自我价值感下降,1.0,1.6666666666666667
doubao-seed-character-260628,175531118001,175531118001,4,无明显生活烦恼,1.25,1.0
doubao-seed-character-260628,14643113001,14643113001,5,孤独/人际交往缺失,1.75,1.6666666666666667
doubao-seed-character-260628,111154127001,111154127001,6,对身体健康的担忧,2.0,1.6666666666666667
doubao-seed-character-260628,338231328001,338231328001,7,无明显生活烦恼,1.75,0.6666666666666666
doubao-seed-character-260628,51606117001,51606117001,8,对身体健康的担忧,2.0,1.6666666666666667
doubao-seed-character-260628,324045114001,324045114001,9,孤独/人际交往缺失,1.0,2.0
doubao-seed-character-260628,18206219002,18206219002,10,无明显生活烦恼,2.25,1.0
doubao-seed-character-260628,64604125002,64604125002,11,对身体健康的担忧,1.25,1.3333333333333333
doubao-seed-character-260628,161159310001,161159310001,12,无明显生活烦恼,1.0,0.0
doubao-seed-character-260628,281104130001,281104130001,13,无明显生活烦恼,1.0,0.6666666666666666
doubao-seed-character-260628,134902123001,134902123001,14,孤独/人际交往缺失,1.75,2.0
doubao-seed-character-260628,122490220001,122490220001,15,家庭关系或陪伴困扰,2.25,1.3333333333333333
doubao-seed-character-260628,56302330002,56302330002,16,无法适应新事物或自我价值感下降,2.25,1.6666666666666667
doubao-seed-character-260628,291676308001,291676308001,17,孤独/人际交往缺失,1.75,2.0
doubao-seed-character-260628,75504213002,75504213002,18,无明显生活烦恼,1.5,1.0
doubao-seed-character-260628,184037213001,184037213001,19,家庭关系或陪伴困扰,2.0,1.6666666666666667
doubao-seed-character-260628,154058307002,154058307002,20,对身体健康的担忧,1.25,1.0
doubao-seed-character-260628,207406312001,207406312001,21,家庭关系或陪伴困扰,1.5,1.3333333333333333
doubao-seed-character-260628,154044202001,154044202001,22,无明显生活烦恼,1.0,1.0
doubao-seed-character-260628,266059222001,266059222001,23,无明显生活烦恼,1.0,0.6666666666666666
doubao-seed-character-260628,30476124001,30476124001,24,孤独/人际交往缺失,1.0,1.6666666666666667
doubao-seed-character-260628,135559225002,135559225002,25,家庭关系或陪伴困扰,2.25,2.0
doubao-seed-character-260628,211176334001,211176334001,26,家庭关系或陪伴困扰,1.0,2.0
doubao-seed-character-260628,14031307002,14031307002,27,对身体健康的担忧,2.0,2.0
doubao-seed-character-260628,105102322002,105102322002,31,对身体健康的担忧,1.0,2.0
doubao-seed-character-260628,105102306002,105102306002,32,无明显生活烦恼,2.0,0.6666666666666666
doubao-seed-character-260628,134902216001,134902216001,33,对身体健康的担忧,2.0,2.0
doubao-seed-character-260628,211176105002,211176105002,34,家庭关系或陪伴困扰,1.25,1.6666666666666667
doubao-seed-character-260628,280154309002,280154309002,28,对身体健康的担忧,2.0,2.0
doubao-seed-character-260628,200104317001,200104317001,29,对身体健康的担忧,1.0,2.0
doubao-seed-character-260628,34043224002,34043224002,30,对身体健康的担忧,1.5,1.0
doubao-seed-character-260628,241116202002,241116202002,35,对身体健康的担忧,1.0,2.0
doubao-seed-character-260628,64028317002,64028317002,36,家庭关系或陪伴困扰,2.5,1.6666666666666667
doubao-seed-character-260628,64028314002,64028314002,37,家庭关系或陪伴困扰,1.0,1.6666666666666667
doubao-seed-character-260628,266306205002,266306205002,38,无明显生活烦恼,1.75,1.3333333333333333
doubao-seed-character-260628,57633243002,57633243002,39,家庭关系或陪伴困扰,2.25,2.0
doubao-seed-character-260628,202454131002,202454131002,40,家庭关系或陪伴困扰,1.5,1.3333333333333333
doubao-seed-character-260628,153859115002,153859115002,41,无明显生活烦恼,1.75,1.0
doubao-seed-character-260628,64028310001,64028310001,42,无明显生活烦恼,2.0,0.6666666666666666
doubao-seed-character-260628,158278201002,158278201002,43,对身体健康的担忧,2.0,1.6666666666666667
doubao-seed-character-260628,150478205001,150478205001,44,家庭关系或陪伴困扰,1.25,1.6666666666666667
doubao-seed-character-260628,281104122003,281104122003,45,对身体健康的担忧,1.0,1.6666666666666667
doubao-seed-character-260628,110131321002,110131321002,46,无明显生活烦恼,2.0,1.3333333333333333
doubao-seed-character-260628,298245106002,298245106002,47,孤独/人际交往缺失,1.75,2.0
doubao-seed-character-260628,266059305001,266059305001,48,家庭关系或陪伴困扰,2.25,1.6666666666666667
doubao-seed-character-260628,54054110001,54054110001,49,无明显生活烦恼,1.0,1.3333333333333333
doubao-seed-character-260628,338231202001,338231202001,50,无明显生活烦恼,1.0,1.3333333333333333
doubao-seed-character-260628,10206118001,10206118001,51,对身体健康的担忧,1.0,1.3333333333333333
doubao-seed-character-260628,244676309001,244676309001,52,无法适应新事物或自我价值感下降,2.5,2.0
doubao-seed-character-260628,10233105002,10233105002,53,对身体健康的担忧,1.5,2.0
doubao-seed-character-260628,320146222002,320146222002,54,家庭关系或陪伴困扰,1.75,2.0
doubao-seed-character-260628,280154108002,280154108002,55,无明显生活烦恼,1.5,0.0
doubao-seed-character-260628,294099132002,294099132002,56,无明显生活烦恼,1.0,0.6666666666666666
doubao-seed-character-260628,151156320002,151156320002,57,对身体健康的担忧,1.5,2.0
doubao-seed-character-260628,296081302001,296081302001,58,对身体健康的担忧,1.0,1.3333333333333333
doubao-seed-character-260628,65546103002,65546103002,59,对身体健康的担忧,2.0,1.6666666666666667
doubao-seed-character-260628,154058321002,154058321002,60,对身体健康的担忧,1.25,1.6666666666666667
doubao-seed-character-260628,14051113002,14051113002,61,家庭关系或陪伴困扰,2.0,1.6666666666666667
doubao-seed-character-260628,75504205002,75504205002,62,家庭关系或陪伴困扰,2.0,1.6666666666666667
doubao-seed-character-260628,154628117001,154628117001,63,无明显生活烦恼,1.75,1.0
doubao-seed-character-260628,162431111003,162431111003,64,无明显生活烦恼,2.0,0.0
doubao-seed-character-260628,320146132002,320146132002,65,家庭关系或陪伴困扰,1.75,1.6666666666666667
doubao-seed-character-260628,104004221001,104004221001,66,对身体健康的担忧,1.25,1.0
doubao-seed-character-260628,205304214001,205304214001,67,无明显生活烦恼,1.0,1.0
doubao-seed-character-260628,204028208001,204028208001,68,无明显生活烦恼,1.0,1.3333333333333333
doubao-seed-character-260628,122490104002,122490104002,69,孤独/人际交往缺失,1.75,1.6666666666666667
doubao-seed-character-260628,30476203001,30476203001,70,无明显生活烦恼,1.0,2.0
doubao-seed-character-260628,280154302001,280154302001,71,家庭关系或陪伴困扰,1.0,1.6666666666666667
doubao-seed-character-260628,108206101002,108206101002,72,对身体健康的担忧,1.5,1.3333333333333333
doubao-seed-character-260628,56346322001,56346322001,73,对身体健康的担忧,2.0,2.0
doubao-seed-character-260628,135559225002,135559225002,74,家庭关系或陪伴困扰,1.0,1.3333333333333333
doubao-seed-character-260628,138202125002,138202125002,75,对身体健康的担忧,1.0,1.6666666666666667
doubao-seed-character-260628,60440205001,60440205001,76,对身体健康的担忧,1.0,1.3333333333333333
doubao-seed-character-260628,141154325001,141154325001,77,家庭关系或陪伴困扰,1.5,1.6666666666666667
doubao-seed-character-260628,74631307001,74631307001,78,对身体健康的担忧,1.0,1.6666666666666667
doubao-seed-character-260628,280154331001,280154331001,79,家庭关系或陪伴困扰,1.0,1.6666666666666667
doubao-seed-character-260628,321116113001,321116113001,80,家庭关系或陪伴困扰,1.75,1.6666666666666667
doubao-seed-character-260628,116006312001,116006312001,81,孤独/人际交往缺失,1.5,1.6666666666666667
doubao-seed-character-260628,184037219001,184037219001,82,无明显生活烦恼,1.0,1.3333333333333333
doubao-seed-character-260628,64033334001,64033334001,83,孤独/人际交往缺失,1.75,2.0
doubao-seed-character-260628,150478210001,150478210001,84,无明显生活烦恼,1.0,1.3333333333333333
doubao-seed-character-260628,151156311001,151156311001,85,无法适应新事物或自我价值感下降,1.0,1.6666666666666667
doubao-seed-character-260628,271806118001,271806118001,86,对身体健康的担忧,1.0,1.6666666666666667
doubao-seed-character-260628,60481225002,60481225002,87,家庭关系或陪伴困扰,1.0,1.6666666666666667
doubao-seed-character-260628,94004111001,94004111001,89,家庭关系或陪伴困扰,2.25,2.0
doubao-seed-character-260628,326359105002,326359105002,90,对身体健康的担忧,1.0,0.3333333333333333
doubao-seed-character-260628,202454134001,202454134001,91,对身体健康的担忧,2.0,2.0
doubao-seed-character-260628,124099315002,124099315002,92,家庭关系或陪伴困扰,1.25,2.0
doubao-seed-character-260628,134004112002,134004112002,93,无明显生活烦恼,1.0,2.0
doubao-seed-character-260628,275559307001,275559307001,94,家庭关系或陪伴困扰,1.0,1.0
doubao-seed-character-260628,271806130001,271806130001,95,孤独/人际交往缺失,1.5,1.6666666666666667
doubao-seed-character-260628,64028102001,64028102001,96,无明显生活烦恼,1.75,1.0
doubao-seed-character-260628,281116308001,281116308001,97,无明显生活烦恼,1.5,1.3333333333333333
doubao-seed-character-260628,275559318001,275559318001,98,无明显生活烦恼,1.5,0.3333333333333333
doubao-seed-character-260628,65546119001,65546119001,99,对身体健康的担忧,2.0,2.0
doubao-seed-character-260628,205304101002,205304101002,100,无法适应新事物或自我价值感下降,1.25,2.0
doubao-seed-character-260628,241116332002,241116332002,101,家庭关系或陪伴困扰,1.75,1.6666666666666667
doubao-seed-character-260628,64033129001,64033129001,102,无明显生活烦恼,1.0,0.0
doubao-seed-character-260628,110131213002,110131213002,103,对身体健康的担忧,1.75,1.6666666666666667
doubao-seed-character-260628,294028325002,294028325002,152,无明显生活烦恼,1.0,1.0
doubao-seed-character-260628,244056210002,244056210002,153,无明显生活烦恼,1.5,2.0
doubao-seed-character-260628,244056306002,244056306002,154,无法适应新事物或自我价值感下降,1.25,2.0
doubao-seed-character-260628,184037216001,184037216001,155,对身体健康的担忧,2.0,1.6666666666666667
doubao-seed-character-260628,141154206002,141154206002,88,对身体健康的担忧,1.0,0.3333333333333333
doubao-seed-character-260628,262728314002,262728314002,104,对身体健康的担忧,2.0,1.6666666666666667
doubao-seed-character-260628,241116221001,241116221001,105,家庭关系或陪伴困扰,1.25,2.0
doubao-seed-character-260628,275559328001,275559328001,106,家庭关系或陪伴困扰,2.0,1.6666666666666667
doubao-seed-character-260628,54054108002,54054108002,107,无明显生活烦恼,2.0,1.0
doubao-seed-character-260628,154044310001,154044310001,108,家庭关系或陪伴困扰,2.0,1.6666666666666667
doubao-seed-character-260628,270402209001,270402209001,109,对身体健康的担忧,1.25,1.3333333333333333
doubao-seed-character-260628,58202220001,58202220001,110,对身体健康的担忧,1.0,0.6666666666666666
doubao-seed-character-260628,65546218001,65546218001,111,无明显生活烦恼,1.5,0.3333333333333333
doubao-seed-character-260628,138202135001,138202135001,112,无明显生活烦恼,1.25,1.0
doubao-seed-character-260628,112744316002,112744316002,113,家庭关系或陪伴困扰,2.0,1.6666666666666667
doubao-seed-character-260628,74057123001,74057123001,114,无明显生活烦恼,1.75,1.0
doubao-seed-character-260628,10206323002,10206323002,115,对身体健康的担忧,1.0,1.6666666666666667
doubao-seed-character-260628,74002116002,74002116002,116,对身体健康的担忧,1.0,2.0
doubao-seed-character-260628,241116304002,241116304002,117,无明显生活烦恼,1.0,0.3333333333333333
doubao-seed-character-260628,142403341002,142403341002,118,无明显生活烦恼,1.0,1.3333333333333333
doubao-seed-character-260628,56604129001,56604129001,119,家庭关系或陪伴困扰,1.0,1.3333333333333333
doubao-seed-character-260628,72428222002,72428222002,120,家庭关系或陪伴困扰,2.5,2.0
doubao-seed-character-260628,141154304002,141154304002,121,家庭关系或陪伴困扰,1.0,2.0
doubao-seed-character-260628,294099231003,294099231003,122,无明显生活烦恼,1.75,1.0
doubao-seed-character-260628,34043123001,34043123001,123,无明显生活烦恼,1.0,0.3333333333333333
doubao-seed-character-260628,274951110001,274951110001,124,无明显生活烦恼,2.75,0.6666666666666666
doubao-seed-character-260628,34676116002,34676116002,125,无明显生活烦恼,1.75,0.0
doubao-seed-character-260628,175531321001,175531321001,126,孤独/人际交往缺失,2.0,1.6666666666666667
doubao-seed-character-260628,321131210001,321131210001,127,无明显生活烦恼,1.75,1.0
doubao-seed-character-260628,241116320001,241116320001,128,家庭关系或陪伴困扰,2.0,2.0
doubao-seed-character-260628,244056227001,244056227001,129,无明显生活烦恼,1.0,0.0
doubao-seed-character-260628,74002112001,74002112001,130,无明显生活烦恼,1.25,2.0
doubao-seed-character-260628,154058310002,154058310002,131,无明显生活烦恼,1.5,1.3333333333333333
doubao-seed-character-260628,266059202002,266059202002,132,无明显生活烦恼,1.5,1.3333333333333333
doubao-seed-character-260628,184037201002,184037201002,133,家庭关系或陪伴困扰,1.0,1.6666666666666667
doubao-seed-character-260628,211154232001,211154232001,134,孤独/人际交往缺失,2.0,1.6666666666666667
doubao-seed-character-260628,345233228002,345233228002,135,孤独/人际交往缺失,1.25,2.0
doubao-seed-character-260628,116006116001,116006116001,136,无明显生活烦恼,2.0,1.3333333333333333
doubao-seed-character-260628,266059204001,266059204001,137,无法适应新事物或自我价值感下降,1.0,2.0
doubao-seed-character-260628,10233105002,10233105002,138,对身体健康的担忧,1.0,1.0
doubao-seed-character-260628,298245316002,298245316002,139,无明显生活烦恼,1.75,1.0
doubao-seed-character-260628,296081233002,296081233002,140,无明显生活烦恼,1.0,1.0
doubao-seed-character-260628,296081115001,296081115001,141,无明显生活烦恼,1.0,0.6666666666666666
doubao-seed-character-260628,60440124001,60440124001,142,对身体健康的担忧,1.0,2.0
doubao-seed-character-260628,194037336001,194037336001,143,对身体健康的担忧,1.25,1.0
doubao-seed-character-260628,202454220001,202454220001,144,孤独/人际交往缺失,1.0,1.6666666666666667
doubao-seed-character-260628,153859111002,153859111002,145,无明显生活烦恼,1.5,0.0
doubao-seed-character-260628,14031322002,14031322002,146,家庭关系或陪伴困扰,1.75,1.6666666666666667
doubao-seed-character-260628,347763115002,347763115002,147,无明显生活烦恼,1.5,0.6666666666666666
doubao-seed-character-260628,347763302001,347763302001,148,家庭关系或陪伴困扰,1.0,
doubao-seed-character-260628,261676110002,261676110002,149,孤独/人际交往缺失,2.0,1.6666666666666667
doubao-seed-character-260628,295331315002,295331315002,150,无明显生活烦恼,2.25,0.6666666666666666
doubao-seed-character-260628,175531322002,175531322002,151,无明显生活烦恼,1.0,1.3333333333333333
doubao-seed-character-260628,211176120002,211176120002,156,孤独/人际交往缺失,2.0,1.6666666666666667
doubao-seed-character-260628,154058209001,154058209001,157,无明显生活烦恼,1.25,1.0
doubao-seed-character-260628,151156109002,151156109002,158,家庭关系或陪伴困扰,2.0,0.6666666666666666
doubao-seed-character-260628,288251231001,288251231001,159,对身体健康的担忧,1.0,1.6666666666666667
doubao-seed-character-260628,150478113001,150478113001,160,孤独/人际交往缺失,1.75,1.6666666666666667
doubao-seed-character-260628,111154107001,111154107001,161,无明显生活烦恼,1.25,2.0
doubao-seed-character-260628,14643316002,14643316002,162,对身体健康的担忧,2.0,1.0
doubao-seed-character-260628,296331123002,296331123002,163,对身体健康的担忧,1.5,2.0
doubao-seed-character-260628,134902222002,134902222002,164,家庭关系或陪伴困扰,1.75,1.6666666666666667
doubao-seed-character-260628,134902306001,134902306001,165,无明显生活烦恼,2.0,0.3333333333333333
doubao-seed-character-260628,321116307002,321116307002,166,对身体健康的担忧,1.0,1.3333333333333333
doubao-seed-character-260628,265359333002,265359333002,167,无明显生活烦恼,1.0,0.6666666666666666
doubao-seed-character-260628,275559214002,275559214002,168,孤独/人际交往缺失,1.25,1.3333333333333333
doubao-seed-character-260628,104004216002,104004216002,169,家庭关系或陪伴困扰,1.0,1.3333333333333333
doubao-seed-character-260628,58659336002,58659336002,170,无明显生活烦恼,1.25,1.3333333333333333
doubao-seed-character-260628,174643308001,174643308001,171,孤独/人际交往缺失,1.0,1.6666666666666667
doubao-seed-character-260628,30476203002,30476203002,172,无明显生活烦恼,1.0,2.0
doubao-seed-character-260628,161159216001,161159216001,173,孤独/人际交往缺失,1.0,2.0
doubao-seed-character-260628,296081128002,296081128002,174,家庭关系或陪伴困扰,2.0,1.3333333333333333
doubao-seed-character-260628,56043123001,56043123001,175,无明显生活烦恼,1.0,0.3333333333333333
doubao-seed-character-260628,334631128001,334631128001,176,对身体健康的担忧,1.0,1.6666666666666667
doubao-seed-character-260628,175531212002,175531212002,177,无明显生活烦恼,1.75,1.3333333333333333
doubao-seed-character-260628,56302136001,56302136001,178,家庭关系或陪伴困扰,2.0,1.6666666666666667
doubao-seed-character-260628,134902327001,134902327001,179,孤独/人际交往缺失,1.75,1.6666666666666667
doubao-seed-character-260628,74981218001,74981218001,180,对身体健康的担忧,1.0,1.3333333333333333
doubao-seed-character-260628,177402120001,177402120001,181,无明显生活烦恼,2.75,0.6666666666666666
doubao-seed-character-260628,154058322001,154058322001,182,家庭关系或陪伴困扰,2.0,1.0
doubao-seed-character-260628,177402135002,177402135002,183,无明显生活烦恼,1.0,0.0
doubao-seed-character-260628,151156318001,151156318001,184,无明显生活烦恼,2.0,1.0
doubao-seed-character-260628,347763304002,347763304002,185,无明显生活烦恼,1.0,1.6666666666666667
doubao-seed-character-260628,65546132001,65546132001,186,无明显生活烦恼,1.0,0.0
doubao-seed-character-260628,296081138001,296081138001,187,无明显生活烦恼,2.0,0.3333333333333333
doubao-seed-character-260628,57633117002,57633117002,188,无明显生活烦恼,2.0,0.0
doubao-seed-character-260628,296006201002,296006201002,189,无明显生活烦恼,1.25,0.6666666666666666
doubao-seed-character-260628,112744211002,112744211002,190,无明显生活烦恼,1.5,1.0
doubao-seed-character-260628,162431228001,162431228001,191,家庭关系或陪伴困扰,1.0,1.6666666666666667
doubao-seed-character-260628,241116116001,241116116001,192,无明显生活烦恼,2.5,0.6666666666666666
doubao-seed-character-260628,168231321002,168231321002,193,无明显生活烦恼,1.0,0.0
doubao-seed-character-260628,330131314001,330131314001,194,无明显生活烦恼,1.0,1.0
doubao-seed-character-260628,64604310002,64604310002,195,无明显生活烦恼,1.0,0.3333333333333333
doubao-seed-character-260628,324078327001,324078327001,196,家庭关系或陪伴困扰,2.0,1.6666666666666667
doubao-seed-character-260628,241116129001,241116129001,197,无明显生活烦恼,1.5,0.0
doubao-seed-character-260628,324045138002,324045138002,198,无明显生活烦恼,1.25,1.0
doubao-seed-character-260628,175531317002,175531317002,199,无明显生活烦恼,1.0,1.3333333333333333
doubao-seed-character-260628,297439202001,297439202001,200,孤独/人际交往缺失,2.0,1.6666666666666667
doubao-seed-character-260628,330102318002,330102318002,201,孤独/人际交往缺失,1.25,1.6666666666666667
doubao-seed-character-260628,296081128001,296081128001,202,孤独/人际交往缺失,1.0,1.6666666666666667
doubao-seed-character-260628,321116208002,321116208002,203,无明显生活烦恼,3.0,1.3333333333333333
doubao-seed-character-260628,321659309002,321659309002,204,家庭关系或陪伴困扰,2.0,2.0
doubao-seed-character-260628,261676239001,261676239001,205,无明显生活烦恼,1.5,0.3333333333333333
doubao-seed-character-260628,78233308001,78233308001,206,对身体健康的担忧,1.0,2.0
doubao-seed-character-260628,117489210001,117489210001,207,无明显生活烦恼,1.0,0.3333333333333333
doubao-seed-character-260628,116006208001,116006208001,208,对身体健康的担忧,1.0,1.3333333333333333
doubao-seed-character-260628,110131308002,110131308002,209,无明显生活烦恼,1.25,0.3333333333333333
doubao-seed-character-260628,204906235001,204906235001,210,对身体健康的担忧,1.75,1.3333333333333333
doubao-seed-character-260628,122490107002,122490107002,211,对身体健康的担忧,1.25,1.6666666666666667
doubao-seed-character-260628,202454119001,202454119001,212,对身体健康的担忧,1.5,1.6666666666666667
doubao-seed-character-260628,281104122001,281104122001,213,家庭关系或陪伴困扰,1.25,1.6666666666666667
doubao-seed-character-260628,60481225001,60481225001,214,对身体健康的担忧,1.0,2.0
doubao-seed-character-260628,184037316002,184037316002,215,家庭关系或陪伴困扰,2.0,2.0
doubao-seed-character-260628,134004327001,134004327001,216,无法适应新事物或自我价值感下降,1.25,2.0
doubao-seed-character-260628,326346326002,326346326002,217,对身体健康的担忧,1.0,1.6666666666666667
doubao-seed-character-260628,56059316001,56059316001,218,对身体健康的担忧,2.75,1.6666666666666667
doubao-seed-character-260628,158278316001,158278316001,219,对身体健康的担忧,1.0,2.0
doubao-seed-character-260628,324681112001,324681112001,220,对身体健康的担忧,2.0,2.0
doubao-seed-character-260628,10451307002,10451307002,221,无明显生活烦恼,2.0,1.0
doubao-seed-character-260628,111154234001,111154234001,222,无明显生活烦恼,1.0,0.6666666666666666
doubao-seed-character-260628,122490332001,122490332001,223,家庭关系或陪伴困扰,2.0,2.0
doubao-seed-character-260628,262728314002,262728314002,224,对身体健康的担忧,2.0,1.6666666666666667
doubao-seed-character-260628,57457105001,57457105001,225,无明显生活烦恼,1.0,0.6666666666666666
doubao-seed-character-260628,184037118001,184037118001,226,无明显生活烦恼,2.25,0.6666666666666666
doubao-seed-character-260628,294099321001,294099321001,227,无明显生活烦恼,1.0,1.3333333333333333
doubao-seed-character-260628,265359305001,265359305001,228,对身体健康的担忧,2.0,2.0
doubao-seed-character-260628,162431203001,162431203001,229,孤独/人际交往缺失,2.0,2.0
doubao-seed-character-260628,10104310001,10104310001,230,孤独/人际交往缺失,1.75,2.0
doubao-seed-character-260628,271806309001,271806309001,231,对身体健康的担忧,2.0,1.6666666666666667
doubao-seed-character-260628,154676127001,154676127001,232,无明显生活烦恼,1.5,1.3333333333333333
doubao-seed-character-260628,265576234002,265576234002,233,对身体健康的担忧,2.5,1.6666666666666667
doubao-seed-character-260628,65546306002,65546306002,234,对身体健康的担忧,2.0,1.6666666666666667
doubao-seed-character-260628,334002302001,334002302001,235,无明显生活烦恼,2.0,0.3333333333333333
doubao-seed-character-260628,271806301002,271806301002,236,对身体健康的担忧,1.0,1.6666666666666667
doubao-seed-character-260628,14643121001,14643121001,237,对身体健康的担忧,1.25,1.3333333333333333
doubao-seed-character-260628,154058312001,154058312001,238,无明显生活烦恼,1.0,0.6666666666666666
doubao-seed-character-260628,54054211001,54054211001,239,无法适应新事物或自我价值感下降,1.0,2.0
doubao-seed-character-260628,338231228001,338231228001,240,对身体健康的担忧,1.0,1.6666666666666667
doubao-seed-character-260628,330102222003,330102222003,241,无明显生活烦恼,1.0,1.3333333333333333
doubao-seed-character-260628,274951108001,274951108001,242,家庭关系或陪伴困扰,2.0,1.6666666666666667
doubao-seed-character-260628,74981206001,74981206001,243,家庭关系或陪伴困扰,2.75,1.6666666666666667
doubao-seed-character-260628,154044136002,154044136002,244,无明显生活烦恼,1.0,0.6666666666666666
doubao-seed-character-260628,134902229001,134902229001,245,无法适应新事物或自我价值感下降,1.0,1.6666666666666667
doubao-seed-character-260628,74004305001,74004305001,246,孤独/人际交往缺失,2.0,2.0
doubao-seed-character-260628,296006236002,296006236002,247,无明显生活烦恼,1.0,1.0
doubao-seed-character-260628,64604120001,64604120001,248,孤独/人际交往缺失,1.0,2.0
doubao-seed-character-260628,292458229001,292458229001,249,无明显生活烦恼,2.5,0.6666666666666666
doubao-seed-character-260628,296331223002,296331223002,250,对身体健康的担忧,1.0,1.3333333333333333
doubao-seed-character-260628,104004124001,104004124001,251,无明显生活烦恼,1.0,0.0
doubao-seed-character-260628,320146209002,320146209002,252,对身体健康的担忧,1.25,1.3333333333333333
doubao-seed-character-260628,58202217002,58202217002,253,家庭关系或陪伴困扰,2.0,2.0
doubao-seed-character-260628,56043320001,56043320001,254,无明显生活烦恼,2.0,1.3333333333333333
doubao-seed-character-260628,34676202001,34676202001,255,无法适应新事物或自我价值感下降,2.0,1.6666666666666667
doubao-seed-character-260628,151156304001,151156304001,256,对身体健康的担忧,1.0,1.6666666666666667
doubao-seed-character-260628,105381333002,105381333002,257,无明显生活烦恼,1.25,0.6666666666666666
doubao-seed-character-260628,194037120001,194037120001,258,对身体健康的担忧,1.5,2.0
doubao-seed-character-260628,154676113001,154676113001,259,无明显生活烦恼,1.0,
doubao-seed-character-260628,166006327001,166006327001,260,家庭关系或陪伴困扰,2.25,2.0
doubao-seed-character-260628,105102207001,105102207001,261,对身体健康的担忧,2.0,2.0
doubao-seed-character-260628,56604114001,56604114001,262,家庭关系或陪伴困扰,1.25,1.3333333333333333
doubao-seed-character-260628,151156309002,151156309002,263,无明显生活烦恼,2.0,1.3333333333333333
doubao-seed-character-260628,321131217001,321131217001,264,无明显生活烦恼,1.75,1.3333333333333333
doubao-seed-character-260628,202454324002,202454324002,265,对身体健康的担忧,1.5,1.3333333333333333
doubao-seed-character-260628,288251116001,288251116001,266,无明显生活烦恼,1.5,1.3333333333333333
doubao-seed-character-260628,94004216001,94004216001,267,家庭关系或陪伴困扰,2.0,1.6666666666666667
doubao-seed-character-260628,54054234001,54054234001,268,对身体健康的担忧,1.25,1.3333333333333333
doubao-seed-character-260628,275559211001,275559211001,269,对身体健康的担忧,2.0,1.3333333333333333
doubao-seed-character-260628,244604211001,244604211001,270,无明显生活烦恼,2.0,0.6666666666666666
doubao-seed-character-260628,117489216001,117489216001,271,无明显生活烦恼,2.0,0.6666666666666666
doubao-seed-character-260628,184037317001,184037317001,272,对身体健康的担忧,1.75,1.6666666666666667
doubao-seed-character-260628,151156304002,151156304002,273,无明显生活烦恼,2.0,1.0
doubao-seed-character-260628,330102216002,330102216002,274,无明显生活烦恼,1.75,1.3333333333333333
doubao-seed-character-260628,54249319001,54249319001,275,对身体健康的担忧,1.75,1.6666666666666667
doubao-seed-character-260628,280154119002,280154119002,276,对身体健康的担忧,1.5,1.6666666666666667
doubao-seed-character-260628,74631115001,74631115001,277,家庭关系或陪伴困扰,2.25,1.3333333333333333
doubao-seed-character-260628,268606121002,268606121002,278,无法适应新事物或自我价值感下降,2.0,1.0
doubao-seed-character-260628,274951126001,274951126001,279,对身体健康的担忧,2.0,1.6666666666666667
doubao-seed-character-260628,205304104002,205304104002,280,家庭关系或陪伴困扰,2.0,1.3333333333333333
doubao-seed-character-260628,75504303001,75504303001,281,无明显生活烦恼,2.0,1.0
doubao-seed-character-260628,111154102002,111154102002,282,无明显生活烦恼,1.0,1.0
doubao-seed-character-260628,334631301002,334631301002,283,无明显生活烦恼,2.0,1.0
doubao-seed-character-260628,295331110001,295331110001,284,对身体健康的担忧,1.75,1.6666666666666667
doubao-seed-character-260628,14643125002,14643125002,285,家庭关系或陪伴困扰,1.75,1.0
doubao-seed-character-260628,151156304002,151156304002,286,无明显生活烦恼,1.75,1.0
doubao-seed-character-260628,56059309001,56059309001,287,孤独/人际交往缺失,1.75,1.3333333333333333
doubao-seed-character-260628,330131304001,330131304001,288,家庭关系或陪伴困扰,1.75,1.6666666666666667
doubao-seed-character-260628,10451225001,10451225001,289,孤独/人际交往缺失,1.0,1.3333333333333333
doubao-seed-character-260628,58202129002,58202129002,290,孤独/人际交往缺失,1.25,0.3333333333333333
doubao-seed-character-260628,281104205001,281104205001,291,对身体健康的担忧,1.75,1.6666666666666667
doubao-seed-character-260628,158278218002,158278218002,292,无明显生活烦恼,2.0,0.6666666666666666
doubao-seed-character-260628,285502117001,285502117001,293,家庭关系或陪伴困扰,1.0,1.3333333333333333
doubao-seed-character-260628,108259301002,108259301002,294,对身体健康的担忧,1.75,1.3333333333333333
doubao-seed-character-260628,105381315001,105381315001,295,家庭关系或陪伴困扰,1.75,1.6666666666666667
doubao-seed-character-260628,30476138001,30476138001,296,无明显生活烦恼,2.0,1.0
doubao-seed-character-260628,160104117002,160104117002,297,无明显生活烦恼,1.5,1.3333333333333333
doubao-seed-character-260628,285502212002,285502212002,298,无明显生活烦恼,1.5,0.6666666666666666
doubao-seed-character-260628,108259307002,108259307002,299,对身体健康的担忧,1.25,1.6666666666666667
doubao-seed-character-260628,138202231002,138202231002,300,对身体健康的担忧,2.0,1.6666666666666667
doubao-seed-character-260628,205304101002,205304101002,301,无法适应新事物或自我价值感下降,2.0,1.6666666666666667
doubao-seed-character-260628,345233328002,345233328002,302,无明显生活烦恼,1.25,0.3333333333333333
doubao-seed-character-260628,330131305002,330131305002,303,无明显生活烦恼,1.0,1.0
doubao-seed-character-260628,324681330001,324681330001,304,对身体健康的担忧,2.25,1.0
doubao-seed-character-260628,151156111001,151156111001,305,无明显生活烦恼,1.75,0.6666666666666666
doubao-seed-character-260628,158278204002,158278204002,306,无明显生活烦恼,2.0,1.3333333333333333
doubao-seed-character-260628,108259326001,108259326001,307,对身体健康的担忧,1.25,0.6666666666666666
doubao-seed-character-260628,324681217002,324681217002,308,对身体健康的担忧,1.5,1.0
doubao-seed-character-260628,154628304003,154628304003,309,无明显生活烦恼,1.75,1.0
doubao-seed-character-260628,154628208001,154628208001,310,无明显生活烦恼,2.0,1.0
doubao-seed-character-260628,34043303001,34043303001,311,无明显生活烦恼,2.0,1.0
doubao-seed-character-260628,347763209001,347763209001,312,家庭关系或陪伴困扰,2.0,1.3333333333333333
doubao-seed-character-260628,14051211001,14051211001,313,孤独/人际交往缺失,2.0,1.6666666666666667
doubao-seed-character-260628,202454131001,202454131001,314,家庭关系或陪伴困扰,1.25,1.6666666666666667
doubao-seed-character-260628,154044315002,154044315002,315,无明显生活烦恼,1.75,1.0
doubao-seed-character-260628,204906310002,204906310002,316,无明显生活烦恼,1.75,0.6666666666666666
doubao-seed-character-260628,124099317001,124099317001,317,孤独/人际交往缺失,1.5,1.6666666666666667
doubao-seed-character-260628,151156318001,151156318001,318,无明显生活烦恼,2.0,1.0
doubao-seed-character-260628,10206206003,10206206003,319,对身体健康的担忧,1.5,1.3333333333333333
doubao-seed-character-260628,155676204001,155676204001,320,对身体健康的担忧,1.75,1.6666666666666667
doubao-seed-character-260628,288251228002,288251228002,321,孤独/人际交往缺失,1.0,1.3333333333333333
doubao-seed-character-260628,324045101002,324045101002,322,无明显生活烦恼,1.5,1.0
doubao-seed-character-260628,65546111001,65546111001,323,家庭关系或陪伴困扰,1.5,1.0
doubao-seed-character-260628,135559315002,135559315002,324,家庭关系或陪伴困扰,1.5,1.0
doubao-seed-character-260628,162431326001,162431326001,325,家庭关系或陪伴困扰,1.0,1.0
doubao-seed-character-260628,168231120002,168231120002,326,无明显生活烦恼,2.0,1.0
doubao-seed-character-260628,324078206002,324078206002,327,无明显生活烦恼,2.0,1.0
doubao-seed-character-260628,297439127002,297439127002,328,家庭关系或陪伴困扰,1.75,1.6666666666666667
doubao-seed-character-260628,330102129002,330102129002,329,对身体健康的担忧,1.75,1.6666666666666667
doubao-seed-character-260628,94004313001,94004313001,330,孤独/人际交往缺失,2.0,1.6666666666666667
doubao-seed-character-260628,57633324002,57633324002,331,无法适应新事物或自我价值感下降,1.5,1.0
doubao-seed-character-260628,46746309002,46746309002,332,孤独/人际交往缺失,2.0,1.6666666666666667
doubao-seed-character-260628,298245113001,298245113001,333,无明显生活烦恼,1.0,1.3333333333333333
doubao-seed-character-260628,175531208002,175531208002,334,孤独/人际交往缺失,1.5,1.6666666666666667
doubao-seed-character-260628,56604137002,56604137002,335,对身体健康的担忧,2.0,1.6666666666666667
doubao-seed-character-260628,110131312002,110131312002,336,无明显生活烦恼,1.25,1.3333333333333333
doubao-seed-character-260628,75376227001,75376227001,337,无明显生活烦恼,1.25,0.3333333333333333
doubao-seed-character-260628,116006209001,116006209001,338,对身体健康的担忧,1.75,1.6666666666666667
doubao-seed-character-260628,134902225002,134902225002,339,对身体健康的担忧,1.5,1.3333333333333333
doubao-seed-character-260628,285502324001,285502324001,340,对身体健康的担忧,2.0,2.0
doubao-seed-character-260628,271806112003,271806112003,341,对身体健康的担忧,1.75,1.0
doubao-seed-character-260628,60481327002,60481327002,342,对身体健康的担忧,1.75,1.6666666666666667
doubao-seed-character-260628,94004119002,94004119002,343,孤独/人际交往缺失,1.5,1.6666666666666667
doubao-seed-character-260628,261676215002,261676215002,344,对身体健康的担忧,1.5,1.3333333333333333
doubao-seed-character-260628,138202207001,138202207001,345,家庭关系或陪伴困扰,1.0,1.0
doubao-seed-character-260628,31106120001,31106120001,346,无明显生活烦恼,2.0,1.0
doubao-seed-character-260628,114604106001,114604106001,347,无明显生活烦恼,2.0,0.6666666666666666
doubao-seed-character-260628,166006334002,166006334002,348,孤独/人际交往缺失,2.0,1.6666666666666667
doubao-seed-character-260628,271806315002,271806315002,349,无明显生活烦恼,2.0,0.6666666666666666
doubao-seed-character-260628,244604313002,244604313002,350,对身体健康的担忧,1.0,1.0
doubao-seed-character-260628,194037118002,194037118002,351,无明显生活烦恼,1.0,1.0
doubao-seed-character-260628,211176203002,211176203002,352,家庭关系或陪伴困扰,2.0,1.3333333333333333
doubao-seed-character-260628,194037347002,194037347002,353,家庭关系或陪伴困扰,2.0,1.0
doubao-seed-character-260628,275559312001,275559312001,354,家庭关系或陪伴困扰,2.0,1.6666666666666667
doubao-seed-character-260628,74004306002,74004306002,355,无明显生活烦恼,1.25,1.0
doubao-seed-character-260628,265576222001,265576222001,356,无明显生活烦恼,2.25,1.0
doubao-seed-character-260628,58659203002,58659203002,357,孤独/人际交往缺失,1.5,1.3333333333333333
doubao-seed-character-260628,294099315001,294099315001,358,家庭关系或陪伴困扰,1.25,1.3333333333333333
doubao-seed-character-260628,60440137001,60440137001,359,家庭关系或陪伴困扰,1.75,1.3333333333333333
doubao-seed-character-260628,244056322001,244056322001,360,无明显生活烦恼,1.5,1.0
doubao-seed-character-260628,160104239002,160104239002,361,无明显生活烦恼,2.0,1.3333333333333333
doubao-seed-character-260628,298245314002,298245314002,362,无明显生活烦恼,1.5,1.0
doubao-seed-character-260628,292458304001,292458304001,363,无法适应新事物或自我价值感下降,1.75,0.6666666666666666
doubao-seed-character-260628,338231120001,338231120001,364,无明显生活烦恼,2.0,
doubao-seed-character-260628,134004214001,134004214001,365,无明显生活烦恼,1.0,0.3333333333333333
doubao-seed-character-260628,330404223001,330404223001,366,无明显生活烦恼,1.5,1.3333333333333333
doubao-seed-character-260628,297439120001,297439120001,367,对身体健康的担忧,1.25,1.3333333333333333
doubao-seed-character-260628,134902301002,134902301002,368,家庭关系或陪伴困扰,1.5,0.3333333333333333
doubao-seed-character-260628,177402110001,177402110001,369,孤独/人际交往缺失,2.0,1.6666666666666667
doubao-seed-character-260628,298245222002,298245222002,370,无明显生活烦恼,1.5,0.6666666666666666
doubao-seed-character-260628,294028105001,294028105001,371,对身体健康的担忧,2.0,1.0
doubao-seed-character-260628,244676316002,244676316002,372,无明显生活烦恼,2.0,1.0
doubao-seed-character-260628,296006223002,296006223002,373,对身体健康的担忧,2.0,2.0
doubao-seed-character-260628,10233221001,10233221001,374,家庭关系或陪伴困扰,1.75,2.0
doubao-seed-character-260628,18206210001,18206210001,375,无明显生活烦恼,1.5,0.3333333333333333
doubao-seed-character-260628,10206205002,10206205002,376,无明显生活烦恼,1.5,0.0
doubao-seed-character-260628,297439126002,297439126002,377,无明显生活烦恼,1.25,0.3333333333333333
doubao-seed-character-260628,324681101001,324681101001,378,对身体健康的担忧,2.0,1.0
doubao-seed-character-260628,330131326001,330131326001,379,无法适应新事物或自我价值感下降,1.0,1.0
doubao-seed-character-260628,60481236001,60481236001,380,无明显生活烦恼,1.5,1.6666666666666667
doubao-seed-character-260628,54054203002,54054203002,381,无明显生活烦恼,1.5,0.0
doubao-seed-character-260628,111154235001,111154235001,382,对身体健康的担忧,1.75,2.0
doubao-seed-character-260628,116006110002,116006110002,383,无法适应新事物或自我价值感下降,1.0,1.6666666666666667
doubao-seed-character-260628,56346114002,56346114002,384,对身体健康的担忧,1.0,1.3333333333333333
doubao-seed-character-260628,144016306002,144016306002,385,无明显生活烦恼,1.25,0.6666666666666666
doubao-seed-character-260628,324681329002,324681329002,386,无法适应新事物或自我价值感下降,2.0,1.6666666666666667
doubao-seed-character-260628,241116324002,241116324002,387,无明显生活烦恼,2.25,1.3333333333333333
doubao-seed-character-260628,334631311001,334631311001,388,对身体健康的担忧,1.5,1.6666666666666667
doubao-seed-character-260628,211176308001,211176308001,389,孤独/人际交往缺失,1.0,1.3333333333333333
doubao-seed-character-260628,204906334002,204906334002,390,家庭关系或陪伴困扰,1.5,2.0
doubao-seed-character-260628,244056227002,244056227002,391,无明显生活烦恼,1.25,0.6666666666666666
doubao-seed-character-260628,104004224001,104004224001,392,无明显生活烦恼,1.75,1.3333333333333333
doubao-seed-character-260628,326346306002,326346306002,393,家庭关系或陪伴困扰,1.75,1.3333333333333333
doubao-seed-character-260628,10206213003,10206213003,394,家庭关系或陪伴困扰,1.75,1.6666666666666667
doubao-seed-character-260628,31106228001,31106228001,395,家庭关系或陪伴困扰,1.5,2.0
doubao-seed-character-260628,321116108002,321116108002,396,家庭关系或陪伴困扰,2.0,1.0
doubao-seed-character-260628,114604309002,114604309002,397,无明显生活烦恼,2.0,0.6666666666666666
doubao-seed-character-260628,150478101002,150478101002,398,无明显生活烦恼,1.0,0.0
doubao-seed-character-260628,34043312001,34043312001,399,无明显生活烦恼,1.5,1.0
doubao-seed-character-260628,74631201001,74631201001,400,孤独/人际交往缺失,1.75,1.6666666666666667
doubao-seed-character-260628,207406110001,207406110001,401,无明显生活烦恼,1.0,0.3333333333333333
doubao-seed-character-260628,166006108001,166006108001,402,无明显生活烦恼,1.75,0.6666666666666666
doubao-seed-character-260628,14051307002,14051307002,403,对身体健康的担忧,1.5,2.0
doubao-seed-character-260628,104004202002,104004202002,404,无明显生活烦恼,2.0,0.6666666666666666
doubao-seed-character-260628,116006304001,116006304001,405,孤独/人际交往缺失,2.0,1.6666666666666667
doubao-seed-character-260628,111154122002,111154122002,406,无明显生活烦恼,2.0,1.0
doubao-seed-character-260628,14643112001,14643112001,407,家庭关系或陪伴困扰,1.5,1.0
doubao-seed-character-260628,138202322002,138202322002,408,孤独/人际交往缺失,1.25,2.0
doubao-seed-character-260628,144016323002,144016323002,409,无明显生活烦恼,2.0,1.3333333333333333
doubao-seed-character-260628,57457114002,57457114002,410,对身体健康的担忧,2.25,0.0
doubao-seed-character-260628,138202230002,138202230002,411,对身体健康的担忧,2.0,1.6666666666666667
doubao-seed-character-260628,161159216001,161159216001,412,孤独/人际交往缺失,2.0,2.0
doubao-seed-character-260628,74631201001,74631201001,413,孤独/人际交往缺失,1.0,2.0
doubao-seed-character-260628,75376119002,75376119002,414,无明显生活烦恼,2.0,0.6666666666666666
doubao-seed-character-260628,155676222003,155676222003,415,家庭关系或陪伴困扰,2.0,2.0
doubao-seed-character-260628,105381114001,105381114001,416,孤独/人际交往缺失,2.5,2.0
doubao-seed-character-260628,124099233001,124099233001,417,对身体健康的担忧,2.0,2.0
doubao-seed-character-260628,296081209001,296081209001,418,对身体健康的担忧,2.0,1.3333333333333333
doubao-seed-character-260628,204028216001,204028216001,419,对身体健康的担忧,2.0,1.6666666666666667
doubao-seed-character-260628,202454122001,202454122001,420,孤独/人际交往缺失,2.0,2.0
doubao-seed-character-260628,155676207001,155676207001,421,家庭关系或陪伴困扰,2.0,1.3333333333333333
doubao-seed-character-260628,74981222001,74981222001,422,对身体健康的担忧,2.25,1.6666666666666667
doubao-seed-character-260628,334631224002,334631224002,423,家庭关系或陪伴困扰,1.75,1.0
doubao-seed-character-260628,154058321002,154058321002,424,对身体健康的担忧,1.75,2.0
doubao-seed-character-260628,212428224002,212428224002,425,无明显生活烦恼,2.25,1.3333333333333333
doubao-seed-character-260628,154044323002,154044323002,426,对身体健康的担忧,2.0,2.0
doubao-seed-character-260628,325306114001,325306114001,427,无明显生活烦恼,2.0,1.0
doubao-seed-character-260628,64033109002,64033109002,428,对身体健康的担忧,2.0,2.0
doubao-seed-character-260628,108206123001,108206123001,429,对身体健康的担忧,2.0,1.6666666666666667
doubao-seed-character-260628,294028112001,294028112001,430,无明显生活烦恼,2.0,0.6666666666666666
doubao-seed-character-260628,75376226001,75376226001,431,无明显生活烦恼,2.0,0.3333333333333333
doubao-seed-character-260628,154044230001,154044230001,432,无明显生活烦恼,2.0,1.3333333333333333
doubao-seed-character-260628,58202217002,58202217002,433,家庭关系或陪伴困扰,1.0,2.0
doubao-seed-character-260628,285502305001,285502305001,434,孤独/人际交往缺失,2.0,1.6666666666666667
doubao-seed-character-260628,65546126002,65546126002,435,对身体健康的担忧,2.0,2.0
doubao-seed-character-260628,150478318001,150478318001,436,无明显生活烦恼,1.75,1.0
doubao-seed-character-260628,64028206001,64028206001,437,无法适应新事物或自我价值感下降,2.0,0.6666666666666666
doubao-seed-character-260628,154676331002,154676331002,438,家庭关系或陪伴困扰,1.75,2.0
doubao-seed-character-260628,154676204002,154676204002,439,无明显生活烦恼,2.0,1.3333333333333333
doubao-seed-character-260628,153859106001,153859106001,440,无法适应新事物或自我价值感下降,1.0,1.3333333333333333
doubao-seed-character-260628,138202241001,138202241001,441,家庭关系或陪伴困扰,1.5,1.0
doubao-seed-character-260628,204906231001,204906231001,442,无明显生活烦恼,1.75,1.6666666666666667
doubao-seed-character-260628,104004212001,104004212001,443,对身体健康的担忧,2.0,1.6666666666666667
doubao-seed-character-260628,151156309001,151156309001,444,家庭关系或陪伴困扰,2.0,2.0
doubao-seed-character-260628,270402326002,270402326002,445,家庭关系或陪伴困扰,1.0,1.0
doubao-seed-character-260628,295331310001,295331310001,446,家庭关系或陪伴困扰,2.0,1.6666666666666667
doubao-seed-character-260628,60481310001,60481310001,447,孤独/人际交往缺失,2.0,1.6666666666666667
doubao-seed-character-260628,174643231001,174643231001,448,孤独/人际交往缺失,2.0,2.0
doubao-seed-character-260628,138202231002,138202231002,449,对身体健康的担忧,1.5,2.0
doubao-seed-character-260628,142403117002,142403117002,450,家庭关系或陪伴困扰,1.5,2.0
doubao-seed-character-260628,134902328001,134902328001,451,孤独/人际交往缺失,2.0,1.6666666666666667
doubao-seed-character-260628,212428332001,212428332001,452,对身体健康的担忧,1.5,1.6666666666666667
doubao-seed-character-260628,154058305001,154058305001,453,家庭关系或陪伴困扰,1.25,0.0
glm-4-plus,57457126001,57457126001,1,对身体健康的担忧,1.0,0.0
glm-4-plus,75376243001,75376243001,2,无明显生活烦恼,1.0,0.6666666666666666
glm-4-plus,324078110002,324078110002,3,无法适应新事物或自我价值感下降,1.75,1.6666666666666667
glm-4-plus,338231328001,338231328001,7,无明显生活烦恼,2.0,0.6666666666666666
glm-4-plus,51606117001,51606117001,8,对身体健康的担忧,2.0,1.6666666666666667
glm-4-plus,18206219002,18206219002,10,无明显生活烦恼,1.0,0.3333333333333333
glm-4-plus,14643113001,14643113001,5,孤独/人际交往缺失,1.0,1.6666666666666667
glm-4-plus,111154127001,111154127001,6,对身体健康的担忧,1.0,1.6666666666666667
glm-4-plus,281104130001,281104130001,13,无明显生活烦恼,2.0,1.0
glm-4-plus,56302330002,56302330002,16,无法适应新事物或自我价值感下降,1.0,1.6666666666666667
glm-4-plus,175531118001,175531118001,4,无明显生活烦恼,2.0,1.3333333333333333
glm-4-plus,64604125002,64604125002,11,对身体健康的担忧,1.25,1.3333333333333333
glm-4-plus,122490220001,122490220001,15,家庭关系或陪伴困扰,1.5,1.3333333333333333
glm-4-plus,161159310001,161159310001,12,无明显生活烦恼,1.75,1.0
glm-4-plus,184037213001,184037213001,19,家庭关系或陪伴困扰,2.0,1.6666666666666667
glm-4-plus,154044202001,154044202001,22,无明显生活烦恼,1.0,1.0
glm-4-plus,266059222001,266059222001,23,无明显生活烦恼,1.0,0.6666666666666666
glm-4-plus,324045114001,324045114001,9,孤独/人际交往缺失,1.0,1.3333333333333333
glm-4-plus,75504213002,75504213002,18,无明显生活烦恼,1.0,0.6666666666666666
glm-4-plus,154058307002,154058307002,20,对身体健康的担忧,1.0,1.3333333333333333
glm-4-plus,135559225002,135559225002,25,家庭关系或陪伴困扰,1.0,1.0
glm-4-plus,134902123001,134902123001,14,孤独/人际交往缺失,1.0,1.3333333333333333
glm-4-plus,291676308001,291676308001,17,孤独/人际交往缺失,1.0,
glm-4-plus,207406312001,207406312001,21,家庭关系或陪伴困扰,1.0,2.0
glm-4-plus,211176334001,211176334001,26,家庭关系或陪伴困扰,1.25,1.0
glm-4-plus,14031307002,14031307002,27,对身体健康的担忧,1.0,1.6666666666666667
glm-4-plus,280154309002,280154309002,28,对身体健康的担忧,1.0,1.6666666666666667
glm-4-plus,200104317001,200104317001,29,对身体健康的担忧,1.0,1.3333333333333333
glm-4-plus,34043224002,34043224002,30,对身体健康的担忧,1.5,1.3333333333333333
glm-4-plus,105102322002,105102322002,31,对身体健康的担忧,1.0,2.0
glm-4-plus,30476124001,30476124001,24,孤独/人际交往缺失,1.0,1.3333333333333333
glm-4-plus,134902216001,134902216001,33,对身体健康的担忧,1.0,1.0
glm-4-plus,211176105002,211176105002,34,家庭关系或陪伴困扰,1.0,0.6666666666666666
glm-4-plus,241116202002,241116202002,35,对身体健康的担忧,1.5,1.6666666666666667
glm-4-plus,64028317002,64028317002,36,家庭关系或陪伴困扰,1.0,1.0
glm-4-plus,64028314002,64028314002,37,家庭关系或陪伴困扰,1.0,1.6666666666666667
glm-4-plus,266306205002,266306205002,38,无明显生活烦恼,1.0,0.0
glm-4-plus,202454131002,202454131002,40,家庭关系或陪伴困扰,1.0,1.3333333333333333
glm-4-plus,105102306002,105102306002,32,无明显生活烦恼,1.0,0.6666666666666666
glm-4-plus,57633243002,57633243002,39,家庭关系或陪伴困扰,1.0,1.3333333333333333
glm-4-plus,153859115002,153859115002,41,无明显生活烦恼,1.5,0.6666666666666666
glm-4-plus,64028310001,64028310001,42,无明显生活烦恼,1.0,0.0
glm-4-plus,158278201002,158278201002,43,对身体健康的担忧,2.0,2.0
glm-4-plus,150478205001,150478205001,44,家庭关系或陪伴困扰,1.75,1.3333333333333333
glm-4-plus,281104122003,281104122003,45,对身体健康的担忧,1.0,1.6666666666666667
glm-4-plus,110131321002,110131321002,46,无明显生活烦恼,1.0,1.0
glm-4-plus,298245106002,298245106002,47,孤独/人际交往缺失,2.0,1.3333333333333333
glm-4-plus,266059305001,266059305001,48,家庭关系或陪伴困扰,1.25,1.6666666666666667
glm-4-plus,54054110001,54054110001,49,无明显生活烦恼,1.25,1.3333333333333333
glm-4-plus,338231202001,338231202001,50,无明显生活烦恼,1.0,0.0
glm-4-plus,10206118001,10206118001,51,对身体健康的担忧,1.25,1.0
glm-4-plus,244676309001,244676309001,52,无法适应新事物或自我价值感下降,1.0,2.0
glm-4-plus,10233105002,10233105002,53,对身体健康的担忧,1.0,2.0
glm-4-plus,320146222002,320146222002,54,家庭关系或陪伴困扰,1.75,1.3333333333333333
glm-4-plus,280154108002,280154108002,55,无明显生活烦恼,1.0,0.0
glm-4-plus,294099132002,294099132002,56,无明显生活烦恼,1.0,0.6666666666666666
glm-4-plus,151156320002,151156320002,57,对身体健康的担忧,1.75,1.6666666666666667
glm-4-plus,296081302001,296081302001,58,对身体健康的担忧,2.0,1.3333333333333333
glm-4-plus,65546103002,65546103002,59,对身体健康的担忧,1.0,1.6666666666666667
glm-4-plus,154058321002,154058321002,60,对身体健康的担忧,1.5,1.6666666666666667
glm-4-plus,14051113002,14051113002,61,家庭关系或陪伴困扰,1.0,1.0
glm-4-plus,75504205002,75504205002,62,家庭关系或陪伴困扰,1.0,1.6666666666666667
glm-4-plus,154628117001,154628117001,63,无明显生活烦恼,1.0,0.0
glm-4-plus,162431111003,162431111003,64,无明显生活烦恼,1.0,0.3333333333333333
glm-4-plus,320146132002,320146132002,65,家庭关系或陪伴困扰,1.0,1.6666666666666667
glm-4-plus,104004221001,104004221001,66,对身体健康的担忧,1.5,0.6666666666666666
glm-4-plus,205304214001,205304214001,67,无明显生活烦恼,1.0,1.3333333333333333
glm-4-plus,204028208001,204028208001,68,无明显生活烦恼,1.25,1.3333333333333333
glm-4-plus,122490104002,122490104002,69,孤独/人际交往缺失,1.5,1.6666666666666667
glm-4-plus,30476203001,30476203001,70,无明显生活烦恼,1.0,0.3333333333333333
glm-4-plus,108206101002,108206101002,72,对身体健康的担忧,1.0,1.0
glm-4-plus,56346322001,56346322001,73,对身体健康的担忧,1.75,1.6666666666666667
glm-4-plus,135559225002,135559225002,74,家庭关系或陪伴困扰,1.0,1.3333333333333333
glm-4-plus,138202125002,138202125002,75,对身体健康的担忧,1.0,0.6666666666666666
glm-4-plus,60440205001,60440205001,76,对身体健康的担忧,1.0,1.0
glm-4-plus,141154325001,141154325001,77,家庭关系或陪伴困扰,1.0,1.6666666666666667
glm-4-plus,74631307001,74631307001,78,对身体健康的担忧,2.0,2.0
glm-4-plus,280154331001,280154331001,79,家庭关系或陪伴困扰,1.75,2.0
glm-4-plus,321116113001,321116113001,80,家庭关系或陪伴困扰,1.25,1.6666666666666667
glm-4-plus,116006312001,116006312001,81,孤独/人际交往缺失,1.0,1.6666666666666667
glm-4-plus,184037219001,184037219001,82,无明显生活烦恼,1.0,1.3333333333333333
glm-4-plus,64033334001,64033334001,83,孤独/人际交往缺失,1.0,1.3333333333333333
glm-4-plus,150478210001,150478210001,84,无明显生活烦恼,1.0,0.0
glm-4-plus,151156311001,151156311001,85,无法适应新事物或自我价值感下降,2.0,1.3333333333333333
glm-4-plus,271806118001,271806118001,86,对身体健康的担忧,1.0,1.6666666666666667
glm-4-plus,60481225002,60481225002,87,家庭关系或陪伴困扰,2.0,1.6666666666666667
glm-4-plus,141154206002,141154206002,88,对身体健康的担忧,1.0,1.6666666666666667
glm-4-plus,94004111001,94004111001,89,家庭关系或陪伴困扰,1.0,2.0
glm-4-plus,326359105002,326359105002,90,对身体健康的担忧,1.0,0.0
glm-4-plus,202454134001,202454134001,91,对身体健康的担忧,1.0,1.6666666666666667
glm-4-plus,134004112002,134004112002,93,无明显生活烦恼,1.25,0.3333333333333333
glm-4-plus,275559307001,275559307001,94,家庭关系或陪伴困扰,1.0,1.6666666666666667
glm-4-plus,271806130001,271806130001,95,孤独/人际交往缺失,1.0,1.3333333333333333
glm-4-plus,64028102001,64028102001,96,无明显生活烦恼,1.0,1.0
glm-4-plus,280154302001,280154302001,71,家庭关系或陪伴困扰,1.0,0.6666666666666666
glm-4-plus,124099315002,124099315002,92,家庭关系或陪伴困扰,1.0,1.0
glm-4-plus,281116308001,281116308001,97,无明显生活烦恼,1.0,0.0
glm-4-plus,275559318001,275559318001,98,无明显生活烦恼,1.0,1.0
glm-4-plus,65546119001,65546119001,99,对身体健康的担忧,1.0,1.6666666666666667
glm-4-plus,205304101002,205304101002,100,无法适应新事物或自我价值感下降,1.0,1.6666666666666667
glm-4-plus,241116332002,241116332002,101,家庭关系或陪伴困扰,1.25,1.0
glm-4-plus,110131213002,110131213002,103,对身体健康的担忧,1.0,1.0
glm-4-plus,241116221001,241116221001,105,家庭关系或陪伴困扰,2.5,1.6666666666666667
glm-4-plus,275559328001,275559328001,106,家庭关系或陪伴困扰,2.0,1.0
glm-4-plus,54054108002,54054108002,107,无明显生活烦恼,1.5,0.0
glm-4-plus,154044310001,154044310001,108,家庭关系或陪伴困扰,2.0,1.0
glm-4-plus,270402209001,270402209001,109,对身体健康的担忧,1.0,1.0
glm-4-plus,58202220001,58202220001,110,对身体健康的担忧,1.0,1.6666666666666667
glm-4-plus,65546218001,65546218001,111,无明显生活烦恼,1.25,0.0
glm-4-plus,138202135001,138202135001,112,无明显生活烦恼,1.0,1.0
glm-4-plus,112744316002,112744316002,113,家庭关系或陪伴困扰,,1.3333333333333333
glm-4-plus,74057123001,74057123001,114,无明显生活烦恼,1.0,1.0
glm-4-plus,10206323002,10206323002,115,对身体健康的担忧,0.5,1.0
glm-4-plus,74002116002,74002116002,116,对身体健康的担忧,1.25,1.6666666666666667
glm-4-plus,241116304002,241116304002,117,无明显生活烦恼,1.0,0.3333333333333333
glm-4-plus,142403341002,142403341002,118,无明显生活烦恼,1.0,0.0
glm-4-plus,56604129001,56604129001,119,家庭关系或陪伴困扰,1.0,1.3333333333333333
glm-4-plus,72428222002,72428222002,120,家庭关系或陪伴困扰,1.25,1.6666666666666667
glm-4-plus,141154304002,141154304002,121,家庭关系或陪伴困扰,1.75,1.6666666666666667
glm-4-plus,294099231003,294099231003,122,无明显生活烦恼,1.0,0.3333333333333333
glm-5-2-260617,57457126001,57457126001,1,对身体健康的担忧,1.0,1.3333333333333333
glm-5-2-260617,75376243001,75376243001,2,无明显生活烦恼,1.0,0.0
glm-5-2-260617,324078110002,324078110002,3,无法适应新事物或自我价值感下降,1.0,2.0
glm-5-2-260617,175531118001,175531118001,4,无明显生活烦恼,1.75,1.0
glm-5-2-260617,14643113001,14643113001,5,孤独/人际交往缺失,1.25,2.0
glm-5-2-260617,111154127001,111154127001,6,对身体健康的担忧,1.25,1.3333333333333333
glm-5-2-260617,338231328001,338231328001,7,无明显生活烦恼,1.0,0.0
glm-5-2-260617,51606117001,51606117001,8,对身体健康的担忧,1.75,2.0
glm-5-2-260617,324045114001,324045114001,9,孤独/人际交往缺失,2.0,2.0
glm-5-2-260617,18206219002,18206219002,10,无明显生活烦恼,2.0,0.3333333333333333
glm-5-2-260617,64604125002,64604125002,11,对身体健康的担忧,2.0,1.6666666666666667
glm-5-2-260617,161159310001,161159310001,12,无明显生活烦恼,1.0,1.0
glm-5-2-260617,281104130001,281104130001,13,无明显生活烦恼,1.25,0.0
glm-5-2-260617,134902123001,134902123001,14,孤独/人际交往缺失,1.0,2.0
glm-5-2-260617,122490220001,122490220001,15,家庭关系或陪伴困扰,1.75,2.0
glm-5-2-260617,56302330002,56302330002,16,无法适应新事物或自我价值感下降,2.0,2.0
glm-5-2-260617,291676308001,291676308001,17,孤独/人际交往缺失,1.0,2.0
glm-5-2-260617,75504213002,75504213002,18,无明显生活烦恼,1.25,1.0
glm-5-2-260617,184037213001,184037213001,19,家庭关系或陪伴困扰,2.0,2.0
glm-5-2-260617,154058307002,154058307002,20,对身体健康的担忧,1.75,1.6666666666666667
glm-5-2-260617,207406312001,207406312001,21,家庭关系或陪伴困扰,2.0,2.0
glm-5-2-260617,154044202001,154044202001,22,无明显生活烦恼,1.25,1.0
glm-5-2-260617,266059222001,266059222001,23,无明显生活烦恼,2.5,1.3333333333333333
glm-5-2-260617,30476124001,30476124001,24,孤独/人际交往缺失,2.0,2.0
glm-5-2-260617,135559225002,135559225002,25,家庭关系或陪伴困扰,2.0,2.0
glm-5-2-260617,211176334001,211176334001,26,家庭关系或陪伴困扰,1.25,2.0
glm-5-2-260617,14031307002,14031307002,27,对身体健康的担忧,2.5,1.3333333333333333
glm-5-2-260617,280154309002,280154309002,28,对身体健康的担忧,2.0,1.0
glm-5-2-260617,200104317001,200104317001,29,对身体健康的担忧,1.25,2.0
glm-5-2-260617,34043224002,34043224002,30,对身体健康的担忧,2.0,1.0
glm-5-2-260617,105102322002,105102322002,31,对身体健康的担忧,2.25,1.0
glm-5-2-260617,105102306002,105102306002,32,无明显生活烦恼,2.25,0.0
glm-5-2-260617,134902216001,134902216001,33,对身体健康的担忧,1.0,2.0
glm-5-2-260617,211176105002,211176105002,34,家庭关系或陪伴困扰,1.25,1.6666666666666667
glm-5-2-260617,241116202002,241116202002,35,对身体健康的担忧,1.0,1.0
glm-5-2-260617,64028317002,64028317002,36,家庭关系或陪伴困扰,1.75,2.0
glm-5-2-260617,64028314002,64028314002,37,家庭关系或陪伴困扰,2.0,1.6666666666666667
glm-5-2-260617,14051113002,14051113002,61,家庭关系或陪伴困扰,1.0,2.0
glm-5-2-260617,266306205002,266306205002,38,无明显生活烦恼,1.25,0.0
glm-5-2-260617,57633243002,57633243002,39,家庭关系或陪伴困扰,2.0,2.0
glm-5-2-260617,202454131002,202454131002,40,家庭关系或陪伴困扰,1.5,1.6666666666666667
glm-5-2-260617,153859115002,153859115002,41,无明显生活烦恼,1.25,0.0
glm-5-2-260617,64028310001,64028310001,42,无明显生活烦恼,2.0,0.0
glm-5-2-260617,158278201002,158278201002,43,对身体健康的担忧,2.0,1.3333333333333333
glm-5-2-260617,150478205001,150478205001,44,家庭关系或陪伴困扰,2.0,1.0
glm-5-2-260617,281104122003,281104122003,45,对身体健康的担忧,2.25,1.0
glm-5-2-260617,110131321002,110131321002,46,无明显生活烦恼,2.0,1.3333333333333333
glm-5-2-260617,298245106002,298245106002,47,孤独/人际交往缺失,2.0,2.0
glm-5-2-260617,266059305001,266059305001,48,家庭关系或陪伴困扰,1.75,1.6666666666666667
glm-5-2-260617,54054110001,54054110001,49,无明显生活烦恼,1.0,1.3333333333333333
glm-5-2-260617,338231202001,338231202001,50,无明显生活烦恼,2.75,0.0
glm-5-2-260617,10206118001,10206118001,51,对身体健康的担忧,2.0,1.0
glm-5-2-260617,244676309001,244676309001,52,无法适应新事物或自我价值感下降,3.0,2.0
glm-5-2-260617,10233105002,10233105002,53,对身体健康的担忧,2.0,1.6666666666666667
glm-5-2-260617,320146222002,320146222002,54,家庭关系或陪伴困扰,1.75,2.0
glm-5-2-260617,280154108002,280154108002,55,无明显生活烦恼,2.0,0.0
glm-5-2-260617,294099132002,294099132002,56,无明显生活烦恼,1.0,0.0
glm-5-2-260617,151156320002,151156320002,57,对身体健康的担忧,1.0,1.6666666666666667
glm-5-2-260617,296081302001,296081302001,58,对身体健康的担忧,1.0,1.3333333333333333
glm-5-2-260617,65546103002,65546103002,59,对身体健康的担忧,2.0,2.0
glm-5-2-260617,154058321002,154058321002,60,对身体健康的担忧,2.25,0.6666666666666666
glm-5-2-260617,75504205002,75504205002,62,家庭关系或陪伴困扰,1.0,2.0
glm-5-2-260617,154628117001,154628117001,63,无明显生活烦恼,1.0,1.6666666666666667
glm-5-2-260617,162431111003,162431111003,64,无明显生活烦恼,1.0,1.0
glm-5-2-260617,320146132002,320146132002,65,家庭关系或陪伴困扰,1.0,1.6666666666666667
glm-5-2-260617,205304214001,205304214001,67,无明显生活烦恼,2.25,0.0
glm-5-2-260617,204028208001,204028208001,68,无明显生活烦恼,1.5,1.3333333333333333
glm-5-2-260617,122490104002,122490104002,69,孤独/人际交往缺失,2.75,
glm-5-2-260617,30476203001,30476203001,70,无明显生活烦恼,2.25,0.6666666666666666
glm-5-2-260617,280154302001,280154302001,71,家庭关系或陪伴困扰,1.75,2.0
glm-5-2-260617,108206101002,108206101002,72,对身体健康的担忧,1.0,1.6666666666666667
glm-5-2-260617,56346322001,56346322001,73,对身体健康的担忧,3.0,1.0
glm-5-2-260617,135559225002,135559225002,74,家庭关系或陪伴困扰,1.75,2.0
glm-5-2-260617,138202125002,138202125002,75,对身体健康的担忧,1.0,1.3333333333333333
glm-5-2-260617,60440205001,60440205001,76,对身体健康的担忧,1.5,0.6666666666666666
glm-5-2-260617,141154325001,141154325001,77,家庭关系或陪伴困扰,1.0,1.3333333333333333
glm-5-2-260617,74631307001,74631307001,78,对身体健康的担忧,2.0,1.6666666666666667
glm-5-2-260617,280154331001,280154331001,79,家庭关系或陪伴困扰,1.75,2.0
glm-5-2-260617,321116113001,321116113001,80,家庭关系或陪伴困扰,2.0,1.6666666666666667
glm-5-2-260617,116006312001,116006312001,81,孤独/人际交往缺失,2.0,2.0
glm-5-2-260617,184037219001,184037219001,82,无明显生活烦恼,1.5,0.0
glm-5-2-260617,64033334001,64033334001,83,孤独/人际交往缺失,2.0,2.0
glm-5-2-260617,150478210001,150478210001,84,无明显生活烦恼,2.0,0.6666666666666666
glm-5-2-260617,151156311001,151156311001,85,无法适应新事物或自我价值感下降,1.75,2.0
glm-5-2-260617,271806118001,271806118001,86,对身体健康的担忧,1.0,0.0
glm-5-2-260617,60481225002,60481225002,87,家庭关系或陪伴困扰,1.25,1.6666666666666667
glm-5-2-260617,141154206002,141154206002,88,对身体健康的担忧,2.25,2.0
glm-5-2-260617,104004221001,104004221001,66,对身体健康的担忧,1.0,0.6666666666666666
glm-5-2-260617,94004111001,94004111001,89,家庭关系或陪伴困扰,2.25,2.0
glm-5-2-260617,326359105002,326359105002,90,对身体健康的担忧,1.0,0.0
glm-5-2-260617,202454134001,202454134001,91,对身体健康的担忧,2.25,2.0
glm-5-2-260617,124099315002,124099315002,92,家庭关系或陪伴困扰,1.0,2.0
glm-5-2-260617,134004112002,134004112002,93,无明显生活烦恼,1.25,0.0
glm-5-2-260617,275559307001,275559307001,94,家庭关系或陪伴困扰,2.75,2.0
glm-5-2-260617,271806130001,271806130001,95,孤独/人际交往缺失,1.25,2.0
glm-5-2-260617,64028102001,64028102001,96,无明显生活烦恼,2.0,1.0
glm-5-2-260617,281116308001,281116308001,97,无明显生活烦恼,2.5,0.6666666666666666
glm-5-2-260617,275559318001,275559318001,98,无明显生活烦恼,1.0,0.0
glm-5-2-260617,65546119001,65546119001,99,对身体健康的担忧,1.0,1.0
glm-5-2-260617,205304101002,205304101002,100,无法适应新事物或自我价值感下降,2.5,2.0
glm-5-2-260617,241116332002,241116332002,101,家庭关系或陪伴困扰,3.0,1.6666666666666667
glm-5-2-260617,64033129001,64033129001,102,无明显生活烦恼,2.0,0.6666666666666666
glm-5-2-260617,110131213002,110131213002,103,对身体健康的担忧,1.75,1.0
glm-5-2-260617,262728314002,262728314002,104,对身体健康的担忧,2.0,1.6666666666666667
glm-5-2-260617,241116221001,241116221001,105,家庭关系或陪伴困扰,2.75,2.0
glm-5-2-260617,275559328001,275559328001,106,家庭关系或陪伴困扰,2.0,2.0
glm-5-2-260617,54054108002,54054108002,107,无明显生活烦恼,2.0,0.6666666666666666
glm-5-2-260617,154044310001,154044310001,108,家庭关系或陪伴困扰,2.75,1.6666666666666667
glm-5-2-260617,270402209001,270402209001,109,对身体健康的担忧,2.75,1.6666666666666667
glm-5-2-260617,58202220001,58202220001,110,对身体健康的担忧,2.5,2.0
glm-5-2-260617,65546218001,65546218001,111,无明显生活烦恼,1.5,0.3333333333333333
glm-5-2-260617,138202135001,138202135001,112,无明显生活烦恼,1.75,0.6666666666666666
glm-5-2-260617,112744316002,112744316002,113,家庭关系或陪伴困扰,2.0,2.0
glm-5-2-260617,74057123001,74057123001,114,无明显生活烦恼,2.0,0.6666666666666666
glm-5-2-260617,10206323002,10206323002,115,对身体健康的担忧,2.0,0.6666666666666666
glm-5-2-260617,74002116002,74002116002,116,对身体健康的担忧,2.5,1.3333333333333333
glm-5-2-260617,241116304002,241116304002,117,无明显生活烦恼,2.0,0.3333333333333333
glm-5-2-260617,142403341002,142403341002,118,无明显生活烦恼,2.0,0.0
glm-5-2-260617,56604129001,56604129001,119,家庭关系或陪伴困扰,2.0,1.3333333333333333
glm-5-2-260617,72428222002,72428222002,120,家庭关系或陪伴困扰,2.0,2.0
glm-5-2-260617,141154304002,141154304002,121,家庭关系或陪伴困扰,2.0,2.0
glm-5-2-260617,294099231003,294099231003,122,无明显生活烦恼,2.25,1.3333333333333333
glm-5-2-260617,34043123001,34043123001,123,无明显生活烦恼,3.0,
glm-5-2-260617,274951110001,274951110001,124,无明显生活烦恼,2.0,0.6666666666666666
glm-5-2-260617,34676116002,34676116002,125,无明显生活烦恼,2.0,
glm-5-2-260617,175531321001,175531321001,126,孤独/人际交往缺失,2.25,2.0
glm-5-2-260617,321131210001,321131210001,127,无明显生活烦恼,1.75,0.0
glm-5-2-260617,241116320001,241116320001,128,家庭关系或陪伴困扰,2.5,1.6666666666666667
glm-5-2-260617,244056227001,244056227001,129,无明显生活烦恼,2.0,0.0
glm-5-2-260617,74002112001,74002112001,130,无明显生活烦恼,2.0,0.0
glm-5-2-260617,154058310002,154058310002,131,无明显生活烦恼,2.0,0.3333333333333333
glm-5-2-260617,266059202002,266059202002,132,无明显生活烦恼,2.0,0.0
glm-5-2-260617,184037201002,184037201002,133,家庭关系或陪伴困扰,2.5,2.0
glm-5-2-260617,211154232001,211154232001,134,孤独/人际交往缺失,2.25,2.0
glm-5-2-260617,345233228002,345233228002,135,孤独/人际交往缺失,2.75,2.0
glm-5-2-260617,116006116001,116006116001,136,无明显生活烦恼,3.0,0.0
glm-5-2-260617,266059204001,266059204001,137,无法适应新事物或自我价值感下降,2.75,2.0
glm-5-2-260617,10233105002,10233105002,138,对身体健康的担忧,2.0,1.3333333333333333
glm-5-2-260617,298245316002,298245316002,139,无明显生活烦恼,2.0,0.3333333333333333
glm-5-2-260617,296081233002,296081233002,140,无明显生活烦恼,1.0,1.0
glm-5-2-260617,296081115001,296081115001,141,无明显生活烦恼,2.0,1.0
glm-5-2-260617,60440124001,60440124001,142,对身体健康的担忧,2.75,1.6666666666666667
glm-5-2-260617,194037336001,194037336001,143,对身体健康的担忧,2.0,2.0
glm-5-2-260617,202454220001,202454220001,144,孤独/人际交往缺失,2.0,2.0
glm-5-2-260617,153859111002,153859111002,145,无明显生活烦恼,2.0,1.0
glm-5-2-260617,14031322002,14031322002,146,家庭关系或陪伴困扰,1.25,1.3333333333333333
glm-5-2-260617,347763115002,347763115002,147,无明显生活烦恼,2.25,1.3333333333333333
glm-5-2-260617,347763302001,347763302001,148,家庭关系或陪伴困扰,2.0,1.6666666666666667
glm-5-2-260617,261676110002,261676110002,149,孤独/人际交往缺失,2.75,2.0
glm-5-2-260617,295331315002,295331315002,150,无明显生活烦恼,2.0,1.6666666666666667
glm-5-2-260617,175531322002,175531322002,151,无明显生活烦恼,2.0,1.0
glm-5-2-260617,294028325002,294028325002,152,无明显生活烦恼,3.0,0.6666666666666666
glm-5-2-260617,244056210002,244056210002,153,无明显生活烦恼,1.5,0.3333333333333333
glm-5-2-260617,244056306002,244056306002,154,无法适应新事物或自我价值感下降,1.75,2.0
glm-5-2-260617,184037216001,184037216001,155,对身体健康的担忧,2.0,1.6666666666666667
glm-5-2-260617,211176120002,211176120002,156,孤独/人际交往缺失,2.0,2.0
glm-5-2-260617,154058209001,154058209001,157,无明显生活烦恼,2.0,
glm-5-2-260617,151156109002,151156109002,158,家庭关系或陪伴困扰,2.0,2.0
glm-5-2-260617,288251231001,288251231001,159,对身体健康的担忧,1.75,1.6666666666666667
glm-5-2-260617,150478113001,150478113001,160,孤独/人际交往缺失,2.25,2.0
glm-5-2-260617,111154107001,111154107001,161,无明显生活烦恼,2.5,0.0
glm-5-2-260617,14643316002,14643316002,162,对身体健康的担忧,1.5,1.0
glm-5-2-260617,296331123002,296331123002,163,对身体健康的担忧,2.75,1.0
glm-5-2-260617,134902222002,134902222002,164,家庭关系或陪伴困扰,2.0,2.0
glm-5-2-260617,134902306001,134902306001,165,无明显生活烦恼,2.75,0.0
glm-5-2-260617,321116307002,321116307002,166,对身体健康的担忧,2.0,1.0
glm-5-2-260617,265359333002,265359333002,167,无明显生活烦恼,2.0,1.3333333333333333
glm-5-2-260617,275559214002,275559214002,168,孤独/人际交往缺失,2.75,2.0
glm-5-2-260617,104004216002,104004216002,169,家庭关系或陪伴困扰,2.0,2.0
glm-5-2-260617,58659336002,58659336002,170,无明显生活烦恼,1.25,0.3333333333333333
glm-5-2-260617,174643308001,174643308001,171,孤独/人际交往缺失,2.25,2.0
glm-5-2-260617,30476203002,30476203002,172,无明显生活烦恼,2.25,0.0
glm-5-2-260617,161159216001,161159216001,173,孤独/人际交往缺失,2.5,1.6666666666666667
glm-5-2-260617,296081128002,296081128002,174,家庭关系或陪伴困扰,2.0,1.6666666666666667
glm-5-2-260617,56043123001,56043123001,175,无明显生活烦恼,1.5,0.3333333333333333
glm-5-2-260617,334631128001,334631128001,176,对身体健康的担忧,2.75,1.0
glm-5-2-260617,175531212002,175531212002,177,无明显生活烦恼,2.0,0.3333333333333333
glm-5-2-260617,56302136001,56302136001,178,家庭关系或陪伴困扰,2.0,2.0
glm-5-2-260617,134902327001,134902327001,179,孤独/人际交往缺失,2.75,2.0
glm-5-2-260617,74981218001,74981218001,180,对身体健康的担忧,2.0,1.3333333333333333
glm-5-2-260617,177402120001,177402120001,181,无明显生活烦恼,1.75,0.3333333333333333
glm-5-2-260617,154058322001,154058322001,182,家庭关系或陪伴困扰,2.0,2.0
glm-5-2-260617,177402135002,177402135002,183,无明显生活烦恼,1.75,0.0
glm-5-2-260617,151156318001,151156318001,184,无明显生活烦恼,2.5,0.0
glm-5-2-260617,347763304002,347763304002,185,无明显生活烦恼,1.0,0.0
glm-5-2-260617,65546132001,65546132001,186,无明显生活烦恼,1.5,0.0
glm-5-2-260617,296081138001,296081138001,187,无明显生活烦恼,2.0,0.6666666666666666
glm-5-2-260617,57633117002,57633117002,188,无明显生活烦恼,1.5,0.3333333333333333
glm-5-2-260617,296006201002,296006201002,189,无明显生活烦恼,1.25,
glm-5-2-260617,112744211002,112744211002,190,无明显生活烦恼,2.0,0.6666666666666666
moonshot-v1-8k,57457126001,57457126001,1,对身体健康的担忧,1.0,1.0
moonshot-v1-8k,75376243001,75376243001,2,无明显生活烦恼,1.0,0.3333333333333333
moonshot-v1-8k,324078110002,324078110002,3,无法适应新事物或自我价值感下降,1.0,1.0
moonshot-v1-8k,175531118001,175531118001,4,无明显生活烦恼,1.75,0.6666666666666666
moonshot-v1-8k,14643113001,14643113001,5,孤独/人际交往缺失,1.0,1.6666666666666667
moonshot-v1-8k,111154127001,111154127001,6,对身体健康的担忧,1.0,1.3333333333333333
moonshot-v1-8k,338231328001,338231328001,7,无明显生活烦恼,1.0,0.0
moonshot-v1-8k,51606117001,51606117001,8,对身体健康的担忧,1.5,1.0
moonshot-v1-8k,324045114001,324045114001,9,孤独/人际交往缺失,1.0,1.6666666666666667
moonshot-v1-8k,18206219002,18206219002,10,无明显生活烦恼,1.0,0.6666666666666666
moonshot-v1-8k,64604125002,64604125002,11,对身体健康的担忧,1.0,1.0
moonshot-v1-8k,161159310001,161159310001,12,无明显生活烦恼,1.0,0.6666666666666666
moonshot-v1-8k,281104130001,281104130001,13,无明显生活烦恼,1.0,0.0
moonshot-v1-8k,134902123001,134902123001,14,孤独/人际交往缺失,1.75,1.3333333333333333
moonshot-v1-8k,122490220001,122490220001,15,家庭关系或陪伴困扰,1.25,1.3333333333333333
moonshot-v1-8k,56302330002,56302330002,16,无法适应新事物或自我价值感下降,1.0,0.0
moonshot-v1-8k,291676308001,291676308001,17,孤独/人际交往缺失,1.0,1.3333333333333333
moonshot-v1-8k,75504213002,75504213002,18,无明显生活烦恼,1.0,0.0
moonshot-v1-8k,184037213001,184037213001,19,家庭关系或陪伴困扰,1.0,1.6666666666666667
moonshot-v1-8k,154058307002,154058307002,20,对身体健康的担忧,1.0,1.0
moonshot-v1-8k,207406312001,207406312001,21,家庭关系或陪伴困扰,1.0,1.3333333333333333
moonshot-v1-8k,154044202001,154044202001,22,无明显生活烦恼,1.0,0.0
moonshot-v1-8k,266059222001,266059222001,23,无明显生活烦恼,1.0,0.0
moonshot-v1-8k,30476124001,30476124001,24,孤独/人际交往缺失,1.0,1.3333333333333333
moonshot-v1-8k,135559225002,135559225002,25,家庭关系或陪伴困扰,1.0,1.3333333333333333
moonshot-v1-8k,211176334001,211176334001,26,家庭关系或陪伴困扰,1.0,1.3333333333333333
moonshot-v1-8k,14031307002,14031307002,27,对身体健康的担忧,1.0,1.6666666666666667
moonshot-v1-8k,280154309002,280154309002,28,对身体健康的担忧,1.0,1.3333333333333333
moonshot-v1-8k,200104317001,200104317001,29,对身体健康的担忧,1.0,1.6666666666666667
moonshot-v1-8k,34043224002,34043224002,30,对身体健康的担忧,1.0,1.0
moonshot-v1-8k,105102322002,105102322002,31,对身体健康的担忧,1.0,1.0
moonshot-v1-8k,105102306002,105102306002,32,无明显生活烦恼,1.25,0.3333333333333333
moonshot-v1-8k,134902216001,134902216001,33,对身体健康的担忧,1.0,1.3333333333333333
moonshot-v1-8k,64028314002,64028314002,37,家庭关系或陪伴困扰,1.5,1.6666666666666667
moonshot-v1-8k,266306205002,266306205002,38,无明显生活烦恼,1.5,0.3333333333333333
moonshot-v1-8k,57633243002,57633243002,39,家庭关系或陪伴困扰,1.0,1.3333333333333333
moonshot-v1-8k,202454131002,202454131002,40,家庭关系或陪伴困扰,1.0,1.6666666666666667
moonshot-v1-8k,153859115002,153859115002,41,无明显生活烦恼,1.25,0.0
moonshot-v1-8k,64028310001,64028310001,42,无明显生活烦恼,1.0,0.0
moonshot-v1-8k,158278201002,158278201002,43,对身体健康的担忧,1.0,1.0
moonshot-v1-8k,150478205001,150478205001,44,家庭关系或陪伴困扰,1.0,1.0
moonshot-v1-8k,281104122003,281104122003,45,对身体健康的担忧,1.5,1.6666666666666667
moonshot-v1-8k,110131321002,110131321002,46,无明显生活烦恼,1.0,0.3333333333333333
moonshot-v1-8k,266059305001,266059305001,48,家庭关系或陪伴困扰,1.25,1.3333333333333333
moonshot-v1-8k,54054110001,54054110001,49,无明显生活烦恼,1.0,1.0
moonshot-v1-8k,338231202001,338231202001,50,无明显生活烦恼,1.0,0.6666666666666666
moonshot-v1-8k,10206118001,10206118001,51,对身体健康的担忧,1.5,0.6666666666666666
moonshot-v1-8k,244676309001,244676309001,52,无法适应新事物或自我价值感下降,1.0,1.3333333333333333
moonshot-v1-8k,10233105002,10233105002,53,对身体健康的担忧,1.0,0.3333333333333333
moonshot-v1-8k,320146222002,320146222002,54,家庭关系或陪伴困扰,1.0,1.6666666666666667
moonshot-v1-8k,280154108002,280154108002,55,无明显生活烦恼,1.0,0.6666666666666666
moonshot-v1-8k,294099132002,294099132002,56,无明显生活烦恼,1.0,0.0
moonshot-v1-8k,151156320002,151156320002,57,对身体健康的担忧,1.25,1.6666666666666667
moonshot-v1-8k,211176105002,211176105002,34,家庭关系或陪伴困扰,1.0,1.0
moonshot-v1-8k,241116202002,241116202002,35,对身体健康的担忧,1.75,1.3333333333333333
moonshot-v1-8k,64028317002,64028317002,36,家庭关系或陪伴困扰,1.0,1.0
moonshot-v1-8k,298245106002,298245106002,47,孤独/人际交往缺失,1.0,1.3333333333333333
moonshot-v1-8k,296081302001,296081302001,58,对身体健康的担忧,1.75,0.3333333333333333
moonshot-v1-8k,65546103002,65546103002,59,对身体健康的担忧,1.0,1.3333333333333333
moonshot-v1-8k,154058321002,154058321002,60,对身体健康的担忧,1.0,
moonshot-v1-8k,14051113002,14051113002,61,家庭关系或陪伴困扰,1.0,1.0
moonshot-v1-8k,75504205002,75504205002,62,家庭关系或陪伴困扰,1.0,1.3333333333333333
moonshot-v1-8k,154628117001,154628117001,63,无明显生活烦恼,1.0,0.6666666666666666
moonshot-v1-8k,162431111003,162431111003,64,无明显生活烦恼,1.0,0.3333333333333333
moonshot-v1-8k,108206101002,108206101002,72,对身体健康的担忧,1.0,0.3333333333333333
moonshot-v1-8k,56346322001,56346322001,73,对身体健康的担忧,1.25,1.0
moonshot-v1-8k,135559225002,135559225002,74,家庭关系或陪伴困扰,1.0,1.0
moonshot-v1-8k,138202125002,138202125002,75,对身体健康的担忧,1.0,1.0
moonshot-v1-8k,60440205001,60440205001,76,对身体健康的担忧,1.0,1.3333333333333333
moonshot-v1-8k,141154325001,141154325001,77,家庭关系或陪伴困扰,1.0,1.3333333333333333
moonshot-v1-8k,74631307001,74631307001,78,对身体健康的担忧,1.0,0.0
moonshot-v1-8k,280154331001,280154331001,79,家庭关系或陪伴困扰,1.0,1.3333333333333333
moonshot-v1-8k,321116113001,321116113001,80,家庭关系或陪伴困扰,1.0,0.6666666666666666
moonshot-v1-8k,116006312001,116006312001,81,孤独/人际交往缺失,1.0,1.0
moonshot-v1-8k,184037219001,184037219001,82,无明显生活烦恼,1.0,1.3333333333333333
moonshot-v1-8k,64033334001,64033334001,83,孤独/人际交往缺失,1.0,1.3333333333333333
moonshot-v1-8k,150478210001,150478210001,84,无明显生活烦恼,1.0,0.3333333333333333
moonshot-v1-8k,151156311001,151156311001,85,无法适应新事物或自我价值感下降,1.0,1.0
moonshot-v1-8k,271806118001,271806118001,86,对身体健康的担忧,1.0,1.0
moonshot-v1-8k,60481225002,60481225002,87,家庭关系或陪伴困扰,1.0,0.6666666666666666
moonshot-v1-8k,141154206002,141154206002,88,对身体健康的担忧,1.0,1.3333333333333333
moonshot-v1-8k,94004111001,94004111001,89,家庭关系或陪伴困扰,1.0,1.0
moonshot-v1-8k,326359105002,326359105002,90,对身体健康的担忧,1.0,
moonshot-v1-8k,202454134001,202454134001,91,对身体健康的担忧,2.0,1.6666666666666667
moonshot-v1-8k,124099315002,124099315002,92,家庭关系或陪伴困扰,1.0,1.0
moonshot-v1-8k,134004112002,134004112002,93,无明显生活烦恼,,0.3333333333333333
moonshot-v1-8k,275559307001,275559307001,94,家庭关系或陪伴困扰,1.0,1.3333333333333333
moonshot-v1-8k,271806130001,271806130001,95,孤独/人际交往缺失,1.0,1.3333333333333333
moonshot-v1-8k,64028102001,64028102001,96,无明显生活烦恼,1.0,0.6666666666666666
moonshot-v1-8k,281116308001,281116308001,97,无明显生活烦恼,1.0,0.0
moonshot-v1-8k,275559318001,275559318001,98,无明显生活烦恼,1.5,1.3333333333333333
moonshot-v1-8k,65546119001,65546119001,99,对身体健康的担忧,1.25,0.3333333333333333
moonshot-v1-8k,205304101002,205304101002,100,无法适应新事物或自我价值感下降,1.0,1.6666666666666667
moonshot-v1-8k,241116332002,241116332002,101,家庭关系或陪伴困扰,1.0,1.3333333333333333
moonshot-v1-8k,320146132002,320146132002,65,家庭关系或陪伴困扰,1.0,1.3333333333333333
moonshot-v1-8k,104004221001,104004221001,66,对身体健康的担忧,1.0,0.6666666666666666
moonshot-v1-8k,205304214001,205304214001,67,无明显生活烦恼,1.0,1.0
moonshot-v1-8k,204028208001,204028208001,68,无明显生活烦恼,1.0,0.6666666666666666
moonshot-v1-8k,122490104002,122490104002,69,孤独/人际交往缺失,1.0,1.6666666666666667
moonshot-v1-8k,30476203001,30476203001,70,无明显生活烦恼,1.0,1.0
moonshot-v1-8k,280154302001,280154302001,71,家庭关系或陪伴困扰,1.25,1.3333333333333333
moonshot-v1-8k,64033129001,64033129001,102,无明显生活烦恼,1.0,0.0
moonshot-v1-8k,110131213002,110131213002,103,对身体健康的担忧,1.0,0.6666666666666666
moonshot-v1-8k,262728314002,262728314002,104,对身体健康的担忧,1.0,0.6666666666666666
moonshot-v1-8k,241116221001,241116221001,105,家庭关系或陪伴困扰,2.0,1.3333333333333333
moonshot-v1-8k,275559328001,275559328001,106,家庭关系或陪伴困扰,1.0,1.3333333333333333
moonshot-v1-8k,54054108002,54054108002,107,无明显生活烦恼,1.0,0.0
moonshot-v1-8k,154044310001,154044310001,108,家庭关系或陪伴困扰,1.0,1.0
moonshot-v1-8k,270402209001,270402209001,109,对身体健康的担忧,1.0,0.0
moonshot-v1-8k,58202220001,58202220001,110,对身体健康的担忧,1.0,1.3333333333333333
moonshot-v1-8k,65546218001,65546218001,111,无明显生活烦恼,1.0,0.3333333333333333
moonshot-v1-8k,138202135001,138202135001,112,无明显生活烦恼,1.0,0.3333333333333333
moonshot-v1-8k,112744316002,112744316002,113,家庭关系或陪伴困扰,1.0,1.3333333333333333
moonshot-v1-8k,74057123001,74057123001,114,无明显生活烦恼,1.25,1.0
moonshot-v1-8k,10206323002,10206323002,115,对身体健康的担忧,1.25,1.0
moonshot-v1-8k,74002116002,74002116002,116,对身体健康的担忧,1.0,0.0
moonshot-v1-8k,241116304002,241116304002,117,无明显生活烦恼,1.0,0.3333333333333333
moonshot-v1-8k,142403341002,142403341002,118,无明显生活烦恼,1.0,1.0
moonshot-v1-8k,56604129001,56604129001,119,家庭关系或陪伴困扰,1.0,1.0
moonshot-v1-8k,72428222002,72428222002,120,家庭关系或陪伴困扰,1.0,1.6666666666666667
moonshot-v1-8k,141154304002,141154304002,121,家庭关系或陪伴困扰,1.0,1.6666666666666667
moonshot-v1-8k,294099231003,294099231003,122,无明显生活烦恼,1.0,1.0
moonshot-v1-8k,34043123001,34043123001,123,无明显生活烦恼,1.0,0.0
moonshot-v1-8k,274951110001,274951110001,124,无明显生活烦恼,1.0,0.6666666666666666
moonshot-v1-8k,34676116002,34676116002,125,无明显生活烦恼,1.0,0.0
moonshot-v1-8k,175531321001,175531321001,126,孤独/人际交往缺失,1.0,1.3333333333333333
moonshot-v1-8k,321131210001,321131210001,127,无明显生活烦恼,1.0,1.3333333333333333
moonshot-v1-8k,241116320001,241116320001,128,家庭关系或陪伴困扰,0.75,1.3333333333333333
moonshot-v1-8k,244056227001,244056227001,129,无明显生活烦恼,1.0,0.0
moonshot-v1-8k,74002112001,74002112001,130,无明显生活烦恼,1.0,0.0
moonshot-v1-8k,154058310002,154058310002,131,无明显生活烦恼,1.5,0.3333333333333333
moonshot-v1-8k,266059202002,266059202002,132,无明显生活烦恼,1.0,1.3333333333333333
moonshot-v1-8k,184037201002,184037201002,133,家庭关系或陪伴困扰,1.0,1.0
moonshot-v1-8k,211154232001,211154232001,134,孤独/人际交往缺失,1.0,1.6666666666666667
moonshot-v1-8k,345233228002,345233228002,135,孤独/人际交往缺失,1.5,1.6666666666666667
moonshot-v1-8k,116006116001,116006116001,136,无明显生活烦恼,1.0,0.6666666666666666
moonshot-v1-8k,266059204001,266059204001,137,无法适应新事物或自我价值感下降,1.0,1.3333333333333333
moonshot-v1-8k,10233105002,10233105002,138,对身体健康的担忧,1.0,1.3333333333333333
moonshot-v1-8k,296081115001,296081115001,141,无明显生活烦恼,1.0,0.0
moonshot-v1-8k,60440124001,60440124001,142,对身体健康的担忧,1.0,1.3333333333333333
moonshot-v1-8k,194037336001,194037336001,143,对身体健康的担忧,1.0,1.3333333333333333
moonshot-v1-8k,202454220001,202454220001,144,孤独/人际交往缺失,1.0,1.3333333333333333
moonshot-v1-8k,153859111002,153859111002,145,无明显生活烦恼,1.0,0.0
moonshot-v1-8k,14031322002,14031322002,146,家庭关系或陪伴困扰,1.0,1.0
moonshot-v1-8k,347763115002,347763115002,147,无明显生活烦恼,1.0,0.0
moonshot-v1-8k,347763302001,347763302001,148,家庭关系或陪伴困扰,1.0,1.0
moonshot-v1-8k,261676110002,261676110002,149,孤独/人际交往缺失,1.0,1.3333333333333333
moonshot-v1-8k,295331315002,295331315002,150,无明显生活烦恼,1.0,1.0
moonshot-v1-8k,175531322002,175531322002,151,无明显生活烦恼,1.0,0.3333333333333333
moonshot-v1-8k,294028325002,294028325002,152,无明显生活烦恼,1.0,0.0
moonshot-v1-8k,244056210002,244056210002,153,无明显生活烦恼,1.0,1.0
moonshot-v1-8k,244056306002,244056306002,154,无法适应新事物或自我价值感下降,1.25,
moonshot-v1-8k,184037216001,184037216001,155,对身体健康的担忧,1.25,1.3333333333333333
moonshot-v1-8k,211176120002,211176120002,156,孤独/人际交往缺失,1.0,1.6666666666666667
moonshot-v1-8k,154058209001,154058209001,157,无明显生活烦恼,1.0,1.0
moonshot-v1-8k,151156109002,151156109002,158,家庭关系或陪伴困扰,1.0,1.3333333333333333
moonshot-v1-8k,288251231001,288251231001,159,对身体健康的担忧,2.0,1.6666666666666667
moonshot-v1-8k,150478113001,150478113001,160,孤独/人际交往缺失,1.0,1.6666666666666667
moonshot-v1-8k,111154107001,111154107001,161,无明显生活烦恼,1.0,1.6666666666666667
moonshot-v1-8k,14643316002,14643316002,162,对身体健康的担忧,1.0,0.3333333333333333
moonshot-v1-8k,296331123002,296331123002,163,对身体健康的担忧,1.0,1.0
moonshot-v1-8k,134902222002,134902222002,164,家庭关系或陪伴困扰,1.0,1.0
moonshot-v1-8k,134902306001,134902306001,165,无明显生活烦恼,1.0,1.3333333333333333
moonshot-v1-8k,321116307002,321116307002,166,对身体健康的担忧,1.0,1.0
moonshot-v1-8k,265359333002,265359333002,167,无明显生活烦恼,1.0,1.0
moonshot-v1-8k,58659336002,58659336002,170,无明显生活烦恼,1.0,0.0
moonshot-v1-8k,174643308001,174643308001,171,孤独/人际交往缺失,1.25,1.3333333333333333
moonshot-v1-8k,30476203002,30476203002,172,无明显生活烦恼,1.0,0.0
moonshot-v1-8k,161159216001,161159216001,173,孤独/人际交往缺失,1.0,1.0
moonshot-v1-8k,296081128002,296081128002,174,家庭关系或陪伴困扰,1.0,1.0
moonshot-v1-8k,56043123001,56043123001,175,无明显生活烦恼,1.0,0.0
moonshot-v1-8k,334631128001,334631128001,176,对身体健康的担忧,1.0,1.3333333333333333
moonshot-v1-8k,175531212002,175531212002,177,无明显生活烦恼,1.0,1.6666666666666667
moonshot-v1-8k,56302136001,56302136001,178,家庭关系或陪伴困扰,2.0,1.6666666666666667
moonshot-v1-8k,134902327001,134902327001,179,孤独/人际交往缺失,1.0,1.3333333333333333
moonshot-v1-8k,298245316002,298245316002,139,无明显生活烦恼,1.0,0.0
moonshot-v1-8k,296081233002,296081233002,140,无明显生活烦恼,1.0,0.0
moonshot-v1-8k,275559214002,275559214002,168,孤独/人际交往缺失,1.0,1.3333333333333333
moonshot-v1-8k,104004216002,104004216002,169,家庭关系或陪伴困扰,1.0,1.3333333333333333
moonshot-v1-8k,74981218001,74981218001,180,对身体健康的担忧,1.0,1.3333333333333333
moonshot-v1-8k,177402120001,177402120001,181,无明显生活烦恼,1.0,0.3333333333333333
moonshot-v1-8k,154058322001,154058322001,182,家庭关系或陪伴困扰,1.5,1.3333333333333333
moonshot-v1-8k,177402135002,177402135002,183,无明显生活烦恼,1.0,0.0
moonshot-v1-8k,151156318001,151156318001,184,无明显生活烦恼,1.0,0.0
moonshot-v1-8k,347763304002,347763304002,185,无明显生活烦恼,1.0,1.0
moonshot-v1-8k,65546132001,65546132001,186,无明显生活烦恼,1.0,0.0
moonshot-v1-8k,296081138001,296081138001,187,无明显生活烦恼,1.0,1.0
moonshot-v1-8k,261676239001,261676239001,205,无明显生活烦恼,1.0,0.6666666666666666
moonshot-v1-8k,78233308001,78233308001,206,对身体健康的担忧,2.0,1.3333333333333333
moonshot-v1-8k,117489210001,117489210001,207,无明显生活烦恼,1.0,1.3333333333333333
moonshot-v1-8k,116006208001,116006208001,208,对身体健康的担忧,1.0,1.3333333333333333
moonshot-v1-8k,122490107002,122490107002,211,对身体健康的担忧,1.25,0.6666666666666666
moonshot-v1-8k,202454119001,202454119001,212,对身体健康的担忧,1.0,0.6666666666666666
moonshot-v1-8k,281104122001,281104122001,213,家庭关系或陪伴困扰,1.5,1.3333333333333333
moonshot-v1-8k,60481225001,60481225001,214,对身体健康的担忧,1.0,1.3333333333333333
moonshot-v1-8k,184037316002,184037316002,215,家庭关系或陪伴困扰,1.0,1.0
moonshot-v1-8k,134004327001,134004327001,216,无法适应新事物或自我价值感下降,1.0,1.0
moonshot-v1-8k,265359305001,265359305001,228,对身体健康的担忧,1.75,1.3333333333333333
moonshot-v1-8k,162431203001,162431203001,229,孤独/人际交往缺失,1.0,1.3333333333333333
moonshot-v1-8k,296331223002,296331223002,250,对身体健康的担忧,1.0,1.0
moonshot-v1-8k,320146209002,320146209002,252,对身体健康的担忧,1.0,1.0
moonshot-v1-8k,162431228001,162431228001,191,家庭关系或陪伴困扰,,1.0
moonshot-v1-8k,241116116001,241116116001,192,无明显生活烦恼,1.0,0.0
moonshot-v1-8k,321116208002,321116208002,203,无明显生活烦恼,1.0,1.0
moonshot-v1-8k,56059316001,56059316001,218,对身体健康的担忧,1.75,1.0
moonshot-v1-8k,271806309001,271806309001,231,对身体健康的担忧,1.5,1.3333333333333333
moonshot-v1-8k,154058312001,154058312001,238,无明显生活烦恼,2.0,0.6666666666666666
moonshot-v1-8k,54054211001,54054211001,239,无法适应新事物或自我价值感下降,1.0,1.3333333333333333
moonshot-v1-8k,338231228001,338231228001,240,对身体健康的担忧,1.0,1.3333333333333333
moonshot-v1-8k,74981206001,74981206001,243,家庭关系或陪伴困扰,1.0,1.0
moonshot-v1-8k,151156309002,151156309002,263,无明显生活烦恼,1.5,0.6666666666666666
moonshot-v1-8k,58202129002,58202129002,290,孤独/人际交往缺失,1.0,1.3333333333333333
moonshot-v1-8k,281104205001,281104205001,291,对身体健康的担忧,1.0,1.3333333333333333
moonshot-v1-8k,158278218002,158278218002,292,无明显生活烦恼,1.25,1.3333333333333333
moonshot-v1-8k,285502117001,285502117001,293,家庭关系或陪伴困扰,1.0,1.3333333333333333
moonshot-v1-8k,108259301002,108259301002,294,对身体健康的担忧,1.25,1.0
moonshot-v1-8k,105381315001,105381315001,295,家庭关系或陪伴困扰,1.25,1.0
moonshot-v1-8k,30476138001,30476138001,296,无明显生活烦恼,1.0,0.6666666666666666
moonshot-v1-8k,138202231002,138202231002,300,对身体健康的担忧,1.0,1.3333333333333333
moonshot-v1-8k,65546306002,65546306002,234,对身体健康的担忧,1.0,0.6666666666666666
moonshot-v1-8k,56604114001,56604114001,262,家庭关系或陪伴困扰,1.0,1.0
moonshot-v1-8k,151156111001,151156111001,305,无明显生活烦恼,1.0,1.3333333333333333
moonshot-v1-8k,158278204002,158278204002,306,无明显生活烦恼,1.0,0.0
moonshot-v1-8k,347763209001,347763209001,312,家庭关系或陪伴困扰,1.0,1.0
